field_cattle_tag,date,oyster,length.mm,width.mm,depth.mm,dead,stuck,image.name
80,20240624,1,29.31,24.59,,,,UW-SR33
80,20240624,2,25.44,24.14,,,,UW-SR33
80,20240624,3,22.40,18.33,,,,UW-SR33
80,20240624,4,23.31,19.44,,,,UW-SR33
80,20240624,5,23.15,18.14,,,,UW-SR33
80,20240624,6,32.79,25.45,,,,UW-SR33
80,20240624,7,26.01,19.84,,,,UW-SR33
80,20240624,8,23.80,21.25,,,,UW-SR33
80,20240624,9,27.00,18.85,,,,UW-SR33
80,20240624,10,23.03,22.80,,,,UW-SR33
80,20240624,11,30.45,21.61,,,,UW-SR33
80,20240624,12,23.61,22.29,,,,UW-SR33
80,20240624,13,22.41,18.53,,,,UW-SR33
80,20240624,14,24.13,20.87,,,,UW-SR33
80,20240624,15,22.76,21.67,,,,UW-SR33
80,20240624,16,27.79,20.25,,,,UW-SR33
80,20240624,17,25.33,18.53,,,,UW-SR33
80,20240624,18,22.76,19.74,,,,UW-SR33
80,20240624,19,23.61,20.11,,,,UW-SR33
80,20240624,20,26.78,23.97,,,,UW-SR33
80,20240624,21,27.80,22.80,,,,UW-SR33
80,20240624,22,24.46,21.81,,,,UW-SR33
80,20240624,23,26.09,19.97,,,,UW-SR33
80,20240624,24,24.62,18.42,,,,UW-SR33
80,20240624,25,24.36,21.56,,,,UW-SR33
80,20240624,26,24.01,22.40,,,,UW-SR33
80,20240624,27,25.42,21.52,,,,UW-SR33
80,20240624,28,25.79,21.99,,,,UW-SR33
80,20240624,29,23.36,18.68,,,,UW-SR33
80,20240624,30,37.30,28.48,,,,UW-SR33
80,20240624,31,26.58,21.43,,,,UW-SR33
80,20240624,32,30.32,23.47,,,,UW-SR33
80,20240624,33,23.69,19.97,,,,UW-SR33
80,20240624,34,32.58,26.42,,,,UW-SR33
80,20240624,35,23.29,22.57,,,,UW-SR33
80,20240624,36,30.43,22.10,,,,UW-SR33
80,20240624,37,24.44,20.66,,,,UW-SR33
80,20240624,38,24.30,19.25,,,,UW-SR33
80,20240624,39,25.61,22.31,,,,UW-SR33
80,20240624,40,24.24,19.74,,,,UW-SR33
80,20240624,41,25.87,22.92,,,,UW-SR33
80,20240624,42,25.18,20.36,,,,UW-SR33
80,20240624,43,32.55,19.54,,,,UW-SR33
80,20240624,44,28.17,20.07,,,,UW-SR33
80,20240624,45,23.94,23.31,,,,UW-SR33
80,20240624,46,27.00,18.34,,,,UW-SR33
80,20240624,47,32.20,25.29,,,,UW-SR33
80,20240624,48,27.89,20.69,,,,UW-SR33
80,20240624,49,42.80,35.14,,,,UW-SR33
80,20240624,50,24.13,23.73,,,,UW-SR33
80,20240624,51,26.25,21.66,,,,UW-SR33
80,20240624,52,23.66,21.37,,,,UW-SR33
80,20240624,53,25.11,24.61,,,,UW-SR33
80,20240624,54,22.35,22.31,,,,UW-SR33
80,20240624,55,27.30,18.36,,,,UW-SR33
80,20240624,56,27.57,19.66,,,,UW-SR33
80,20240624,57,24.33,20.98,,,,UW-SR33
80,20240624,58,34.76,23.37,,,,UW-SR33
80,20240624,59,27.37,19.40,,,,UW-SR33
80,20240624,60,31.58,24.08,,,,UW-SR33
80,20240624,61,26.09,21.49,,,,UW-SR33
80,20240624,62,36.80,28.67,,,,UW-SR33
80,20240624,63,28.68,22.59,,,,UW-SR33
80,20240624,64,35.03,23.29,,,,UW-SR33
80,20240624,65,27.98,26.49,,,,UW-SR33
80,20240624,66,32.37,28.76,,,,UW-SR33
80,20240624,67,45.86,26.75,,,,UW-SR33
80,20240624,68,33.51,28.41,,,,UW-SR33
80,20240624,69,24.25,21.52,,,,UW-SR33
80,20240624,70,28.93,22.04,,,,UW-SR33
80,20240624,71,31.10,25.51,,,,UW-SR33
80,20240624,72,31.23,23.83,,,,UW-SR33
80,20240624,73,38.19,27.01,,,,UW-SR33
80,20240624,74,36.71,27.13,,,,UW-SR33
80,20240624,75,29.76,19.82,,,,UW-SR33
80,20240624,76,41.03,30.93,,,,UW-SR33
80,20240624,77,39.64,27.95,,,,UW-SR33
80,20240624,78,28.46,20.11,,,,UW-SR33
80,20240624,79,39.63,29.35,,,,UW-SR33
80,20240624,80,26.16,24.91,,,,UW-SR33
80,20240624,81,29.83,24.35,,,,UW-SR33
80,20240624,82,24.29,20.36,,,,UW-SR33
80,20240624,83,37.08,26.60,,,,UW-SR33
80,20240624,84,31.03,19.93,,,,UW-SR33
80,20240624,85,30.10,20.32,,,,UW-SR33
80,20240624,86,41.31,32.31,,,,UW-SR33
80,20240624,87,33.59,25.75,,,,UW-SR33
80,20240624,88,33.96,23.22,,,,UW-SR33
80,20240624,89,27.82,23.09,,,,UW-SR33
80,20240624,90,38.84,30.83,,,,UW-SR33
80,20240624,91,33.44,21.00,,,,UW-SR33
80,20240624,92,25.60,21.54,,,,UW-SR33
80,20240624,93,33.84,33.05,,,,UW-SR33
80,20240624,94,29.92,29.12,,,,UW-SR33
80,20240624,95,44.51,26.60,,,,UW-SR33
80,20240624,96,26.85,22.85,,,,UW-SR33
80,20240624,97,41.12,32.29,,,,UW-SR33
80,20240624,98,36.12,26.43,,,,UW-SR33
80,20240624,99,25.04,23.59,,,,UW-SR33
80,20240624,100,37.15,28.25,,,,UW-SR33
81,20240624,1,24.10,16.01,,,,UW-SR41
81,20240624,2,24.39,19.02,,,,UW-SR41
81,20240624,3,27.99,22.03,,,,UW-SR41
81,20240624,4,18.34,17.82,,,,UW-SR41
81,20240624,5,26.00,21.36,,,,UW-SR41
81,20240624,6,24.58,21.49,,,,UW-SR41
81,20240624,7,18.52,15.99,,,,UW-SR41
81,20240624,8,26.27,18.04,,,,UW-SR41
81,20240624,9,25.42,19.84,,,,UW-SR41
81,20240624,10,24.20,22.03,,,,UW-SR41
81,20240624,11,22.47,18.10,,,,UW-SR41
81,20240624,12,21.79,18.17,,,,UW-SR41
81,20240624,13,20.46,17.92,,,,UW-SR41
81,20240624,14,29.31,23.33,,,,UW-SR41
81,20240624,15,21.71,17.17,,,,UW-SR41
81,20240624,16,21.95,17.03,,,,UW-SR41
81,20240624,17,23.63,18.97,,,,UW-SR41
81,20240624,18,22.24,17.81,,,,UW-SR41
81,20240624,19,20.59,16.77,,,,UW-SR41
81,20240624,20,30.00,21.99,,,,UW-SR41
81,20240624,21,27.79,21.12,,,,UW-SR41
81,20240624,22,20.14,17.96,,,,UW-SR41
81,20240624,23,25.80,22.63,,,,UW-SR41
81,20240624,24,18.27,15.94,,,,UW-SR41
81,20240624,25,18.92,16.67,,,,UW-SR41
81,20240624,26,21.60,20.22,,,,UW-SR41
81,20240624,27,21.61,18.04,,,,UW-SR41
81,20240624,28,20.21,16.40,,,,UW-SR41
81,20240624,29,24.54,15.15,,,,UW-SR41
81,20240624,30,27.40,20.27,,,,UW-SR41
81,20240624,31,23.00,18.55,,,,UW-SR41
81,20240624,32,24.35,20.02,,,,UW-SR41
81,20240624,33,22.31,16.54,,,,UW-SR41
81,20240624,34,21.19,17.44,,,,UW-SR41
81,20240624,35,23.63,17.60,,,,UW-SR41
81,20240624,36,22.35,16.09,,,,UW-SR41
81,20240624,37,22.40,18.21,,,,UW-SR41
81,20240624,38,21.22,18.74,,,,UW-SR41
81,20240624,39,23.83,18.84,,,,UW-SR41
81,20240624,40,22.20,18.04,,,,UW-SR41
81,20240624,41,31.05,23.18,,,,UW-SR41
81,20240624,42,31.07,23.11,,,,UW-SR41
81,20240624,43,25.88,21.16,,,,UW-SR41
81,20240624,44,25.99,21.13,,,,UW-SR41
81,20240624,45,19.78,18.01,,,,UW-SR41
81,20240624,46,20.19,19.72,,,,UW-SR41
81,20240624,47,21.26,18.38,,,,UW-SR41
81,20240624,48,25.86,15.22,,,,UW-SR41
81,20240624,49,24.77,22.83,,,,UW-SR41
81,20240624,50,25.86,19.66,,,,UW-SR41
81,20240624,51,20.65,17.36,,,,UW-SR41
81,20240624,52,21.43,14.64,,,,UW-SR41
81,20240624,53,23.55,18.51,,,,UW-SR41
81,20240624,54,20.71,18.55,,,,UW-SR41
81,20240624,55,30.64,22.69,,,,UW-SR41
81,20240624,56,25.11,16.99,,,,UW-SR41
81,20240624,57,22.18,19.23,,,,UW-SR41
81,20240624,58,20.98,18.02,,,,UW-SR41
81,20240624,59,18.01,17.53,,,,UW-SR41
81,20240624,60,19.20,15.29,,,,UW-SR41
81,20240624,61,25.91,21.39,,,,UW-SR41
81,20240624,62,21.99,21.03,,,,UW-SR41
81,20240624,63,32.17,20.57,,,,UW-SR41
81,20240624,64,21.87,16.09,,,,UW-SR41
81,20240624,65,23.97,19.09,,,,UW-SR41
81,20240624,66,22.70,16.58,,,,UW-SR41
81,20240624,67,25.45,22.13,,,,UW-SR41
81,20240624,68,26.01,24.60,,,,UW-SR41
81,20240624,69,21.04,15.69,,,,UW-SR41
81,20240624,70,25.27,21.24,,,,UW-SR41
81,20240624,71,23.10,16.88,,,,UW-SR41
81,20240624,72,19.20,19.08,,,,UW-SR41
81,20240624,73,24.88,17.55,,,,UW-SR41
81,20240624,74,22.68,20.01,,,,UW-SR41
81,20240624,75,25.54,20.39,,,,UW-SR41
81,20240624,76,22.00,16.20,,,,UW-SR41
81,20240624,77,22.72,20.51,,,,UW-SR41
81,20240624,78,17.48,14.67,,,,UW-SR41
81,20240624,79,20.04,17.01,,,,UW-SR41
81,20240624,80,21.10,16.47,,,,UW-SR41
81,20240624,81,20.03,16.01,,,,UW-SR41
81,20240624,82,22.24,17.11,,,,UW-SR41
81,20240624,83,17.94,16.48,,,,UW-SR41
81,20240624,84,18.06,16.77,,,,UW-SR41
81,20240624,85,18.98,14.20,,,,UW-SR41
81,20240624,86,22.10,16.40,,,,UW-SR41
81,20240624,87,21.10,15.91,,,,UW-SR41
81,20240624,88,17.69,16.83,,,,UW-SR41
81,20240624,89,23.06,19.94,,,,UW-SR41
81,20240624,90,20.20,14.32,,,,UW-SR41
81,20240624,91,20.74,16.44,,,,UW-SR41
81,20240624,92,20.56,17.04,,,,UW-SR41
81,20240624,93,20.07,16.58,,,,UW-SR41
81,20240624,94,19.22,16.39,,,,UW-SR41
81,20240624,95,20.05,15.87,,,,UW-SR41
81,20240624,96,21.22,16.82,,,,UW-SR41
81,20240624,97,22.87,17.18,,,,UW-SR41
81,20240624,98,18.08,17.30,,,,UW-SR41
81,20240624,99,19.22,17.65,,,,UW-SR41
81,20240624,100,21.02,18.48,,,,UW-SR41
82,20240624,1,32.66,22.67,,,,UW-SR43
82,20240624,2,28.16,23.16,,,,UW-SR43
82,20240624,3,29.12,20.73,,,,UW-SR43
82,20240624,4,24.63,22.40,,,,UW-SR43
82,20240624,5,27.86,25.48,,,,UW-SR43
82,20240624,6,26.41,23.99,,,,UW-SR43
82,20240624,7,24.48,22.95,,,,UW-SR43
82,20240624,8,26.55,23.15,,,,UW-SR43
82,20240624,9,26.40,20.18,,,,UW-SR43
82,20240624,10,29.24,21.78,,,,UW-SR43
82,20240624,11,22.16,15.66,,,,UW-SR43
82,20240624,12,22.48,18.12,,,,UW-SR43
82,20240624,13,32.33,26.58,,,,UW-SR43
82,20240624,14,21.18,15.55,,,,UW-SR43
82,20240624,15,24.25,21.05,,,,UW-SR43
82,20240624,16,26.11,20.71,,,,UW-SR43
82,20240624,17,22.09,16.27,,,,UW-SR43
82,20240624,18,19.95,18.32,,,,UW-SR43
82,20240624,19,23.33,18.90,,,,UW-SR43
82,20240624,20,24.06,19.65,,,,UW-SR43
82,20240624,21,32.43,21.70,,,,UW-SR43
82,20240624,22,30.44,26.49,,,,UW-SR43
82,20240624,23,24.33,18.30,,,,UW-SR43
82,20240624,24,21.96,21.09,,,,UW-SR43
82,20240624,25,25.46,18.40,,,,UW-SR43
82,20240624,26,22.64,21.86,,,,UW-SR43
82,20240624,27,28.34,19.21,,,,UW-SR43
82,20240624,28,26.77,18.30,,,,UW-SR43
82,20240624,29,24.98,19.77,,,,UW-SR43
82,20240624,30,20.92,18.11,,,,UW-SR43
82,20240624,31,26.86,19.92,,,,UW-SR43
82,20240624,32,25.12,20.74,,,,UW-SR43
82,20240624,33,27.01,23.47,,,,UW-SR43
82,20240624,34,27.74,23.13,,,,UW-SR43
82,20240624,35,29.08,22.92,,,,UW-SR43
82,20240624,36,22.94,19.85,,,,UW-SR43
82,20240624,37,23.77,16.22,,,,UW-SR43
82,20240624,38,21.00,18.32,,,,UW-SR43
82,20240624,39,26.59,19.67,,,,UW-SR43
82,20240624,40,28.42,26.57,,,,UW-SR43
82,20240624,41,24.43,20.53,,,,UW-SR43
82,20240624,42,23.93,18.97,,,,UW-SR43
82,20240624,43,22.89,18.11,,,,UW-SR43
82,20240624,44,23.97,20.86,,,,UW-SR43
82,20240624,45,23.31,20.37,,,,UW-SR43
82,20240624,46,25.33,20.42,,,,UW-SR43
82,20240624,47,20.35,14.84,,,,UW-SR43
82,20240624,48,22.06,18.38,,,,UW-SR43
82,20240624,49,20.35,19.04,,,,UW-SR43
82,20240624,50,26.03,20.26,,,,UW-SR43
82,20240624,51,18.48,17.58,,,,UW-SR43
82,20240624,52,22.42,17.30,,,,UW-SR43
82,20240624,53,22.03,19.10,,,,UW-SR43
82,20240624,54,22.05,14.87,,,,UW-SR43
82,20240624,55,22.69,20.32,,,,UW-SR43
82,20240624,56,21.51,17.59,,,,UW-SR43
82,20240624,57,22.04,16.42,,,,UW-SR43
82,20240624,58,22.48,18.13,,,,UW-SR43
82,20240624,59,24.66,19.31,,,,UW-SR43
82,20240624,60,21.46,15.80,,,,UW-SR43
82,20240624,61,24.40,18.41,,,,UW-SR43
82,20240624,62,21.77,17.78,,,,UW-SR43
82,20240624,63,21.03,18.53,,,,UW-SR43
82,20240624,64,23.18,17.70,,,,UW-SR43
82,20240624,65,21.97,20.25,,,,UW-SR43
82,20240624,66,24.52,20.42,,,,UW-SR43
82,20240624,67,21.49,20.02,,,,UW-SR43
82,20240624,68,20.80,15.94,,,,UW-SR43
82,20240624,69,21.93,17.00,,,,UW-SR43
82,20240624,70,20.60,19.95,,,,UW-SR43
82,20240624,71,21.18,19.58,,,,UW-SR43
82,20240624,72,24.01,20.00,,,,UW-SR43
82,20240624,73,25.72,20.58,,,,UW-SR43
82,20240624,74,21.06,18.97,,,,UW-SR43
82,20240624,75,17.90,15.22,,,,UW-SR43
82,20240624,76,25.24,18.45,,,,UW-SR43
82,20240624,77,20.86,18.74,,,,UW-SR43
82,20240624,78,22.61,19.35,,,,UW-SR43
82,20240624,79,23.63,17.02,,,,UW-SR43
82,20240624,80,22.62,19.48,,,,UW-SR43
82,20240624,81,22.51,18.48,,,,UW-SR43
82,20240624,82,23.47,18.56,,,,UW-SR43
82,20240624,83,20.20,18.75,,,,UW-SR43
82,20240624,84,20.68,16.34,,,,UW-SR43
82,20240624,85,23.13,18.17,,,,UW-SR43
82,20240624,86,20.08,19.16,,,,UW-SR43
82,20240624,87,19.05,17.30,,,,UW-SR43
82,20240624,88,22.98,21.59,,,,UW-SR43
82,20240624,89,21.80,18.71,,,,UW-SR43
82,20240624,90,19.88,19.04,,,,UW-SR43
82,20240624,91,19.46,18.10,,,,UW-SR43
82,20240624,92,22.68,22.42,,,,UW-SR43
82,20240624,93,18.93,16.51,,,,UW-SR43
82,20240624,94,21.73,18.70,,,,UW-SR43
82,20240624,95,21.02,16.46,,,,UW-SR43
82,20240624,96,19.60,17.42,,,,UW-SR43
82,20240624,97,23.05,17.76,,,,UW-SR43
82,20240624,98,21.49,13.94,,,,UW-SR43
82,20240624,99,22.16,16.00,,,,UW-SR43
82,20240624,100,26.06,15.76,,,,UW-SR43
83,20240624,1,34.91,24.82,,,,UW-SR37
83,20240624,2,31.29,22.42,,,,UW-SR37
83,20240624,3,30.39,27.80,,,,UW-SR37
83,20240624,4,27.89,21.21,,,,UW-SR37
83,20240624,5,27.85,22.06,,,,UW-SR37
83,20240624,6,26.76,23.98,,,,UW-SR37
83,20240624,7,28.57,23.90,,,,UW-SR37
83,20240624,8,34.26,30.03,,,,UW-SR37
83,20240624,9,32.74,28.69,,,,UW-SR37
83,20240624,10,34.64,27.25,,,,UW-SR37
83,20240624,11,29.85,23.67,,,,UW-SR37
83,20240624,12,26.16,22.01,,,,UW-SR37
83,20240624,13,22.32,19.52,,,,UW-SR37
83,20240624,14,25.74,21.26,,,,UW-SR37
83,20240624,15,35.78,28.94,,,,UW-SR37
83,20240624,16,36.63,28.12,,,,UW-SR37
83,20240624,17,21.41,20.92,,,,UW-SR37
83,20240624,18,26.28,19.01,,,,UW-SR37
83,20240624,19,27.04,25.79,,,,UW-SR37
83,20240624,20,30.67,28.12,,,,UW-SR37
83,20240624,21,31.52,23.66,,,,UW-SR37
83,20240624,22,34.42,27.15,,,,UW-SR37
83,20240624,23,23.54,19.05,,,,UW-SR37
83,20240624,24,29.39,22.92,,,,UW-SR37
83,20240624,25,27.75,22.98,,,,UW-SR37
83,20240624,26,30.68,19.40,,,,UW-SR37
83,20240624,27,35.47,24.14,,,,UW-SR37
83,20240624,28,25.36,20.42,,,,UW-SR37
83,20240624,29,24.58,22.76,,,,UW-SR37
83,20240624,30,27.72,26.46,,,,UW-SR37
83,20240624,31,31.73,29.31,,,,UW-SR37
83,20240624,32,35.59,30.25,,,,UW-SR37
83,20240624,33,33.00,31.71,,,,UW-SR37
83,20240624,34,28.12,21.71,,,,UW-SR37
83,20240624,35,33.83,25.96,,,,UW-SR37
83,20240624,36,22.93,20.38,,,,UW-SR37
83,20240624,37,22.35,21.90,,,,UW-SR37
83,20240624,38,34.80,21.74,,,,UW-SR37
83,20240624,39,34.58,24.18,,,,UW-SR37
83,20240624,40,44.15,26.38,,,,UW-SR37
83,20240624,41,39.37,30.85,,,,UW-SR37
83,20240624,42,30.65,28.86,,,,UW-SR37
83,20240624,43,25.75,20.71,,,,UW-SR37
83,20240624,44,28.02,21.47,,,,UW-SR37
83,20240624,45,31.06,21.54,,,,UW-SR37
83,20240624,46,38.66,25.41,,,,UW-SR37
83,20240624,47,27.78,24.25,,,,UW-SR37
83,20240624,48,35.30,27.58,,,,UW-SR37
83,20240624,49,26.04,19.95,,,,UW-SR37
83,20240624,50,27.50,23.45,,,,UW-SR37
83,20240624,51,20.00,18.26,,,,UW-SR37
83,20240624,52,23.94,17.32,,,,UW-SR37
83,20240624,53,24.23,19.41,,,,UW-SR37
83,20240624,54,39.12,33.01,,,,UW-SR37
83,20240624,55,41.32,36.70,,,,UW-SR37
83,20240624,56,30.40,24.91,,,,UW-SR37
83,20240624,57,35.51,26.92,,,,UW-SR37
83,20240624,58,25.39,19.44,,,,UW-SR37
83,20240624,59,28.51,19.29,,,,UW-SR37
83,20240624,60,28.30,25.98,,,,UW-SR37
83,20240624,61,35.44,33.23,,,,UW-SR37
83,20240624,62,29.24,22.50,,,,UW-SR37
83,20240624,63,28.69,27.01,,,,UW-SR37
83,20240624,64,28.16,25.33,,,,UW-SR37
83,20240624,65,26.45,17.62,,,,UW-SR37
83,20240624,66,19.87,14.16,,,,UW-SR37
83,20240624,67,19.63,14.12,,,,UW-SR37
83,20240624,68,29.31,28.89,,,,UW-SR37
83,20240624,69,33.62,19.23,,,,UW-SR37
83,20240624,70,33.29,28.33,,,,UW-SR37
83,20240624,71,28.47,20.79,,,,UW-SR37
83,20240624,72,26.93,23.86,,,,UW-SR37
83,20240624,73,27.35,23.67,,,,UW-SR37
83,20240624,74,32.40,25.05,,,,UW-SR37
83,20240624,75,27.89,22.38,,,,UW-SR37
83,20240624,76,31.74,22.84,,,,UW-SR37
83,20240624,77,24.42,17.52,,,,UW-SR37
83,20240624,78,26.60,15.69,,,,UW-SR37
83,20240624,79,37.05,27.87,,,,UW-SR37
83,20240624,80,36.61,22.86,,,,UW-SR37
83,20240624,81,36.34,30.26,,,,UW-SR37
83,20240624,82,24.57,22.33,,,,UW-SR37
83,20240624,83,24.72,21.13,,,,UW-SR37
83,20240624,84,21.45,20.89,,,,UW-SR37
83,20240624,85,32.46,26.82,,,,UW-SR37
83,20240624,86,32.66,21.39,,,,UW-SR37
83,20240624,87,28.80,24.93,,,,UW-SR37
83,20240624,88,36.17,26.24,,,,UW-SR37
83,20240624,89,27.07,25.23,,,,UW-SR37
83,20240624,90,21.14,16.63,,,,UW-SR37
83,20240624,91,25.34,20.08,,,,UW-SR37
83,20240624,92,26.29,14.99,,,,UW-SR37
83,20240624,93,35.01,28.13,,,,UW-SR37
83,20240624,94,31.51,30.66,,,,UW-SR37
83,20240624,95,37.28,22.98,,,,UW-SR37
83,20240624,96,29.97,29.23,,,,UW-SR37
83,20240624,97,31.39,28.87,,,,UW-SR37
83,20240624,98,28.82,25.03,,,,UW-SR37
83,20240624,99,34.97,23.18,,,,UW-SR37
83,20240624,100,22.11,21.97,,,,UW-SR37
84,20240624,1,26.07,20.96,,,,UW-SR45
84,20240624,2,23.55,15.67,,,,UW-SR45
84,20240624,3,21.76,18.27,,,,UW-SR45
84,20240624,4,18.54,14.72,,,,UW-SR45
84,20240624,5,23.20,17.24,,,,UW-SR45
84,20240624,6,21.31,18.16,,,,UW-SR45
84,20240624,7,21.79,18.38,,,,UW-SR45
84,20240624,8,26.96,14.24,,,,UW-SR45
84,20240624,9,24.07,16.28,,,,UW-SR45
84,20240624,10,21.28,15.18,,,,UW-SR45
84,20240624,11,21.54,18.91,,,,UW-SR45
84,20240624,12,22.07,19.09,,,,UW-SR45
84,20240624,13,20.83,17.33,,,,UW-SR45
84,20240624,14,19.65,18.64,,,,UW-SR45
84,20240624,15,29.60,20.49,,,,UW-SR45
84,20240624,16,22.15,19.24,,,,UW-SR45
84,20240624,17,24.19,21.46,,,,UW-SR45
84,20240624,18,24.03,20.08,,,,UW-SR45
84,20240624,19,23.15,22.62,,,,UW-SR45
84,20240624,20,23.05,16.29,,,,UW-SR45
84,20240624,21,25.38,21.17,,,,UW-SR45
84,20240624,22,24.76,16.19,,,,UW-SR45
84,20240624,23,22.86,17.11,,,,UW-SR45
84,20240624,24,23.89,14.26,,,,UW-SR45
84,20240624,25,23.95,16.68,,,,UW-SR45
84,20240624,26,21.81,17.25,,,,UW-SR45
84,20240624,27,20.85,16.84,,,,UW-SR45
84,20240624,28,27.88,20.32,,,,UW-SR45
84,20240624,29,23.01,15.57,,,,UW-SR45
84,20240624,30,26.88,20.29,,,,UW-SR45
84,20240624,31,22.50,19.34,,,,UW-SR45
84,20240624,32,23.90,20.49,,,,UW-SR45
84,20240624,33,20.56,18.33,,,,UW-SR45
84,20240624,34,21.10,14.25,,,,UW-SR45
84,20240624,35,20.79,17.48,,,,UW-SR45
84,20240624,36,20.18,18.44,,,,UW-SR45
84,20240624,37,27.32,18.73,,,,UW-SR45
84,20240624,38,21.60,18.91,,,,UW-SR45
84,20240624,39,21.08,18.29,,,,UW-SR45
84,20240624,40,24.21,18.11,,,,UW-SR45
84,20240624,41,20.58,15.12,,,,UW-SR45
84,20240624,42,20.19,17.06,,,,UW-SR45
84,20240624,43,22.67,16.96,,,,UW-SR45
84,20240624,44,20.86,17.21,,,,UW-SR45
84,20240624,45,22.70,15.90,,,,UW-SR45
84,20240624,46,20.64,18.89,,,,UW-SR45
84,20240624,47,27.61,23.37,,,,UW-SR45
84,20240624,48,26.61,21.43,,,,UW-SR45
84,20240624,49,19.82,17.90,,,,UW-SR45
84,20240624,50,20.50,17.89,,,,UW-SR45
84,20240624,51,19.58,18.78,,,,UW-SR45
84,20240624,52,22.72,21.21,,,,UW-SR45
84,20240624,53,23.88,18.71,,,,UW-SR45
84,20240624,54,21.10,20.69,,,,UW-SR45
84,20240624,55,24.71,20.75,,,,UW-SR45
84,20240624,56,21.93,17.72,,,,UW-SR45
84,20240624,57,18.27,16.60,,,,UW-SR45
84,20240624,58,23.77,18.98,,,,UW-SR45
84,20240624,59,19.58,16.96,,,,UW-SR45
84,20240624,60,19.03,17.52,,,,UW-SR45
84,20240624,61,24.05,22.42,,,,UW-SR45
84,20240624,62,24.93,22.19,,,,UW-SR45
84,20240624,63,20.94,20.81,,,,UW-SR45
84,20240624,64,29.34,24.80,,,,UW-SR45
84,20240624,65,22.12,18.74,,,,UW-SR45
84,20240624,66,25.97,18.55,,,,UW-SR45
84,20240624,67,20.70,16.12,,,,UW-SR45
84,20240624,68,26.24,17.22,,,,UW-SR45
84,20240624,69,20.09,19.62,,,,UW-SR45
84,20240624,70,23.59,19.64,,,,UW-SR45
84,20240624,71,21.01,16.79,,,,UW-SR45
84,20240624,72,20.07,18.59,,,,UW-SR45
84,20240624,73,25.50,17.90,,,,UW-SR45
84,20240624,74,21.40,17.97,,,,UW-SR45
84,20240624,75,20.19,18.20,,,,UW-SR45
84,20240624,76,20.35,19.16,,,,UW-SR45
84,20240624,77,20.28,18.77,,,,UW-SR45
84,20240624,78,22.28,14.97,,,,UW-SR45
84,20240624,79,24.67,20.28,,,,UW-SR45
84,20240624,80,23.67,17.06,,,,UW-SR45
84,20240624,81,17.00,14.88,,,,UW-SR45
84,20240624,82,21.92,13.76,,,,UW-SR45
84,20240624,83,18.60,16.57,,,,UW-SR45
84,20240624,84,19.73,16.96,,,,UW-SR45
84,20240624,85,21.12,16.74,,,,UW-SR45
84,20240624,86,18.16,16.18,,,,UW-SR45
84,20240624,87,21.44,14.92,,,,UW-SR45
84,20240624,88,18.68,17.80,,,,UW-SR45
84,20240624,89,24.23,17.17,,,,UW-SR45
84,20240624,90,25.68,18.42,,,,UW-SR45
84,20240624,91,20.69,19.68,,,,UW-SR45
84,20240624,92,22.55,13.61,,,,UW-SR45
84,20240624,93,20.76,17.66,,,,UW-SR45
84,20240624,94,20.16,19.41,,,,UW-SR45
84,20240624,95,20.02,17.18,,,,UW-SR45
84,20240624,96,19.71,13.25,,,,UW-SR45
84,20240624,97,20.54,16.35,,,,UW-SR45
84,20240624,98,22.53,17.54,,,,UW-SR45
84,20240624,99,20.06,16.30,,,,UW-SR45
84,20240624,100,28.17,22.10,,,,UW-SR45
85,20240624,1,33.99,27.41,,,,UW-SR38
85,20240624,2,30.62,25.77,,,,UW-SR38
85,20240624,3,23.62,19.70,,,,UW-SR38
85,20240624,4,39.23,29.80,,,,UW-SR38
85,20240624,5,32.94,26.39,,,,UW-SR38
85,20240624,6,32.05,28.90,,,,UW-SR38
85,20240624,7,23.79,16.88,,,,UW-SR38
85,20240624,8,26.20,17.08,,,,UW-SR38
85,20240624,9,20.99,20.51,,,,UW-SR38
85,20240624,10,26.32,25.24,,,,UW-SR38
85,20240624,11,38.54,30.83,,,,UW-SR38
85,20240624,12,37.49,22.88,,,,UW-SR38
85,20240624,13,31.57,28.83,,,,UW-SR38
85,20240624,14,34.51,33.54,,,,UW-SR38
85,20240624,15,33.04,25.49,,,,UW-SR38
85,20240624,16,28.63,21.25,,,,UW-SR38
85,20240624,17,25.57,24.82,,,,UW-SR38
85,20240624,18,32.24,27.42,,,,UW-SR38
85,20240624,19,32.16,25.79,,,,UW-SR38
85,20240624,20,22.43,18.35,,,,UW-SR38
85,20240624,21,31.49,30.89,,,,UW-SR38
85,20240624,22,23.77,15.46,,,,UW-SR38
85,20240624,23,33.88,19.93,,,,UW-SR38
85,20240624,24,24.62,18.41,,,,UW-SR38
85,20240624,25,30.46,22.24,,,,UW-SR38
85,20240624,26,35.13,27.92,,,,UW-SR38
85,20240624,27,32.97,25.06,,,,UW-SR38
85,20240624,28,26.64,22.85,,,,UW-SR38
85,20240624,29,27.49,27.43,,,,UW-SR38
85,20240624,30,31.06,22.15,,,,UW-SR38
85,20240624,31,35.56,20.91,,,,UW-SR38
85,20240624,32,22.64,21.32,,,,UW-SR38
85,20240624,33,21.46,17.76,,,,UW-SR38
85,20240624,34,26.35,21.18,,,,UW-SR38
85,20240624,35,27.09,23.99,,,,UW-SR38
85,20240624,36,29.70,24.01,,,,UW-SR38
85,20240624,37,29.70,23.27,,,,UW-SR38
85,20240624,38,27.03,21.15,,,,UW-SR38
85,20240624,39,26.68,24.39,,,,UW-SR38
85,20240624,40,25.98,21.24,,,,UW-SR38
85,20240624,41,25.81,21.07,,,,UW-SR38
85,20240624,42,28.86,21.69,,,,UW-SR38
85,20240624,43,27.06,25.99,,,,UW-SR38
85,20240624,44,40.17,32.04,,,,UW-SR38
85,20240624,45,29.33,23.72,,,,UW-SR38
85,20240624,46,29.41,23.24,,,,UW-SR38
85,20240624,47,23.52,19.13,,,,UW-SR38
85,20240624,48,23.16,20.42,,,,UW-SR38
85,20240624,49,23.32,22.50,,,,UW-SR38
85,20240624,50,26.21,24.45,,,,UW-SR38
85,20240624,51,31.26,22.07,,,,UW-SR38
85,20240624,52,30.94,19.04,,,,UW-SR38
85,20240624,53,29.12,19.63,,,,UW-SR38
85,20240624,54,23.87,19.67,,,,UW-SR38
85,20240624,55,29.31,22.35,,,,UW-SR38
85,20240624,56,27.98,21.51,,,,UW-SR38
85,20240624,57,25.17,17.37,,,,UW-SR38
85,20240624,58,22.13,20.73,,,,UW-SR38
85,20240624,59,30.86,23.76,,,,UW-SR38
85,20240624,60,28.97,25.17,,,,UW-SR38
85,20240624,61,26.00,21.35,,,,UW-SR38
85,20240624,62,28.05,23.53,,,,UW-SR38
85,20240624,63,21.84,18.23,,,,UW-SR38
85,20240624,64,22.54,18.70,,,,UW-SR38
85,20240624,65,23.53,18.40,,,,UW-SR38
85,20240624,66,26.53,19.52,,,,UW-SR38
85,20240624,67,23.18,20.38,,,,UW-SR38
85,20240624,68,28.46,21.93,,,,UW-SR38
85,20240624,69,26.82,21.47,,,,UW-SR38
85,20240624,70,24.88,19.13,,,,UW-SR38
85,20240624,71,17.06,16.34,,,,UW-SR38
85,20240624,72,23.17,19.90,,,,UW-SR38
85,20240624,73,25.10,19.65,,,,UW-SR38
85,20240624,74,21.68,16.62,,,,UW-SR38
85,20240624,75,27.13,15.99,,,,UW-SR38
85,20240624,76,21.40,19.08,,,,UW-SR38
85,20240624,77,22.99,16.58,,,,UW-SR38
85,20240624,78,23.54,17.92,,,,UW-SR38
85,20240624,79,25.96,21.58,,,,UW-SR38
85,20240624,80,25.75,18.04,,,,UW-SR38
85,20240624,81,26.34,20.98,,,,UW-SR38
85,20240624,82,24.83,19.86,,,,UW-SR38
85,20240624,83,20.65,18.55,,,,UW-SR38
85,20240624,84,23.26,19.14,,,,UW-SR38
85,20240624,85,23.80,19.71,,,,UW-SR38
85,20240624,86,20.28,16.88,,,,UW-SR38
85,20240624,87,21.84,19.10,,,,UW-SR38
85,20240624,88,23.57,17.70,,,,UW-SR38
85,20240624,89,24.82,16.93,,,,UW-SR38
85,20240624,90,23.60,19.75,,,,UW-SR38
85,20240624,91,23.46,22.60,,,,UW-SR38
85,20240624,92,21.06,18.21,,,,UW-SR38
85,20240624,93,27.40,24.54,,,,UW-SR38
85,20240624,94,22.27,21.32,,,,UW-SR38
85,20240624,95,25.22,21.04,,,,UW-SR38
85,20240624,96,23.88,18.71,,,,UW-SR38
85,20240624,97,22.98,19.62,,,,UW-SR38
85,20240624,98,22.36,21.44,,,,UW-SR38
85,20240624,99,22.60,20.04,,,,UW-SR38
85,20240624,100,24.01,21.53,,,,UW-SR38
86,20240624,1,20.43,18.92,,,,UW-SR42
86,20240624,2,22.08,21.16,,,,UW-SR42
86,20240624,3,27.84,22.44,,,,UW-SR42
86,20240624,4,29.95,19.21,,,,UW-SR42
86,20240624,5,32.27,23.47,,,,UW-SR42
86,20240624,6,23.52,17.64,,,,UW-SR42
86,20240624,7,20.95,17.60,,,,UW-SR42
86,20240624,8,22.27,21.87,,,,UW-SR42
86,20240624,9,24.01,20.84,,,,UW-SR42
86,20240624,10,21.42,17.53,,,,UW-SR42
86,20240624,11,22.20,15.96,,,,UW-SR42
86,20240624,12,21.49,20.68,,,,UW-SR42
86,20240624,13,23.26,16.39,,,,UW-SR42
86,20240624,14,20.06,16.49,,,,UW-SR42
86,20240624,15,24.45,17.37,,,,UW-SR42
86,20240624,16,20.11,18.62,,,,UW-SR42
86,20240624,17,19.72,16.44,,,,UW-SR42
86,20240624,18,19.79,16.26,,,,UW-SR42
86,20240624,19,25.07,18.79,,,,UW-SR42
86,20240624,20,22.31,17.86,,,,UW-SR42
86,20240624,21,24.02,21.71,,,,UW-SR42
86,20240624,22,27.88,17.70,,,,UW-SR42
86,20240624,23,21.57,18.47,,,,UW-SR42
86,20240624,24,27.41,18.84,,,,UW-SR42
86,20240624,25,18.33,17.73,,,,UW-SR42
86,20240624,26,22.23,18.51,,,,UW-SR42
86,20240624,27,23.26,16.52,,,,UW-SR42
86,20240624,28,22.82,18.21,,,,UW-SR42
86,20240624,29,21.29,17.58,,,,UW-SR42
86,20240624,30,22.63,20.40,,,,UW-SR42
86,20240624,31,24.00,22.38,,,,UW-SR42
86,20240624,32,26.88,23.06,,,,UW-SR42
86,20240624,33,25.16,23.00,,,,UW-SR42
86,20240624,34,23.83,18.50,,,,UW-SR42
86,20240624,35,20.95,18.22,,,,UW-SR42
86,20240624,36,21.90,16.28,,,,UW-SR42
86,20240624,37,18.93,17.77,,,,UW-SR42
86,20240624,38,21.10,19.61,,,,UW-SR42
86,20240624,39,27.01,24.45,,,,UW-SR42
86,20240624,40,25.48,18.75,,,,UW-SR42
86,20240624,41,22.61,20.90,,,,UW-SR42
86,20240624,42,21.44,20.20,,,,UW-SR42
86,20240624,43,23.64,19.70,,,,UW-SR42
86,20240624,44,25.83,21.51,,,,UW-SR42
86,20240624,45,21.97,17.67,,,,UW-SR42
86,20240624,46,20.59,16.61,,,,UW-SR42
86,20240624,47,25.11,18.82,,,,UW-SR42
86,20240624,48,20.16,17.47,,,,UW-SR42
86,20240624,49,19.65,18.63,,,,UW-SR42
86,20240624,50,25.77,19.75,,,,UW-SR42
86,20240624,51,29.52,24.62,,,,UW-SR42
86,20240624,52,31.35,26.94,,,,UW-SR42
86,20240624,53,26.35,19.32,,,,UW-SR42
86,20240624,54,30.54,20.44,,,,UW-SR42
86,20240624,55,24.58,20.80,,,,UW-SR42
86,20240624,56,19.50,17.47,,,,UW-SR42
86,20240624,57,24.85,19.19,,,,UW-SR42
86,20240624,58,22.22,20.44,,,,UW-SR42
86,20240624,59,25.32,20.71,,,,UW-SR42
86,20240624,60,22.30,20.13,,,,UW-SR42
86,20240624,61,27.07,21.72,,,,UW-SR42
86,20240624,62,29.26,24.27,,,,UW-SR42
86,20240624,63,23.49,18.76,,,,UW-SR42
86,20240624,64,22.52,20.60,,,,UW-SR42
86,20240624,65,23.70,22.08,,,,UW-SR42
86,20240624,66,25.65,18.64,,,,UW-SR42
86,20240624,67,22.30,20.33,,,,UW-SR42
86,20240624,68,25.51,20.09,,,,UW-SR42
86,20240624,69,24.09,20.30,,,,UW-SR42
86,20240624,70,26.22,21.35,,,,UW-SR42
86,20240624,71,23.97,19.39,,,,UW-SR42
86,20240624,72,24.98,18.44,,,,UW-SR42
86,20240624,73,26.20,19.31,,,,UW-SR42
86,20240624,74,21.42,16.81,,,,UW-SR42
86,20240624,75,26.41,18.99,,,,UW-SR42
86,20240624,76,28.65,20.77,,,,UW-SR42
86,20240624,77,24.96,21.08,,,,UW-SR42
86,20240624,78,24.50,23.17,,,,UW-SR42
86,20240624,79,22.24,18.74,,,,UW-SR42
86,20240624,80,22.02,15.52,,,,UW-SR42
86,20240624,81,19.45,16.32,,,,UW-SR42
86,20240624,82,23.54,17.25,,,,UW-SR42
86,20240624,83,23.15,9.64,,,,UW-SR42
86,20240624,84,18.07,14.91,,,,UW-SR42
86,20240624,85,20.09,18.12,,,,UW-SR42
86,20240624,86,20.98,18.17,,,,UW-SR42
86,20240624,87,21.46,17.72,,,,UW-SR42
86,20240624,88,25.19,19.94,,,,UW-SR42
86,20240624,89,21.13,14.16,,,,UW-SR42
86,20240624,90,30.66,27.35,,,,UW-SR42
86,20240624,91,24.83,22.81,,,,UW-SR42
86,20240624,92,30.17,27.45,,,,UW-SR42
86,20240624,93,24.82,16.97,,,,UW-SR42
86,20240624,94,29.34,25.69,,,,UW-SR42
86,20240624,95,33.37,25.81,,,,UW-SR42
86,20240624,96,26.04,22.67,,,,UW-SR42
86,20240624,97,22.53,20.60,,,,UW-SR42
86,20240624,98,26.46,23.41,,,,UW-SR42
86,20240624,99,24.98,19.92,,,,UW-SR42
86,20240624,100,31.28,22.03,,,,UW-SR42
87,20240624,1,21.36,15.74,,,,UW-SR40
87,20240624,2,21.10,19.02,,,,UW-SR40
87,20240624,3,21.43,14.90,,,,UW-SR40
87,20240624,4,20.79,18.06,,,,UW-SR40
87,20240624,5,23.53,18.10,,,,UW-SR40
87,20240624,6,24.03,18.97,,,,UW-SR40
87,20240624,7,22.59,14.71,,,,UW-SR40
87,20240624,8,18.54,17.16,,,,UW-SR40
87,20240624,9,16.87,14.66,,,,UW-SR40
87,20240624,10,24.03,19.01,,,,UW-SR40
87,20240624,11,22.09,18.28,,,,UW-SR40
87,20240624,12,26.99,23.21,,,,UW-SR40
87,20240624,13,20.22,17.04,,,,UW-SR40
87,20240624,14,22.92,21.21,,,,UW-SR40
87,20240624,15,22.76,17.70,,,,UW-SR40
87,20240624,16,24.79,14.72,,,,UW-SR40
87,20240624,17,20.17,14.38,,,,UW-SR40
87,20240624,18,20.42,18.72,,,,UW-SR40
87,20240624,19,18.71,16.78,,,,UW-SR40
87,20240624,20,25.35,23.05,,,,UW-SR40
87,20240624,21,22.38,17.70,,,,UW-SR40
87,20240624,22,19.43,16.33,,,,UW-SR40
87,20240624,23,20.71,20.42,,,,UW-SR40
87,20240624,24,26.59,18.08,,,,UW-SR40
87,20240624,25,18.20,14.40,,,,UW-SR40
87,20240624,26,17.64,14.19,,,,UW-SR40
87,20240624,27,21.22,16.44,,,,UW-SR40
87,20240624,28,20.08,15.16,,,,UW-SR40
87,20240624,29,22.50,17.43,,,,UW-SR40
87,20240624,30,19.19,15.95,,,,UW-SR40
87,20240624,31,17.31,16.54,,,,UW-SR40
87,20240624,32,22.68,20.86,,,,UW-SR40
87,20240624,33,18.38,18.19,,,,UW-SR40
87,20240624,34,21.69,17.27,,,,UW-SR40
87,20240624,35,22.08,16.34,,,,UW-SR40
87,20240624,36,19.90,18.42,,,,UW-SR40
87,20240624,37,19.57,16.14,,,,UW-SR40
87,20240624,38,20.88,16.24,,,,UW-SR40
87,20240624,39,19.16,14.85,,,,UW-SR40
87,20240624,40,19.38,17.78,,,,UW-SR40
87,20240624,41,22.99,16.03,,,,UW-SR40
87,20240624,42,21.60,14.83,,,,UW-SR40
87,20240624,43,19.34,16.35,,,,UW-SR40
87,20240624,44,21.90,19.29,,,,UW-SR40
87,20240624,45,20.98,17.18,,,,UW-SR40
87,20240624,46,21.14,18.60,,,,UW-SR40
87,20240624,47,20.84,19.29,,,,UW-SR40
87,20240624,48,17.24,14.61,,,,UW-SR40
87,20240624,49,19.25,16.77,,,,UW-SR40
87,20240624,50,22.41,15.71,,,,UW-SR40
87,20240624,51,24.01,20.46,,,,UW-SR40
87,20240624,52,19.38,13.34,,,,UW-SR40
87,20240624,53,19.14,18.69,,,,UW-SR40
87,20240624,54,19.53,17.97,,,,UW-SR40
87,20240624,55,20.35,17.09,,,,UW-SR40
87,20240624,56,19.64,16.21,,,,UW-SR40
87,20240624,57,23.63,14.36,,,,UW-SR40
87,20240624,58,19.53,18.54,,,,UW-SR40
87,20240624,59,25.51,18.28,,,,UW-SR40
87,20240624,60,20.10,17.26,,,,UW-SR40
87,20240624,61,21.72,20.19,,,,UW-SR40
87,20240624,62,22.93,14.21,,,,UW-SR40
87,20240624,63,21.17,21.00,,,,UW-SR40
87,20240624,64,19.94,19.44,,,,UW-SR40
87,20240624,65,19.83,16.24,,,,UW-SR40
87,20240624,66,20.32,16.41,,,,UW-SR40
87,20240624,67,19.44,14.48,,,,UW-SR40
87,20240624,68,16.98,15.23,,,,UW-SR40
87,20240624,69,21.83,16.74,,,,UW-SR40
87,20240624,70,20.68,19.01,,,,UW-SR40
87,20240624,71,18.73,15.48,,,,UW-SR40
87,20240624,72,23.33,17.23,,,,UW-SR40
87,20240624,73,20.85,18.88,,,,UW-SR40
87,20240624,74,23.88,16.78,,,,UW-SR40
87,20240624,75,26.23,17.32,,,,UW-SR40
87,20240624,76,22.81,17.13,,,,UW-SR40
87,20240624,77,23.54,17.00,,,,UW-SR40
87,20240624,78,20.74,14.77,,,,UW-SR40
87,20240624,79,20.21,16.71,,,,UW-SR40
87,20240624,80,24.37,21.71,,,,UW-SR40
87,20240624,81,26.81,17.63,,,,UW-SR40
87,20240624,82,17.22,15.65,,,,UW-SR40
87,20240624,83,24.70,22.56,,,,UW-SR40
87,20240624,84,22.03,14.42,,,,UW-SR40
87,20240624,85,27.07,25.71,,,,UW-SR40
87,20240624,86,23.56,18.35,,,,UW-SR40
87,20240624,87,18.91,16.24,,,,UW-SR40
87,20240624,88,22.36,20.17,,,,UW-SR40
87,20240624,89,22.26,19.74,,,,UW-SR40
87,20240624,90,24.98,14.99,,,,UW-SR40
87,20240624,91,19.59,17.04,,,,UW-SR40
87,20240624,92,23.68,22.97,,,,UW-SR40
87,20240624,93,31.24,19.77,,,,UW-SR40
87,20240624,94,22.39,16.47,,,,UW-SR40
87,20240624,95,23.72,16.23,,,,UW-SR40
87,20240624,96,20.74,17.92,,,,UW-SR40
87,20240624,97,22.51,21.86,,,,UW-SR40
87,20240624,98,22.82,21.94,,,,UW-SR40
87,20240624,99,22.56,18.14,,,,UW-SR40
87,20240624,100,23.26,17.53,,,,UW-SR40
88,20240624,1,32.33,23.43,,,,UW-SR35
88,20240624,2,23.23,20.91,,,,UW-SR35
88,20240624,3,23.26,20.94,,,,UW-SR35
88,20240624,4,23.47,17.04,,,,UW-SR35
88,20240624,5,29.31,28.18,,,,UW-SR35
88,20240624,6,28.55,23.21,,,,UW-SR35
88,20240624,7,27.45,21.97,,,,UW-SR35
88,20240624,8,24.72,21.88,,,,UW-SR35
88,20240624,9,29.34,28.38,,,,UW-SR35
88,20240624,10,22.65,19.86,,,,UW-SR35
88,20240624,11,28.64,26.24,,,,UW-SR35
88,20240624,12,27.34,19.76,,,,UW-SR35
88,20240624,13,23.87,17.64,,,,UW-SR35
88,20240624,14,30.45,25.36,,,,UW-SR35
88,20240624,15,24.77,20.40,,,,UW-SR35
88,20240624,16,32.65,27.45,,,,UW-SR35
88,20240624,17,34.73,21.55,,,,UW-SR35
88,20240624,18,29.32,23.86,,,,UW-SR35
88,20240624,19,23.51,22.01,,,,UW-SR35
88,20240624,20,27.25,26.59,,,,UW-SR35
88,20240624,21,30.56,29.19,,,,UW-SR35
88,20240624,22,32.57,29.80,,,,UW-SR35
88,20240624,23,23.91,19.68,,,,UW-SR35
88,20240624,24,27.80,26.01,,,,UW-SR35
88,20240624,25,26.34,21.18,,,,UW-SR35
88,20240624,26,28.52,22.16,,,,UW-SR35
88,20240624,27,28.85,24.42,,,,UW-SR35
88,20240624,28,33.57,23.08,,,,UW-SR35
88,20240624,29,36.08,28.34,,,,UW-SR35
88,20240624,30,30.52,22.49,,,,UW-SR35
88,20240624,31,30.65,19.49,,,,UW-SR35
88,20240624,32,29.22,28.82,,,,UW-SR35
88,20240624,33,32.79,21.72,,,,UW-SR35
88,20240624,34,23.25,20.42,,,,UW-SR35
88,20240624,35,45.96,32.53,,,,UW-SR35
88,20240624,36,28.38,27.96,,,,UW-SR35
88,20240624,37,28.54,25.02,,,,UW-SR35
88,20240624,38,28.52,23.51,,,,UW-SR35
88,20240624,39,27.55,23.83,,,,UW-SR35
88,20240624,40,37.27,31.53,,,,UW-SR35
88,20240624,41,32.13,27.06,,,,UW-SR35
88,20240624,42,27.76,26.14,,,,UW-SR35
88,20240624,43,25.18,24.66,,,,UW-SR35
88,20240624,44,35.81,26.46,,,,UW-SR35
88,20240624,45,40.14,32.75,,,,UW-SR35
88,20240624,46,30.96,29.19,,,,UW-SR35
88,20240624,47,32.02,23.70,,,,UW-SR35
88,20240624,48,27.19,22.40,,,,UW-SR35
88,20240624,49,27.12,21.58,,,,UW-SR35
88,20240624,50,33.63,29.59,,,,UW-SR35
88,20240624,51,32.91,24.99,,,,UW-SR35
88,20240624,52,28.40,21.12,,,,UW-SR35
88,20240624,53,36.48,28.46,,,,UW-SR35
88,20240624,54,42.21,27.45,,,,UW-SR35
88,20240624,55,27.78,25.33,,,,UW-SR35
88,20240624,56,38.79,27.14,,,,UW-SR35
88,20240624,57,26.64,25.75,,,,UW-SR35
88,20240624,58,28.08,21.88,,,,UW-SR35
88,20240624,59,28.81,23.69,,,,UW-SR35
88,20240624,60,28.44,22.66,,,,UW-SR35
88,20240624,61,27.78,20.58,,,,UW-SR35
88,20240624,62,31.27,25.44,,,,UW-SR35
88,20240624,63,28.16,27.19,,,,UW-SR35
88,20240624,64,36.38,27.03,,,,UW-SR35
88,20240624,65,35.14,25.21,,,,UW-SR35
88,20240624,66,31.69,26.33,,,,UW-SR35
88,20240624,67,33.99,27.53,,,,UW-SR35
88,20240624,68,30.94,23.07,,,,UW-SR35
88,20240624,69,29.68,21.42,,,,UW-SR35
88,20240624,70,31.11,25.79,,,,UW-SR35
88,20240624,71,47.70,28.33,,,,UW-SR35
88,20240624,72,32.38,25.58,,,,UW-SR35
88,20240624,73,35.71,30.69,,,,UW-SR35
88,20240624,74,37.41,23.56,,,,UW-SR35
88,20240624,75,40.51,31.34,,,,UW-SR35
88,20240624,76,36.12,28.38,,,,UW-SR35
88,20240624,77,35.83,24.49,,,,UW-SR35
88,20240624,78,34.63,24.25,,,,UW-SR35
88,20240624,79,33.29,31.32,,,,UW-SR35
88,20240624,80,34.70,25.50,,,,UW-SR35
88,20240624,81,27.73,19.20,,,,UW-SR35
88,20240624,82,29.00,28.77,,,,UW-SR35
88,20240624,83,25.36,19.30,,,,UW-SR35
88,20240624,84,26.60,20.70,,,,UW-SR35
88,20240624,85,29.21,25.49,,,,UW-SR35
88,20240624,86,31.00,27.04,,,,UW-SR35
88,20240624,87,25.37,20.10,,,,UW-SR35
88,20240624,88,36.28,20.98,,,,UW-SR35
88,20240624,89,28.13,21.08,,,,UW-SR35
88,20240624,90,23.98,20.99,,,,UW-SR35
88,20240624,91,28.61,22.55,,,,UW-SR35
88,20240624,92,29.79,28.13,,,,UW-SR35
88,20240624,93,30.89,19.34,,,,UW-SR35
88,20240624,94,28.66,28.49,,,,UW-SR35
88,20240624,95,31.33,25.22,,,,UW-SR35
88,20240624,96,46.59,32.67,,,,UW-SR35
88,20240624,97,34.78,26.33,,,,UW-SR35
88,20240624,98,33.95,27.08,,,,UW-SR35
88,20240624,99,35.27,29.97,,,,UW-SR35
88,20240624,100,37.62,19.80,,,,UW-SR35
91,20240624,1,24.71,20.43,,,,UW-SR36
91,20240624,2,23.38,18.86,,,,UW-SR36
91,20240624,3,24.72,19.55,,,,UW-SR36
91,20240624,4,20.42,18.22,,,,UW-SR36
91,20240624,5,23.89,19.62,,,,UW-SR36
91,20240624,6,24.45,17.52,,,,UW-SR36
91,20240624,7,18.87,16.10,,,,UW-SR36
91,20240624,8,21.71,16.59,,,,UW-SR36
91,20240624,9,21.73,17.02,,,,UW-SR36
91,20240624,10,24.73,20.21,,,,UW-SR36
91,20240624,11,20.99,18.76,,,,UW-SR36
91,20240624,12,18.24,16.39,,,,UW-SR36
91,20240624,13,24.65,18.70,,,,UW-SR36
91,20240624,14,24.35,18.26,,,,UW-SR36
91,20240624,15,25.65,18.32,,,,UW-SR36
91,20240624,16,24.14,14.98,,,,UW-SR36
91,20240624,17,21.93,15.50,,,,UW-SR36
91,20240624,18,24.94,15.76,,,,UW-SR36
91,20240624,19,20.77,19.04,,,,UW-SR36
91,20240624,20,20.91,17.42,,,,UW-SR36
91,20240624,21,26.90,19.33,,,,UW-SR36
91,20240624,22,22.13,16.73,,,,UW-SR36
91,20240624,23,21.65,21.51,,,,UW-SR36
91,20240624,24,26.47,21.32,,,,UW-SR36
91,20240624,25,24.83,22.08,,,,UW-SR36
91,20240624,26,26.96,23.34,,,,UW-SR36
91,20240624,27,30.47,21.94,,,,UW-SR36
91,20240624,28,23.51,18.44,,,,UW-SR36
91,20240624,29,24.30,21.93,,,,UW-SR36
91,20240624,30,25.64,20.03,,,,UW-SR36
91,20240624,31,21.33,15.49,,,,UW-SR36
91,20240624,32,19.79,18.47,,,,UW-SR36
91,20240624,33,26.40,20.94,,,,UW-SR36
91,20240624,34,24.81,24.47,,,,UW-SR36
91,20240624,35,22.91,22.55,,,,UW-SR36
91,20240624,36,21.23,17.48,,,,UW-SR36
91,20240624,37,21.36,17.29,,,,UW-SR36
91,20240624,38,25.46,20.01,,,,UW-SR36
91,20240624,39,21.51,16.49,,,,UW-SR36
91,20240624,40,24.77,19.43,,,,UW-SR36
91,20240624,41,22.90,17.52,,,,UW-SR36
91,20240624,42,22.35,20.36,,,,UW-SR36
91,20240624,43,20.14,19.60,,,,UW-SR36
91,20240624,44,22.63,18.45,,,,UW-SR36
91,20240624,45,22.26,20.41,,,,UW-SR36
91,20240624,46,21.53,17.72,,,,UW-SR36
91,20240624,47,24.18,19.93,,,,UW-SR36
91,20240624,48,20.48,16.07,,,,UW-SR36
91,20240624,49,27.54,22.15,,,,UW-SR36
91,20240624,50,20.74,20.34,,,,UW-SR36
91,20240624,51,20.81,17.29,,,,UW-SR36
91,20240624,52,22.55,18.60,,,,UW-SR36
91,20240624,53,26.32,21.68,,,,UW-SR36
91,20240624,54,24.47,20.96,,,,UW-SR36
91,20240624,55,26.71,21.87,,,,UW-SR36
91,20240624,56,27.08,19.31,,,,UW-SR36
91,20240624,57,19.97,15.44,,,,UW-SR36
91,20240624,58,20.76,16.46,,,,UW-SR36
91,20240624,59,24.22,19.63,,,,UW-SR36
91,20240624,60,24.65,24.38,,,,UW-SR36
91,20240624,61,28.87,24.54,,,,UW-SR36
91,20240624,62,27.21,22.24,,,,UW-SR36
91,20240624,63,23.67,18.90,,,,UW-SR36
91,20240624,64,26.06,19.31,,,,UW-SR36
91,20240624,65,24.57,19.49,,,,UW-SR36
91,20240624,66,25.08,18.14,,,,UW-SR36
91,20240624,67,23.25,21.66,,,,UW-SR36
91,20240624,68,20.14,17.29,,,,UW-SR36
91,20240624,69,19.81,19.00,,,,UW-SR36
91,20240624,70,30.18,24.50,,,,UW-SR36
91,20240624,71,24.62,20.11,,,,UW-SR36
91,20240624,72,28.67,17.24,,,,UW-SR36
91,20240624,73,27.04,23.19,,,,UW-SR36
91,20240624,74,34.67,23.18,,,,UW-SR36
91,20240624,75,23.19,19.03,,,,UW-SR36
91,20240624,76,25.79,21.61,,,,UW-SR36
91,20240624,77,29.35,27.95,,,,UW-SR36
91,20240624,78,22.90,16.06,,,,UW-SR36
91,20240624,79,25.98,19.28,,,,UW-SR36
91,20240624,80,25.81,20.13,,,,UW-SR36
91,20240624,81,35.35,22.27,,,,UW-SR36
91,20240624,82,27.57,22.80,,,,UW-SR36
91,20240624,83,20.89,20.07,,,,UW-SR36
91,20240624,84,21.90,20.60,,,,UW-SR36
91,20240624,85,21.33,19.03,,,,UW-SR36
91,20240624,86,25.73,21.83,,,,UW-SR36
91,20240624,87,22.16,19.05,,,,UW-SR36
91,20240624,88,22.77,16.75,,,,UW-SR36
91,20240624,89,18.84,17.93,,,,UW-SR36
91,20240624,90,23.73,18.95,,,,UW-SR36
91,20240624,91,21.42,17.97,,,,UW-SR36
91,20240624,92,21.14,17.72,,,,UW-SR36
91,20240624,93,25.38,21.38,,,,UW-SR36
91,20240624,94,23.68,14.08,,,,UW-SR36
91,20240624,95,20.83,17.36,,,,UW-SR36
91,20240624,96,23.82,20.17,,,,UW-SR36
91,20240624,97,23.73,19.74,,,,UW-SR36
91,20240624,98,24.49,19.88,,,,UW-SR36
91,20240624,99,26.32,23.56,,,,UW-SR36
91,20240624,100,26.45,20.47,,,,UW-SR36
94,20240624,1,23.88,20.94,,,,UW-SR44
94,20240624,2,22.16,16.12,,,,UW-SR44
94,20240624,3,25.10,23.54,,,,UW-SR44
94,20240624,4,30.65,24.93,,,,UW-SR44
94,20240624,5,24.51,17.90,,,,UW-SR44
94,20240624,6,25.85,21.34,,,,UW-SR44
94,20240624,7,25.09,19.10,,,,UW-SR44
94,20240624,8,22.75,20.47,,,,UW-SR44
94,20240624,9,21.12,20.63,,,,UW-SR44
94,20240624,10,24.42,19.68,,,,UW-SR44
94,20240624,11,30.15,22.53,,,,UW-SR44
94,20240624,12,32.56,24.58,,,,UW-SR44
94,20240624,13,18.41,15.27,,,,UW-SR44
94,20240624,14,22.11,18.40,,,,UW-SR44
94,20240624,15,21.27,17.08,,,,UW-SR44
94,20240624,16,23.11,20.80,,,,UW-SR44
94,20240624,17,31.65,27.36,,,,UW-SR44
94,20240624,18,16.57,16.42,,,,UW-SR44
94,20240624,19,29.68,17.80,,,,UW-SR44
94,20240624,20,25.26,19.51,,,,UW-SR44
94,20240624,21,26.64,18.50,,,,UW-SR44
94,20240624,22,20.11,17.36,,,,UW-SR44
94,20240624,23,21.73,18.90,,,,UW-SR44
94,20240624,24,23.38,16.14,,,,UW-SR44
94,20240624,25,23.44,16.35,,,,UW-SR44
94,20240624,26,21.83,17.19,,,,UW-SR44
94,20240624,27,26.54,16.79,,,,UW-SR44
94,20240624,28,24.36,20.54,,,,UW-SR44
94,20240624,29,24.00,17.72,,,,UW-SR44
94,20240624,30,17.96,15.80,,,,UW-SR44
94,20240624,31,19.87,18.19,,,,UW-SR44
94,20240624,32,26.25,18.02,,,,UW-SR44
94,20240624,33,21.23,16.75,,,,UW-SR44
94,20240624,34,20.21,17.18,,,,UW-SR44
94,20240624,35,20.54,16.10,,,,UW-SR44
94,20240624,36,21.14,20.72,,,,UW-SR44
94,20240624,37,22.90,21.98,,,,UW-SR44
94,20240624,38,26.05,20.14,,,,UW-SR44
94,20240624,39,19.05,14.03,,,,UW-SR44
94,20240624,40,25.69,22.50,,,,UW-SR44
94,20240624,41,24.26,24.05,,,,UW-SR44
94,20240624,42,23.65,18.12,,,,UW-SR44
94,20240624,43,24.84,18.92,,,,UW-SR44
94,20240624,44,24.27,17.67,,,,UW-SR44
94,20240624,45,18.59,15.98,,,,UW-SR44
94,20240624,46,18.68,14.77,,,,UW-SR44
94,20240624,47,18.48,15.81,,,,UW-SR44
94,20240624,48,22.93,19.88,,,,UW-SR44
94,20240624,49,18.88,15.01,,,,UW-SR44
94,20240624,50,19.54,14.34,,,,UW-SR44
94,20240624,51,23.45,19.69,,,,UW-SR44
94,20240624,52,21.04,15.82,,,,UW-SR44
94,20240624,53,21.37,19.36,,,,UW-SR44
94,20240624,54,26.31,21.24,,,,UW-SR44
94,20240624,55,20.86,19.44,,,,UW-SR44
94,20240624,56,24.07,15.88,,,,UW-SR44
94,20240624,57,22.83,16.75,,,,UW-SR44
94,20240624,58,22.44,16.56,,,,UW-SR44
94,20240624,59,23.42,18.52,,,,UW-SR44
94,20240624,60,19.72,18.49,,,,UW-SR44
94,20240624,61,24.41,19.05,,,,UW-SR44
94,20240624,62,21.07,18.42,,,,UW-SR44
94,20240624,63,27.37,21.38,,,,UW-SR44
94,20240624,64,23.35,19.62,,,,UW-SR44
94,20240624,65,22.25,19.14,,,,UW-SR44
94,20240624,66,23.88,20.11,,,,UW-SR44
94,20240624,67,26.15,17.96,,,,UW-SR44
94,20240624,68,19.01,17.91,,,,UW-SR44
94,20240624,69,22.93,20.99,,,,UW-SR44
94,20240624,70,25.03,16.19,,,,UW-SR44
94,20240624,71,39.19,25.80,,,,UW-SR44
94,20240624,72,21.15,16.83,,,,UW-SR44
94,20240624,73,20.93,20.19,,,,UW-SR44
94,20240624,74,23.17,19.04,,,,UW-SR44
94,20240624,75,22.76,18.14,,,,UW-SR44
94,20240624,76,21.90,18.44,,,,UW-SR44
94,20240624,77,24.48,22.18,,,,UW-SR44
94,20240624,78,22.09,16.43,,,,UW-SR44
94,20240624,79,23.30,20.99,,,,UW-SR44
94,20240624,80,21.88,18.05,,,,UW-SR44
94,20240624,81,20.17,15.39,,,,UW-SR44
94,20240624,82,20.94,15.91,,,,UW-SR44
94,20240624,83,24.29,14.93,,,,UW-SR44
94,20240624,84,20.00,19.70,,,,UW-SR44
94,20240624,85,19.97,17.12,,,,UW-SR44
94,20240624,86,25.68,20.36,,,,UW-SR44
94,20240624,87,22.32,23.32,,,,UW-SR44
94,20240624,88,21.56,13.70,,,,UW-SR44
94,20240624,89,18.93,16.89,,,,UW-SR44
94,20240624,90,22.57,20.01,,,,UW-SR44
94,20240624,91,22.21,17.43,,,,UW-SR44
94,20240624,92,19.93,15.14,,,,UW-SR44
94,20240624,93,25.87,20.59,,,,UW-SR44
94,20240624,94,23.13,19.33,,,,UW-SR44
94,20240624,95,23.74,19.99,,,,UW-SR44
94,20240624,96,22.03,18.02,,,,UW-SR44
94,20240624,97,21.49,15.46,,,,UW-SR44
94,20240624,98,19.49,16.73,,,,UW-SR44
94,20240624,99,20.68,18.35,,,,UW-SR44
94,20240624,100,23.14,17.98,,,,UW-SR44
95,20240624,1,23.59,23.08,,,,UW-SR39
95,20240624,2,35.20,29.52,,,,UW-SR39
95,20240624,3,28.21,20.01,,,,UW-SR39
95,20240624,4,28.78,23.05,,,,UW-SR39
95,20240624,5,20.83,18.95,,,,UW-SR39
95,20240624,6,21.49,15.93,,,,UW-SR39
95,20240624,7,28.08,16.73,,,,UW-SR39
95,20240624,8,25.35,23.41,,,,UW-SR39
95,20240624,9,23.01,20.24,,,,UW-SR39
95,20240624,10,23.26,18.21,,,,UW-SR39
95,20240624,11,21.36,18.17,,,,UW-SR39
95,20240624,12,25.63,18.38,,,,UW-SR39
95,20240624,13,16.96,16.19,,,,UW-SR39
95,20240624,14,22.02,17.84,,,,UW-SR39
95,20240624,15,19.47,18.49,,,,UW-SR39
95,20240624,16,17.97,16.60,,,,UW-SR39
95,20240624,17,21.53,16.41,,,,UW-SR39
95,20240624,18,21.64,18.90,,,,UW-SR39
95,20240624,19,21.10,19.51,,,,UW-SR39
95,20240624,20,20.32,17.10,,,,UW-SR39
95,20240624,21,32.02,24.06,,,,UW-SR39
95,20240624,22,21.49,16.66,,,,UW-SR39
95,20240624,23,23.20,17.79,,,,UW-SR39
95,20240624,24,19.57,15.80,,,,UW-SR39
95,20240624,25,19.46,16.29,,,,UW-SR39
95,20240624,26,25.00,19.05,,,,UW-SR39
95,20240624,27,20.01,18.06,,,,UW-SR39
95,20240624,28,23.21,20.79,,,,UW-SR39
95,20240624,29,27.22,22.61,,,,UW-SR39
95,20240624,30,22.39,20.68,,,,UW-SR39
95,20240624,31,28.11,23.04,,,,UW-SR39
95,20240624,32,23.98,19.96,,,,UW-SR39
95,20240624,33,20.54,13.32,,,,UW-SR39
95,20240624,34,25.06,22.21,,,,UW-SR39
95,20240624,35,19.82,17.38,,,,UW-SR39
95,20240624,36,21.86,19.03,,,,UW-SR39
95,20240624,37,18.08,15.38,,,,UW-SR39
95,20240624,38,24.55,21.42,,,,UW-SR39
95,20240624,39,20.15,15.66,,,,UW-SR39
95,20240624,40,19.10,14.09,,,,UW-SR39
95,20240624,41,25.57,22.30,,,,UW-SR39
95,20240624,42,22.61,20.54,,,,UW-SR39
95,20240624,43,23.91,22.40,,,,UW-SR39
95,20240624,44,23.91,18.08,,,,UW-SR39
95,20240624,45,21.37,18.45,,,,UW-SR39
95,20240624,46,21.23,19.70,,,,UW-SR39
95,20240624,47,29.62,19.47,,,,UW-SR39
95,20240624,48,27.12,22.11,,,,UW-SR39
95,20240624,49,25.30,22.34,,,,UW-SR39
95,20240624,50,21.45,17.52,,,,UW-SR39
95,20240624,51,21.63,17.26,,,,UW-SR39
95,20240624,52,26.47,21.34,,,,UW-SR39
95,20240624,53,24.43,22.98,,,,UW-SR39
95,20240624,54,20.61,18.01,,,,UW-SR39
95,20240624,55,18.84,16.13,,,,UW-SR39
95,20240624,56,20.34,18.55,,,,UW-SR39
95,20240624,57,25.56,19.83,,,,UW-SR39
95,20240624,58,25.73,19.04,,,,UW-SR39
95,20240624,59,27.33,22.98,,,,UW-SR39
95,20240624,60,24.88,18.22,,,,UW-SR39
95,20240624,61,22.39,19.49,,,,UW-SR39
95,20240624,62,28.38,20.62,,,,UW-SR39
95,20240624,63,24.84,19.21,,,,UW-SR39
95,20240624,64,25.23,17.88,,,,UW-SR39
95,20240624,65,21.59,16.77,,,,UW-SR39
95,20240624,66,21.89,15.03,,,,UW-SR39
95,20240624,67,22.89,19.51,,,,UW-SR39
95,20240624,68,24.90,18.43,,,,UW-SR39
95,20240624,69,22.62,21.79,,,,UW-SR39
95,20240624,70,20.64,20.25,,,,UW-SR39
95,20240624,71,23.71,18.25,,,,UW-SR39
95,20240624,72,27.26,20.21,,,,UW-SR39
95,20240624,73,20.08,17.57,,,,UW-SR39
95,20240624,74,27.19,19.31,,,,UW-SR39
95,20240624,75,22.90,18.83,,,,UW-SR39
95,20240624,76,27.25,19.02,,,,UW-SR39
95,20240624,77,23.96,19.92,,,,UW-SR39
95,20240624,78,25.86,19.30,,,,UW-SR39
95,20240624,79,32.34,23.85,,,,UW-SR39
95,20240624,80,25.63,21.11,,,,UW-SR39
95,20240624,81,24.63,21.22,,,,UW-SR39
95,20240624,82,24.09,15.67,,,,UW-SR39
95,20240624,83,20.15,15.84,,,,UW-SR39
95,20240624,84,30.31,24.60,,,,UW-SR39
95,20240624,85,25.74,19.70,,,,UW-SR39
95,20240624,86,18.95,17.02,,,,UW-SR39
95,20240624,87,21.59,18.24,,,,UW-SR39
95,20240624,88,23.27,21.27,,,,UW-SR39
95,20240624,89,21.65,14.53,,,,UW-SR39
95,20240624,90,22.07,16.18,,,,UW-SR39
95,20240624,91,23.43,19.36,,,,UW-SR39
95,20240624,92,21.00,18.33,,,,UW-SR39
95,20240624,93,20.60,18.85,,,,UW-SR39
95,20240624,94,21.35,19.98,,,,UW-SR39
95,20240624,95,23.81,21.18,,,,UW-SR39
95,20240624,96,22.20,20.18,,,,UW-SR39
95,20240624,97,23.26,21.36,,,,UW-SR39
95,20240624,98,21.01,16.16,,,,UW-SR39
95,20240624,99,24.81,19.76,,,,UW-SR39
95,20240624,100,18.99,14.47,,,,UW-SR39
96,20240624,1,28.06,23.32,,,,UW-SR46
96,20240624,2,29.35,21.64,,,,UW-SR46
96,20240624,3,27.80,21.47,,,,UW-SR46
96,20240624,4,27.23,24.72,,,,UW-SR46
96,20240624,5,19.61,15.80,,,,UW-SR46
96,20240624,6,25.55,15.41,,,,UW-SR46
96,20240624,7,19.38,14.96,,,,UW-SR46
96,20240624,8,27.69,18.72,,,,UW-SR46
96,20240624,9,27.07,15.40,,,,UW-SR46
96,20240624,10,20.97,18.28,,,,UW-SR46
96,20240624,11,23.00,15.65,,,,UW-SR46
96,20240624,12,25.30,19.34,,,,UW-SR46
96,20240624,13,23.62,20.96,,,,UW-SR46
96,20240624,14,27.44,21.19,,,,UW-SR46
96,20240624,15,19.62,17.29,,,,UW-SR46
96,20240624,16,21.80,17.82,,,,UW-SR46
96,20240624,17,21.59,18.46,,,,UW-SR46
96,20240624,18,26.26,20.86,,,,UW-SR46
96,20240624,19,24.52,18.01,,,,UW-SR46
96,20240624,20,20.58,16.24,,,,UW-SR46
96,20240624,21,24.73,21.62,,,,UW-SR46
96,20240624,22,18.96,18.83,,,,UW-SR46
96,20240624,23,29.32,18.25,,,,UW-SR46
96,20240624,24,30.33,19.13,,,,UW-SR46
96,20240624,25,23.83,23.40,,,,UW-SR46
96,20240624,26,25.41,21.65,,,,UW-SR46
96,20240624,27,16.34,15.88,,,,UW-SR46
96,20240624,28,25.43,17.79,,,,UW-SR46
96,20240624,29,21.62,14.17,,,,UW-SR46
96,20240624,30,21.04,18.35,,,,UW-SR46
96,20240624,31,26.30,20.31,,,,UW-SR46
96,20240624,32,22.30,20.44,,,,UW-SR46
96,20240624,33,21.79,21.58,,,,UW-SR46
96,20240624,34,26.62,24.29,,,,UW-SR46
96,20240624,35,22.62,16.89,,,,UW-SR46
96,20240624,36,19.19,16.02,,,,UW-SR46
96,20240624,37,24.14,17.13,,,,UW-SR46
96,20240624,38,19.50,16.71,,,,UW-SR46
96,20240624,39,20.92,16.68,,,,UW-SR46
96,20240624,40,20.17,17.84,,,,UW-SR46
96,20240624,41,26.94,23.06,,,,UW-SR46
96,20240624,42,21.49,17.11,,,,UW-SR46
96,20240624,43,23.05,18.54,,,,UW-SR46
96,20240624,44,24.39,18.72,,,,UW-SR46
96,20240624,45,26.14,18.21,,,,UW-SR46
96,20240624,46,26.99,17.52,,,,UW-SR46
96,20240624,47,22.88,19.16,,,,UW-SR46
96,20240624,48,21.27,19.96,,,,UW-SR46
96,20240624,49,24.70,21.31,,,,UW-SR46
96,20240624,50,21.84,18.76,,,,UW-SR46
96,20240624,51,22.22,19.54,,,,UW-SR46
96,20240624,52,21.14,16.43,,,,UW-SR46
96,20240624,53,25.96,20.28,,,,UW-SR46
96,20240624,54,22.42,18.48,,,,UW-SR46
96,20240624,55,23.20,22.45,,,,UW-SR46
96,20240624,56,26.28,17.35,,,,UW-SR46
96,20240624,57,16.90,12.66,,,,UW-SR46
96,20240624,58,23.31,17.59,,,,UW-SR46
96,20240624,59,19.38,17.94,,,,UW-SR46
96,20240624,60,23.84,19.08,,,,UW-SR46
96,20240624,61,26.81,21.65,,,,UW-SR46
96,20240624,62,25.19,21.32,,,,UW-SR46
96,20240624,63,19.19,18.02,,,,UW-SR46
96,20240624,64,22.74,17.09,,,,UW-SR46
96,20240624,65,26.52,22.57,,,,UW-SR46
96,20240624,66,22.26,16.57,,,,UW-SR46
96,20240624,67,22.92,20.46,,,,UW-SR46
96,20240624,68,22.82,19.69,,,,UW-SR46
96,20240624,69,25.94,19.36,,,,UW-SR46
96,20240624,70,20.88,16.73,,,,UW-SR46
96,20240624,71,24.71,22.67,,,,UW-SR46
96,20240624,72,23.40,21.44,,,,UW-SR46
96,20240624,73,22.30,18.15,,,,UW-SR46
96,20240624,74,34.24,24.34,,,,UW-SR46
96,20240624,75,21.96,16.94,,,,UW-SR46
96,20240624,76,23.11,20.76,,,,UW-SR46
96,20240624,77,31.63,24.59,,,,UW-SR46
96,20240624,78,23.39,17.19,,,,UW-SR46
96,20240624,79,21.82,21.53,,,,UW-SR46
96,20240624,80,29.25,19.17,,,,UW-SR46
96,20240624,81,19.49,18.42,,,,UW-SR46
96,20240624,82,22.86,18.05,,,,UW-SR46
96,20240624,83,19.71,17.41,,,,UW-SR46
96,20240624,84,26.35,22.69,,,,UW-SR46
96,20240624,85,27.56,15.51,,,,UW-SR46
96,20240624,86,20.85,18.39,,,,UW-SR46
96,20240624,87,19.68,16.33,,,,UW-SR46
96,20240624,88,24.00,18.37,,,,UW-SR46
96,20240624,89,18.11,16.23,,,,UW-SR46
96,20240624,90,21.43,16.20,,,,UW-SR46
96,20240624,91,19.93,16.60,,,,UW-SR46
96,20240624,92,17.05,15.86,,,,UW-SR46
96,20240624,93,19.31,18.05,,,,UW-SR46
96,20240624,94,23.91,16.30,,,,UW-SR46
96,20240624,95,20.29,16.51,,,,UW-SR46
96,20240624,96,20.13,18.98,,,,UW-SR46
96,20240624,97,18.34,16.60,,,,UW-SR46
96,20240624,98,19.37,15.45,,,,UW-SR46
96,20240624,99,19.31,15.02,,,,UW-SR46
96,20240624,100,22.11,16.02,,,,UW-SR46
97,20240624,1,31.94,26.91,,,,UW-SR34
97,20240624,2,31.69,29.19,,,,UW-SR34
97,20240624,3,30.06,21.43,,,,UW-SR34
97,20240624,4,36.24,33.46,,,,UW-SR34
97,20240624,5,32.19,24.97,,,,UW-SR34
97,20240624,6,32.40,24.16,,,,UW-SR34
97,20240624,7,32.08,25.93,,,,UW-SR34
97,20240624,8,27.28,24.36,,,,UW-SR34
97,20240624,9,32.01,26.46,,,,UW-SR34
97,20240624,10,27.92,21.70,,,,UW-SR34
97,20240624,11,24.52,24.39,,,,UW-SR34
97,20240624,12,34.18,31.57,,,,UW-SR34
97,20240624,13,35.61,29.78,,,,UW-SR34
97,20240624,14,26.64,24.16,,,,UW-SR34
97,20240624,15,40.17,33.58,,,,UW-SR34
97,20240624,16,32.53,25.88,,,,UW-SR34
97,20240624,17,26.63,23.48,,,,UW-SR34
97,20240624,18,35.57,29.32,,,,UW-SR34
97,20240624,19,33.83,29.48,,,,UW-SR34
97,20240624,20,30.70,30.06,,,,UW-SR34
97,20240624,21,32.94,27.61,,,,UW-SR34
97,20240624,22,40.73,32.20,,,,UW-SR34
97,20240624,23,28.09,25.36,,,,UW-SR34
97,20240624,24,30.47,21.15,,,,UW-SR34
97,20240624,25,25.33,22.34,,,,UW-SR34
97,20240624,26,25.93,19.19,,,,UW-SR34
97,20240624,27,31.73,21.94,,,,UW-SR34
97,20240624,28,28.67,23.34,,,,UW-SR34
97,20240624,29,33.58,27.87,,,,UW-SR34
97,20240624,30,32.86,30.44,,,,UW-SR34
97,20240624,31,33.00,25.51,,,,UW-SR34
97,20240624,32,39.15,27.50,,,,UW-SR34
97,20240624,33,32.61,25.40,,,,UW-SR34
97,20240624,34,29.08,20.90,,,,UW-SR34
97,20240624,35,23.79,23.16,,,,UW-SR34
97,20240624,36,32.95,28.06,,,,UW-SR34
97,20240624,37,33.21,28.58,,,,UW-SR34
97,20240624,38,25.93,21.35,,,,UW-SR34
97,20240624,39,26.15,21.48,,,,UW-SR34
97,20240624,40,32.92,24.26,,,,UW-SR34
97,20240624,41,34.27,29.30,,,,UW-SR34
97,20240624,42,39.58,31.73,,,,UW-SR34
97,20240624,43,35.26,26.91,,,,UW-SR34
97,20240624,44,39.74,28.23,,,,UW-SR34
97,20240624,45,42.10,28.97,,,,UW-SR34
97,20240624,46,28.39,21.93,,,,UW-SR34
97,20240624,47,29.79,22.84,,,,UW-SR34
97,20240624,48,26.86,26.75,,,,UW-SR34
97,20240624,49,30.70,25.27,,,,UW-SR34
97,20240624,50,25.94,24.48,,,,UW-SR34
97,20240624,51,31.27,30.54,,,,UW-SR34
97,20240624,52,37.83,25.06,,,,UW-SR34
97,20240624,53,39.65,21.77,,,,UW-SR34
97,20240624,54,35.25,32.57,,,,UW-SR34
97,20240624,55,38.60,31.97,,,,UW-SR34
97,20240624,56,32.18,27.53,,,,UW-SR34
97,20240624,57,27.97,25.87,,,,UW-SR34
97,20240624,58,34.37,26.76,,,,UW-SR34
97,20240624,59,35.98,28.80,,,,UW-SR34
97,20240624,60,33.44,26.33,,,,UW-SR34
97,20240624,61,29.27,21.76,,,,UW-SR34
97,20240624,62,33.73,26.61,,,,UW-SR34
97,20240624,63,38.66,26.79,,,,UW-SR34
97,20240624,64,27.92,25.94,,,,UW-SR34
97,20240624,65,24.75,18.31,,,,UW-SR34
97,20240624,66,45.28,31.11,,,,UW-SR34
97,20240624,67,24.69,21.13,,,,UW-SR34
97,20240624,68,33.59,24.70,,,,UW-SR34
97,20240624,69,34.47,31.05,,,,UW-SR34
97,20240624,70,30.81,25.40,,,,UW-SR34
97,20240624,71,26.73,23.66,,,,UW-SR34
97,20240624,72,32.13,25.98,,,,UW-SR34
97,20240624,73,25.97,19.68,,,,UW-SR34
97,20240624,74,25.44,18.90,,,,UW-SR34
97,20240624,75,31.62,22.03,,,,UW-SR34
97,20240624,76,26.29,23.42,,,,UW-SR34
97,20240624,77,27.20,19.36,,,,UW-SR34
97,20240624,78,30.73,28.32,,,,UW-SR34
97,20240624,79,27.74,15.63,,,,UW-SR34
97,20240624,80,29.01,22.42,,,,UW-SR34
97,20240624,81,31.72,30.61,,,,UW-SR34
97,20240624,82,30.01,21.51,,,,UW-SR34
97,20240624,83,40.44,29.82,,,,UW-SR34
97,20240624,84,28.09,25.28,,,,UW-SR34
97,20240624,85,24.12,23.68,,,,UW-SR34
97,20240624,86,35.27,34.80,,,,UW-SR34
97,20240624,87,27.93,16.99,,,,UW-SR34
97,20240624,88,37.32,28.10,,,,UW-SR34
97,20240624,89,27.62,21.27,,,,UW-SR34
97,20240624,90,30.56,18.78,,,,UW-SR34
97,20240624,91,26.28,22.58,,,,UW-SR34
97,20240624,92,29.36,21.18,,,,UW-SR34
97,20240624,93,35.43,28.01,,,,UW-SR34
97,20240624,94,34.12,25.99,,,,UW-SR34
97,20240624,95,31.16,24.16,,,,UW-SR34
97,20240624,96,32.15,24.86,,,,UW-SR34
97,20240624,97,28.79,22.72,,,,UW-SR34
97,20240624,98,26.42,25.99,,,,UW-SR34
97,20240624,99,28.05,27.74,,,,UW-SR34
97,20240624,100,27.64,25.74,,,,UW-SR34
80,20240909,1,45.40,33.43,15.4,,,IMG_6962
80,20240909,2,43.11,32.16,11.47,,,IMG_6962
80,20240909,3,44.33,38.35,16.06,,,IMG_6962
80,20240909,4,41.39,31.32,13.27,,,IMG_6962
80,20240909,5,39.55,35.91,14.9,,,IMG_6962
80,20240909,6,39.03,32.89,11.95,,,IMG_6962
80,20240909,7,36.57,27.52,13.37,,,IMG_6962
80,20240909,8,43.51,33.21,15.34,,,IMG_6962
80,20240909,9,45.78,37.85,23.04,,,IMG_6962
80,20240909,10,42.01,36.94,14.77,,,IMG_6962
80,20240909,11,65.06,34.93,15.89,,,IMG_6962
80,20240909,12,41.56,29.73,13.85,,,IMG_6962
80,20240909,13,43.24,38.16,11.09,,,IMG_6962
80,20240909,14,46.98,38.11,13.97,,,IMG_6962
80,20240909,15,42.34,29.67,14.82,,,IMG_6962
80,20240909,16,49.43,39.59,20.2,,,IMG_6962
80,20240909,17,42.94,35.98,17.77,,,IMG_6962
80,20240909,18,40.96,30.76,13.76,,,IMG_6962
80,20240909,19,37.28,34.19,14.66,,,IMG_6962
80,20240909,20,32.65,26.20,17.59,,1,IMG_6962
80,20240909,21,24.48,24.56,10.96,,1,IMG_6962
80,20240909,22,45.96,28.69,16.45,,,IMG_6962
80,20240909,23,40.49,39.23,20.96,,,IMG_6962
80,20240909,24,44.12,34.49,13.67,,,IMG_6962
80,20240909,25,40.12,36.42,10.56,,,IMG_6962
80,20240909,26,62.36,37.16,24,,,IMG_6962
80,20240909,27,44.70,35.21,16.03,,,IMG_6962
80,20240909,28,43.65,37.32,18.9,,,IMG_6962
80,20240909,29,47.69,28.69,18.11,,,IMG_6962
80,20240909,30,47.23,29.34,12.3,,,IMG_6962
80,20240909,31,46.85,33.66,12.53,,,IMG_6962
80,20240909,32,39.58,23.13,15,,,IMG_6962
80,20240909,33,59.62,32.67,16.92,,,IMG_6962
80,20240909,34,34.04,28.69,11.13,,,IMG_6962
80,20240909,35,42.34,30.35,17.6,,,IMG_6962
80,20240909,36,40.85,34.23,12.61,,,IMG_6962
80,20240909,37,35.89,44.57,22.25,,,IMG_6962
80,20240909,38,48.55,26.90,17.34,,,IMG_6962
80,20240909,39,37.59,28.57,14.45,,,IMG_6962
80,20240909,40,36.03,37.86,14.28,,,IMG_6962
80,20240909,41,47.00,42.97,14.17,,,IMG_6962
80,20240909,42,37.67,29.21,17.38,,,IMG_6962
80,20240909,43,31.05,38.91,13.22,,,IMG_6962
80,20240909,44,46.78,38.40,15.88,,,IMG_6962
80,20240909,45,45.54,37.23,15.73,,,IMG_6963
80,20240909,46,49.45,43.00,18.37,,,IMG_6963
80,20240909,47,48.77,32.63,17.65,,,IMG_6963
80,20240909,48,40.64,26.80,13.81,,,IMG_6963
80,20240909,49,43.33,32.84,12.77,,,IMG_6963
80,20240909,50,46.90,30.46,17.31,,,IMG_6963
80,20240909,51,44.23,36.50,12.34,,,IMG_6963
80,20240909,52,52.58,35.14,12.84,,,IMG_6963
80,20240909,53,38.94,30.17,19.86,,,IMG_6963
80,20240909,54,36.62,34.68,12.08,,,IMG_6963
80,20240909,55,42.74,33.72,13.86,,,IMG_6963
80,20240909,56,35.45,32.12,13.98,,,IMG_6963
80,20240909,57,56.01,38.74,11.94,,,IMG_6963
80,20240909,58,38.12,34.95,12.53,,,IMG_6963
80,20240909,59,45.60,30.35,16.59,,,IMG_6963
80,20240909,60,38.49,27.70,11.81,,,IMG_6963
80,20240909,61,29.02,29.35,14.19,,,IMG_6963
80,20240909,62,41.64,34.62,17.76,,,IMG_6963
80,20240909,63,41.48,28.97,12.65,,,IMG_6963
80,20240909,64,41.30,28.85,13.88,,,IMG_6963
80,20240909,65,44.79,33.45,15.75,,,IMG_6963
80,20240909,66,39.71,35.21,16.74,,,IMG_6963
80,20240909,67,43.96,27.10,15.55,,,IMG_6963
80,20240909,68,46.23,38.91,20.09,,,IMG_6963
80,20240909,69,40.79,28.02,11.42,,,IMG_6963
80,20240909,70,42.16,31.44,14.14,,,IMG_6963
80,20240909,71,50.23,29.75,19.04,,,IMG_6963
80,20240909,72,42.87,29.08,17.09,,,IMG_6963
80,20240909,73,41.95,36.95,14.61,,,IMG_6963
80,20240909,74,35.65,30.11,13.13,,,IMG_6963
80,20240909,75,40.43,28.59,12.5,,,IMG_6963
80,20240909,76,8.01,26.49,9.28,,,IMG_6963
80,20240909,77,46.90,30.43,12.07,,,IMG_6963
80,20240909,78,38.05,36.03,15.66,,,IMG_6963
80,20240909,79,41.83,26.46,16.28,,,IMG_6963
80,20240909,80,40.71,32.74,16,,,IMG_6963
80,20240909,81,42.99,36.05,16.49,,,IMG_6963
80,20240909,82,42.59,32.04,18.91,,,IMG_6963
80,20240909,83,54.71,37.23,15.34,,,IMG_6963
80,20240909,84,39.58,28.49,14.31,,,IMG_6963
80,20240909,85,43.76,27.54,15.06,,,IMG_6963
80,20240909,86,55.60,44.38,15.09,,,IMG_6963
80,20240909,87,37.70,27.35,13.97,,,IMG_6963
80,20240909,88,52.65,38.52,12.62,,,IMG_6963
80,20240909,89,32.70,35.55,12.55,,,IMG_6963
80,20240909,90,43.12,31.56,13.46,,,IMG_6963
80,20240909,91,37.42,36.44,15.45,,,IMG_6963
80,20240909,92,39.75,25.03,11.52,,,IMG_6963
80,20240909,93,46.37,47.96,16.19,,,IMG_6963
80,20240909,94,38.77,33.83,19.45,,,IMG_6963
80,20240909,95,32.16,29.15,17.65,,,IMG_6964
80,20240909,96,55.42,32.13,17.62,,,IMG_6964
80,20240909,97,42.44,33.58,14.38,,,IMG_6964
80,20240909,98,35.63,34.06,18.66,,,IMG_6964
80,20240909,99,46.54,32.03,12.75,,,IMG_6964
80,20240909,100,35.65,26.04,16.22,,,IMG_6964
81,20240909,1,43.57,40.63,14.12,,,IMG_6960
81,20240909,2,49.50,44.63,14.63,,,IMG_6960
81,20240909,3,42.52,29.22,15.93,,,IMG_6960
81,20240909,4,37.75,29.50,13.88,,,IMG_6960
81,20240909,5,32.36,35.35,16.09,,,IMG_6960
81,20240909,6,39.85,29.24,11.27,,,IMG_6960
81,20240909,7,38.17,30.88,14.22,,,IMG_6960
81,20240909,8,44.25,36.44,13.11,,,IMG_6960
81,20240909,9,40.08,39.41,10.79,,,IMG_6960
81,20240909,10,42.16,31.94,15.6,,,IMG_6960
81,20240909,11,42.33,31.00,12.87,,,IMG_6960
81,20240909,12,42.68,27.98,11.87,,,IMG_6960
81,20240909,13,34.42,33.19,12.4,,,IMG_6960
81,20240909,14,40.97,29.64,13.55,,,IMG_6960
81,20240909,15,42.21,25.72,10.11,,,IMG_6960
81,20240909,16,42.12,28.75,14.77,,,IMG_6960
81,20240909,17,45.30,32.90,13.49,,,IMG_6960
81,20240909,18,38.86,29.50,13.48,,,IMG_6960
81,20240909,19,45.54,34.32,18.16,,,IMG_6960
81,20240909,20,45.75,29.54,12.37,,,IMG_6960
81,20240909,21,33.18,29.77,15.87,,,IMG_6960
81,20240909,22,36.26,28.95,14.19,,,IMG_6960
81,20240909,23,38.96,29.50,13.84,,,IMG_6960
81,20240909,24,39.08,32.27,11.73,,,IMG_6960
81,20240909,25,46.57,35.92,13.82,,,IMG_6960
81,20240909,26,47.62,30.24,15.7,,,IMG_6960
81,20240909,27,50.04,35.95,17.83,,,IMG_6960
81,20240909,28,43.70,29.80,15.03,,,IMG_6960
81,20240909,29,42.53,31.93,12.18,,,IMG_6960
81,20240909,30,48.37,30.11,14.53,,,IMG_6960
81,20240909,31,44.12,38.35,15.08,,,IMG_6960
81,20240909,32,41.49,29.01,14.14,,,IMG_6960
81,20240909,33,33.48,41.19,14.75,,,IMG_6960
81,20240909,34,41.61,31.24,13.19,,,IMG_6960
81,20240909,35,34.71,29.17,11.9,,,IMG_6960
81,20240909,36,38.30,26.90,10.52,,,IMG_6960
81,20240909,37,49.27,30.96,14.09,,,IMG_6960
81,20240909,38,42.27,32.38,13.64,,,IMG_6960
81,20240909,39,39.89,28.01,12.37,,,IMG_6960
81,20240909,40,39.09,31.13,12.18,,,IMG_6960
81,20240909,41,46.26,29.35,14.51,,,IMG_6960
81,20240909,42,37.58,28.56,15.56,,,IMG_6960
81,20240909,43,39.39,30.94,17.44,,,IMG_6960
81,20240909,44,38.47,30.61,18.6,,,IMG_6960
81,20240909,45,38.24,27.42,15.99,,,IMG_6960
81,20240909,46,34.70,28.91,13.55,,,IMG_6960
81,20240909,47,44.61,25.31,15.25,,,IMG_6960
81,20240909,48,47.42,32.56,13.68,,,IMG_6960
81,20240909,49,41.32,32.47,15.69,,,IMG_6960
81,20240909,50,37.82,22.63,12.28,,,IMG_6960
81,20240909,51,44.32,32.08,14.87,,,IMG_6961
81,20240909,52,37.79,26.77,11.39,,,IMG_6961
81,20240909,53,43.69,28.43,14.31,,,IMG_6961
81,20240909,54,47.77,26.68,17.74,,,IMG_6961
81,20240909,55,33.61,45.39,14.44,,,IMG_6961
81,20240909,56,46.16,31.16,13.72,,,IMG_6961
81,20240909,57,39.86,30.70,18.38,,,IMG_6961
81,20240909,58,39.75,33.73,13.62,,,IMG_6961
81,20240909,59,44.66,28.12,15.03,,,IMG_6961
81,20240909,60,41.02,26.54,18.2,,,IMG_6961
81,20240909,61,38.30,41.90,12.07,,,IMG_6961
81,20240909,62,40.46,26.86,14.89,,,IMG_6961
81,20240909,63,43.44,27.78,14.28,,,IMG_6961
81,20240909,64,37.80,31.21,13.64,,,IMG_6961
81,20240909,65,32.67,29.01,12.8,,1,IMG_6961
81,20240909,66,34.37,33.57,12.1,,1,IMG_6961
81,20240909,67,49.21,29.98,15.5,,,IMG_6961
81,20240909,68,30.32,28.45,11.52,,,IMG_6961
81,20240909,69,51.62,33.56,15.24,,,IMG_6961
81,20240909,70,33.95,24.52,12.67,,,IMG_6961
81,20240909,71,44.13,32.82,15.58,,,IMG_6961
81,20240909,72,41.31,30.27,14.62,,,IMG_6961
81,20240909,73,36.54,30.95,15.19,,,IMG_6961
81,20240909,74,41.61,30.55,13.99,,,IMG_6961
81,20240909,75,51.63,32.02,16.11,,,IMG_6961
81,20240909,76,57.23,39.22,15.14,,,IMG_6961
81,20240909,77,35.16,30.42,11.52,,,IMG_6961
81,20240909,78,34.37,26.69,10.76,,,IMG_6961
81,20240909,79,34.42,31.51,12.39,,,IMG_6961
81,20240909,80,36.01,27.49,14.79,,,IMG_6961
81,20240909,81,40.66,26.81,16.51,,,IMG_6961
81,20240909,82,37.96,30.16,17.47,,,IMG_6961
81,20240909,83,50.08,27.09,19.54,,,IMG_6961
81,20240909,84,47.03,34.23,15.97,,,IMG_6961
81,20240909,85,42.19,27.62,21.26,,,IMG_6961
81,20240909,86,45.11,33.12,15.8,,,IMG_6961
81,20240909,87,32.04,33.13,16,,1,IMG_6961
81,20240909,88,26.22,27.04,8.52,,1,IMG_6961
81,20240909,89,47.12,37.30,14.43,,,IMG_6961
81,20240909,90,50.72,32.08,16.17,,,IMG_6961
81,20240909,91,36.88,33.12,12.39,,,IMG_6961
81,20240909,92,42.73,30.03,16.01,,,IMG_6961
81,20240909,93,34.07,28.45,14.28,,,IMG_6961
81,20240909,94,45.77,29.28,17.52,,,IMG_6961
81,20240909,95,35.88,28.09,15.58,,,IMG_6961
81,20240909,96,39.97,31.78,16.4,,1,IMG_6961
81,20240909,97,37.66,26.23,12.14,,1,IMG_6961
81,20240909,98,50.66,34.21,16.05,,,IMG_6961
81,20240909,99,47.24,36.95,16.14,,,IMG_6961
81,20240909,100,36.59,22.82,12.11,,,IMG_6961
81,20240909,101,40.27,31.90,13.36,,,IMG_6962
81,20240909,102,37.80,30.52,17.37,,,IMG_6962
81,20240909,103,32.10,32.14,12.98,,,IMG_6962
82,20240909,1,42.31,34.84,17.39,,,IMG_6949
82,20240909,2,34.73,30.23,12.01,,,IMG_6949
82,20240909,3,32.89,26.13,9.72,,,IMG_6949
82,20240909,4,43.66,41.50,11.66,,,IMG_6949
82,20240909,5,44.20,36.67,11.46,,,IMG_6949
82,20240909,6,37.60,26.66,13.06,,,IMG_6949
82,20240909,7,37.82,26.23,16.04,,,IMG_6949
82,20240909,8,37.68,31.62,16.84,,,IMG_6949
82,20240909,9,41.73,23.50,10.45,,,IMG_6949
82,20240909,10,40.18,34.31,10.82,,,IMG_6949
82,20240909,11,34.85,31.48,17.2,,,IMG_6949
82,20240909,12,43.37,28.09,14.07,,,IMG_6949
82,20240909,13,23.23,36.36,12.27,,,IMG_6949
82,20240909,14,41.94,29.15,16.37,,,IMG_6949
82,20240909,15,42.14,32.04,12.11,,,IMG_6949
82,20240909,16,34.93,25.09,13.68,,,IMG_6949
82,20240909,17,39.11,29.28,15.43,,,IMG_6949
82,20240909,18,42.24,34.17,13.81,,,IMG_6949
82,20240909,19,34.79,30.48,14.1,,,IMG_6949
82,20240909,20,45.48,29.76,14.58,,,IMG_6949
82,20240909,21,38.73,29.02,10.91,,,IMG_6949
82,20240909,22,36.47,23.25,10.81,,,IMG_6949
82,20240909,23,43.82,26.99,15.31,,,IMG_6949
82,20240909,24,32.84,25.12,12,,,IMG_6949
82,20240909,25,43.63,25.00,11.43,,,IMG_6949
82,20240909,26,33.70,26.37,11.54,,,IMG_6949
82,20240909,27,36.71,29.70,14.07,,,IMG_6949
82,20240909,28,40.72,24.46,14.33,,,IMG_6949
82,20240909,29,29.71,22.38,10.73,,,IMG_6949
82,20240909,30,34.46,24.33,12.51,,,IMG_6949
82,20240909,31,35.00,28.86,10.88,,,IMG_6949
82,20240909,32,27.40,25.46,9.28,,,IMG_6949
82,20240909,33,44.65,25.03,19.92,,,IMG_6949
82,20240909,34,37.10,26.10,14.38,,,IMG_6949
82,20240909,35,36.72,31.47,18.59,,,IMG_6949
82,20240909,36,32.72,31.27,15.43,,,IMG_6949
82,20240909,37,36.51,26.74,18.19,,,IMG_6949
82,20240909,38,34.77,25.83,9.42,,,IMG_6949
82,20240909,39,35.83,25.12,12.13,,,IMG_6949
82,20240909,40,39.73,39.65,16.18,,,IMG_6949
82,20240909,41,34.32,25.88,13.76,,,IMG_6949
82,20240909,42,41.16,31.24,14.5,,,IMG_6949
82,20240909,43,31.70,27.37,12.26,,,IMG_6949
82,20240909,44,40.95,30.96,13.34,,,IMG_6949
82,20240909,45,47.90,33.42,11.53,,,IMG_6949
82,20240909,46,41.22,31.65,14.99,,,IMG_6949
82,20240909,47,43.06,33.45,12.43,,,IMG_6949
82,20240909,48,39.23,29.77,15.34,,,IMG_6949
82,20240909,49,39.25,26.04,16.1,,,IMG_6949
82,20240909,50,29.22,25.68,9.64,,,IMG_6949
82,20240909,51,38.94,32.47,9.1,,,IMG_6949
82,20240909,52,46.76,33.41,13.76,,,IMG_6949
82,20240909,53,39.59,29.09,12.9,,,IMG_6949
82,20240909,54,39.00,27.44,18.4,,,IMG_6949
82,20240909,55,42.03,30.23,9.14,,,IMG_6949
82,20240909,56,34.90,25.36,13.11,,,IMG_6949
82,20240909,57,44.04,32.81,17.39,,,IMG_6949
82,20240909,58,42.77,34.88,12.53,,,IMG_6949
82,20240909,59,37.66,27.70,10.58,,,IMG_6949
82,20240909,60,34.90,32.60,16.04,,,IMG_6949
82,20240909,61,39.03,30.70,13.96,,,IMG_6949
82,20240909,62,37.29,27.65,14.51,,,IMG_6949
82,20240909,63,35.45,26.87,13.4,,,IMG_6949
82,20240909,64,40.32,34.18,12.94,,,IMG_6949
82,20240909,65,39.78,27.74,16.68,,,IMG_6949
82,20240909,66,29.11,24.60,10.81,,,IMG_6949
82,20240909,67,39.45,27.33,15.2,,,IMG_6949
82,20240909,68,34.70,29.77,17.75,,,IMG_6949
82,20240909,69,36.30,26.54,19.2,,,IMG_6949
82,20240909,70,33.48,36.92,13.82,,,IMG_6949
82,20240909,71,41.94,26.02,14.89,,,IMG_6949
82,20240909,72,31.12,30.69,11.75,,,IMG_6949
82,20240909,73,39.25,26.93,8.65,,,IMG_6949
82,20240909,74,39.47,21.32,10.14,,,IMG_6949
82,20240909,75,39.16,26.77,15.49,,,IMG_6949
82,20240909,76,40.74,31.02,12.45,,,IMG_6949
82,20240909,77,44.53,33.87,17.24,,,IMG_6949
82,20240909,78,36.02,30.81,11.48,,,IMG_6950
82,20240909,79,41.02,27.57,11.81,,,IMG_6950
82,20240909,80,40.46,28.34,13.73,,,IMG_6950
82,20240909,81,38.48,31.55,11.16,,,IMG_6950
82,20240909,82,30.72,24.50,17.1,,,IMG_6950
82,20240909,83,43.18,30.36,14.13,,,IMG_6950
82,20240909,84,42.70,29.29,17.37,,,IMG_6950
82,20240909,85,36.54,21.34,12.68,,,IMG_6950
82,20240909,86,36.29,28.96,13.15,,,IMG_6950
82,20240909,87,39.16,29.30,14.5,,,IMG_6950
82,20240909,88,43.19,27.94,14.29,,,IMG_6950
82,20240909,89,38.52,26.16,15.61,,,IMG_6950
82,20240909,90,36.16,26.14,14.83,,,IMG_6950
82,20240909,91,34.69,24.75,10.85,,,IMG_6950
82,20240909,92,40.39,23.99,19.23,,,IMG_6950
82,20240909,93,30.48,23.98,13.63,,,IMG_6950
82,20240909,94,37.20,22.45,12.46,,,IMG_6950
82,20240909,95,31.27,26.18,12.07,,,IMG_6950
82,20240909,96,35.21,21.86,10.87,,,IMG_6950
82,20240909,97,31.19,23.35,11.17,,1,IMG_6950
82,20240909,98,28.97,19.10,11,1,1,IMG_6950
82,20240909,99,25.64,22.59,8.23,1,1,IMG_6950
83,20240909,1,50.30,36.48,13.7,,,IMG_6946
83,20240909,2,39.50,34.95,12.37,,,IMG_6946
83,20240909,3,36.91,23.18,14.94,,,IMG_6946
83,20240909,4,40.73,35.59,16.51,,,IMG_6946
83,20240909,5,36.50,31.69,11.81,,,IMG_6946
83,20240909,6,38.64,31.71,13.23,,,IMG_6946
83,20240909,7,45.44,39.91,16.67,,,IMG_6946
83,20240909,8,42.82,29.70,14.08,,,IMG_6946
83,20240909,9,35.44,32.48,12.35,,,IMG_6946
83,20240909,10,34.05,22.90,14.24,,,IMG_6946
83,20240909,11,31.23,28.04,11.25,,,IMG_6946
83,20240909,12,41.62,39.65,16.71,,,IMG_6946
83,20240909,13,36.92,32.18,13.1,,,IMG_6946
83,20240909,14,37.87,34.96,10.91,,,IMG_6946
83,20240909,15,42.42,43.39,15.24,,,IMG_6946
83,20240909,16,47.69,37.80,15.55,,,IMG_6946
83,20240909,17,44.76,33.99,13.08,,,IMG_6946
83,20240909,18,42.30,39.79,16.05,,,IMG_6946
83,20240909,19,44.07,31.61,12.07,1,,IMG_6947
83,20240909,20,33.62,28.25,13.09,1,,IMG_6947
83,20240909,21,53.42,42.64,19.44,,,IMG_6947
83,20240909,22,38.44,29.93,12.4,,,IMG_6947
83,20240909,23,46.76,28.88,14.01,,,IMG_6947
83,20240909,24,41.61,34.39,12.95,,,IMG_6947
83,20240909,25,37.70,33.80,12.74,,,IMG_6947
83,20240909,26,36.78,34.15,16.19,,,IMG_6947
83,20240909,27,41.90,31.99,12.67,,,IMG_6947
83,20240909,28,33.81,23.58,12.87,,,IMG_6947
83,20240909,29,49.97,35.26,12.91,,,IMG_6947
83,20240909,30,40.55,26.28,12.1,,,IMG_6947
83,20240909,31,43.99,31.29,13.06,,,IMG_6947
83,20240909,32,45.79,33.77,15.67,,,IMG_6947
83,20240909,33,36.00,34.47,11.46,,,IMG_6947
83,20240909,34,43.35,32.69,11.8,,,IMG_6947
83,20240909,35,42.76,40.36,16.3,,,IMG_6947
83,20240909,36,47.14,34.34,16.14,,,IMG_6947
83,20240909,37,56.08,36.07,16.76,,,IMG_6947
83,20240909,38,44.63,35.43,14.78,,,IMG_6947
83,20240909,39,48.47,35.18,14.17,,,IMG_6947
83,20240909,40,44.08,30.81,10.18,,,IMG_6947
83,20240909,41,48.89,36.59,13.34,,,IMG_6947
83,20240909,42,43.28,34.88,15.44,,,IMG_6947
83,20240909,43,46.32,43.91,14.29,,,IMG_6947
83,20240909,44,52.67,38.88,15.03,,,IMG_6947
83,20240909,45,42.39,31.80,16.93,,,IMG_6947
83,20240909,46,43.86,39.82,10.1,,,IMG_6947
83,20240909,47,41.27,32.51,12.8,,,IMG_6947
83,20240909,48,36.15,35.47,11.73,,,IMG_6947
83,20240909,49,38.78,25.11,8.95,,,IMG_6947
83,20240909,50,51.55,32.44,13.05,,,IMG_6947
83,20240909,51,42.00,30.20,16.58,,,IMG_6947
83,20240909,52,42.83,34.18,15.44,,,IMG_6947
83,20240909,53,39.13,38.75,13.1,,,IMG_6947
83,20240909,54,47.32,43.91,16.35,,,IMG_6947
83,20240909,55,48.65,48.77,12.62,,,IMG_6947
83,20240909,56,43.82,28.21,11.67,,,IMG_6947
83,20240909,57,39.61,32.04,14.51,,,IMG_6947
83,20240909,58,45.76,39.19,9.9,,,IMG_6947
83,20240909,59,35.68,34.12,13.84,,,IMG_6947
83,20240909,60,38.85,32.35,11.08,,,IMG_6947
83,20240909,61,47.78,41.31,15.53,,,IMG_6947
83,20240909,62,35.00,33.69,12.63,,,IMG_6947
83,20240909,63,57.96,38.64,10.5,,,IMG_6947
83,20240909,64,40.14,32.83,16.19,,,IMG_6947
83,20240909,65,33.92,39.78,11.12,,,IMG_6947
83,20240909,66,49.86,41.86,15.35,,,IMG_6947
83,20240909,67,27.60,43.16,10.08,,,IMG_6947
83,20240909,68,46.39,41.18,14.5,,,IMG_6947
83,20240909,69,43.24,41.14,15.65,,,IMG_6947
83,20240909,70,38.37,41.35,14.62,,,IMG_6947
83,20240909,71,44.12,31.23,13.51,,,IMG_6947
83,20240909,72,42.11,41.22,14.86,,,IMG_6947
83,20240909,73,33.69,36.88,10.88,,,IMG_6947
83,20240909,74,31.59,29.13,13.59,,,IMG_6947
83,20240909,75,52.77,42.22,16.37,,,IMG_6947
83,20240909,76,42.05,45.13,17.63,,,IMG_6947
83,20240909,77,53.07,30.50,14.36,,,IMG_6947
83,20240909,78,39.44,29.05,9.27,,,IMG_6947
83,20240909,79,44.63,34.80,11.61,,,IMG_6947
83,20240909,80,41.36,36.24,11.77,,,IMG_6947
83,20240909,81,35.85,34.73,13.45,,,IMG_6947
83,20240909,82,44.28,31.05,13.04,,,IMG_6947
83,20240909,83,52.25,39.50,15.78,,,IMG_6947
83,20240909,84,47.71,34.83,14.42,,,IMG_6947
83,20240909,85,35.96,40.23,13.23,,,IMG_6947
83,20240909,86,42.70,37.91,14.31,,,IMG_6947
83,20240909,87,53.23,29.06,13.54,,,IMG_6947
83,20240909,88,35.96,23.96,9.52,,,IMG_6947
83,20240909,89,39.32,40.64,14.68,,,IMG_6947
83,20240909,90,51.11,33.80,11.97,,,IMG_6947
83,20240909,91,41.55,37.36,14.56,,,IMG_6947
83,20240909,92,45.75,36.23,16.55,,,IMG_6947
83,20240909,93,54.66,39.15,14.34,,,IMG_6947
83,20240909,94,36.98,29.29,9.77,,,IMG_6947
83,20240909,95,37.02,25.76,11.34,,,IMG_6947
83,20240909,96,37.67,29.42,11.28,,,IMG_6947
83,20240909,97,40.03,35.75,17.76,,,IMG_6947
83,20240909,98,44.69,32.13,13.87,,,IMG_6947
83,20240909,99,34.34,25.75,9.89,,,IMG_6947
83,20240909,100,39.49,43.10,13.02,,,IMG_6947
83,20240909,101,26.50,26.31,10.4,,,IMG_6947
83,20240909,102,39.92,28.64,14.37,1,,IMG_6947
83,20240909,103,36.87,28.00,11.94,1,,IMG_6947
83,20240909,104,25.34,22.47,5.68,1,,IMG_6947
84,20240909,1,43.04,36.93,14.86,,,IMG_6945
84,20240909,2,33.79,39.86,9.91,,,IMG_6945
84,20240909,3,46.12,44.06,13.23,,,IMG_6945
84,20240909,4,46.41,27.51,14.47,,,IMG_6945
84,20240909,5,41.83,38.52,16.14,,,IMG_6945
84,20240909,6,45.18,34.00,16.17,,,IMG_6945
84,20240909,7,40.91,38.45,16.78,,,IMG_6945
84,20240909,8,44.42,22.50,11.62,,,IMG_6945
84,20240909,9,52.18,28.88,14.7,,,IMG_6945
84,20240909,10,50.14,32.35,15.15,,,IMG_6945
84,20240909,11,50.86,32.51,13.86,,,IMG_6945
84,20240909,12,44.88,47.15,13.26,,,IMG_6945
84,20240909,13,45.45,43.58,14.12,,,IMG_6945
84,20240909,14,44.17,47.20,12.83,,,IMG_6945
84,20240909,15,43.11,33.88,12.76,,,IMG_6945
84,20240909,16,50.39,34.40,15.6,,,IMG_6945
84,20240909,17,44.79,30.19,14.06,,,IMG_6945
84,20240909,18,45.11,33.85,12.12,,,IMG_6945
84,20240909,19,43.53,35.91,12.85,,,IMG_6945
84,20240909,20,37.72,37.55,17.79,,,IMG_6945
84,20240909,21,43.27,52.43,11.26,,,IMG_6945
84,20240909,22,45.10,27.92,17.52,,,IMG_6945
84,20240909,23,47.36,28.16,17.63,,,IMG_6945
84,20240909,24,42.47,34.09,13.6,,,IMG_6945
84,20240909,25,44.29,32.54,14.47,,,IMG_6946
84,20240909,26,41.63,31.23,17.3,,,IMG_6946
84,20240909,27,42.03,27.42,12.12,,,IMG_6946
84,20240909,28,50.83,34.84,14.14,,,IMG_6946
84,20240909,29,48.30,44.91,16.07,,,IMG_6946
84,20240909,30,50.89,42.33,12.76,,,IMG_6946
84,20240909,31,56.13,36.42,14.21,,,IMG_6946
84,20240909,32,38.02,33.98,13.39,,,IMG_6946
84,20240909,33,57.50,32.89,12.71,,,IMG_6946
84,20240909,34,35.73,45.20,14.37,,,IMG_6946
84,20240909,35,35.81,34.96,10.15,,,IMG_6946
84,20240909,36,44.74,29.04,12.25,,,IMG_6946
84,20240909,37,39.04,28.46,11.96,,,IMG_6946
84,20240909,38,48.16,37.25,13.28,,,IMG_6946
84,20240909,39,40.71,36.92,12.1,,,IMG_6946
84,20240909,40,50.40,29.33,12.06,,,IMG_6946
84,20240909,41,42.42,36.49,14.72,,,IMG_6946
84,20240909,42,35.24,40.04,12.87,,,IMG_6946
84,20240909,43,52.05,30.64,14.3,,,IMG_6946
84,20240909,44,33.66,34.00,10.05,,,IMG_6946
84,20240909,45,40.49,32.08,13.84,,,IMG_6946
84,20240909,46,40.44,28.15,12.63,,,IMG_6946
84,20240909,47,42.07,32.07,12.74,,,IMG_6946
84,20240909,48,39.32,32.10,14.54,,,IMG_6946
84,20240909,49,24.63,22.51,9.38,,,IMG_6946
84,20240909,50,39.57,41.94,11.97,,,IMG_6946
84,20240909,51,44.95,42.08,14.8,,,IMG_6946
84,20240909,52,46.70,37.44,12.7,,,IMG_6946
84,20240909,53,43.40,36.39,13.39,,,IMG_6946
84,20240909,54,44.69,30.21,15.04,,,IMG_6946
84,20240909,55,37.50,30.00,13.83,,,IMG_6946
84,20240909,56,50.44,41.01,13.64,,,IMG_6946
84,20240909,57,36.16,34.86,12.52,,,IMG_6946
84,20240909,58,52.28,31.38,13.77,,,IMG_6946
84,20240909,59,47.25,33.67,15.82,,,IMG_6946
84,20240909,60,38.01,42.23,15.26,,,IMG_6946
84,20240909,61,32.65,33.66,15.31,,,IMG_6946
84,20240909,62,42.77,28.98,16.34,,,IMG_6946
84,20240909,63,43.96,31.07,17.76,,,IMG_6946
84,20240909,64,46.25,47.10,16,,,IMG_6946
84,20240909,65,46.43,32.72,13.13,,,IMG_6946
84,20240909,66,42.50,33.34,13.13,,,IMG_6946
84,20240909,67,41.49,48.48,13.85,,,IMG_6946
84,20240909,68,34.66,31.52,11.66,,,IMG_6946
84,20240909,69,36.49,39.67,14.13,,,IMG_6946
84,20240909,70,48.18,41.72,14.28,,,IMG_6946
84,20240909,71,34.51,36.81,12.66,,,IMG_6946
84,20240909,72,38.05,33.36,11.17,,,IMG_6946
84,20240909,73,43.53,37.29,13.28,,,IMG_6946
84,20240909,74,45.53,39.37,12.59,,,IMG_6946
84,20240909,75,46.44,39.64,12.74,,,IMG_6946
84,20240909,76,41.04,30.62,12.79,,,IMG_6946
84,20240909,77,41.29,35.64,12.55,,,IMG_6946
84,20240909,78,49.30,36.12,17.29,,,IMG_6946
84,20240909,79,41.96,37.03,13.22,,,IMG_6946
84,20240909,80,43.90,44.13,14.52,,,IMG_6946
84,20240909,81,42.54,33.01,13.31,,,IMG_6946
84,20240909,82,51.23,36.69,14.64,,,IMG_6946
84,20240909,83,46.76,34.35,15.09,,,IMG_6946
84,20240909,84,44.40,35.09,13.76,,,IMG_6946
84,20240909,85,48.81,35.22,18.01,,,IMG_6946
84,20240909,86,38.79,38.45,14.51,,,IMG_6946
84,20240909,87,40.55,42.61,15.1,,,IMG_6946
84,20240909,88,36.91,44.80,10.41,,,IMG_6946
84,20240909,89,37.99,44.27,13.99,,,IMG_6946
84,20240909,90,43.71,28.81,12.64,,,IMG_6946
84,20240909,91,46.13,32.84,13.71,,,IMG_6946
84,20240909,92,37.71,34.82,15.12,,,IMG_6946
84,20240909,93,50.45,38.00,15.14,,,IMG_6946
84,20240909,94,37.31,37.91,15.45,,,IMG_6946
84,20240909,95,41.19,27.48,15.05,,,IMG_6946
84,20240909,96,46.31,43.53,15.81,,,IMG_6946
84,20240909,97,41.00,37.05,15.71,,,IMG_6946
84,20240909,98,39.14,30.95,13.18,,,IMG_6946
84,20240909,99,44.88,31.57,13.55,,,IMG_6946
84,20240909,100,44.89,31.79,14.1,,,IMG_6946
84,20240909,101,36.25,28.64,10.49,,,IMG_6946
84,20240909,102,36.67,26.41,13.67,,,IMG_6946
85,20240909,1,44.90,37.98,13.18,,,IMG_6944
85,20240909,2,43.35,27.87,9.89,,,IMG_6944
85,20240909,3,44.44,37.01,13.63,,,IMG_6944
85,20240909,4,51.25,45.95,14.69,,,IMG_6944
85,20240909,5,43.29,34.53,18.21,,,IMG_6944
85,20240909,6,42.05,40.23,11.22,,,IMG_6944
85,20240909,7,60.86,38.51,16.59,,,IMG_6944
85,20240909,8,60.37,37.49,17.56,,,IMG_6944
85,20240909,9,42.96,48.17,16.47,,,IMG_6944
85,20240909,10,33.88,28.89,14.11,,,IMG_6944
85,20240909,11,35.35,42.95,15.36,,,IMG_6944
85,20240909,12,39.37,31.77,14.15,,,IMG_6944
85,20240909,13,42.29,28.78,12.61,,,IMG_6944
85,20240909,14,40.56,45.87,13.39,,,IMG_6944
85,20240909,15,53.77,41.34,14.35,,,IMG_6944
85,20240909,16,40.02,32.73,15.51,,,IMG_6944
85,20240909,17,33.95,34.31,11.5,,,IMG_6944
85,20240909,18,33.39,30.28,12.3,,,IMG_6944
85,20240909,19,35.31,34.75,13.75,,,IMG_6944
85,20240909,20,53.09,37.12,15.28,,,IMG_6944
85,20240909,21,40.46,39.99,12.53,,,IMG_6944
85,20240909,22,39.93,34.38,13.41,,,IMG_6944
85,20240909,23,41.92,33.62,13.67,,,IMG_6944
85,20240909,24,41.48,31.99,15.53,,,IMG_6944
85,20240909,25,37.98,30.15,15.42,,,IMG_6944
85,20240909,26,39.79,44.20,15.01,,,IMG_6944
85,20240909,27,47.37,38.80,14.06,,,IMG_6944
85,20240909,28,45.32,44.79,15.44,,,IMG_6944
85,20240909,29,41.23,31.72,10.45,,,IMG_6945
85,20240909,30,38.41,35.13,13.78,,,IMG_6945
85,20240909,31,44.13,34.73,14.83,,,IMG_6945
85,20240909,32,49.89,46.05,14.05,,,IMG_6945
85,20240909,33,41.73,41.51,15.25,,,IMG_6945
85,20240909,34,40.27,37.20,12.93,,,IMG_6945
85,20240909,35,43.34,40.68,12.63,,,IMG_6945
85,20240909,36,39.29,29.53,14.17,,,IMG_6945
85,20240909,37,34.13,23.21,8.58,,,IMG_6945
85,20240909,38,41.71,35.18,11.84,,,IMG_6945
85,20240909,39,42.71,33.85,12.6,,,IMG_6945
85,20240909,40,41.27,29.48,13.25,,,IMG_6945
85,20240909,41,35.38,33.67,11.85,,,IMG_6945
85,20240909,42,46.10,34.56,14.81,,,IMG_6945
85,20240909,43,37.94,30.75,9.09,,,IMG_6945
85,20240909,44,36.87,29.16,12.21,,,IMG_6945
85,20240909,45,45.27,39.87,11.85,,,IMG_6945
85,20240909,46,41.77,40.39,13.03,,,IMG_6945
85,20240909,47,41.14,38.62,12.34,,,IMG_6945
85,20240909,48,57.07,34.88,13.05,,,IMG_6945
85,20240909,49,35.51,34.01,12.24,,,IMG_6945
85,20240909,50,46.52,33.97,12.9,,,IMG_6945
85,20240909,51,35.75,28.77,12.89,,,IMG_6945
85,20240909,52,41.09,37.61,13.55,,,IMG_6945
85,20240909,53,39.20,39.92,14.38,,,IMG_6945
85,20240909,54,37.20,37.76,13.21,,,IMG_6945
85,20240909,55,49.71,33.11,12.26,,,IMG_6945
85,20240909,56,54.21,38.42,13.9,,,IMG_6945
85,20240909,57,40.14,33.82,11.67,,,IMG_6945
85,20240909,58,38.93,46.07,14.37,,,IMG_6945
85,20240909,59,49.56,37.62,16.25,,,IMG_6945
85,20240909,60,39.40,41.25,11.46,,,IMG_6945
85,20240909,61,46.22,32.83,11.33,,,IMG_6945
85,20240909,62,40.07,42.13,12.21,,,IMG_6945
85,20240909,63,53.83,42.87,14.95,,,IMG_6945
85,20240909,64,39.85,42.46,10.45,,,IMG_6945
85,20240909,65,46.15,38.09,11.45,,,IMG_6945
85,20240909,66,40.78,36.74,11.57,,,IMG_6945
85,20240909,67,57.65,31.59,12.1,,,IMG_6945
85,20240909,68,48.10,31.82,16.32,,,IMG_6945
85,20240909,69,35.37,29.97,10.98,,,IMG_6945
85,20240909,70,46.61,34.63,15.54,,,IMG_6945
85,20240909,71,48.46,35.78,16.8,,,IMG_6945
85,20240909,72,41.46,40.78,14.84,,,IMG_6945
85,20240909,73,40.93,30.17,15.95,,,IMG_6945
85,20240909,74,30.56,32.18,12.99,,,IMG_6945
85,20240909,75,41.87,29.37,12.2,,,IMG_6945
85,20240909,76,47.42,32.18,12.02,,,IMG_6945
85,20240909,77,32.52,35.93,12.06,,,IMG_6945
85,20240909,78,11.66,45.91,13.78,,,IMG_6945
85,20240909,79,50.05,38.31,12.77,,,IMG_6945
85,20240909,80,44.10,30.65,12.45,,,IMG_6945
85,20240909,81,40.58,48.45,14.32,,,IMG_6945
85,20240909,82,38.79,28.27,12.39,,,IMG_6945
85,20240909,83,37.67,29.45,12.79,,,IMG_6945
85,20240909,84,35.97,29.74,14.06,,,IMG_6945
85,20240909,85,45.48,32.49,12.96,,,IMG_6945
85,20240909,86,37.07,34.00,10.08,,,IMG_6945
85,20240909,87,30.50,27.67,10.19,,,IMG_6945
85,20240909,88,36.31,32.18,11.27,,,IMG_6945
85,20240909,89,53.78,32.74,14.26,,,IMG_6945
85,20240909,90,41.79,34.37,11.54,,,IMG_6945
85,20240909,91,33.73,24.07,9.37,,,IMG_6945
85,20240909,92,42.08,28.67,10.46,,,IMG_6945
85,20240909,93,39.05,38.76,13.43,,,IMG_6945
85,20240909,94,32.92,34.17,11.27,,,IMG_6945
85,20240909,95,36.98,34.62,11.4,,,IMG_6945
85,20240909,96,37.62,40.57,16.83,,,IMG_6945
85,20240909,97,41.53,29.93,12.92,,,IMG_6945
85,20240909,98,44.02,32.68,15.31,,,IMG_6945
85,20240909,99,43.37,34.45,12.8,,,IMG_6945
85,20240909,100,36.93,31.53,11.77,,,IMG_6945
85,20240909,101,37.83,38.80,13.96,,,IMG_6945
86,20240909,1,47.64,35.42,13.24,,,IMG_6950
86,20240909,2,33.10,32.14,9.3,,,IMG_6950
86,20240909,3,47.83,39.26,17.38,,,IMG_6950
86,20240909,4,47.82,39.80,13.92,,,IMG_6950
86,20240909,5,45.09,42.70,15.03,,,IMG_6950
86,20240909,6,41.86,30.31,13.01,,,IMG_6950
86,20240909,7,39.07,31.94,13.98,,,IMG_6950
86,20240909,8,42.41,36.29,12.35,,,IMG_6950
86,20240909,9,45.51,43.14,15.66,,,IMG_6950
86,20240909,10,49.06,36.79,15.31,,,IMG_6950
86,20240909,11,54.23,32.44,17.2,,,IMG_6950
86,20240909,12,50.80,34.90,15.95,,,IMG_6950
86,20240909,13,37.36,30.84,16.86,,,IMG_6950
86,20240909,14,39.14,25.69,12.57,,,IMG_6950
86,20240909,15,38.80,32.04,12.6,,,IMG_6950
86,20240909,16,43.12,35.78,17.93,,,IMG_6950
86,20240909,17,41.44,36.60,14.28,,,IMG_6950
86,20240909,18,56.97,36.92,14.06,,,IMG_6950
86,20240909,19,39.73,39.70,16.58,,,IMG_6950
86,20240909,20,47.28,44.90,11.48,,,IMG_6950
86,20240909,21,52.43,35.05,14.35,,,IMG_6950
86,20240909,22,48.49,34.22,14.35,,,IMG_6950
86,20240909,23,39.99,31.20,9.76,,,IMG_6950
86,20240909,24,42.05,25.64,13.01,,,IMG_6950
86,20240909,25,42.32,34.26,12.31,,,IMG_6950
86,20240909,26,38.60,38.95,15.51,,,IMG_6950
86,20240909,27,45.35,40.31,14.61,,,IMG_6950
86,20240909,28,52.69,44.47,13.45,,,IMG_6950
86,20240909,29,45.07,41.45,14.61,,,IMG_6950
86,20240909,30,39.14,35.85,16.28,,,IMG_6950
86,20240909,31,45.17,35.09,17.66,,,IMG_6950
86,20240909,32,41.74,39.32,14.77,,,IMG_6950
86,20240909,33,39.42,35.77,17.01,,,IMG_6950
86,20240909,34,49.39,39.54,15.01,,,IMG_6950
86,20240909,35,44.06,34.66,16.16,,,IMG_6950
86,20240909,36,41.04,34.53,10,,,IMG_6950
86,20240909,37,46.83,37.13,13.96,,,IMG_6950
86,20240909,38,45.18,30.82,12.76,,,IMG_6950
86,20240909,39,42.69,26.43,12.14,,,IMG_6950
86,20240909,40,41.00,27.99,13.47,,,IMG_6950
86,20240909,41,47.52,32.93,11.62,,,IMG_6950
86,20240909,42,41.76,30.24,12.06,,,IMG_6950
86,20240909,43,50.84,32.79,12.34,,,IMG_6950
86,20240909,44,42.96,38.81,17.94,,,IMG_6950
86,20240909,45,47.81,42.95,15.34,,,IMG_6950
86,20240909,46,50.27,37.01,13.46,,,IMG_6950
86,20240909,47,41.33,28.03,9.98,,,IMG_6950
86,20240909,48,47.09,33.16,16.2,,,IMG_6950
86,20240909,49,47.15,45.21,13.3,,,IMG_6950
86,20240909,50,45.65,38.66,13.33,,,IMG_6950
86,20240909,51,44.31,41.59,14.51,,,IMG_6950
86,20240909,52,39.08,33.73,13.09,,,IMG_6950
86,20240909,53,43.86,40.24,16.66,,,IMG_6950
86,20240909,54,41.58,34.22,17.98,,,IMG_6950
86,20240909,55,51.90,29.78,10.08,,,IMG_6950
86,20240909,56,56.60,31.80,16.12,,,IMG_6950
86,20240909,57,39.97,36.72,13.32,,,IMG_6950
86,20240909,58,41.17,42.45,13.42,,,IMG_6950
86,20240909,59,53.25,43.25,14.47,,,IMG_6950
86,20240909,60,41.25,32.80,13.6,,,IMG_6950
86,20240909,61,39.92,31.55,10.86,,,IMG_6950
86,20240909,62,43.03,32.24,10.96,,,IMG_6950
86,20240909,63,43.96,31.32,15.79,,,IMG_6950
86,20240909,64,46.80,29.82,13.24,,,IMG_6950
86,20240909,65,38.44,39.15,11.79,,,IMG_6950
86,20240909,66,39.99,31.15,13.11,,,IMG_6950
86,20240909,67,43.01,37.57,10.3,,,IMG_6950
86,20240909,68,43.04,32.47,13.13,,,IMG_6950
86,20240909,69,46.96,31.38,11.7,,,IMG_6950
86,20240909,70,41.56,25.19,15.63,,,IMG_6950
86,20240909,71,48.61,39.19,15.79,,,IMG_6950
86,20240909,72,37.13,28.31,10.97,,,IMG_6950
86,20240909,73,39.67,33.31,16.67,,,IMG_6950
86,20240909,74,46.91,43.91,16.07,,,IMG_6950
86,20240909,75,50.26,31.98,16.18,,,IMG_6951
86,20240909,76,44.03,38.44,15.54,,,IMG_6951
86,20240909,77,46.86,55.10,13.36,,,IMG_6951
86,20240909,78,47.90,33.64,15.33,,,IMG_6951
86,20240909,79,44.20,30.72,22.64,,,IMG_6951
86,20240909,80,32.44,32.60,11.49,,,IMG_6951
86,20240909,81,44.97,34.80,14.79,,,IMG_6951
86,20240909,82,43.56,28.61,16.18,,,IMG_6951
86,20240909,83,36.09,30.63,16.38,,,IMG_6951
86,20240909,84,33.65,29.50,16.34,,,IMG_6951
86,20240909,85,48.75,41.24,13.87,,,IMG_6951
86,20240909,86,45.16,32.15,11.41,,,IMG_6951
86,20240909,87,45.30,32.14,12.76,,,IMG_6951
86,20240909,88,40.95,32.91,12.78,,,IMG_6951
86,20240909,89,41.41,31.93,15.14,,,IMG_6951
86,20240909,90,30.13,29.11,9.95,,,IMG_6951
86,20240909,91,34.91,33.87,8.99,,,IMG_6951
86,20240909,92,42.00,30.93,13.32,,,IMG_6951
86,20240909,93,38.45,30.11,11.95,,,IMG_6951
86,20240909,94,45.81,40.95,13.3,,,IMG_6951
86,20240909,95,49.51,40.73,12.05,,,IMG_6951
86,20240909,96,44.75,54.62,13.25,,,IMG_6951
86,20240909,97,54.15,31.80,15.2,,,IMG_6951
86,20240909,98,48.16,29.60,16.65,,,IMG_6951
86,20240909,99,39.01,37.88,20.69,,,IMG_6951
86,20240909,100,29.28,24.86,9.68,1,,IMG_6951
87,20240909,1,46.09,44.43,16.33,,,IMG_6956
87,20240909,2,36.70,42.40,13.95,,,IMG_6956
87,20240909,3,48.22,37.00,12.76,,,IMG_6956
87,20240909,4,36.49,36.87,19,,,IMG_6956
87,20240909,5,43.95,39.16,14.13,,,IMG_6956
87,20240909,6,43.41,30.63,11.7,,,IMG_6956
87,20240909,7,44.54,31.41,12.6,,,IMG_6956
87,20240909,8,34.76,25.00,11.59,,,IMG_6956
87,20240909,9,39.81,33.90,12.3,,,IMG_6956
87,20240909,10,35.95,37.29,12.22,,,IMG_6956
87,20240909,11,35.03,29.95,17.9,,,IMG_6956
87,20240909,12,37.00,36.66,11.11,,,IMG_6956
87,20240909,13,36.71,37.79,13.02,,,IMG_6956
87,20240909,14,41.64,29.37,15.13,,,IMG_6956
87,20240909,15,38.48,33.88,15.8,,,IMG_6956
87,20240909,16,43.09,37.08,16.26,,,IMG_6956
87,20240909,17,38.20,31.20,10.75,,,IMG_6956
87,20240909,18,43.21,29.51,17.23,,,IMG_6956
87,20240909,19,39.44,30.04,16.03,,,IMG_6956
87,20240909,20,52.04,26.33,14.82,,,IMG_6956
87,20240909,21,38.88,33.20,11.95,,,IMG_6956
87,20240909,22,43.06,33.37,13.11,,,IMG_6956
87,20240909,23,30.59,32.71,14.79,,,IMG_6956
87,20240909,24,44.46,27.53,12.11,,,IMG_6956
87,20240909,25,49.19,37.68,15.55,,,IMG_6956
87,20240909,26,47.45,35.90,11.79,,,IMG_6956
87,20240909,27,42.97,30.71,12.57,,,IMG_6956
87,20240909,28,46.67,35.42,16.95,,,IMG_6956
87,20240909,29,44.52,39.80,13.66,,,IMG_6957
87,20240909,30,43.92,41.24,16.04,,,IMG_6957
87,20240909,31,45.51,37.70,11.94,,,IMG_6957
87,20240909,32,39.09,27.16,11.61,,,IMG_6957
87,20240909,33,49.75,35.14,15.11,,,IMG_6957
87,20240909,34,46.20,28.00,16.41,,,IMG_6957
87,20240909,35,56.01,33.22,13.64,,,IMG_6957
87,20240909,36,45.20,29.60,14.08,,,IMG_6957
87,20240909,37,38.88,22.99,16.24,,,IMG_6957
87,20240909,38,35.34,30.51,9.95,,,IMG_6957
87,20240909,39,35.36,34.13,12.13,,,IMG_6957
87,20240909,40,31.39,41.07,14.3,,,IMG_6957
87,20240909,41,35.50,25.56,13.8,,,IMG_6957
87,20240909,42,46.25,36.43,15.25,,,IMG_6957
87,20240909,43,35.16,33.29,10.61,,1,IMG_6957
87,20240909,44,32.02,19.06,7.83,,1,IMG_6957
87,20240909,45,38.65,30.32,11.4,,,IMG_6957
87,20240909,46,29.53,35.96,15.46,,,IMG_6957
87,20240909,47,56.28,34.86,15.66,,,IMG_6957
87,20240909,48,40.87,32.55,14.83,,,IMG_6957
87,20240909,49,37.27,42.68,14.71,,,IMG_6957
87,20240909,50,46.00,28.36,15.48,,,IMG_6957
87,20240909,51,37.61,29.48,11.4,,,IMG_6957
87,20240909,52,46.63,34.79,15.07,,,IMG_6957
87,20240909,53,39.09,33.42,12.44,,,IMG_6957
87,20240909,54,47.05,27.08,16.03,,,IMG_6957
87,20240909,55,38.97,32.91,10.11,,,IMG_6957
87,20240909,56,36.00,27.55,11.84,,,IMG_6957
87,20240909,57,42.06,31.51,11.4,,,IMG_6957
87,20240909,58,35.39,31.78,13.25,,,IMG_6957
87,20240909,59,39.38,31.80,14.13,,,IMG_6957
87,20240909,60,54.24,36.02,15.32,,,IMG_6957
87,20240909,61,41.55,26.88,10.44,,,IMG_6957
87,20240909,62,51.52,39.41,11.61,,,IMG_6957
87,20240909,63,46.68,33.47,12.08,,,IMG_6957
87,20240909,64,38.17,34.38,11.56,,,IMG_6957
87,20240909,65,37.77,30.79,12.9,,,IMG_6957
87,20240909,66,43.00,32.78,13.49,,,IMG_6957
87,20240909,67,40.04,32.86,13.91,,,IMG_6957
87,20240909,68,42.30,35.13,15.35,,,IMG_6957
87,20240909,69,33.91,35.07,13.13,,,IMG_6957
87,20240909,70,47.59,28.34,16.26,,,IMG_6957
87,20240909,71,35.89,30.51,12.23,,,IMG_6957
87,20240909,72,46.23,38.67,15.67,,,IMG_6957
87,20240909,73,48.82,31.49,12.05,,,IMG_6957
87,20240909,74,42.15,33.17,13.44,,,IMG_6957
87,20240909,75,46.31,29.09,12.66,,,IMG_6957
87,20240909,76,37.48,27.87,12.31,,,IMG_6957
87,20240909,77,32.95,33.41,12.51,,,IMG_6957
87,20240909,78,39.22,29.59,11.41,,,IMG_6957
87,20240909,79,46.37,34.71,10.74,,,IMG_6957
87,20240909,80,39.23,26.60,10.43,,,IMG_6957
87,20240909,81,38.09,36.42,14.44,,,IMG_6957
87,20240909,82,36.81,40.00,10.86,,,IMG_6957
87,20240909,83,45.15,44.78,14.94,,,IMG_6957
87,20240909,84,36.18,35.96,13.94,,,IMG_6957
87,20240909,85,34.26,26.91,17.79,,,IMG_6957
87,20240909,86,45.13,44.88,14.23,,,IMG_6957
87,20240909,87,45.48,38.87,16.41,,,IMG_6957
87,20240909,88,36.79,29.79,12.63,,,IMG_6957
87,20240909,89,43.82,29.84,12.11,,,IMG_6957
87,20240909,90,51.72,27.92,15.87,,,IMG_6957
87,20240909,91,48.00,27.21,11.51,,,IMG_6957
87,20240909,92,36.93,26.38,12,,,IMG_6957
87,20240909,93,43.27,28.15,15.42,,,IMG_6957
87,20240909,94,38.36,28.00,11.8,,,IMG_6957
87,20240909,95,37.71,41.65,14.02,,,IMG_6957
87,20240909,96,46.94,34.96,13.27,,,IMG_6957
87,20240909,97,46.55,32.47,15.75,,,IMG_6957
87,20240909,98,29.36,25.61,9.88,,,IMG_6957
87,20240909,99,38.48,29.71,13.49,,,IMG_6957
87,20240909,100,45.66,31.52,14.82,,,IMG_6957
87,20240909,101,34.69,41.03,13.42,,,IMG_6957
88,20240909,1,41.09,33.96,13.42,,,IMG_6952
88,20240909,2,42.30,33.96,14.85,,,IMG_6952
88,20240909,3,53.96,37.80,15.5,,,IMG_6952
88,20240909,4,43.79,41.31,20.57,,,IMG_6952
88,20240909,5,41.09,38.29,14.07,,,IMG_6952
88,20240909,6,39.32,39.02,13.58,,,IMG_6952
88,20240909,7,45.15,30.14,12.05,,,IMG_6952
88,20240909,8,41.97,34.95,17.68,,,IMG_6952
88,20240909,9,48.06,33.18,17.65,,,IMG_6952
88,20240909,10,46.06,32.16,15.87,,,IMG_6952
88,20240909,11,36.80,30.19,15.06,,,IMG_6952
88,20240909,12,43.74,31.05,13.93,,,IMG_6952
88,20240909,13,49.19,41.16,16.8,,,IMG_6952
88,20240909,14,49.02,39.48,16.27,,,IMG_6952
88,20240909,15,42.99,39.20,14.31,,,IMG_6952
88,20240909,16,40.05,30.05,13.73,,,IMG_6952
88,20240909,17,50.65,34.01,18.15,,,IMG_6952
88,20240909,18,58.81,38.39,19.94,,,IMG_6952
88,20240909,19,55.47,40.76,15,,,IMG_6952
88,20240909,20,46.69,37.03,10.05,,,IMG_6952
88,20240909,21,45.51,30.26,19.45,,,IMG_6952
88,20240909,22,48.11,35.28,18.6,,,IMG_6952
88,20240909,23,49.39,34.34,18.91,,,IMG_6952
88,20240909,24,51.16,38.71,15.93,,,IMG_6952
88,20240909,25,47.36,32.07,8.69,,,IMG_6952
88,20240909,26,36.17,31.61,9.45,,,IMG_6952
88,20240909,27,37.71,34.01,11.73,,,IMG_6952
88,20240909,28,43.17,31.62,16.94,,,IMG_6952
88,20240909,29,41.35,29.47,12.16,,,IMG_6952
88,20240909,30,44.11,32.51,15.03,,,IMG_6952
88,20240909,31,44.78,33.24,17.13,,,IMG_6952
88,20240909,32,49.49,41.70,20.91,,,IMG_6952
88,20240909,33,50.64,40.78,13.14,,,IMG_6952
88,20240909,34,44.49,36.53,14.02,,,IMG_6952
88,20240909,35,37.62,33.11,15.73,,,IMG_6952
88,20240909,36,44.12,33.04,14.48,,,IMG_6952
88,20240909,37,51.61,38.72,14.73,,,IMG_6952
88,20240909,38,45.45,34.10,16.86,,,IMG_6952
88,20240909,39,46.96,31.69,17.59,,,IMG_6952
88,20240909,40,44.63,30.65,11.55,,,IMG_6952
88,20240909,41,46.68,29.27,14.91,,,IMG_6952
88,20240909,42,32.67,31.42,15.8,,,IMG_6952
88,20240909,43,47.51,36.48,14.21,,,IMG_6952
88,20240909,44,41.93,38.91,15.46,,,IMG_6952
88,20240909,45,44.15,35.68,19.71,,,IMG_6952
88,20240909,46,44.65,33.92,13,,,IMG_6952
88,20240909,47,42.36,28.22,17.75,,,IMG_6952
88,20240909,48,51.02,36.72,16.82,,,IMG_6952
88,20240909,49,50.32,35.37,14.23,,,IMG_6953
88,20240909,50,40.48,35.43,18.42,,,IMG_6953
88,20240909,51,45.56,38.17,16.28,,,IMG_6953
88,20240909,52,40.73,28.62,15.26,,,IMG_6953
88,20240909,53,38.87,24.74,13.89,,,IMG_6953
88,20240909,54,41.16,31.91,12.67,,,IMG_6953
88,20240909,55,46.92,33.43,12.83,,,IMG_6953
88,20240909,56,48.52,37.49,16.01,,,IMG_6953
88,20240909,57,41.82,34.92,12.58,,,IMG_6953
88,20240909,58,43.00,36.59,15.63,,,IMG_6953
88,20240909,59,35.31,37.08,16.47,,,IMG_6953
88,20240909,60,37.03,31.42,11.67,,,IMG_6953
88,20240909,61,53.46,35.97,13.47,,,IMG_6953
88,20240909,62,43.54,30.69,12.18,,,IMG_6953
88,20240909,63,53.78,37.24,14,,,IMG_6953
88,20240909,64,40.89,28.01,11.92,,,IMG_6953
88,20240909,65,37.15,27.30,14.87,,,IMG_6953
88,20240909,66,43.78,43.26,13.53,,,IMG_6953
88,20240909,67,44.76,36.18,16.43,,,IMG_6953
88,20240909,68,37.15,32.16,11.1,,,IMG_6953
88,20240909,69,45.03,35.72,13.6,,,IMG_6953
88,20240909,70,57.54,40.12,14.3,,,IMG_6953
88,20240909,71,45.37,37.08,13.85,,,IMG_6953
88,20240909,72,42.35,28.02,13.88,,,IMG_6953
88,20240909,73,41.32,30.25,13.13,,,IMG_6953
88,20240909,74,44.82,27.75,16.84,,,IMG_6953
88,20240909,75,50.06,39.42,15.21,,,IMG_6953
88,20240909,76,47.58,37.17,16.01,,,IMG_6953
88,20240909,77,49.49,42.18,14.03,,,IMG_6953
88,20240909,78,33.61,27.04,12.11,,,IMG_6953
88,20240909,79,50.55,17.65,11.35,,,IMG_6953
88,20240909,80,41.13,38.27,12.27,,,IMG_6953
88,20240909,81,34.66,37.31,11.57,,,IMG_6953
88,20240909,82,41.06,38.29,12.61,,,IMG_6953
88,20240909,83,37.74,31.77,15.13,,,IMG_6953
88,20240909,84,40.77,39.91,16.62,,,IMG_6953
88,20240909,85,44.41,38.00,10.78,,,IMG_6953
88,20240909,86,50.47,34.80,16.12,,,IMG_6953
88,20240909,87,40.76,32.28,15.76,,,IMG_6953
88,20240909,88,52.36,38.10,15.24,,,IMG_6953
88,20240909,89,39.17,31.22,13.47,,,IMG_6953
88,20240909,90,47.36,37.32,15.26,,,IMG_6953
88,20240909,91,38.61,35.39,15.3,,,IMG_6953
88,20240909,92,41.76,35.48,22.98,,,IMG_6953
88,20240909,93,31.87,29.22,12.73,,,IMG_6953
88,20240909,94,47.13,34.07,15.45,,,IMG_6953
88,20240909,95,47.39,30.56,21.32,,,IMG_6953
88,20240909,96,42.08,30.35,13.13,,,IMG_6953
88,20240909,97,41.72,28.91,17.84,,,IMG_6953
88,20240909,98,36.99,39.91,14.4,,,IMG_6953
88,20240909,99,46.46,41.38,15.03,,,IMG_6953
88,20240909,100,51.26,35.10,15.18,,,IMG_6953
91,20240909,1,51.62,31.95,12.78,,,IMG_6948
91,20240909,2,41.73,37.12,12.33,,,IMG_6948
91,20240909,3,51.50,37.14,15.1,,,IMG_6948
91,20240909,4,38.49,30.00,15.1,,,IMG_6948
91,20240909,5,39.47,25.22,12.28,,,IMG_6948
91,20240909,6,30.45,26.49,12.29,,,IMG_6948
91,20240909,7,42.09,30.92,12.34,,,IMG_6948
91,20240909,8,39.63,34.73,14.78,,,IMG_6948
91,20240909,9,57.96,32.24,14.58,,,IMG_6948
91,20240909,10,38.53,35.91,12.94,,,IMG_6948
91,20240909,11,47.30,27.31,18.72,,,IMG_6948
91,20240909,12,40.05,36.41,15.44,,,IMG_6948
91,20240909,13,42.46,30.52,14.68,,,IMG_6948
91,20240909,14,43.63,34.53,17.32,,,IMG_6948
91,20240909,15,49.91,32.70,13.01,,,IMG_6948
91,20240909,16,40.10,31.54,16.58,,,IMG_6948
91,20240909,17,45.08,32.91,12.6,,,IMG_6948
91,20240909,18,39.96,37.67,20.74,,,IMG_6948
91,20240909,19,43.60,39.95,17.62,,,IMG_6948
91,20240909,20,38.59,30.09,17.43,,,IMG_6948
91,20240909,21,45.16,34.66,18.14,,,IMG_6948
91,20240909,22,46.81,39.99,17.95,,,IMG_6948
91,20240909,23,41.65,27.71,12.59,,,IMG_6948
91,20240909,24,36.04,34.45,13.88,,,IMG_6948
91,20240909,25,45.83,38.21,14.37,,,IMG_6948
91,20240909,26,43.41,27.19,13.82,,1,IMG_6948
91,20240909,27,37.14,24.17,10.25,,1,IMG_6948
91,20240909,28,57.85,29.38,18.4,,,IMG_6948
91,20240909,29,50.75,30.49,12.17,,,IMG_6948
91,20240909,30,40.51,30.66,18.03,,,IMG_6948
91,20240909,31,38.11,36.63,15.44,,,IMG_6948
91,20240909,32,40.17,35.76,13.2,,,IMG_6948
91,20240909,33,36.33,31.38,18.87,,,IMG_6948
91,20240909,34,35.47,22.61,14.16,,,IMG_6948
91,20240909,35,35.36,31.41,16.93,,,IMG_6948
91,20240909,36,43.59,29.46,17.57,,,IMG_6948
91,20240909,37,42.28,36.47,17.04,,,IMG_6948
91,20240909,38,52.14,28.54,15.25,,,IMG_6948
91,20240909,39,45.96,32.87,13.61,,,IMG_6948
91,20240909,40,49.55,36.14,16.58,,,IMG_6948
91,20240909,41,47.72,35.53,18.47,,,IMG_6948
91,20240909,42,45.24,28.11,14.92,,,IMG_6948
91,20240909,43,35.76,27.64,12.8,,,IMG_6948
91,20240909,44,42.19,29.68,14.11,,,IMG_6948
91,20240909,45,44.96,35.70,14.65,,,IMG_6948
91,20240909,46,43.45,29.94,15.09,,,IMG_6948
91,20240909,47,37.49,32.47,13.7,,,IMG_6948
91,20240909,48,48.44,34.07,14.16,,,IMG_6948
91,20240909,49,40.95,32.19,15.59,,,IMG_6948
91,20240909,50,41.86,39.52,18.66,,,IMG_6948
91,20240909,51,37.37,31.77,12.65,,,IMG_6948
91,20240909,52,40.58,26.93,11.68,,,IMG_6948
91,20240909,53,40.88,31.17,13.51,,,IMG_6948
91,20240909,54,37.40,33.83,14.7,,,IMG_6948
91,20240909,55,38.99,32.39,12.93,,,IMG_6948
91,20240909,56,49.60,32.27,11.98,,,IMG_6948
91,20240909,57,40.96,25.66,11.65,,,IMG_6948
91,20240909,58,44.66,25.14,14.39,,,IMG_6948
91,20240909,59,44.85,35.78,13.83,,,IMG_6948
91,20240909,60,47.51,35.82,16.97,,,IMG_6948
91,20240909,61,43.31,29.76,13.34,,,IMG_6948
91,20240909,62,35.35,33.03,12.83,,,IMG_6948
91,20240909,63,39.94,32.77,15.39,,,IMG_6948
91,20240909,64,47.88,33.70,20.2,,,IMG_6948
91,20240909,65,43.97,35.26,13.82,,,IMG_6948
91,20240909,66,39.45,22.55,12.34,,,IMG_6948
91,20240909,67,44.56,32.17,17.56,,,IMG_6948
91,20240909,68,42.42,35.17,22.55,,,IMG_6948
91,20240909,69,43.62,38.68,15,,,IMG_6948
91,20240909,70,40.76,30.95,12.8,,,IMG_6948
91,20240909,71,42.91,30.98,15.28,,,IMG_6948
91,20240909,72,39.11,39.10,13.71,,,IMG_6948
91,20240909,73,33.94,28.28,14.94,,1,IMG_6948
91,20240909,74,38.80,35.04,12.89,,1,IMG_6948
91,20240909,75,45.62,31.78,19.11,,,IMG_6948
91,20240909,76,42.75,32.25,13.01,,,IMG_6948
91,20240909,77,39.93,30.67,15.43,,,IMG_6948
91,20240909,78,43.44,33.43,15.09,,,IMG_6948
91,20240909,79,36.96,29.27,16.78,,,IMG_6948
91,20240909,80,35.54,31.74,14.57,,,IMG_6948
91,20240909,81,46.00,35.90,13.12,,,IMG_6948
91,20240909,82,47.40,28.11,13.32,,,IMG_6948
91,20240909,83,47.02,29.76,14.36,,,IMG_6948
91,20240909,84,44.81,32.16,12.22,,,IMG_6948
91,20240909,85,45.13,26.15,13.27,,,IMG_6948
91,20240909,86,41.28,31.38,12.98,,,IMG_6948
91,20240909,87,44.29,31.94,16.68,,,IMG_6948
91,20240909,88,42.97,33.35,13.96,,,IMG_6948
91,20240909,89,40.20,30.72,16.46,,,IMG_6948
91,20240909,90,45.37,32.60,9.27,,,IMG_6948
91,20240909,91,39.90,29.84,18.08,,,IMG_6948
91,20240909,92,44.25,34.03,13.08,,,IMG_6948
91,20240909,93,36.68,28.63,10.98,,,IMG_6948
91,20240909,94,40.92,42.44,17.63,,,IMG_6948
91,20240909,95,46.26,23.99,10.51,,,IMG_6948
91,20240909,96,46.22,32.92,12.82,,,IMG_6948
91,20240909,97,44.53,36.00,12.35,,,IMG_6949
91,20240909,98,42.49,35.54,12.92,,,IMG_6949
91,20240909,99,39.02,31.23,15.88,,,IMG_6949
91,20240909,100,44.04,28.85,10.67,,,IMG_6949
91,20240909,101,35.39,33.70,12.87,,,IMG_6949
91,20240909,102,41.15,34.75,15.24,,,IMG_6949
94,20240909,1,36.20,27.59,10.58,,,IMG_6954
94,20240909,2,49.19,42.25,19.69,,,IMG_6954
94,20240909,3,45.50,37.25,14.44,,,IMG_6954
94,20240909,4,51.98,31.86,12.6,,,IMG_6954
94,20240909,5,41.28,36.46,10.97,,,IMG_6954
94,20240909,6,34.48,27.21,11.49,,,IMG_6954
94,20240909,7,39.88,37.23,16.69,,,IMG_6954
94,20240909,8,55.16,45.17,12.45,,,IMG_6954
94,20240909,9,47.37,43.43,14.39,,,IMG_6954
94,20240909,10,58.96,42.63,17.8,,,IMG_6954
94,20240909,11,44.30,26.64,10.01,,,IMG_6954
94,20240909,12,47.22,31.28,17.01,,,IMG_6954
94,20240909,13,43.02,27.80,13.85,,,IMG_6954
94,20240909,14,39.43,33.10,10,,,IMG_6954
94,20240909,15,37.79,35.62,13.41,,,IMG_6954
94,20240909,16,51.66,44.93,15.11,,,IMG_6954
94,20240909,17,46.85,38.48,13.86,,,IMG_6954
94,20240909,18,41.10,30.58,13.84,,,IMG_6954
94,20240909,19,43.86,33.38,16.61,,,IMG_6954
94,20240909,20,46.74,34.08,14.76,,,IMG_6954
94,20240909,21,40.54,28.87,17.99,,,IMG_6954
94,20240909,22,45.47,40.46,14.07,,,IMG_6954
94,20240909,23,41.02,31.84,13.63,,,IMG_6954
94,20240909,24,38.49,32.94,13.93,,,IMG_6954
94,20240909,25,36.40,34.49,12.25,,,IMG_6954
94,20240909,26,51.40,26.61,12.47,,,IMG_6954
94,20240909,27,41.88,39.27,12.48,,,IMG_6954
94,20240909,28,50.07,36.85,18.17,,,IMG_6954
94,20240909,29,42.02,37.08,16.52,,,IMG_6954
94,20240909,30,40.82,36.92,15.34,,,IMG_6954
94,20240909,31,46.57,37.85,16.11,,,IMG_6954
94,20240909,32,51.75,46.49,16.78,,,IMG_6954
94,20240909,33,44.66,44.78,11.46,,,IMG_6956
94,20240909,34,44.59,30.31,14.38,,,IMG_6956
94,20240909,35,48.20,44.39,14.36,,,IMG_6956
94,20240909,36,42.25,28.98,16.06,,,IMG_6956
94,20240909,37,43.42,35.76,13.66,,,IMG_6956
94,20240909,38,50.02,41.24,15.3,,,IMG_6956
94,20240909,39,59.02,42.90,14.5,,,IMG_6956
94,20240909,40,35.25,44.25,13.93,,,IMG_6956
94,20240909,41,37.81,28.11,11.87,,,IMG_6956
94,20240909,42,44.50,30.31,11,,,IMG_6956
94,20240909,43,39.89,36.27,15.87,,,IMG_6956
94,20240909,44,46.02,36.12,15.9,,,IMG_6956
94,20240909,45,42.75,32.32,13.7,,,IMG_6956
94,20240909,46,46.30,34.02,16.94,,,IMG_6956
94,20240909,47,41.07,31.44,11.45,,,IMG_6956
94,20240909,48,43.87,33.08,16.65,,,IMG_6956
94,20240909,49,40.64,33.63,12.26,,,IMG_6956
94,20240909,50,34.89,27.64,11.21,,,IMG_6956
94,20240909,51,42.59,27.85,14.42,,,IMG_6956
94,20240909,52,45.98,33.46,15.86,,,IMG_6956
94,20240909,53,42.84,30.82,13.83,,,IMG_6956
94,20240909,54,44.98,32.37,13.9,,,IMG_6956
94,20240909,55,43.20,28.25,19.39,,,IMG_6956
94,20240909,56,35.64,38.30,15.15,,,IMG_6956
94,20240909,57,42.45,30.85,14.01,,,IMG_6956
94,20240909,58,46.84,33.96,11.43,,,IMG_6956
94,20240909,59,43.27,28.67,9.71,,,IMG_6956
94,20240909,60,35.42,34.50,14.86,,,IMG_6956
94,20240909,61,38.43,43.07,14.95,,,IMG_6956
94,20240909,62,50.69,43.62,12.11,,,IMG_6956
94,20240909,63,42.76,35.53,14.05,,,IMG_6956
94,20240909,64,39.44,33.31,13.75,,,IMG_6956
94,20240909,65,45.84,36.02,15.75,,,IMG_6956
94,20240909,66,64.24,40.48,18.94,,,IMG_6956
94,20240909,67,42.48,33.06,19.95,,,IMG_6956
94,20240909,68,47.27,38.18,13.61,,,IMG_6956
94,20240909,69,53.34,36.75,12.44,,,IMG_6956
94,20240909,70,44.56,33.65,15.01,,,IMG_6956
94,20240909,71,53.69,36.96,14.65,,,IMG_6956
94,20240909,72,37.46,29.37,13.43,,,IMG_6956
94,20240909,73,46.55,46.05,13.16,,,IMG_6956
94,20240909,74,44.14,38.84,13.52,,,IMG_6956
94,20240909,75,46.97,35.91,11.6,,,IMG_6956
94,20240909,76,48.01,30.01,18.31,,,IMG_6956
94,20240909,77,36.12,27.92,14.02,,,IMG_6956
94,20240909,78,41.70,33.17,11.26,,,IMG_6956
94,20240909,79,42.00,32.25,17.29,,,IMG_6956
94,20240909,80,45.85,32.00,13.51,,,IMG_6956
94,20240909,81,40.53,41.67,14,,,IMG_6956
94,20240909,82,43.57,44.44,13.86,,,IMG_6956
94,20240909,83,41.15,32.76,14.28,,,IMG_6956
94,20240909,84,44.66,38.75,12.32,,,IMG_6956
94,20240909,85,55.75,44.70,16.05,,,IMG_6956
94,20240909,86,51.64,25.64,14.26,,,IMG_6956
94,20240909,87,38.30,35.42,13.54,,,IMG_6956
94,20240909,88,37.06,35.06,13.38,,,IMG_6956
94,20240909,89,47.60,31.81,13.75,,,IMG_6956
94,20240909,90,33.50,38.65,12.67,,,IMG_6956
94,20240909,91,44.96,37.70,14.84,,,IMG_6956
94,20240909,92,43.93,29.41,15.2,,,IMG_6956
94,20240909,93,37.99,50.13,13.1,,,IMG_6956
94,20240909,94,46.66,36.33,13.58,,,IMG_6956
94,20240909,95,50.12,30.40,13.52,,,IMG_6956
94,20240909,96,38.23,39.06,15.69,,,IMG_6956
94,20240909,97,45.52,34.12,15.75,,,IMG_6956
94,20240909,98,50.00,35.54,13.74,,,IMG_6956
94,20240909,99,42.85,38.53,10.63,,,IMG_6956
94,20240909,100,53.65,37.45,15.05,,,IMG_6956
94,20240909,101,44.77,36.69,11.48,,,IMG_6956
94,20240909,102,20.31,15.43,3.11,1,,IMG_6956
95,20240909,1,37.86,40.42,11.72,,,IMG_6951
95,20240909,2,44.24,37.72,11.44,,,IMG_6951
95,20240909,3,59.61,42.27,18.5,,,IMG_6951
95,20240909,4,42.11,30.12,16.48,,,IMG_6951
95,20240909,5,42.45,29.11,11.42,,,IMG_6951
95,20240909,6,40.61,32.45,12.9,,,IMG_6951
95,20240909,7,40.24,28.15,15.24,,,IMG_6951
95,20240909,8,41.12,30.68,11.48,,,IMG_6951
95,20240909,9,40.74,29.63,14.87,,,IMG_6951
95,20240909,10,41.97,34.25,12.7,,,IMG_6951
95,20240909,11,42.76,29.43,11.43,,,IMG_6951
95,20240909,12,39.14,21.58,12.45,,,IMG_6951
95,20240909,13,39.13,34.57,17.02,,,IMG_6951
95,20240909,14,50.90,42.08,18.39,,,IMG_6951
95,20240909,15,48.16,27.56,12.97,,,IMG_6951
95,20240909,16,53.21,33.11,15.61,,,IMG_6951
95,20240909,17,35.91,35.16,11.63,,,IMG_6951
95,20240909,18,37.01,31.37,15.61,,,IMG_6951
95,20240909,19,40.61,37.52,13.75,,,IMG_6951
95,20240909,20,43.84,38.31,24.11,,,IMG_6951
95,20240909,21,43.50,30.74,14.05,,,IMG_6951
95,20240909,22,39.01,42.89,14.75,,,IMG_6951
95,20240909,23,38.01,38.19,16.2,,,IMG_6951
95,20240909,24,47.20,39.95,13.11,,,IMG_6951
95,20240909,25,41.70,41.31,14.19,,,IMG_6951
95,20240909,26,48.96,32.98,14.08,,,IMG_6951
95,20240909,27,47.85,26.81,11.62,,,IMG_6951
95,20240909,28,45.82,26.47,17.11,,,IMG_6951
95,20240909,29,36.97,25.10,12.33,,,IMG_6951
95,20240909,30,44.78,40.44,12.74,,,IMG_6951
95,20240909,31,48.22,30.11,12.36,,,IMG_6951
95,20240909,32,46.17,29.93,22.09,,,IMG_6951
95,20240909,33,34.63,28.11,11.81,,,IMG_6951
95,20240909,34,40.83,32.70,13.6,,,IMG_6951
95,20240909,35,38.01,30.53,15.31,,,IMG_6951
95,20240909,36,36.73,36.12,13.33,,,IMG_6951
95,20240909,37,42.13,40.65,12.42,,,IMG_6951
95,20240909,38,42.75,34.52,16.11,,,IMG_6951
95,20240909,39,50.98,32.48,12.07,,,IMG_6951
95,20240909,40,44.16,41.24,18.54,,,IMG_6951
95,20240909,41,33.43,26.61,9.15,,,IMG_6951
95,20240909,42,28.88,25.43,15.11,,,IMG_6951
95,20240909,43,39.42,36.70,10.75,,,IMG_6951
95,20240909,44,47.32,34.03,15.95,,,IMG_6951
95,20240909,45,37.92,37.11,15.43,,,IMG_6951
95,20240909,46,44.66,47.53,11.74,,,IMG_6951
95,20240909,47,51.05,37.78,16.51,,,IMG_6951
95,20240909,48,40.55,34.21,14.93,,,IMG_6951
95,20240909,49,43.68,27.95,14.97,,,IMG_6951
95,20240909,50,40.73,39.82,16.32,,,IMG_6951
95,20240909,51,44.12,31.96,11.9,,,IMG_6951
95,20240909,52,34.13,39.15,14.19,,,IMG_6951
95,20240909,53,42.61,31.61,12.3,,,IMG_6951
95,20240909,54,41.96,31.91,12.72,,,IMG_6951
95,20240909,55,42.38,34.20,14.7,,,IMG_6951
95,20240909,56,41.92,28.55,10.78,,,IMG_6951
95,20240909,57,34.27,37.21,12.98,,,IMG_6951
95,20240909,58,42.53,40.30,13.62,,,IMG_6951
95,20240909,59,44.65,34.32,14.68,,,IMG_6951
95,20240909,60,39.06,35.02,14.63,,,IMG_6951
95,20240909,61,45.29,30.44,13.94,,,IMG_6951
95,20240909,62,44.65,34.41,14.99,,,IMG_6951
95,20240909,63,52.99,25.38,12.18,,,IMG_6951
95,20240909,64,43.36,36.50,13.51,,,IMG_6951
95,20240909,65,39.91,29.82,13.86,,,IMG_6951
95,20240909,66,48.26,35.80,15,,,IMG_6951
95,20240909,67,42.20,28.29,15.22,1,,IMG_6951
95,20240909,68,17.05,16.28,8.32,1,,IMG_6951
95,20240909,69,40.69,30.00,12.99,,,IMG_6951
95,20240909,70,63.61,43.10,13.11,,,IMG_6951
95,20240909,71,47.01,32.78,15.72,,,IMG_6951
95,20240909,72,35.05,27.22,14.45,,,IMG_6951
95,20240909,73,34.92,35.81,15.41,,,IMG_6952
95,20240909,74,51.50,40.94,11.6,,,IMG_6952
95,20240909,75,36.30,30.97,15.28,,,IMG_6952
95,20240909,76,37.36,35.74,16.55,,,IMG_6952
95,20240909,77,44.06,36.52,13.72,,,IMG_6952
95,20240909,78,41.98,41.19,14.99,,,IMG_6952
95,20240909,79,47.22,32.11,16.01,,,IMG_6952
95,20240909,80,37.62,30.93,14.11,,,IMG_6952
95,20240909,81,49.98,31.91,16.11,,,IMG_6952
95,20240909,82,48.67,32.15,12.92,,,IMG_6952
95,20240909,83,40.51,28.71,12.71,,,IMG_6952
95,20240909,84,48.36,30.01,13.5,,,IMG_6952
95,20240909,85,44.70,29.86,13.96,,,IMG_6952
95,20240909,86,37.25,37.79,13.16,,,IMG_6952
95,20240909,87,40.37,32.59,11.76,,,IMG_6952
95,20240909,88,38.95,27.68,13.6,,,IMG_6952
95,20240909,89,46.47,39.33,13.56,,,IMG_6952
95,20240909,90,39.55,33.20,18.33,,,IMG_6952
95,20240909,91,47.42,30.94,15.73,,,IMG_6952
95,20240909,92,39.22,35.60,15.37,,,IMG_6952
95,20240909,93,40.18,33.70,17.7,,,IMG_6952
95,20240909,94,39.06,35.38,13.44,,,IMG_6952
95,20240909,95,41.45,29.64,13.57,,,IMG_6952
95,20240909,96,50.82,30.62,15.74,,,IMG_6952
95,20240909,97,40.30,30.32,16.22,,,IMG_6952
95,20240909,98,45.88,31.37,15.27,,,IMG_6952
95,20240909,99,49.02,36.64,16.71,,,IMG_6952
95,20240909,100,36.70,31.75,14.01,,,IMG_6952
95,20240909,101,41.04,36.44,13.51,,,IMG_6952
95,20240909,102,41.72,36.62,13.87,,,IMG_6952
96,20240909,1,47.43,34.50,15.61,,,IMG_6953
96,20240909,2,60.07,32.88,18.85,,,IMG_6953
96,20240909,3,50.31,27.98,13.98,,,IMG_6953
96,20240909,4,51.32,29.13,17.35,,,IMG_6953
96,20240909,5,45.37,30.81,14.24,,,IMG_6953
96,20240909,6,41.08,24.89,11.3,,,IMG_6953
96,20240909,7,48.49,29.65,12.27,,,IMG_6953
96,20240909,8,34.29,26.01,12.47,,,IMG_6953
96,20240909,9,46.79,30.13,15.27,,,IMG_6953
96,20240909,10,41.57,39.12,13.42,,,IMG_6953
96,20240909,11,46.77,27.30,15.42,,,IMG_6953
96,20240909,12,47.24,31.21,14.31,,,IMG_6953
96,20240909,13,59.43,35.24,19.82,,,IMG_6953
96,20240909,14,63.20,33.51,17.59,,,IMG_6953
96,20240909,15,40.45,36.18,13.66,,1,IMG_6953
96,20240909,16,27.71,23.00,11.05,,1,IMG_6953
96,20240909,17,55.07,27.64,14.77,,,IMG_6953
96,20240909,18,64.35,33.11,17.11,,,IMG_6953
96,20240909,19,47.47,26.73,19.51,,,IMG_6953
96,20240909,20,38.48,25.30,15.77,,,IMG_6953
96,20240909,21,46.70,30.64,12.79,,,IMG_6953
96,20240909,22,52.13,37.46,14.16,,,IMG_6953
96,20240909,23,34.21,30.39,12.58,,,IMG_6953
96,20240909,24,40.10,25.62,14,,,IMG_6953
96,20240909,25,37.42,36.71,12.42,,,IMG_6953
96,20240909,26,54.54,30.18,18.94,,,IMG_6953
96,20240909,27,45.32,30.09,11.6,,,IMG_6953
96,20240909,28,43.58,31.64,16.13,,,IMG_6953
96,20240909,29,51.94,31.76,14.29,,,IMG_6953
96,20240909,30,39.19,26.15,9.82,,,IMG_6953
96,20240909,31,56.73,35.23,13.62,,,IMG_6953
96,20240909,32,38.42,31.78,13.73,,,IMG_6953
96,20240909,33,46.51,37.14,16.38,,,IMG_6953
96,20240909,34,43.27,36.14,17.48,,,IMG_6953
96,20240909,35,46.13,26.11,16.15,,,IMG_6953
96,20240909,36,42.05,29.09,18.03,,,IMG_6953
96,20240909,37,51.20,34.57,13.56,,,IMG_6953
96,20240909,38,39.73,34.09,14.91,,,IMG_6953
96,20240909,39,44.20,24.34,15.99,,,IMG_6954
96,20240909,40,54.07,37.87,15.43,,,IMG_6954
96,20240909,41,47.15,32.50,20.99,,,IMG_6954
96,20240909,42,48.26,33.03,19.17,,,IMG_6954
96,20240909,43,40.00,21.53,9.5,,,IMG_6954
96,20240909,44,41.64,23.38,15.83,,,IMG_6954
96,20240909,45,43.00,31.22,15.82,,,IMG_6954
96,20240909,46,36.84,29.10,11.42,,,IMG_6954
96,20240909,47,35.65,24.25,9.09,,,IMG_6954
96,20240909,48,41.01,31.53,17.6,,,IMG_6954
96,20240909,49,37.72,33.97,14.52,,,IMG_6954
96,20240909,50,42.24,35.33,10.63,,,IMG_6954
96,20240909,51,42.91,26.57,12.37,,,IMG_6954
96,20240909,52,42.41,30.95,16.66,,,IMG_6954
96,20240909,53,53.46,31.45,22.1,,,IMG_6954
96,20240909,54,32.53,37.96,18.83,,,IMG_6954
96,20240909,55,44.25,24.26,9.59,,,IMG_6954
96,20240909,56,45.90,40.24,14.58,,,IMG_6954
96,20240909,57,35.81,30.10,17.07,,,IMG_6954
96,20240909,58,46.57,36.06,14.66,,,IMG_6954
96,20240909,59,45.73,32.77,15.21,,,IMG_6954
96,20240909,60,46.30,30.36,15.64,,,IMG_6954
96,20240909,61,43.92,32.95,13.74,,,IMG_6954
96,20240909,62,32.89,25.50,12.3,,,IMG_6954
96,20240909,63,29.48,26.57,11.37,,,IMG_6954
96,20240909,64,36.36,24.94,15.89,,,IMG_6954
96,20240909,65,39.42,27.49,14.74,,,IMG_6954
96,20240909,66,43.57,31.94,15.24,,,IMG_6954
96,20240909,67,47.13,31.03,14.13,,,IMG_6954
96,20240909,68,38.18,32.24,14.33,,,IMG_6954
96,20240909,69,38.30,29.80,22.4,,,IMG_6954
96,20240909,70,43.02,31.92,17.2,,,IMG_6954
96,20240909,71,51.58,34.64,13.2,,,IMG_6954
96,20240909,72,38.37,28.56,16.76,,,IMG_6954
96,20240909,73,38.80,35.65,16.21,,,IMG_6954
96,20240909,74,34.78,30.21,10.24,,,IMG_6954
96,20240909,75,44.01,26.05,13.23,,,IMG_6954
96,20240909,76,38.74,28.95,13.86,,,IMG_6954
96,20240909,77,51.37,31.45,13.46,,,IMG_6954
96,20240909,78,39.23,25.32,12.86,,,IMG_6954
96,20240909,79,40.98,36.77,16.09,,,IMG_6954
96,20240909,80,40.39,28.96,13.91,,,IMG_6954
96,20240909,81,44.85,25.21,13.03,,,IMG_6954
96,20240909,82,48.60,35.92,12.4,,,IMG_6954
96,20240909,83,45.26,26.19,12.8,,,IMG_6954
96,20240909,84,44.83,27.72,14.62,,,IMG_6954
96,20240909,85,39.70,25.84,13.1,,,IMG_6954
96,20240909,86,56.03,15.78,15.78,,,IMG_6954
96,20240909,87,44.76,30.36,14.26,,,IMG_6954
96,20240909,88,42.88,27.21,19.28,,,IMG_6954
96,20240909,89,42.42,34.01,16.53,,,IMG_6954
96,20240909,90,38.05,33.61,17.73,,,IMG_6954
96,20240909,91,48.44,36.27,15.46,,,IMG_6954
96,20240909,92,40.15,37.74,12.53,,,IMG_6954
96,20240909,93,47.05,34.37,13.52,,,IMG_6954
96,20240909,94,36.11,28.39,17.06,,,IMG_6954
96,20240909,95,47.33,25.97,17.1,,,IMG_6954
96,20240909,96,33.93,31.03,10.66,,,IMG_6954
96,20240909,97,31.71,28.59,13.96,,,IMG_6954
96,20240909,98,41.22,29.37,12.24,,,IMG_6954
96,20240909,99,35.47,29.95,12.91,,,IMG_6954
96,20240909,100,42.62,25.45,14.4,,,IMG_6954
96,20240909,101,41.53,28.06,15.81,,,IMG_6954
97,20240909,1,47.26,34.96,14.39,,,IMG_6958
97,20240909,2,44.58,31.78,12.78,,,IMG_6958
97,20240909,3,38.43,36.52,13.37,,,IMG_6958
97,20240909,4,43.90,30.35,12.46,,,IMG_6958
97,20240909,5,48.17,17.36,13.09,,1,IMG_6958
97,20240909,6,39.54,29.32,9.42,,1,IMG_6958
97,20240909,7,53.05,43.13,17.3,,,IMG_6958
97,20240909,8,44.91,32.16,10.23,,,IMG_6958
97,20240909,9,43.72,31.90,12.87,,,IMG_6958
97,20240909,10,51.08,39.57,15.37,,,IMG_6958
97,20240909,11,42.38,33.55,18.96,,,IMG_6958
97,20240909,12,49.54,42.71,14.97,,,IMG_6958
97,20240909,13,52.68,41.36,18.22,,,IMG_6958
97,20240909,14,37.63,34.00,14.47,,,IMG_6958
97,20240909,15,38.05,33.13,15.66,,,IMG_6958
97,20240909,16,45.62,34.62,11.34,,,IMG_6958
97,20240909,17,39.45,25.23,8.75,,,IMG_6958
97,20240909,18,50.24,39.82,18.6,,,IMG_6958
97,20240909,19,41.96,33.64,14.75,,,IMG_6958
97,20240909,20,40.55,37.40,26.7,,,IMG_6958
97,20240909,21,35.44,29.55,16.12,,,IMG_6958
97,20240909,22,48.73,30.12,16.62,,,IMG_6958
97,20240909,23,43.30,42.77,15.26,,,IMG_6958
97,20240909,24,43.06,35.88,17.38,,,IMG_6958
97,20240909,25,43.47,34.94,17.88,,,IMG_6958
97,20240909,26,44.44,31.06,18.44,,,IMG_6958
97,20240909,27,53.05,42.90,21.93,,,IMG_6958
97,20240909,28,43.14,29.38,16.42,,,IMG_6958
97,20240909,29,53.61,33.96,16.3,,,IMG_6958
97,20240909,30,45.23,32.09,15,,,IMG_6958
97,20240909,31,40.50,32.08,22.61,,,IMG_6958
97,20240909,32,56.21,42.59,16.45,,,IMG_6958
97,20240909,33,46.64,30.37,11.55,,,IMG_6958
97,20240909,34,45.85,34.91,16.32,,,IMG_6958
97,20240909,35,50.03,36.85,17.73,,,IMG_6958
97,20240909,36,49.23,37.25,17.11,,,IMG_6958
97,20240909,37,42.80,32.97,15.83,,,IMG_6958
97,20240909,38,41.43,29.76,16.73,,,IMG_6958
97,20240909,39,44.31,34.91,15.84,,,IMG_6958
97,20240909,40,46.56,33.41,14.72,,,IMG_6958
97,20240909,41,39.00,34.26,14.83,,,IMG_6958
97,20240909,42,42.05,36.25,17.18,,,IMG_6958
97,20240909,43,37.82,29.94,15.65,,,IMG_6958
97,20240909,44,45.64,40.76,18.23,,,IMG_6958
97,20240909,45,44.80,35.80,13.94,,,IMG_6958
97,20240909,46,51.72,43.97,15.94,,,IMG_6958
97,20240909,47,47.21,36.85,16.04,,,IMG_6958
97,20240909,48,45.68,37.59,13.49,,,IMG_6958
97,20240909,49,36.55,38.39,17.85,,,IMG_6959
97,20240909,50,43.16,34.88,16.23,,,IMG_6959
97,20240909,51,44.69,32.76,16.09,,,IMG_6959
97,20240909,52,57.36,34.52,17.56,,,IMG_6959
97,20240909,53,42.96,42.66,15.52,,,IMG_6959
97,20240909,54,41.91,32.97,12.19,,,IMG_6959
97,20240909,55,41.20,27.80,13.7,,,IMG_6959
97,20240909,56,40.18,31.51,9.91,,,IMG_6959
97,20240909,57,49.75,32.14,17.2,,,IMG_6959
97,20240909,58,48.79,35.42,16.26,,,IMG_6959
97,20240909,59,48.20,29.31,17.84,,,IMG_6959
97,20240909,60,52.10,43.03,16.06,,,IMG_6959
97,20240909,61,47.47,32.00,15.52,,,IMG_6959
97,20240909,62,41.77,34.07,13.58,,,IMG_6959
97,20240909,63,42.27,34.15,13.26,,,IMG_6959
97,20240909,64,47.05,34.85,14.99,,,IMG_6959
97,20240909,65,44.97,31.88,13.85,,,IMG_6959
97,20240909,66,35.96,33.59,12.74,,,IMG_6959
97,20240909,67,42.86,33.91,15.17,,,IMG_6959
97,20240909,68,40.06,32.03,11.55,,,IMG_6959
97,20240909,69,49.40,29.21,11.06,,,IMG_6959
97,20240909,70,41.44,40.02,18.86,,,IMG_6959
97,20240909,71,45.00,36.09,16.34,,,IMG_6959
97,20240909,72,37.64,27.81,9.13,,,IMG_6959
97,20240909,73,50.27,31.66,17.78,,,IMG_6959
97,20240909,74,31.80,29.66,14.09,,,IMG_6959
97,20240909,75,31.77,29.18,17.69,,,IMG_6959
97,20240909,76,49.80,37.51,15.31,,,IMG_6959
97,20240909,77,40.41,38.94,14.97,,,IMG_6959
97,20240909,78,41.95,34.00,10.88,,,IMG_6959
97,20240909,79,41.07,33.59,12.3,,,IMG_6959
97,20240909,80,48.40,37.02,15.78,,,IMG_6959
97,20240909,81,36.79,28.00,12.78,,,IMG_6959
97,20240909,82,54.40,31.32,13.51,,,IMG_6959
97,20240909,83,43.91,30.00,13.15,,,IMG_6959
97,20240909,84,37.21,33.24,19.5,,,IMG_6959
97,20240909,85,43.34,41.26,24.38,,,IMG_6959
97,20240909,86,35.01,38.07,15.06,,,IMG_6959
97,20240909,87,48.14,36.69,18.1,,,IMG_6959
97,20240909,88,42.26,35.95,17.58,,,IMG_6959
97,20240909,89,50.57,38.67,16.13,,,IMG_6959
97,20240909,90,41.71,39.59,13.39,,,IMG_6959
97,20240909,91,53.23,43.44,14.69,,,IMG_6959
97,20240909,92,51.87,42.06,16.23,,,IMG_6959
97,20240909,93,39.81,35.64,18.75,,,IMG_6959
97,20240909,94,34.45,31.17,12.76,,,IMG_6959
97,20240909,95,43.48,28.41,11.87,,,IMG_6959
97,20240909,96,52.37,33.83,14.67,,,IMG_6959
97,20240909,97,38.35,30.06,13.43,,,IMG_6959
97,20240909,98,42.36,34.06,12.11,,,IMG_6959
97,20240909,99,41.17,30.08,10.03,,,IMG_6959
97,20240909,100,43.43,32.69,14.75,1,,IMG_6959
97,20240909,101,25.48,22.09,8.69,1,,IMG_6959
80,20241211,1,NA,NA,,,,
80,20241211,2,45.66,32.02,,,,
80,20241211,3,48.58,27.88,,,,
80,20241211,4,NA,NA,,,,
80,20241211,5,45.55,39.66,,,,
80,20241211,6,NA,NA,,,,
80,20241211,7,53.79,43.26,,,,
80,20241211,8,59.00,44.53,,,,
80,20241211,9,55.70,46.74,,,,
80,20241211,10,69.33,46.32,,,,
80,20241211,11,48.04,45.15,,,,
80,20241211,12,56.67,39.91,,,,
80,20241211,13,59.99,49.40,,,,
80,20241211,14,57.55,38.33,,,,
80,20241211,15,54.57,52.95,,,,
80,20241211,16,61.90,52.80,,,,
80,20241211,17,48.83,34.53,,,,
80,20241211,18,55.24,53.29,,,,
80,20241211,19,67.98,49.85,,,,
80,20241211,20,65.67,43.50,,,,
80,20241211,21,48.60,42.52,,,,
80,20241211,22,54.84,39.57,,,,
80,20241211,23,52.28,39.43,,,,
80,20241211,24,55.10,33.74,,,,
80,20241211,25,55.39,41.89,,,,
80,20241211,26,62.01,41.99,,,,
80,20241211,27,56.83,31.93,,,,
80,20241211,28,60.18,37.45,,,,
80,20241211,29,66.16,37.80,,,,
80,20241211,30,48.72,39.25,,,,
80,20241211,31,59.16,39.07,,,,
80,20241211,32,58.47,48.80,,,,
80,20241211,33,53.27,40.39,,,,
80,20241211,34,65.17,44.28,,,,
80,20241211,35,45.73,44.37,,,,
80,20241211,36,85.95,53.57,,,,
80,20241211,37,61.69,41.78,,,,
80,20241211,38,51.20,27.00,,,,
80,20241211,39,NA,NA,,,,
80,20241211,40,63.45,41.95,,,,
80,20241211,41,NA,NA,,,,
80,20241211,42,50.00,30.54,,,,
80,20241211,43,NA,NA,,,,
80,20241211,44,52.95,52.44,,,,
80,20241211,45,65.19,38.88,,,,
80,20241211,46,48.56,34.23,,,,
80,20241211,47,56.49,37.30,,,,
80,20241211,48,46.37,45.74,,,,
80,20241211,49,NA,NA,,,,
80,20241211,50,38.46,36.55,,,,
80,20241211,51,55.68,41.36,,,,
80,20241211,52,60.37,40.54,,,,
80,20241211,53,56.63,46.66,,,,
80,20241211,54,47.23,41.94,,,,
80,20241211,55,58.82,46.06,,,,
80,20241211,56,54.48,38.44,,,,
80,20241211,57,56.78,35.36,,,,
80,20241211,58,43.60,39.69,,,,
80,20241211,59,51.21,40.56,,,,
80,20241211,60,58.53,42.46,,,,
80,20241211,61,58.52,50.90,,,,
80,20241211,62,62.50,34.99,,,,
80,20241211,63,54.58,34.45,,,,
80,20241211,64,57.00,38.44,,,,
80,20241211,65,62.85,49.11,,,,
80,20241211,66,54.78,40.10,,,,
80,20241211,67,61.14,46.22,,,,
80,20241211,68,48.97,45.81,,,,
80,20241211,69,52.91,42.05,,,,
80,20241211,70,65.00,49.31,,,,
80,20241211,71,59.36,39.58,,,,
80,20241211,72,76.26,45.43,,,,
80,20241211,73,57.08,42.50,,,,
80,20241211,74,66.64,50.73,,,,
80,20241211,75,56.10,41.02,,,,
80,20241211,76,50.41,39.18,,,,
80,20241211,77,58.46,41.98,,,,
80,20241211,78,65.89,31.50,,,,
80,20241211,79,57.75,49.30,,,,
80,20241211,80,55.84,49.06,,,,
80,20241211,81,51.36,30.14,,,,
80,20241211,82,NA,NA,,,,
80,20241211,83,55.29,45.50,,,,
80,20241211,84,51.21,36.48,,,,
80,20241211,85,50.21,32.37,,,,
80,20241211,86,57.42,40.78,,,,
80,20241211,87,56.67,49.33,,,,
80,20241211,88,46.45,36.77,,,,
80,20241211,89,46.63,42.29,,,,
80,20241211,90,52.12,46.66,,,,
80,20241211,91,52.60,42.59,,,,
80,20241211,92,49.43,44.09,,,,
80,20241211,93,55.48,43.35,,,,
80,20241211,94,58.45,49.73,,,,
80,20241211,95,51.94,36.28,,,,
80,20241211,96,63.84,38.69,,,,
80,20241211,97,46.16,40.83,,,,
80,20241211,98,50.81,42.45,,,,
80,20241211,99,50.09,39.58,,,,
80,20241211,100,49.92,39.42,,,,
80,20241211,101,63.44,40.00,,,,
80,20241211,102,58.38,50.65,,,,
81,20241211,1,71.26,35.15,,,,
81,20241211,2,59.04,43.58,,,,
81,20241211,3,NA,NA,,,,
81,20241211,4,51.88,37.53,,,,
81,20241211,5,52.83,37.63,,,,
81,20241211,6,57.34,32.09,,,,
81,20241211,7,61.88,43.07,,,,
81,20241211,8,62.89,31.19,,,,
81,20241211,9,62.43,56.93,,,,
81,20241211,10,49.63,43.65,,,,
81,20241211,11,51.98,40.14,,,,
81,20241211,12,60.74,44.47,,,,
81,20241211,13,52.52,51.75,,,,
81,20241211,14,56.29,46.94,,,,
81,20241211,15,52.21,38.01,,,,
81,20241211,16,62.80,51.28,,,,
81,20241211,17,59.22,33.22,,,,
81,20241211,18,75.52,50.52,,,,
81,20241211,19,63.47,48.55,,,,
81,20241211,20,62.92,39.49,,,,
81,20241211,21,67.71,46.32,,,,
81,20241211,22,61.93,49.89,,,,
81,20241211,23,63.73,46.00,,,,
81,20241211,24,67.91,42.34,,,,
81,20241211,25,55.84,47.41,,,,
81,20241211,26,58.47,53.53,,,,
81,20241211,27,60.88,47.77,,,,
81,20241211,28,51.79,41.11,,,,
81,20241211,29,45.61,28.14,,,,
81,20241211,30,47.99,44.67,,,,
81,20241211,31,51.92,30.72,,,,
81,20241211,32,43.66,39.34,,,,
81,20241211,33,56.40,41.22,,,,
81,20241211,34,55.37,38.95,,,,
81,20241211,35,58.44,44.79,,,,
81,20241211,36,45.42,44.03,,,,
81,20241211,37,55.85,40.80,,,,
81,20241211,38,56.17,33.75,,,,
81,20241211,39,50.84,39.00,,,,
81,20241211,40,54.47,34.52,,,,
81,20241211,41,60.52,44.76,,,,
81,20241211,42,51.66,43.17,,,,
81,20241211,43,51.62,41.92,,,,
81,20241211,44,66.64,46.01,,,,
81,20241211,45,70.13,38.91,,,,
81,20241211,46,53.15,44.42,,,,
81,20241211,47,69.26,43.83,,,,
81,20241211,48,58.74,43.27,,,,
81,20241211,49,73.28,50.35,,,,
81,20241211,50,54.28,43.03,,,,
81,20241211,51,64.42,61.10,,,,
81,20241211,52,61.39,45.76,,,,
81,20241211,53,61.13,41.81,,,,
81,20241211,54,65.97,54.23,,,,
81,20241211,55,63.06,35.56,,,,
81,20241211,56,51.66,51.58,,,,
81,20241211,57,43.27,41.73,,,,
81,20241211,58,57.49,37.42,,,,
81,20241211,59,NA,NA,,,,
81,20241211,60,53.45,34.93,,,,
81,20241211,61,61.15,35.63,,,,
81,20241211,62,52.86,42.02,,,,
81,20241211,63,64.36,40.77,,,,
81,20241211,64,47.63,44.03,,,,
81,20241211,65,73.29,56.08,,,,
81,20241211,66,NA,NA,,,,
81,20241211,67,67.16,48.95,,,,
81,20241211,68,55.27,35.64,,,,
81,20241211,69,54.36,48.03,,,,
81,20241211,70,51.32,40.45,,,,
81,20241211,71,49.79,43.56,,,,
81,20241211,72,65.56,35.53,,,,
81,20241211,73,50.53,40.47,,,,
81,20241211,74,56.98,45.39,,,,
81,20241211,75,56.82,39.89,,,,
81,20241211,76,62.04,50.63,,,,
81,20241211,77,54.36,39.97,,,,
81,20241211,78,NA,NA,,,,
81,20241211,79,56.89,51.24,,,,
81,20241211,80,51.88,40.30,,,,
81,20241211,81,60.20,52.35,,,,
81,20241211,82,59.96,43.82,,,,
81,20241211,83,55.75,52.03,,,,
81,20241211,84,NA,NA,,,,
81,20241211,85,59.19,35.10,,,,
81,20241211,86,59.06,39.43,,,,
81,20241211,87,58.66,43.62,,,,
81,20241211,88,64.33,54.21,,,,
81,20241211,89,59.53,NA,,,,
81,20241211,90,59.64,34.73,,,,
81,20241211,91,52.52,42.79,,,,
81,20241211,92,49.69,NA,,,,
81,20241211,93,53.35,39.74,,,,
81,20241211,94,52.81,40.19,,,,
81,20241211,95,64.49,39.25,,,,
81,20241211,96,62.53,46.42,,,,
81,20241211,97,51.24,26.01,,,,
81,20241211,98,50.18,37.40,,,,
81,20241211,99,68.52,47.57,,,,
81,20241211,100,53.55,37.89,,,,
81,20241211,101,65.14,46.09,,,,
81,20241211,102,68.93,46.22,,,,
82,20241211,1,58.07,31.95,,,,
82,20241211,2,48.94,43.60,,,,
82,20241211,3,56.44,41.45,,,,
82,20241211,4,61.99,34.20,,,,
82,20241211,5,57.11,36.27,,,,
82,20241211,6,52.12,28.25,,,,
82,20241211,7,57.50,41.62,,,,
82,20241211,8,50.63,40.96,,,,
82,20241211,9,47.26,39.54,,,,
82,20241211,10,62.84,44.30,,,,
82,20241211,11,54.62,44.01,,,,
82,20241211,12,52.96,45.55,,,,
82,20241211,13,52.24,44.97,,,,
82,20241211,14,57.57,35.62,,,,
82,20241211,15,53.82,51.56,,,,
82,20241211,16,50.89,40.31,,,,
82,20241211,17,60.19,57.94,,,,
82,20241211,18,52.04,51.74,,,,
82,20241211,19,51.17,39.32,,,,
82,20241211,20,63.81,38.81,,,,
82,20241211,21,53.63,25.02,,,,
82,20241211,22,54.04,NA,,,,
82,20241211,23,56.03,41.08,,,,
82,20241211,24,51.04,32.35,,,,
82,20241211,25,52.47,36.13,,,,
82,20241211,26,51.89,22.90,,,,
82,20241211,27,53.75,42.77,,,,
82,20241211,28,57.65,48.50,,,,
82,20241211,29,58.23,40.70,,,,
82,20241211,30,49.95,33.68,,,,
82,20241211,31,50.35,27.33,,,,
82,20241211,32,57.97,NA,,,,
82,20241211,33,46.03,37.73,,,,
82,20241211,34,43.71,37.72,,,,
82,20241211,35,43.29,25.99,,,,
82,20241211,36,62.71,36.77,,,,
82,20241211,37,56.01,42.73,,,,
82,20241211,38,53.70,40.84,,,,
82,20241211,39,49.10,34.12,,,,
82,20241211,40,56.93,40.21,,,,
82,20241211,41,46.19,22.99,,,,
82,20241211,42,56.89,29.84,,,,
82,20241211,43,53.18,38.86,,,,
82,20241211,44,53.80,39.33,,,,
82,20241211,45,51.22,47.04,,,,
82,20241211,46,63.29,41.42,,,,
82,20241211,47,52.05,32.01,,,,
82,20241211,48,46.79,34.47,,,,
82,20241211,49,60.87,42.57,,,,
82,20241211,50,56.34,33.44,,,,
82,20241211,51,55.24,44.82,,,,
82,20241211,52,57.45,33.94,,,,
82,20241211,53,64.77,51.76,,,,
82,20241211,54,48.31,31.52,,,,
82,20241211,55,43.79,33.59,,,,
82,20241211,56,48.18,41.88,,,,
82,20241211,57,45.21,31.84,,,,
82,20241211,58,NA,33.63,,,,
82,20241211,59,43.73,35.60,,,,
82,20241211,60,48.29,35.05,,,,
82,20241211,61,45.06,43.50,,,,
82,20241211,62,50.63,34.38,,,,
82,20241211,63,NA,NA,,,,
82,20241211,64,59.39,33.98,,,,
82,20241211,65,60.13,39.95,,,,
82,20241211,66,52.38,29.97,,,,
82,20241211,67,50.17,29.70,,,,
82,20241211,68,54.19,28.76,,,,
82,20241211,69,54.73,32.82,,,,
82,20241211,70,48.42,33.01,,,,
82,20241211,71,51.63,41.45,,,,
82,20241211,72,48.80,41.31,,,,
82,20241211,73,69.84,39.92,,,,
82,20241211,74,48.33,40.74,,,,
82,20241211,75,43.65,41.95,,,,
82,20241211,76,63.67,41.42,,,,
82,20241211,77,43.62,41.08,,,,
82,20241211,78,53.04,42.31,,,,
82,20241211,79,46.33,31.31,,,,
82,20241211,80,59.95,39.22,,,,
82,20241211,81,38.40,30.95,,,,
82,20241211,82,56.47,46.50,,,,
82,20241211,83,43.73,40.41,,,,
82,20241211,84,57.78,30.21,,,,
82,20241211,85,54.92,38.54,,,,
82,20241211,86,52.48,38.87,,,,
82,20241211,87,49.76,44.75,,,,
82,20241211,88,52.36,34.73,,,,
82,20241211,89,48.39,40.15,,,,
82,20241211,90,57.49,26.99,,,,
82,20241211,91,61.64,39.48,,,,
82,20241211,92,43.94,32.15,,,,
82,20241211,93,49.52,40.90,,,,
82,20241211,94,58.82,41.14,,,,
83,20241211,1,64.15,47.88,,,,
83,20241211,2,67.21,51.34,,,,
83,20241211,3,58.90,51.61,,,,
83,20241211,4,55.78,49.73,,,,
83,20241211,5,60.22,58.54,,,,
83,20241211,6,58.62,31.39,,,,
83,20241211,7,56.09,35.23,,,,
83,20241211,8,75.47,NA,,,,
83,20241211,9,66.15,NA,,,,
83,20241211,10,62.98,47.87,,,,
83,20241211,11,81.78,52.01,,,,
83,20241211,12,63.68,40.62,,,,
83,20241211,13,42.35,30.84,,,,
83,20241211,14,NA,NA,,,,
83,20241211,15,NA,NA,,,,
83,20241211,16,66.15,39.64,,,,
83,20241211,17,61.74,38.26,,,,
83,20241211,18,62.71,48.34,,,,
83,20241211,19,62.72,58.60,,,,
83,20241211,20,83.76,50.38,,,,
83,20241211,21,67.68,54.67,,,,
83,20241211,22,45.54,NA,,,,
83,20241211,23,68.94,40.95,,,,
83,20241211,24,65.77,51.27,,,,
83,20241211,25,58.98,47.87,,,,
83,20241211,26,72.41,53.65,,,,
83,20241211,27,58.03,37.56,,,,
83,20241211,28,67.56,47.27,,,,
83,20241211,29,54.76,37.48,,,,
83,20241211,30,51.56,NA,,,,
83,20241211,31,60.90,47.78,,,,
83,20241211,32,57.90,45.61,,,,
83,20241211,33,74.26,51.14,,,,
83,20241211,34,54.69,41.15,,,,
83,20241211,35,50.45,49.85,,,,
83,20241211,36,64.28,NA,,,,
83,20241211,37,65.03,51.14,,,,
83,20241211,38,54.83,41.01,,,,
83,20241211,39,64.63,52.58,,,,
83,20241211,40,61.45,44.29,,,,
83,20241211,41,63.65,NA,,,,
83,20241211,42,66.54,48.53,,,,
83,20241211,43,74.64,48.93,,,,
83,20241211,44,65.24,53.05,,,,
83,20241211,45,63.57,44.48,,,,
83,20241211,46,63.90,51.36,,,,
83,20241211,47,70.07,46.90,,,,
83,20241211,48,56.55,47.50,,,,
83,20241211,49,54.17,29.56,,,,
83,20241211,50,59.21,34.59,,,,
83,20241211,51,59.68,45.18,,,,
83,20241211,52,NA,NA,,,,
83,20241211,53,75.38,45.56,,,,
83,20241211,54,54.44,46.00,,,,
83,20241211,55,49.96,38.33,,,,
83,20241211,56,59.15,38.87,,,,
83,20241211,57,45.20,34.11,,,,
83,20241211,58,53.96,53.20,,,,
83,20241211,59,61.04,42.11,,,,
83,20241211,60,45.34,44.19,,,,
83,20241211,61,59.38,36.70,,,,
83,20241211,62,45.44,NA,,,,
83,20241211,63,NA,42.79,,,,
83,20241211,64,58.43,42.07,,,,
83,20241211,65,68.01,33.26,,,,
83,20241211,66,64.82,48.64,,,,
83,20241211,67,62.40,60.12,,,,
83,20241211,68,57.24,51.72,,,,
83,20241211,69,57.45,35.38,,,,
83,20241211,70,67.54,62.03,,,,
83,20241211,71,58.82,42.70,,,,
83,20241211,72,60.50,59.52,,,,
83,20241211,73,64.00,59.29,,,,
83,20241211,74,51.91,44.48,,,,
83,20241211,75,55.70,45.26,,,,
83,20241211,76,59.64,44.34,,,,
83,20241211,77,68.62,42.52,,,,
83,20241211,78,58.80,NA,,,,
83,20241211,79,55.26,NA,,,,
83,20241211,80,65.58,48.48,,,,
83,20241211,81,67.89,57.20,,,,
83,20241211,82,NA,NA,,,,
83,20241211,83,64.01,57.34,,,,
83,20241211,84,69.07,46.08,,,,
83,20241211,85,50.47,33.91,,,,
83,20241211,86,55.39,49.36,,,,
83,20241211,87,63.71,40.45,,,,
83,20241211,88,57.84,44.13,,,,
83,20241211,89,60.41,49.05,,,,
83,20241211,90,58.51,40.11,,,,
83,20241211,91,NA,NA,,,,
83,20241211,92,67.30,NA,,,,
83,20241211,93,76.79,41.70,,,,
83,20241211,94,68.63,48.29,,,,
83,20241211,95,63.39,40.58,,,,
83,20241211,96,57.49,46.51,,,,
84,20241211,1,44.02,43.83,,,,
84,20241211,2,49.37,38.57,,,,
84,20241211,3,49.57,27.22,,,,
84,20241211,4,NA,NA,,,,
84,20241211,5,60.35,42.06,,,,
84,20241211,6,54.47,NA,,,,
84,20241211,7,66.27,46.22,,,,
84,20241211,8,57.99,50.88,,,,
84,20241211,9,50.11,42.75,,,,
84,20241211,10,61.16,36.95,,,,
84,20241211,11,57.73,51.03,,,,
84,20241211,12,61.50,45.48,,,,
84,20241211,13,53.48,34.85,,,,
84,20241211,14,NA,NA,,,,
84,20241211,15,53.17,42.35,,,,
84,20241211,16,NA,NA,,,,
84,20241211,17,66.16,42.26,,,,
84,20241211,18,NA,NA,,,,
84,20241211,19,51.06,36.69,,,,
84,20241211,20,54.34,NA,,,,
84,20241211,21,52.94,44.08,,,,
84,20241211,22,45.79,44.06,,,,
84,20241211,23,55.99,42.33,,,,
84,20241211,24,49.52,43.25,,,,
84,20241211,25,52.87,38.59,,,,
84,20241211,26,70.67,43.24,,,,
84,20241211,27,59.92,NA,,,,
84,20241211,28,69.93,51.30,,,,
84,20241211,29,53.48,NA,,,,
84,20241211,30,53.66,46.51,,,,
84,20241211,31,54.41,51.42,,,,
84,20241211,32,54.81,41.68,,,,
84,20241211,33,58.25,NA,,,,
84,20241211,34,65.37,41.99,,,,
84,20241211,35,NA,41.85,,,,
84,20241211,36,45.60,44.63,,,,
84,20241211,37,66.18,35.33,,,,
84,20241211,38,55.26,37.70,,,,
84,20241211,39,63.20,52.22,,,,
84,20241211,40,46.54,32.68,,,,
84,20241211,41,52.72,33.30,,,,
84,20241211,42,46.81,34.74,,,,
84,20241211,43,61.20,35.48,,,,
84,20241211,44,NA,43.13,,,,
84,20241211,45,57.20,41.83,,,,
84,20241211,46,60.37,51.93,,,,
84,20241211,47,62.75,NA,,,,
84,20241211,48,62.03,42.09,,,,
84,20241211,49,72.01,42.77,,,,
84,20241211,50,64.92,49.66,,,,
84,20241211,51,64.34,NA,,,,
84,20241211,52,53.00,46.39,,,,
84,20241211,53,65.43,39.86,,,,
84,20241211,54,49.90,43.25,,,,
84,20241211,55,53.29,46.72,,,,
84,20241211,56,59.88,52.74,,,,
84,20241211,57,62.19,30.76,,,,
84,20241211,58,57.73,35.41,,,,
84,20241211,59,53.10,39.39,,,,
84,20241211,60,65.75,53.95,,,,
84,20241211,61,47.83,47.30,,,,
84,20241211,62,57.21,39.50,,,,
84,20241211,63,62.48,28.02,,,,
84,20241211,64,57.93,35.59,,,,
84,20241211,65,49.84,40.94,,,,
84,20241211,66,57.90,39.35,,,,
84,20241211,67,52.36,40.01,,,,
84,20241211,68,55.56,42.47,,,,
84,20241211,69,54.25,45.17,,,,
84,20241211,70,55.99,43.83,,,,
84,20241211,71,59.18,51.13,,,,
84,20241211,72,43.22,32.63,,,,
84,20241211,73,55.10,NA,,,,
84,20241211,74,64.37,NA,,,,
84,20241211,75,56.74,44.99,,,,
84,20241211,76,60.99,44.45,,,,
84,20241211,77,40.43,35.50,,,,
84,20241211,78,65.95,46.73,,,,
84,20241211,79,57.69,49.85,,,,
84,20241211,80,59.53,37.08,,,,
84,20241211,81,48.98,36.43,,,,
84,20241211,82,54.88,44.73,,,,
84,20241211,83,52.25,39.82,,,,
84,20241211,84,61.69,39.82,,,,
84,20241211,85,55.42,52.69,,,,
84,20241211,86,49.26,32.45,,,,
84,20241211,87,64.28,54.31,,,,
84,20241211,88,60.81,42.22,,,,
84,20241211,89,59.00,33.62,,,,
84,20241211,90,45.16,42.52,,,,
84,20241211,91,64.92,39.37,,,,
84,20241211,92,72.90,64.65,,,,
84,20241211,93,69.60,35.15,,,,
84,20241211,94,63.57,43.25,,,,
84,20241211,95,57.41,32.26,,,,
84,20241211,96,55.16,40.09,,,,
84,20241211,97,52.31,49.12,,,,
84,20241211,98,NA,NA,,,,
85,20241211,1,49.75,46.79,,,,
85,20241211,2,60.19,49.73,,,,
85,20241211,3,63.97,44.73,,,,
85,20241211,4,53.22,40.11,,,,
85,20241211,5,65.15,41.85,,,,
85,20241211,6,46.73,40.90,,,,
85,20241211,7,54.21,52.84,,,,
85,20241211,8,59.06,42.55,,,,
85,20241211,9,48.13,42.89,,,,
85,20241211,10,64.27,59.62,,,,
85,20241211,11,60.86,50.20,,,,
85,20241211,12,59.30,43.20,,,,
85,20241211,13,51.03,48.43,,,,
85,20241211,14,59.44,42.53,,,,
85,20241211,15,NA,NA,,,,
85,20241211,16,NA,43.39,,,,
85,20241211,17,57.07,32.96,,,,
85,20241211,18,67.85,55.62,,,,
85,20241211,19,52.39,33.67,,,,
85,20241211,20,62.98,56.29,,,,
85,20241211,21,59.73,27.83,,,,
85,20241211,22,56.03,45.25,,,,
85,20241211,23,52.75,38.05,,,,
85,20241211,24,61.68,55.00,,,,
85,20241211,25,57.70,52.30,,,,
85,20241211,26,58.59,44.82,,,,
85,20241211,27,53.01,44.85,,,,
85,20241211,28,57.41,45.36,,,,
85,20241211,29,65.86,46.31,,,,
85,20241211,30,69.47,51.34,,,,
85,20241211,31,64.33,51.49,,,,
85,20241211,32,65.84,48.15,,,,
85,20241211,33,61.58,40.43,,,,
85,20241211,34,NA,37.20,,,,
85,20241211,35,62.30,39.21,,,,
85,20241211,36,72.53,43.66,,,,
85,20241211,37,53.96,45.67,,,,
85,20241211,38,59.68,51.29,,,,
85,20241211,39,56.22,32.69,,,,
85,20241211,40,77.43,48.86,,,,
85,20241211,41,55.56,46.86,,,,
85,20241211,42,61.76,41.99,,,,
85,20241211,43,65.54,46.87,,,,
85,20241211,44,58.36,38.89,,,,
85,20241211,45,58.38,47.61,,,,
85,20241211,46,61.78,54.97,,,,
85,20241211,47,67.76,51.92,,,,
85,20241211,48,62.68,35.95,,,,
85,20241211,49,74.19,50.91,,,,
85,20241211,50,63.68,NA,,,,
85,20241211,51,50.95,39.38,,,,
85,20241211,52,56.26,45.81,,,,
85,20241211,53,62.68,42.16,,,,
85,20241211,54,49.05,33.05,,,,
85,20241211,55,49.47,27.82,,,,
85,20241211,56,52.91,37.17,,,,
85,20241211,57,47.83,NA,,,,
85,20241211,58,59.07,51.52,,,,
85,20241211,59,51.64,29.71,,,,
85,20241211,60,61.05,34.92,,,,
85,20241211,61,49.73,48.46,,,,
85,20241211,62,53.76,42.39,,,,
85,20241211,63,42.13,40.33,,,,
85,20241211,64,57.74,32.21,,,,
85,20241211,65,53.41,41.66,,,,
85,20241211,66,58.97,43.34,,,,
85,20241211,67,60.19,43.17,,,,
85,20241211,68,49.34,37.90,,,,
85,20241211,69,68.34,41.98,,,,
85,20241211,70,70.80,50.51,,,,
85,20241211,71,55.36,44.05,,,,
85,20241211,72,69.38,47.49,,,,
85,20241211,73,53.85,31.46,,,,
85,20241211,74,70.17,51.09,,,,
85,20241211,75,64.36,47.25,,,,
85,20241211,76,56.82,52.30,,,,
85,20241211,77,NA,49.34,,,,
85,20241211,78,74.76,40.38,,,,
85,20241211,79,64.55,40.32,,,,
85,20241211,80,55.82,38.81,,,,
85,20241211,81,54.60,49.41,,,,
85,20241211,82,58.20,39.61,,,,
85,20241211,83,56.90,50.48,,,,
85,20241211,84,63.56,43.52,,,,
85,20241211,85,58.89,40.29,,,,
85,20241211,86,60.75,39.76,,,,
85,20241211,87,63.96,NA,,,,
85,20241211,88,66.84,52.91,,,,
85,20241211,89,60.81,51.65,,,,
85,20241211,90,43.77,33.33,,,,
85,20241211,91,60.79,52.67,,,,
85,20241211,92,59.80,47.55,,,,
85,20241211,93,69.29,48.57,,,,
85,20241211,94,60.32,44.17,,,,
85,20241211,95,58.48,51.33,,,,
85,20241211,96,74.36,41.59,,,,
86,20241211,1,53.04,35.49,,,,
86,20241211,2,68.83,47.14,,,,
86,20241211,3,52.04,39.65,,,,
86,20241211,4,59.14,37.25,,,,
86,20241211,5,65.39,53.13,,,,
86,20241211,6,63.18,43.20,,,,
86,20241211,7,47.83,44.79,,,,
86,20241211,8,NA,NA,,,,
86,20241211,9,68.65,47.30,,,,
86,20241211,10,56.03,40.62,,,,
86,20241211,11,69.18,46.59,,,,
86,20241211,12,66.32,44.85,,,,
86,20241211,13,57.89,53.50,,,,
86,20241211,14,51.67,32.94,,,,
86,20241211,15,65.16,42.70,,,,
86,20241211,16,59.50,45.23,,,,
86,20241211,17,58.81,38.08,,,,
86,20241211,18,58.32,42.12,,,,
86,20241211,19,74.83,52.04,,,,
86,20241211,20,59.90,50.59,,,,
86,20241211,21,59.24,47.10,,,,
86,20241211,22,55.43,47.22,,,,
86,20241211,23,62.85,40.41,,,,
86,20241211,24,59.23,NA,,,,
86,20241211,25,50.89,32.67,,,,
86,20241211,26,49.78,43.28,,,,
86,20241211,27,50.32,36.69,,,,
86,20241211,28,48.27,42.57,,,,
86,20241211,29,60.13,54.14,,,,
86,20241211,30,NA,41.59,,,,
86,20241211,31,51.44,38.97,,,,
86,20241211,32,56.04,42.47,,,,
86,20241211,33,52.24,43.44,,,,
86,20241211,34,58.70,53.87,,,,
86,20241211,35,58.37,33.63,,,,
86,20241211,36,63.27,49.57,,,,
86,20241211,37,67.00,45.92,,,,
86,20241211,38,59.28,43.98,,,,
86,20241211,39,64.19,54.01,,,,
86,20241211,40,58.61,41.39,,,,
86,20241211,41,52.24,42.34,,,,
86,20241211,42,NA,NA,,,,
86,20241211,43,52.38,29.97,,,,
86,20241211,44,50.17,29.70,,,,
86,20241211,45,54.19,28.76,,,,
86,20241211,46,54.73,32.82,,,,
86,20241211,47,48.42,33.01,,,,
86,20241211,48,51.63,41.45,,,,
86,20241211,49,48.80,41.31,,,,
86,20241211,50,69.84,39.92,,,,
86,20241211,51,48.33,40.74,,,,
86,20241211,52,43.65,41.95,,,,
86,20241211,53,63.67,41.42,,,,
86,20241211,54,43.62,41.08,,,,
86,20241211,55,53.04,42.31,,,,
86,20241211,56,46.33,31.31,,,,
86,20241211,57,59.95,39.22,,,,
86,20241211,58,38.40,30.95,,,,
86,20241211,59,56.47,46.50,,,,
86,20241211,60,43.73,40.41,,,,
86,20241211,61,70.53,49.04,,,,
86,20241211,62,58.84,46.38,,,,
86,20241211,63,67.47,38.06,,,,
86,20241211,64,54.39,49.87,,,,
86,20241211,65,60.40,48.32,,,,
86,20241211,66,51.39,47.74,,,,
86,20241211,67,73.75,43.19,,,,
86,20241211,68,57.12,43.95,,,,
86,20241211,69,59.14,44.88,,,,
86,20241211,70,50.88,33.62,,,,
86,20241211,71,53.81,40.90,,,,
86,20241211,72,49.85,39.77,,,,
86,20241211,73,59.17,49.75,,,,
86,20241211,74,55.36,45.61,,,,
86,20241211,75,55.98,51.24,,,,
86,20241211,76,54.96,34.68,,,,
86,20241211,77,58.46,44.26,,,,
86,20241211,78,69.91,51.26,,,,
86,20241211,79,53.17,41.37,,,,
86,20241211,80,61.50,45.80,,,,
86,20241211,81,56.35,41.12,,,,
86,20241211,82,64.85,40.91,,,,
86,20241211,83,64.83,52.25,,,,
86,20241211,84,69.81,54.81,,,,
86,20241211,85,54.01,42.04,,,,
86,20241211,86,49.77,23.39,,,,
86,20241211,87,53.65,43.73,,,,
86,20241211,88,63.14,36.98,,,,
86,20241211,89,53.33,32.73,,,,
86,20241211,90,70.41,56.11,,,,
86,20241211,91,63.50,42.20,,,,
86,20241211,92,57.79,47.63,,,,
86,20241211,93,69.07,53.17,,,,
86,20241211,94,56.37,40.55,,,,
86,20241211,95,58.79,44.87,,,,
86,20241211,96,69.24,57.99,,,,
86,20241211,97,59.54,51.67,,,,
87,20241211,1,46.68,35.41,,,,
87,20241211,2,42.43,34.52,,,,
87,20241211,3,57.47,43.10,,,,
87,20241211,4,83.57,45.53,,,,
87,20241211,5,71.09,50.55,,,,
87,20241211,6,62.50,52.04,,,,
87,20241211,7,47.46,47.37,,,,
87,20241211,8,57.82,49.67,,,,
87,20241211,9,48.01,37.05,,,,
87,20241211,10,54.78,44.25,,,,
87,20241211,11,57.40,42.14,,,,
87,20241211,12,53.54,39.76,,,,
87,20241211,13,53.87,38.20,,,,
87,20241211,14,76.89,55.43,,,,
87,20241211,15,60.60,42.02,,,,
87,20241211,16,52.49,41.30,,,,
87,20241211,17,70.09,42.85,,,,
87,20241211,18,49.84,48.07,,,,
87,20241211,19,62.66,53.72,,,,
87,20241211,20,59.14,41.06,,,,
87,20241211,21,52.67,41.56,,,,
87,20241211,22,52.57,49.93,,,,
87,20241211,23,57.86,44.87,,,,
87,20241211,24,65.84,62.30,,,,
87,20241211,25,56.13,44.50,,,,
87,20241211,26,NA,43.53,,,,
87,20241211,27,55.66,46.43,,,,
87,20241211,28,55.03,44.67,,,,
87,20241211,29,52.59,27.32,,,,
87,20241211,30,57.18,49.30,,,,
87,20241211,31,61.18,39.95,,,,
87,20241211,32,52.42,26.90,,,,
87,20241211,33,52.94,38.19,,,,
87,20241211,34,52.03,46.26,,,,
87,20241211,35,58.26,44.16,,,,
87,20241211,36,44.49,44.06,,,,
87,20241211,37,57.43,43.30,,,,
87,20241211,38,63.17,44.78,,,,
87,20241211,39,55.84,36.29,,,,
87,20241211,40,60.82,35.23,,,,
87,20241211,41,57.59,50.54,,,,
87,20241211,42,59.25,58.54,,,,
87,20241211,43,64.34,44.72,,,,
87,20241211,44,48.92,34.97,,,,
87,20241211,45,75.07,40.45,,,,
87,20241211,46,57.13,36.62,,,,
87,20241211,47,60.30,36.88,,,,
87,20241211,48,66.99,41.51,,,,
87,20241211,49,52.26,45.55,,,,
87,20241211,50,57.73,50.62,,,,
87,20241211,51,46.18,43.28,,,,
87,20241211,52,49.89,26.24,,,,
87,20241211,53,62.40,45.56,,,,
87,20241211,54,46.71,39.19,,,,
87,20241211,55,62.45,39.03,,,,
87,20241211,56,62.03,44.32,,,,
87,20241211,57,59.84,40.63,,,,
87,20241211,58,48.48,38.36,,,,
87,20241211,59,51.63,37.85,,,,
87,20241211,60,57.33,48.77,,,,
87,20241211,61,50.44,41.95,,,,
87,20241211,62,56.02,46.18,,,,
87,20241211,63,56.73,46.38,,,,
87,20241211,64,73.18,46.18,,,,
87,20241211,65,50.69,24.98,,,,
87,20241211,66,71.35,48.08,,,,
87,20241211,67,52.38,37.86,,,,
87,20241211,68,69.37,45.29,,,,
87,20241211,69,58.12,46.61,,,,
87,20241211,70,56.50,40.54,,,,
87,20241211,71,37.98,32.93,,,,
87,20241211,72,54.55,43.31,,,,
87,20241211,73,71.20,40.95,,,,
87,20241211,74,60.10,34.22,,,,
87,20241211,75,55.92,43.58,,,,
87,20241211,76,57.57,45.94,,,,
87,20241211,77,52.08,43.70,,,,
87,20241211,78,79.99,55.82,,,,
87,20241211,79,50.95,47.82,,,,
87,20241211,80,50.46,34.24,,,,
87,20241211,81,56.73,45.32,,,,
87,20241211,82,51.84,45.84,,,,
87,20241211,83,59.69,43.25,,,,
87,20241211,84,47.46,37.58,,,,
87,20241211,85,57.32,47.53,,,,
87,20241211,86,56.87,42.92,,,,
87,20241211,87,50.55,35.56,,,,
87,20241211,88,52.58,51.29,,,,
87,20241211,89,57.94,33.28,,,,
87,20241211,90,51.14,48.72,,,,
87,20241211,91,45.89,23.70,,,,
87,20241211,92,48.73,44.50,,,,
87,20241211,93,55.20,53.87,,,,
87,20241211,94,56.01,50.95,,,,
87,20241211,95,69.34,57.57,,,,
88,20241211,1,63.84,21.35,,,,
88,20241211,2,47.56,21.84,,,,
88,20241211,3,58.02,46.70,,,,
88,20241211,4,50.61,47.10,,,,
88,20241211,5,51.70,44.12,,,,
88,20241211,6,48.20,47.82,,,,
88,20241211,7,51.46,39.39,,,,
88,20241211,8,72.89,45.11,,,,
88,20241211,9,69.77,54.26,,,,
88,20241211,10,65.30,42.41,,,,
88,20241211,11,63.03,47.38,,,,
88,20241211,12,76.76,34.90,,,,
88,20241211,13,46.98,33.21,,,,
88,20241211,14,62.95,31.05,,,,
88,20241211,15,58.87,48.00,,,,
88,20241211,16,70.70,36.15,,,,
88,20241211,17,60.04,56.85,,,,
88,20241211,18,81.56,45.16,,,,
88,20241211,19,62.39,43.36,,,,
88,20241211,20,63.57,44.92,,,,
88,20241211,21,61.72,39.72,,,,
88,20241211,22,64.37,56.03,,,,
88,20241211,23,52.67,43.08,,,,
88,20241211,24,56.51,37.56,,,,
88,20241211,25,54.01,40.46,,,,
88,20241211,26,67.66,52.07,,,,
88,20241211,27,51.52,36.36,,,,
88,20241211,28,57.90,50.99,,,,
88,20241211,29,65.51,45.13,,,,
88,20241211,30,49.15,34.51,,,,
88,20241211,31,55.65,47.25,,,,
88,20241211,32,58.12,41.93,,,,
88,20241211,33,69.92,50.09,,,,
88,20241211,34,54.63,35.77,,,,
88,20241211,35,62.54,35.38,,,,
88,20241211,36,60.37,45.29,,,,
88,20241211,37,67.97,50.10,,,,
88,20241211,38,66.36,47.19,,,,
88,20241211,39,62.37,46.49,,,,
88,20241211,40,72.35,46.96,,,,
88,20241211,41,61.03,34.73,,,,
88,20241211,42,74.08,56.42,,,,
88,20241211,43,61.82,33.86,,,,
88,20241211,44,63.71,54.16,,,,
88,20241211,45,62.49,48.46,,,,
88,20241211,46,67.30,45.89,,,,
88,20241211,47,50.73,36.29,,,,
88,20241211,48,62.10,34.15,,,,
88,20241211,49,61.63,36.48,,,,
88,20241211,50,62.49,43.53,,,,
88,20241211,51,60.28,48.71,,,,
88,20241211,52,62.12,26.95,,,,
88,20241211,53,62.66,45.04,,,,
88,20241211,54,70.44,53.12,,,,
88,20241211,55,63.21,35.20,,,,
88,20241211,56,47.25,31.35,,,,
88,20241211,57,63.70,48.30,,,,
88,20241211,58,73.86,41.35,,,,
88,20241211,59,66.11,45.25,,,,
88,20241211,60,56.76,33.45,,,,
88,20241211,61,57.50,32.34,,,,
88,20241211,62,71.34,48.60,,,,
88,20241211,63,52.54,42.29,,,,
88,20241211,64,60.64,54.54,,,,
88,20241211,65,64.27,52.06,,,,
88,20241211,66,69.12,50.08,,,,
88,20241211,67,71.83,50.83,,,,
88,20241211,68,59.99,50.15,,,,
88,20241211,69,62.29,43.40,,,,
88,20241211,70,58.91,44.39,,,,
88,20241211,71,68.94,48.84,,,,
88,20241211,72,66.77,60.04,,,,
88,20241211,73,56.49,47.77,,,,
88,20241211,74,61.90,44.95,,,,
88,20241211,75,68.26,51.61,,,,
88,20241211,76,60.44,53.15,,,,
88,20241211,77,61.36,47.01,,,,
88,20241211,78,47.75,39.04,,,,
88,20241211,79,57.84,46.99,,,,
88,20241211,80,74.44,59.94,,,,
88,20241211,81,63.19,35.98,,,,
88,20241211,82,74.41,52.81,,,,
88,20241211,83,54.05,37.17,,,,
88,20241211,84,80.75,41.93,,,,
88,20241211,85,68.75,49.00,,,,
88,20241211,86,47.82,36.18,,,,
88,20241211,87,63.76,39.98,,,,
88,20241211,88,56.76,43.98,,,,
88,20241211,89,66.03,58.28,,,,
88,20241211,90,68.01,55.42,,,,
88,20241211,91,53.51,32.74,,,,
88,20241211,92,61.49,41.79,,,,
88,20241211,93,66.86,47.06,,,,
88,20241211,94,55.78,48.09,,,,
91,20241211,1,57.81,50.72,,,,
91,20241211,2,60.67,55.63,,,,
91,20241211,3,67.23,47.46,,,,
91,20241211,4,44.75,35.87,,,,
91,20241211,5,56.24,32.40,,,,
91,20241211,6,62.31,40.40,,,,
91,20241211,7,62.89,46.76,,,,
91,20241211,8,53.70,47.02,,,,
91,20241211,9,56.55,47.21,,,,
91,20241211,10,63.24,49.11,,,,
91,20241211,11,65.10,50.19,,,,
91,20241211,12,61.79,41.73,,,,
91,20241211,13,56.12,43.64,,,,
91,20241211,14,60.12,48.19,,,,
91,20241211,15,72.45,50.89,,,,
91,20241211,16,52.39,48.66,,,,
91,20241211,17,58.81,41.43,,,,
91,20241211,18,60.36,43.42,,,,
91,20241211,19,68.03,37.26,,,,
91,20241211,20,55.37,45.68,,,,
91,20241211,21,64.32,54.46,,,,
91,20241211,22,60.14,51.43,,,,
91,20241211,23,71.33,39.47,,,,
91,20241211,24,69.91,59.03,,,,
91,20241211,25,59.04,52.54,,,,
91,20241211,26,62.62,49.49,,,,
91,20241211,27,69.84,45.87,,,,
91,20241211,28,70.91,44.47,,,,
91,20241211,29,50.81,44.82,,,,
91,20241211,30,60.02,42.56,,,,
91,20241211,31,57.92,43.80,,,,
91,20241211,32,50.95,32.39,,,,
91,20241211,33,61.85,42.19,,,,
91,20241211,34,64.66,53.27,,,,
91,20241211,35,53.76,58.07,,,,
91,20241211,36,48.93,41.43,,,,
91,20241211,37,59.11,39.84,,,,
91,20241211,38,54.53,52.98,,,,
91,20241211,39,64.24,54.62,,,,
91,20241211,40,50.44,46.61,,,,
91,20241211,41,58.53,44.49,,,,
91,20241211,42,56.08,38.52,,,,
91,20241211,43,74.13,55.50,,,,
91,20241211,44,67.82,49.36,,,,
91,20241211,45,58.55,48.04,,,,
91,20241211,46,62.74,55.57,,,,
91,20241211,47,62.81,41.09,,,,
91,20241211,48,61.99,45.17,,,,
91,20241211,49,69.97,49.48,,,,
91,20241211,50,48.24,36.62,,,,
91,20241211,51,56.55,57.13,,,,
91,20241211,52,58.40,51.11,,,,
91,20241211,53,50.09,45.58,,,,
91,20241211,54,63.86,43.30,,,,
91,20241211,55,52.12,36.37,,,,
91,20241211,56,57.07,56.44,,,,
91,20241211,57,61.97,37.05,,,,
91,20241211,58,69.63,42.10,,,,
91,20241211,59,57.97,41.14,,,,
91,20241211,60,56.28,50.24,,,,
91,20241211,61,62.95,39.58,,,,
91,20241211,62,65.90,53.63,,,,
91,20241211,63,62.74,54.75,,,,
91,20241211,64,56.62,41.87,,,,
91,20241211,65,68.29,52.11,,,,
91,20241211,66,49.59,41.77,,,,
91,20241211,67,51.79,43.20,,,,
91,20241211,68,49.80,42.98,,,,
91,20241211,69,59.68,47.41,,,,
91,20241211,70,56.54,56.45,,,,
91,20241211,71,47.58,39.34,,,,
91,20241211,72,53.78,38.40,,,,
91,20241211,73,58.94,45.07,,,,
91,20241211,74,50.70,42.53,,,,
91,20241211,75,60.04,40.35,,,,
91,20241211,76,56.99,40.68,,,,
91,20241211,77,77.11,52.10,,,,
91,20241211,78,65.36,40.90,,,,
91,20241211,79,50.78,46.66,,,,
91,20241211,80,66.51,38.65,,,,
91,20241211,81,58.92,40.22,,,,
91,20241211,82,52.19,50.75,,,,
91,20241211,83,58.66,45.88,,,,
91,20241211,84,74.20,51.74,,,,
91,20241211,85,67.59,52.06,,,,
91,20241211,86,60.69,46.73,,,,
91,20241211,87,79.58,56.76,,,,
91,20241211,88,63.37,44.13,,,,
91,20241211,89,61.21,43.39,,,,
91,20241211,90,61.19,37.90,,,,
91,20241211,91,61.59,45.38,,,,
91,20241211,92,60.60,47.40,,,,
91,20241211,93,48.37,41.79,,,,
91,20241211,94,59.58,51.30,,,,
91,20241211,95,56.04,54.02,,,,
91,20241211,96,60.44,44.96,,,,
91,20241211,97,59.67,49.81,,,,
91,20241211,98,69.84,39.94,,,,
94,20241211,1,53.84,49.64,,,,
94,20241211,2,59.51,20.65,,,,
94,20241211,3,47.21,38.20,,,,
94,20241211,4,53.33,45.98,,,,
94,20241211,5,66.11,42.92,,,,
94,20241211,6,63.54,40.22,,,,
94,20241211,7,46.34,32.29,,,,
94,20241211,8,58.52,55.59,,,,
94,20241211,9,60.37,49.18,,,,
94,20241211,10,55.41,44.76,,,,
94,20241211,11,73.38,54.77,,,,
94,20241211,12,57.24,38.92,,,,
94,20241211,13,49.98,38.37,,,,
94,20241211,14,NA,NA,,,,
94,20241211,15,51.80,25.59,,,,
94,20241211,16,68.13,49.54,,,,
94,20241211,17,60.00,45.03,,,,
94,20241211,18,61.76,42.39,,,,
94,20241211,19,67.74,67.62,,,,
94,20241211,20,52.77,41.38,,,,
94,20241211,21,59.51,42.76,,,,
94,20241211,22,67.89,40.59,,,,
94,20241211,23,65.37,45.90,,,,
94,20241211,24,NA,45.87,,,,
94,20241211,25,45.45,39.10,,,,
94,20241211,26,43.41,24.38,,,,
94,20241211,27,58.67,52.12,,,,
94,20241211,28,66.53,45.55,,,,
94,20241211,29,56.47,35.92,,,,
94,20241211,30,66.58,45.72,,,,
94,20241211,31,54.90,47.68,,,,
94,20241211,32,53.12,39.31,,,,
94,20241211,33,47.73,36.07,,,,
94,20241211,34,57.12,43.01,,,,
94,20241211,35,67.54,42.01,,,,
94,20241211,36,38.22,33.87,,,,
94,20241211,37,56.02,39.19,,,,
94,20241211,38,63.31,44.37,,,,
94,20241211,39,61.32,37.26,,,,
94,20241211,40,49.40,41.50,,,,
94,20241211,41,80.63,50.62,,,,
94,20241211,42,58.77,37.59,,,,
94,20241211,43,62.24,47.99,,,,
94,20241211,44,66.78,39.82,,,,
94,20241211,45,50.17,28.71,,,,
94,20241211,46,69.23,52.59,,,,
94,20241211,47,82.53,52.99,,,,
94,20241211,48,54.29,35.20,,,,
94,20241211,49,57.79,46.59,,,,
94,20241211,50,56.59,38.88,,,,
94,20241211,51,54.20,26.98,,,,
94,20241211,52,57.75,47.32,,,,
94,20241211,53,59.26,39.52,,,,
94,20241211,54,61.54,50.57,,,,
94,20241211,55,56.79,42.84,,,,
94,20241211,56,54.43,33.16,,,,
94,20241211,57,58.35,46.08,,,,
94,20241211,58,51.73,37.93,,,,
94,20241211,59,62.74,51.08,,,,
94,20241211,60,58.64,50.88,,,,
94,20241211,61,58.82,47.52,,,,
94,20241211,62,71.44,NA,,,,
94,20241211,63,60.16,39.76,,,,
94,20241211,64,64.06,43.52,,,,
94,20241211,65,55.32,38.35,,,,
94,20241211,66,56.34,39.92,,,,
94,20241211,67,57.38,41.87,,,,
94,20241211,68,63.05,48.65,,,,
94,20241211,69,63.64,43.62,,,,
94,20241211,70,69.67,44.92,,,,
94,20241211,71,60.19,40.89,,,,
94,20241211,72,59.64,47.76,,,,
94,20241211,73,70.82,53.91,,,,
94,20241211,74,59.58,46.83,,,,
94,20241211,75,67.69,54.71,,,,
94,20241211,76,69.45,42.54,,,,
94,20241211,77,61.60,35.84,,,,
94,20241211,78,51.16,46.86,,,,
94,20241211,79,50.74,48.36,,,,
94,20241211,80,64.38,44.04,,,,
94,20241211,81,63.38,45.97,,,,
94,20241211,82,72.34,51.89,,,,
94,20241211,83,56.08,40.13,,,,
94,20241211,84,78.24,40.10,,,,
94,20241211,85,54.33,52.48,,,,
94,20241211,86,58.75,40.41,,,,
94,20241211,87,54.92,48.69,,,,
94,20241211,88,57.95,57.64,,,,
94,20241211,89,63.33,49.79,,,,
94,20241211,90,56.09,42.46,,,,
94,20241211,91,53.36,44.92,,,,
94,20241211,92,65.73,62.77,,,,
94,20241211,93,60.98,57.25,,,,
94,20241211,94,NA,NA,,,,
94,20241211,95,76.50,45.63,,,,
94,20241211,96,56.17,35.24,,,,
94,20241211,97,59.24,57.90,,,,
95,20241211,1,63.02,60.32,,,,
95,20241211,2,59.45,26.93,,,,
95,20241211,3,60.30,29.39,,,,
95,20241211,4,59.25,52.65,,,,
95,20241211,5,59.22,38.82,,,,
95,20241211,6,58.25,44.48,,,,
95,20241211,7,74.83,53.91,,,,
95,20241211,8,64.97,40.16,,,,
95,20241211,9,71.03,40.66,,,,
95,20241211,10,67.80,44.86,,,,
95,20241211,11,66.75,40.11,,,,
95,20241211,12,68.18,38.49,,,,
95,20241211,13,54.26,34.76,,,,
95,20241211,14,62.16,48.56,,,,
95,20241211,15,67.48,43.65,,,,
95,20241211,16,88.60,50.81,,,,
95,20241211,17,75.58,51.89,,,,
95,20241211,18,58.03,48.12,,,,
95,20241211,19,78.91,48.40,,,,
95,20241211,20,NA,60.88,,,,
95,20241211,21,65.01,NA,,,,
95,20241211,22,50.26,32.02,,,,
95,20241211,23,68.75,45.33,,,,
95,20241211,24,66.93,44.51,,,,
95,20241211,25,46.60,40.31,,,,
95,20241211,26,38.68,32.12,,,,
95,20241211,27,59.52,22.56,,,,
95,20241211,28,51.39,47.84,,,,
95,20241211,29,52.96,35.31,,,,
95,20241211,30,58.43,46.18,,,,
95,20241211,31,60.22,40.82,,,,
95,20241211,32,65.32,33.97,,,,
95,20241211,33,60.51,37.74,,,,
95,20241211,34,53.60,41.10,,,,
95,20241211,35,68.67,47.95,,,,
95,20241211,36,66.71,45.29,,,,
95,20241211,37,48.22,33.95,,,,
95,20241211,38,53.11,46.36,,,,
95,20241211,39,50.18,38.22,,,,
95,20241211,40,58.36,31.96,,,,
95,20241211,41,64.27,55.26,,,,
95,20241211,42,69.02,40.15,,,,
95,20241211,43,67.39,37.84,,,,
95,20241211,44,62.28,30.53,,,,
95,20241211,45,63.11,38.45,,,,
95,20241211,46,79.39,38.54,,,,
95,20241211,47,59.65,36.89,,,,
95,20241211,48,64.22,38.05,,,,
95,20241211,49,69.29,62.84,,,,
95,20241211,50,71.30,54.75,,,,
95,20241211,51,58.07,46.26,,,,
95,20241211,52,42.22,41.71,,,,
95,20241211,53,66.14,44.18,,,,
95,20241211,54,55.84,41.27,,,,
95,20241211,55,62.16,38.49,,,,
95,20241211,56,55.10,33.69,,,,
95,20241211,57,56.29,40.97,,,,
95,20241211,58,58.76,47.77,,,,
95,20241211,59,45.26,37.22,,,,
95,20241211,60,60.72,40.85,,,,
95,20241211,61,NA,NA,,,,
95,20241211,62,54.81,46.00,,,,
95,20241211,63,63.86,38.79,,,,
95,20241211,64,63.14,48.53,,,,
95,20241211,65,66.44,39.56,,,,
95,20241211,66,67.47,49.26,,,,
95,20241211,67,53.94,42.57,,,,
95,20241211,68,52.57,32.19,,,,
95,20241211,69,72.35,54.07,,,,
95,20241211,70,89.72,46.05,,,,
95,20241211,71,70.93,53.95,,,,
95,20241211,72,58.53,44.57,,,,
95,20241211,73,66.32,40.53,,,,
95,20241211,74,56.99,41.85,,,,
95,20241211,75,43.60,41.79,,,,
95,20241211,76,60.33,49.56,,,,
95,20241211,77,52.34,48.10,,,,
95,20241211,78,53.27,38.65,,,,
95,20241211,79,54.21,32.70,,,,
95,20241211,80,52.73,41.22,,,,
95,20241211,81,68.48,54.04,,,,
95,20241211,82,66.55,46.57,,,,
95,20241211,83,52.16,38.63,,,,
95,20241211,84,58.32,40.17,,,,
95,20241211,85,61.33,45.55,,,,
95,20241211,86,70.22,45.61,,,,
95,20241211,87,49.45,43.45,,,,
95,20241211,88,42.77,34.46,,,,
95,20241211,89,68.19,40.97,,,,
95,20241211,90,43.34,32.28,,,,
95,20241211,91,68.11,44.70,,,,
95,20241211,92,65.01,47.09,,,,
95,20241211,93,49.72,44.79,,,,
95,20241211,94,NA,NA,,,,
95,20241211,95,57.06,29.52,,,,
95,20241211,96,47.19,42.65,,,,
95,20241211,97,60.03,43.82,,,,
96,20241211,1,57.19,43.04,,,,
96,20241211,2,49.09,41.74,,,,
96,20241211,3,64.52,40.79,,,,
96,20241211,4,47.39,36.82,,,,
96,20241211,5,56.45,47.60,,,,
96,20241211,6,66.61,42.04,,,,
96,20241211,7,62.29,41.91,,,,
96,20241211,8,65.28,45.70,,,,
96,20241211,9,55.38,40.02,,,,
96,20241211,10,47.59,39.85,,,,
96,20241211,11,59.68,45.97,,,,
96,20241211,12,74.00,48.10,,,,
96,20241211,13,57.13,36.01,,,,
96,20241211,14,61.66,41.11,,,,
96,20241211,15,59.97,48.88,,,,
96,20241211,16,58.37,44.90,,,,
96,20241211,17,61.94,47.16,,,,
96,20241211,18,37.32,24.18,,,,
96,20241211,19,47.26,45.14,,,,
96,20241211,20,56.70,41.37,,,,
96,20241211,21,61.71,47.98,,,,
96,20241211,22,55.06,41.11,,,,
96,20241211,23,69.43,42.68,,,,
96,20241211,24,57.38,38.49,,,,
96,20241211,25,73.04,44.36,,,,
96,20241211,26,66.19,47.29,,,,
96,20241211,27,59.99,39.67,,,,
96,20241211,28,52.09,41.77,,,,
96,20241211,29,58.67,50.32,,,,
96,20241211,30,58.23,49.80,,,,
96,20241211,31,59.75,41.53,,,,
96,20241211,32,NA,NA,,,,
96,20241211,33,61.49,48.15,,,,
96,20241211,34,47.85,32.20,,,,
96,20241211,35,65.48,52.54,,,,
96,20241211,36,49.80,43.62,,,,
96,20241211,37,64.71,33.51,,,,
96,20241211,38,57.56,45.75,,,,
96,20241211,39,58.70,32.02,,,,
96,20241211,40,67.77,42.31,,,,
96,20241211,41,59.35,46.72,,,,
96,20241211,42,64.15,37.16,,,,
96,20241211,43,53.62,50.22,,,,
96,20241211,44,41.16,40.63,,,,
96,20241211,45,60.74,42.69,,,,
96,20241211,46,56.59,39.51,,,,
96,20241211,47,62.23,41.30,,,,
96,20241211,48,63.27,39.41,,,,
96,20241211,49,54.69,54.54,,,,
96,20241211,50,63.74,52.75,,,,
96,20241211,51,57.67,40.46,,,,
96,20241211,52,63.98,58.37,,,,
96,20241211,53,64.19,51.46,,,,
96,20241211,54,57.85,36.52,,,,
96,20241211,55,59.48,43.91,,,,
96,20241211,56,63.78,46.49,,,,
96,20241211,57,52.87,35.03,,,,
96,20241211,58,62.29,37.26,,,,
96,20241211,59,69.04,32.34,,,,
96,20241211,60,73.72,33.04,,,,
96,20241211,61,65.71,47.88,,,,
96,20241211,62,NA,NA,,,,
96,20241211,63,76.17,53.84,,,,
96,20241211,64,54.36,52.38,,,,
96,20241211,65,51.31,45.63,,,,
96,20241211,66,67.89,55.11,,,,
96,20241211,67,54.06,34.81,,,,
96,20241211,68,61.69,34.79,,,,
96,20241211,69,58.46,39.51,,,,
96,20241211,70,46.58,39.45,,,,
96,20241211,71,61.53,45.09,,,,
96,20241211,72,51.47,46.12,,,,
96,20241211,73,59.68,42.54,,,,
96,20241211,74,55.91,39.82,,,,
96,20241211,75,56.35,45.26,,,,
96,20241211,76,51.95,39.08,,,,
96,20241211,77,60.69,41.50,,,,
96,20241211,78,52.91,45.49,,,,
96,20241211,79,57.97,26.75,,,,
96,20241211,80,50.94,37.19,,,,
96,20241211,81,52.19,34.65,,,,
96,20241211,82,52.01,42.83,,,,
96,20241211,83,57.13,40.79,,,,
96,20241211,84,60.03,39.63,,,,
96,20241211,85,65.12,42.00,,,,
96,20241211,86,NA,NA,,,,
96,20241211,87,62.52,47.03,,,,
96,20241211,88,64.34,33.04,,,,
96,20241211,89,64.33,33.82,,,,
96,20241211,90,49.13,29.96,,,,
96,20241211,91,64.85,46.44,,,,
96,20241211,92,61.17,29.24,,,,
96,20241211,93,55.90,34.98,,,,
96,20241211,94,62.45,34.45,,,,
96,20241211,95,47.72,32.31,,,,
96,20241211,96,56.73,32.91,,,,
96,20241211,97,53.96,53.48,,,,
96,20241211,98,58.39,43.37,,,,
96,20241211,99,59.57,33.26,,,,
96,20241211,100,64.47,46.06,,,,
96,20241211,101,52.91,51.48,,,,
96,20241211,102,59.31,39.84,,,,
97,20241211,1,64.48,50.76,,,,
97,20241211,2,59.78,40.13,,,,
97,20241211,3,43.29,37.05,,,,
97,20241211,4,70.97,52.58,,,,
97,20241211,5,53.25,52.27,,,,
97,20241211,6,53.60,41.96,,,,
97,20241211,7,64.82,42.23,,,,
97,20241211,8,63.03,56.13,,,,
97,20241211,9,61.90,47.76,,,,
97,20241211,10,71.05,57.89,,,,
97,20241211,11,68.25,41.78,,,,
97,20241211,12,42.52,28.40,,,,
97,20241211,13,NA,NA,,,,
97,20241211,14,55.14,45.40,,,,
97,20241211,15,44.96,35.20,,,,
97,20241211,16,51.33,35.96,,,,
97,20241211,17,65.62,49.98,,,,
97,20241211,18,59.37,47.67,,,,
97,20241211,19,54.72,50.46,,,,
97,20241211,20,38.89,33.09,,,,
97,20241211,21,60.00,34.97,,,,
97,20241211,22,83.43,59.76,,,,
97,20241211,23,70.78,57.04,,,,
97,20241211,24,63.75,45.83,,,,
97,20241211,25,69.60,54.07,,,,
97,20241211,26,56.94,35.11,,,,
97,20241211,27,56.66,44.52,,,,
97,20241211,28,67.84,48.49,,,,
97,20241211,29,52.19,47.33,,,,
97,20241211,30,65.10,42.60,,,,
97,20241211,31,47.17,42.23,,,,
97,20241211,32,58.54,41.56,,,,
97,20241211,33,64.19,30.22,,,,
97,20241211,34,59.66,36.38,,,,
97,20241211,35,61.81,38.47,,,,
97,20241211,36,62.51,47.17,,,,
97,20241211,37,55.57,38.11,,,,
97,20241211,38,56.87,44.76,,,,
97,20241211,39,67.51,60.69,,,,
97,20241211,40,50.39,44.20,,,,
97,20241211,41,61.39,43.14,,,,
97,20241211,42,65.93,46.51,,,,
97,20241211,43,63.61,53.03,,,,
97,20241211,44,75.68,56.83,,,,
97,20241211,45,73.50,48.15,,,,
97,20241211,46,66.05,46.01,,,,
97,20241211,47,59.94,NA,,,,
97,20241211,48,62.85,51.42,,,,
97,20241211,49,56.22,52.23,,,,
97,20241211,50,73.71,54.95,,,,
97,20241211,51,62.00,55.34,,,,
97,20241211,52,NA,51.04,,,,
97,20241211,53,60.55,55.47,,,,
97,20241211,54,50.41,44.47,,,,
97,20241211,55,NA,NA,,,,
97,20241211,56,65.98,48.62,,,,
97,20241211,57,66.14,55.71,,,,
97,20241211,58,63.12,43.42,,,,
97,20241211,59,59.31,44.72,,,,
97,20241211,60,63.59,47.55,,,,
97,20241211,61,60.76,45.67,,,,
97,20241211,62,55.06,45.62,,,,
97,20241211,63,76.69,62.15,,,,
97,20241211,64,70.15,64.82,,,,
97,20241211,65,54.57,45.54,,,,
97,20241211,66,69.51,51.76,,,,
97,20241211,67,67.42,49.45,,,,
97,20241211,68,70.67,60.96,,,,
97,20241211,69,69.82,43.79,,,,
97,20241211,70,65.91,46.89,,,,
97,20241211,71,58.25,44.09,,,,
97,20241211,72,84.82,47.05,,,,
97,20241211,73,67.94,51.73,,,,
97,20241211,74,57.96,39.90,,,,
97,20241211,75,67.87,50.32,,,,
97,20241211,76,62.77,37.04,,,,
97,20241211,77,76.57,52.24,,,,
97,20241211,78,55.84,42.42,,,,
97,20241211,79,61.25,44.91,,,,
97,20241211,80,54.92,45.83,,,,
97,20241211,81,57.23,46.32,,,,
97,20241211,82,71.32,58.94,,,,
97,20241211,83,61.80,51.30,,,,
97,20241211,84,64.03,50.73,,,,
97,20241211,85,50.67,44.58,,,,
97,20241211,86,46.79,46.20,,,,
97,20241211,87,NA,NA,,,,
97,20241211,88,80.03,51.18,,,,
97,20241211,89,61.15,36.84,,,,
97,20241211,90,66.42,47.85,,,,
97,20241211,91,71.27,52.31,,,,
97,20241211,92,62.40,44.74,,,,
97,20241211,93,70.39,60.97,,,,
97,20241211,94,64.34,47.59,,,,
97,20241211,95,NA,NA,,,,
97,20241211,96,71.04,47.21,,,,
80,20250520,1,64.14,44.70,,,,
80,20250520,2,53.58,46.38,,,,
80,20250520,3,60.28,50.58,,,,
80,20250520,4,59.48,37.09,,,,
80,20250520,5,64.19,68.27,,,,
80,20250520,6,66.63,58.60,,,,
80,20250520,7,78.82,59.27,,,,
80,20250520,8,73.88,64.64,,,,
80,20250520,9,82.46,64.29,,,,
80,20250520,10,73.06,39.98,,,,
80,20250520,11,82.11,45.54,,,,
80,20250520,12,78.36,56.54,,,,
80,20250520,13,83.74,60.80,,,,
80,20250520,14,68.61,49.23,,,,
80,20250520,15,70.11,63.04,,,,
80,20250520,16,84.16,58.45,,,,
80,20250520,17,82.61,60.55,,,,
80,20250520,18,69.11,54.47,,,,
80,20250520,19,71.76,66.79,,,,
80,20250520,20,67.94,58.41,,,,
80,20250520,21,76.07,50.57,,,,
80,20250520,22,59.89,44.63,,,,
80,20250520,23,49.23,44.50,,,,
80,20250520,24,62.45,44.74,,,,
80,20250520,25,62.40,50.82,,,,
80,20250520,26,69.17,57.82,,,,
80,20250520,27,70.69,51.60,,,,
80,20250520,28,60.31,49.04,,,,
80,20250520,29,84.83,54.69,,,,
80,20250520,30,82.11,55.83,,,,
80,20250520,31,79.73,67.48,,,,
80,20250520,32,66.79,43.06,,,,
80,20250520,33,66.84,50.13,,,,
80,20250520,34,65.69,50.96,,,,
80,20250520,35,78.68,59.61,,,,
80,20250520,36,54.95,41.72,,,,
80,20250520,37,66.43,50.29,,,,
80,20250520,38,73.91,50.06,,,,
80,20250520,39,92.52,56.63,,,,
80,20250520,40,71.12,53.90,,,,
80,20250520,41,69.42,53.57,,,,
80,20250520,42,79.39,58.65,,,,
80,20250520,43,53.31,35.72,,,,
80,20250520,44,67.95,49.10,,,,
80,20250520,45,60.78,39.62,,,,
80,20250520,46,65.57,53.65,,,,
80,20250520,47,75.99,74.41,,,,
80,20250520,48,67.43,49.09,,,,
80,20250520,49,72.34,53.47,,,,
80,20250520,50,72.86,41.60,,,,
80,20250520,51,71.81,57.12,,,,
80,20250520,52,74.14,58.45,,,,
80,20250520,53,67.94,49.00,,,,
80,20250520,54,66.09,50.08,,,,
80,20250520,55,70.98,64.41,,,,
80,20250520,56,67.01,40.54,,,,
80,20250520,57,69.79,58.00,,,,
80,20250520,58,78.50,56.48,,,,
80,20250520,59,69.85,47.45,,,,
80,20250520,60,54.28,41.15,,,,
80,20250520,61,48.05,44.50,,,,
80,20250520,62,74.05,52.93,,,,
80,20250520,63,65.99,46.49,,,,
80,20250520,64,72.80,49.92,,,,
80,20250520,65,76.37,47.23,,,,
80,20250520,66,77.07,50.92,,,,
80,20250520,67,66.68,52.80,,,,
80,20250520,68,73.94,59.60,,,,
80,20250520,69,63.81,54.95,,,,
80,20250520,70,69.22,54.88,,,,
80,20250520,71,65.83,46.91,,,,
80,20250520,72,51.25,48.93,,,,
80,20250520,73,65.46,49.10,,,,
80,20250520,74,64.38,52.46,,,,
80,20250520,75,69.69,56.22,,,,
80,20250520,76,77.94,52.46,,,,
80,20250520,77,68.20,59.70,,,,
80,20250520,78,78.81,41.79,,,,
80,20250520,79,68.45,49.35,,,,
80,20250520,80,67.77,49.09,,,,
80,20250520,81,65.56,45.43,,,,
80,20250520,82,66.51,47.27,,,,
80,20250520,83,62.55,46.42,,,,
80,20250520,84,76.37,45.68,,,,
80,20250520,85,79.24,55.56,,,,
80,20250520,86,61.82,51.27,,,,
80,20250520,87,68.45,51.02,,,,
80,20250520,88,79.94,59.79,,,,
80,20250520,89,68.23,47.87,,,,
81,20250520,1,85.77,51.11,,,,
81,20250520,2,91.40,53.57,,,,
81,20250520,3,79.57,54.21,,,,
81,20250520,4,93.83,70.00,,,,
81,20250520,5,99.76,53.24,,,,
81,20250520,6,85.59,53.51,,,,
81,20250520,7,63.35,42.30,,,,
81,20250520,8,63.09,54.68,,,,
81,20250520,9,65.50,42.60,,,,
81,20250520,10,67.98,63.35,,,,
81,20250520,11,58.52,48.99,,,,
81,20250520,12,80.51,46.79,,,,
81,20250520,13,61.19,39.57,,,,
81,20250520,14,74.24,42.91,,,,
81,20250520,15,74.25,44.96,,,,
81,20250520,16,61.45,45.05,,,,
81,20250520,17,78.69,50.98,,,,
81,20250520,18,52.30,44.03,,,,
81,20250520,19,81.29,49.20,,,,
81,20250520,20,55.86,41.41,,,,
81,20250520,21,85.27,66.64,,,,
81,20250520,22,66.17,43.25,,,,
81,20250520,23,62.05,49.09,,,,
81,20250520,24,76.83,51.88,,,,
81,20250520,25,88.96,53.46,,,,
81,20250520,26,71.81,55.45,,,,
81,20250520,27,78.74,45.29,,,,
81,20250520,28,62.80,50.59,,,,
81,20250520,29,77.46,54.43,,,,
81,20250520,30,62.40,52.86,,,,
81,20250520,31,73.36,48.91,,,,
81,20250520,32,90.79,57.86,,,,
81,20250520,33,71.33,51.96,,,,
81,20250520,34,82.79,43.91,,,,
81,20250520,35,61.70,45.35,,,,
81,20250520,36,74.42,46.03,,,,
81,20250520,37,69.68,46.43,,,,
81,20250520,38,68.32,51.67,,,,
81,20250520,39,73.37,56.82,,,,
81,20250520,40,72.83,51.47,,,,
81,20250520,41,76.64,54.62,,,,
81,20250520,42,74.27,57.18,,,,
81,20250520,43,90.72,44.58,,,,
81,20250520,44,60.57,53.51,,,,
81,20250520,45,63.35,50.36,,,,
81,20250520,46,74.79,46.77,,,,
81,20250520,47,76.23,49.67,,,,
81,20250520,48,66.31,54.09,,,,
81,20250520,49,68.97,53.59,,,,
81,20250520,50,73.46,69.52,,,,
81,20250520,51,69.04,43.15,,,,
81,20250520,52,56.56,52.34,,,,
81,20250520,53,79.44,58.71,,,,
81,20250520,54,75.08,61.44,,,,
81,20250520,55,74.81,49.87,,,,
81,20250520,56,82.01,47.49,,,,
81,20250520,57,67.33,46.74,,,,
81,20250520,58,86.52,47.12,,,,
81,20250520,59,70.77,51.49,,,,
81,20250520,60,84.39,63.37,,,,
81,20250520,61,64.33,41.89,,,,
81,20250520,62,76.89,43.78,,,,
81,20250520,63,62.80,45.72,,,,
81,20250520,64,81.60,51.15,,,,
81,20250520,65,64.79,49.64,,,,
81,20250520,66,56.65,45.08,,,,
81,20250520,67,55.94,52.18,,,,
81,20250520,68,65.73,49.68,,,,
81,20250520,69,65.70,47.66,,,,
81,20250520,70,76.52,43.73,,,,
81,20250520,71,88.75,51.02,,,,
81,20250520,72,66.77,55.49,,,,
81,20250520,73,70.21,48.94,,,,
81,20250520,74,78.86,57.97,,,,
81,20250520,75,60.02,53.94,,,,
81,20250520,76,79.57,53.72,,,,
81,20250520,77,74.24,50.32,,,,
81,20250520,78,71.45,47.88,,,,
81,20250520,79,72.01,63.41,,,,
81,20250520,80,65.69,61.78,,,,
81,20250520,81,77.97,42.15,,,,
81,20250520,82,84.81,52.68,,,,
81,20250520,83,68.97,54.43,,,,
81,20250520,84,71.49,54.42,,,,
81,20250520,85,60.36,47.62,,,,
81,20250520,86,64.91,40.49,,,,
81,20250520,87,68.51,53.29,,,,
81,20250520,88,57.54,50.39,,,,
81,20250520,89,67.62,46.84,,,,
81,20250520,90,73.12,58.85,,,,
81,20250520,91,73.64,43.11,,,,
81,20250520,92,71.20,51.83,,,,
81,20250520,93,91.48,59.24,,,,
81,20250520,94,73.82,42.69,,,,
81,20250520,95,61.40,47.08,,,,
81,20250520,96,78.32,57.11,,,,
81,20250520,97,98.94,59.52,,,,
81,20250520,98,73.03,72.73,,,,
81,20250520,99,78.59,48.97,,,,
81,20250520,100,71.41,50.94,,,,
81,20250520,101,78.99,46.83,,,,
81,20250520,102,82.43,52.86,,,,
81,20250520,103,73.66,50.70,,,,
81,20250520,104,68.69,46.66,,,,
81,20250520,105,79.11,51.38,,,,
81,20250520,106,70.78,51.26,,,,
81,20250520,107,92.75,62.45,,,,
81,20250520,108,78.95,55.94,,,,
81,20250520,109,87.21,58.01,,,,
82,20250520,1,63.17,50.35,,,,
82,20250520,2,76.55,44.58,,,,
82,20250520,3,76.55,50.75,,,,
82,20250520,4,81.56,50.49,,,,
82,20250520,5,67.31,59.67,,,,
82,20250520,6,81.92,59.29,,,,
82,20250520,7,75.08,50.75,,,,
82,20250520,8,66.34,49.29,,,,
82,20250520,9,75.76,72.60,,,,
82,20250520,10,79.04,53.84,,,,
82,20250520,11,63.48,57.02,,,,
82,20250520,12,70.71,57.96,,,,
82,20250520,13,71.49,50.55,,,,
82,20250520,14,62.04,56.51,,,,
82,20250520,15,79.85,63.94,,,,
82,20250520,16,66.03,46.76,,,,
82,20250520,17,81.10,46.89,,,,
82,20250520,18,63.47,49.46,,,,
82,20250520,19,75.63,44.03,,,,
82,20250520,20,76.47,43.26,,,,
82,20250520,21,67.51,48.85,,,,
82,20250520,22,81.02,47.12,,,,
82,20250520,23,63.27,38.62,,,,
82,20250520,24,64.27,53.89,,,,
82,20250520,25,67.33,50.50,,,,
82,20250520,26,82.38,52.18,,,,
82,20250520,27,61.88,46.40,,,,
82,20250520,28,77.59,59.84,,,,
82,20250520,29,69.59,53.14,,,,
82,20250520,30,76.16,52.07,,,,
82,20250520,31,69.53,48.64,,,,
82,20250520,32,67.33,40.32,,,,
82,20250520,33,71.21,43.52,,,,
82,20250520,34,95.48,46.10,,,,
82,20250520,35,65.97,51.00,,,,
82,20250520,36,65.42,51.99,,,,
82,20250520,37,57.48,51.21,,,,
82,20250520,38,49.94,35.80,,,,
82,20250520,39,80.53,50.68,,,,
82,20250520,40,61.49,42.12,,,,
82,20250520,41,65.91,41.10,,,,
82,20250520,42,67.35,60.44,,,,
82,20250520,43,70.20,50.59,,,,
82,20250520,44,71.86,49.06,,,,
82,20250520,45,53.17,38.23,,,,
82,20250520,46,62.27,48.65,,,,
82,20250520,47,64.54,53.16,,,,
82,20250520,48,75.18,59.52,,,,
82,20250520,49,48.23,36.80,,,,
82,20250520,50,68.01,61.61,,,,
82,20250520,51,69.76,61.08,,,,
82,20250520,52,66.77,49.55,,,,
82,20250520,53,67.96,53.79,,,,
82,20250520,54,64.35,50.02,,,,
82,20250520,55,69.59,53.88,,,,
82,20250520,56,60.46,41.27,,,,
82,20250520,57,70.02,52.78,,,,
82,20250520,58,70.55,38.89,,,,
82,20250520,59,87.06,46.14,,,,
82,20250520,60,69.61,48.83,,,,
82,20250520,61,68.94,47.44,,,,
82,20250520,62,71.78,41.43,,,,
82,20250520,63,89.63,66.59,,,,
82,20250520,64,73.95,60.23,,,,
82,20250520,65,71.51,51.63,,,,
82,20250520,66,80.61,56.91,,,,
82,20250520,67,64.68,39.71,,,,
82,20250520,68,70.51,44.40,,,,
82,20250520,69,71.49,60.90,,,,
82,20250520,70,55.87,37.74,,,,
82,20250520,71,83.49,46.64,,,,
82,20250520,72,80.97,49.46,,,,
82,20250520,73,52.12,41.14,,,,
82,20250520,74,68.85,41.83,,,,
82,20250520,75,71.09,47.11,,,,
82,20250520,76,63.18,44.02,,,,
82,20250520,77,59.42,49.89,,,,
82,20250520,78,71.13,56.37,,,,
82,20250520,79,69.39,45.24,,,,
82,20250520,80,58.90,38.54,,,,
82,20250520,81,69.26,54.96,,,,
82,20250520,82,68.36,51.81,,,,
82,20250520,83,78.83,47.07,,,,
82,20250520,84,56.30,52.18,,,,
82,20250520,85,70.64,54.93,,,,
82,20250520,86,74.30,51.54,,,,
82,20250520,87,61.42,49.95,,,,
82,20250520,88,75.48,46.71,,,,
82,20250520,89,76.85,43.15,,,,
82,20250520,90,54.16,39.85,,,,
83,20250520,1,85.17,61.59,,,,
83,20250520,2,73.09,60.96,,,,
83,20250520,3,80.60,53.59,,,,
83,20250520,4,79.53,49.71,,,,
83,20250520,5,74.91,56.60,,,,
83,20250520,6,73.02,48.36,,,,
83,20250520,7,84.28,58.41,,,,
83,20250520,8,83.03,48.66,,,,
83,20250520,9,65.70,63.80,,,,
83,20250520,10,96.19,70.19,,,,
83,20250520,11,85.20,47.34,,,,
83,20250520,12,78.31,61.30,,,,
83,20250520,13,103.68,73.94,,,,
83,20250520,14,98.01,51.60,,,,
83,20250520,15,75.89,56.02,,,,
83,20250520,16,86.68,57.11,,,,
83,20250520,17,76.64,66.34,,,,
83,20250520,18,80.30,60.05,,,,
83,20250520,19,78.17,53.29,,,,
83,20250520,20,64.93,50.63,,,,
83,20250520,21,86.35,53.06,,,,
83,20250520,22,86.66,53.90,,,,
83,20250520,23,75.08,64.69,,,,
83,20250520,24,74.08,46.22,,,,
83,20250520,25,77.38,64.30,,,,
83,20250520,26,78.77,58.42,,,,
83,20250520,27,57.11,43.82,,,,
83,20250520,28,84.59,69.10,,,,
83,20250520,29,75.97,58.74,,,,
83,20250520,30,78.17,56.36,,,,
83,20250520,31,85.37,60.23,,,,
83,20250520,32,74.61,48.36,,,,
83,20250520,33,89.64,65.82,,,,
83,20250520,34,73.41,52.27,,,,
83,20250520,35,79.88,48.61,,,,
83,20250520,36,68.97,57.72,,,,
83,20250520,37,87.85,57.96,,,,
83,20250520,38,85.56,65.28,,,,
83,20250520,39,86.07,48.64,,,,
83,20250520,40,104.12,61.80,,,,
83,20250520,41,93.08,54.21,,,,
83,20250520,42,78.98,54.53,,,,
83,20250520,43,64.50,37.67,,,,
83,20250520,44,62.06,44.76,,,,
83,20250520,45,60.29,48.62,,,,
83,20250520,46,74.35,53.21,,,,
83,20250520,47,74.97,57.72,,,,
83,20250520,48,69.21,52.54,,,,
83,20250520,49,67.69,55.31,,,,
83,20250520,50,79.49,57.77,,,,
83,20250520,51,49.71,38.69,,,,
83,20250520,52,60.14,50.88,,,,
83,20250520,53,69.22,53.82,,,,
83,20250520,54,72.06,49.38,,,,
83,20250520,55,84.26,61.17,,,,
83,20250520,56,67.55,51.60,,,,
83,20250520,57,66.19,62.10,,,,
83,20250520,58,83.13,52.90,,,,
83,20250520,59,85.21,58.60,,,,
83,20250520,60,72.35,50.63,,,,
83,20250520,61,58.53,43.05,,,,
83,20250520,62,57.28,48.88,,,,
83,20250520,63,64.87,41.53,,,,
83,20250520,64,76.88,58.71,,,,
83,20250520,65,88.22,61.43,,,,
83,20250520,66,75.13,55.36,,,,
83,20250520,67,92.96,59.40,,,,
83,20250520,68,57.17,53.92,,,,
83,20250520,69,81.97,63.08,,,,
83,20250520,70,84.26,84.02,,,,
83,20250520,71,100.26,67.96,,,,
83,20250520,72,81.82,47.34,,,,
83,20250520,73,82.51,65.47,,,,
83,20250520,74,73.58,56.17,,,,
83,20250520,75,58.03,46.81,,,,
83,20250520,76,72.01,53.50,,,,
83,20250520,77,69.99,42.50,,,,
83,20250520,78,69.52,53.13,,,,
83,20250520,79,87.40,57.32,,,,
83,20250520,80,61.77,42.58,,,,
83,20250520,81,74.61,67.75,,,,
83,20250520,82,57.22,53.62,,,,
83,20250520,83,73.14,54.81,,,,
83,20250520,84,67.05,46.47,,,,
83,20250520,85,68.65,50.27,,,,
83,20250520,86,90.51,61.89,,,,
83,20250520,87,91.84,50.12,,,,
83,20250520,88,106.66,62.12,,,,
83,20250520,89,80.67,44.13,,,,
83,20250520,90,71.91,51.49,,,,
83,20250520,91,79.93,64.00,,,,
83,20250520,92,72.84,56.41,,,,
83,20250520,93,73.56,52.54,,,,
83,20250520,94,62.55,52.26,,,,
83,20250520,95,61.99,48.50,,,,
83,20250520,96,66.74,52.76,,,,
84,20250520,1,94.48,69.49,,,,
84,20250520,2,77.70,63.07,,,,
84,20250520,3,95.66,50.82,,,,
84,20250520,4,93.20,65.28,,,,
84,20250520,5,82.07,59.00,,,,
84,20250520,6,81.33,52.54,,,,
84,20250520,7,92.24,54.93,,,,
84,20250520,8,80.75,46.35,,,,
84,20250520,9,62.09,49.46,,,,
84,20250520,10,76.81,55.27,,,,
84,20250520,11,64.58,49.76,,,,
84,20250520,12,86.68,49.03,,,,
84,20250520,13,80.22,61.85,,,,
84,20250520,14,71.59,51.67,,,,
84,20250520,15,63.79,55.88,,,,
84,20250520,16,72.99,42.36,,,,
84,20250520,17,71.23,70.36,,,,
84,20250520,18,78.11,63.43,,,,
84,20250520,19,83.08,66.50,,,,
84,20250520,20,83.21,55.19,,,,
84,20250520,21,64.61,52.62,,,,
84,20250520,22,75.61,58.70,,,,
84,20250520,23,71.94,60.27,,,,
84,20250520,24,73.46,49.67,,,,
84,20250520,25,71.17,51.75,,,,
84,20250520,26,76.48,57.10,,,,
84,20250520,27,78.46,52.15,,,,
84,20250520,28,59.59,46.28,,,,
84,20250520,29,73.41,41.97,,,,
84,20250520,30,66.26,56.77,,,,
84,20250520,31,77.23,63.31,,,,
84,20250520,32,81.36,50.75,,,,
84,20250520,33,81.96,52.72,,,,
84,20250520,34,83.41,48.20,,,,
84,20250520,35,65.89,58.09,,,,
84,20250520,36,68.94,47.37,,,,
84,20250520,37,63.32,56.83,,,,
84,20250520,38,76.69,52.12,,,,
84,20250520,39,76.58,62.15,,,,
84,20250520,40,83.92,57.57,,,,
84,20250520,41,64.46,46.27,,,,
84,20250520,42,63.72,45.11,,,,
84,20250520,43,67.35,51.75,,,,
84,20250520,44,66.80,52.91,,,,
84,20250520,45,66.93,41.96,,,,
84,20250520,46,77.69,60.31,,,,
84,20250520,47,61.16,40.05,,,,
84,20250520,48,92.77,50.77,,,,
84,20250520,49,79.52,48.82,,,,
84,20250520,50,89.83,56.80,,,,
84,20250520,51,63.49,39.22,,,,
84,20250520,52,82.43,49.26,,,,
84,20250520,53,66.26,61.41,,,,
84,20250520,54,80.92,42.61,,,,
84,20250520,55,67.47,56.68,,,,
84,20250520,56,82.49,77.28,,,,
84,20250520,57,85.76,62.88,,,,
84,20250520,58,84.92,52.30,,,,
84,20250520,59,70.84,56.90,,,,
84,20250520,60,58.56,55.94,,,,
84,20250520,61,71.85,53.59,,,,
84,20250520,62,95.29,54.64,,,,
84,20250520,63,75.50,56.32,,,,
84,20250520,64,70.41,48.71,,,,
84,20250520,65,62.35,55.32,,,,
84,20250520,66,80.22,54.33,,,,
84,20250520,67,67.85,53.53,,,,
84,20250520,68,66.67,45.55,,,,
84,20250520,69,66.46,54.72,,,,
84,20250520,70,72.52,56.46,,,,
84,20250520,71,64.14,52.41,,,,
84,20250520,72,74.18,58.04,,,,
84,20250520,73,64.46,43.73,,,,
84,20250520,74,66.59,58.54,,,,
84,20250520,75,68.96,53.67,,,,
84,20250520,76,79.37,43.20,,,,
84,20250520,77,52.54,45.87,,,,
84,20250520,78,81.19,45.51,,,,
84,20250520,79,80.23,51.67,,,,
84,20250520,80,61.10,44.89,,,,
84,20250520,81,63.72,54.02,,,,
84,20250520,82,64.87,54.05,,,,
84,20250520,83,83.00,66.15,,,,
84,20250520,84,53.82,37.28,,,,
84,20250520,85,75.86,48.56,,,,
84,20250520,86,76.51,53.58,,,,
84,20250520,87,62.58,54.74,,,,
84,20250520,88,63.71,57.19,,,,
84,20250520,89,73.97,59.80,,,,
84,20250520,90,85.51,53.53,,,,
84,20250520,91,87.83,56.00,,,,
84,20250520,92,64.81,53.71,,,,
84,20250520,93,73.23,57.41,,,,
84,20250520,94,70.42,52.04,,,,
84,20250520,95,73.44,56.72,,,,
84,20250520,96,83.97,58.63,,,,
84,20250520,97,62.98,43.24,,,,
84,20250520,98,73.13,54.05,,,,
84,20250520,99,78.21,53.83,,,,
84,20250520,100,65.81,53.08,,,,
84,20250520,101,58.68,49.79,,,,
84,20250520,102,84.09,51.65,,,,
84,20250520,103,80.00,51.80,,,,
84,20250520,104,73.32,57.62,,,,
84,20250520,105,70.97,51.78,,,,
84,20250520,106,70.55,49.75,,,,
84,20250520,107,78.71,63.75,,,,
84,20250520,108,76.36,66.03,,,,
84,20250520,109,81.50,53.17,,,,
84,20250520,110,91.72,50.10,,,,
84,20250520,111,82.76,50.10,,,,
84,20250520,112,88.25,68.55,,,,
84,20250520,113,65.08,40.98,,,,
85,20250520,1,84.83,70.58,,,,
85,20250520,2,98.57,60.61,,,,
85,20250520,3,70.37,52.25,,,,
85,20250520,4,82.81,61.83,,,,
85,20250520,5,83.18,51.08,,,,
85,20250520,6,68.06,58.19,,,,
85,20250520,7,65.92,46.03,,,,
85,20250520,8,77.34,49.61,,,,
85,20250520,9,68.13,46.98,,,,
85,20250520,10,75.72,51.30,,,,
85,20250520,11,95.92,53.17,,,,
85,20250520,12,82.81,46.24,,,,
85,20250520,13,77.07,46.98,,,,
85,20250520,14,97.38,53.91,,,,
85,20250520,15,89.23,45.22,,,,
85,20250520,16,76.10,66.38,,,,
85,20250520,17,67.70,55.40,,,,
85,20250520,18,79.42,48.96,,,,
85,20250520,19,79.66,58.79,,,,
85,20250520,20,70.97,58.93,,,,
85,20250520,21,63.47,61.60,,,,
85,20250520,22,80.86,60.81,,,,
85,20250520,23,87.92,59.64,,,,
85,20250520,24,78.86,55.84,,,,
85,20250520,25,79.94,51.85,,,,
85,20250520,26,56.77,53.14,,,,
85,20250520,27,92.11,65.11,,,,
85,20250520,28,76.74,76.05,,,,
85,20250520,29,56.34,53.41,,,,
85,20250520,30,71.85,59.27,,,,
85,20250520,31,60.80,45.41,,,,
85,20250520,32,70.16,49.16,,,,
85,20250520,33,69.23,64.17,,,,
85,20250520,34,72.94,48.34,,,,
85,20250520,35,88.94,50.98,,,,
85,20250520,36,87.68,55.77,,,,
85,20250520,37,65.69,41.82,,,,
85,20250520,38,78.74,47.56,,,,
85,20250520,39,76.08,52.55,,,,
85,20250520,40,76.37,58.06,,,,
85,20250520,41,72.69,54.48,,,,
85,20250520,42,74.63,65.91,,,,
85,20250520,43,83.79,57.79,,,,
85,20250520,44,84.61,55.71,,,,
85,20250520,45,91.53,56.83,,,,
85,20250520,46,91.80,64.14,,,,
85,20250520,47,68.21,51.67,,,,
85,20250520,48,89.44,63.68,,,,
85,20250520,49,90.22,58.78,,,,
85,20250520,50,71.87,56.77,,,,
85,20250520,51,95.92,50.82,,,,
85,20250520,52,72.72,56.98,,,,
85,20250520,53,69.93,44.63,,,,
85,20250520,54,55.99,42.84,,,,
85,20250520,55,80.83,59.17,,,,
85,20250520,56,74.94,55.59,,,,
85,20250520,57,65.80,63.07,,,,
85,20250520,58,79.24,54.44,,,,
85,20250520,59,80.74,48.37,,,,
85,20250520,60,63.53,42.53,,,,
85,20250520,61,83.68,57.54,,,,
85,20250520,62,74.68,60.28,,,,
85,20250520,63,93.80,54.36,,,,
85,20250520,64,78.39,56.08,,,,
85,20250520,65,78.77,47.81,,,,
85,20250520,66,76.00,58.35,,,,
85,20250520,67,76.21,54.80,,,,
85,20250520,68,63.76,50.89,,,,
85,20250520,69,79.14,56.58,,,,
85,20250520,70,70.42,61.65,,,,
85,20250520,71,68.59,47.89,,,,
85,20250520,72,65.94,52.33,,,,
85,20250520,73,64.20,51.66,,,,
85,20250520,74,58.00,57.56,,,,
85,20250520,75,81.98,52.18,,,,
85,20250520,76,68.83,42.86,,,,
85,20250520,77,81.75,49.45,,,,
85,20250520,78,74.36,50.79,,,,
85,20250520,79,89.10,52.20,,,,
85,20250520,80,59.10,55.67,,,,
85,20250520,81,70.37,49.14,,,,
85,20250520,82,67.83,54.10,,,,
85,20250520,83,81.94,54.17,,,,
85,20250520,84,63.26,49.34,,,,
85,20250520,85,80.76,57.28,,,,
85,20250520,86,64.67,50.83,,,,
85,20250520,87,76.32,57.91,,,,
85,20250520,88,68.09,48.96,,,,
85,20250520,89,50.60,38.37,,,,
85,20250520,90,71.92,51.54,,,,
85,20250520,91,57.03,49.79,,,,
85,20250520,92,60.58,46.76,,,,
85,20250520,93,58.27,55.02,,,,
85,20250520,94,74.75,52.85,,,,
85,20250520,95,59.91,59.78,,,,
85,20250520,96,64.24,62.38,,,,
85,20250520,97,60.58,44.76,,,,
85,20250520,98,67.70,45.73,,,,
85,20250520,99,65.51,43.05,,,,
85,20250520,100,75.11,56.61,,,,
85,20250520,101,61.51,63.58,,,,
85,20250520,102,74.54,57.19,,,,
85,20250520,103,59.12,47.51,,,,
85,20250520,104,83.11,51.99,,,,
85,20250520,105,94.80,58.09,,,,
85,20250520,106,80.65,50.23,,,,
85,20250520,107,58.99,41.67,,,,
85,20250520,108,65.88,62.39,,,,
86,20250520,1,72.30,51.56,,,,
86,20250520,2,61.59,40.23,,,,
86,20250520,3,78.77,55.76,,,,
86,20250520,4,86.19,61.74,,,,
86,20250520,5,73.85,65.59,,,,
86,20250520,6,82.06,53.87,,,,
86,20250520,7,71.92,61.86,,,,
86,20250520,8,68.99,51.52,,,,
86,20250520,9,80.05,53.97,,,,
86,20250520,10,81.14,49.97,,,,
86,20250520,11,86.22,60.54,,,,
86,20250520,12,71.70,61.68,,,,
86,20250520,13,85.47,55.80,,,,
86,20250520,14,76.09,68.99,,,,
86,20250520,15,83.42,55.66,,,,
86,20250520,16,96.60,61.02,,,,
86,20250520,17,75.91,46.68,,,,
86,20250520,18,86.06,55.34,,,,
86,20250520,19,70.90,56.76,,,,
86,20250520,20,69.56,47.92,,,,
86,20250520,21,85.40,53.21,,,,
86,20250520,22,78.51,48.40,,,,
86,20250520,23,73.20,52.63,,,,
86,20250520,24,80.96,45.12,,,,
86,20250520,25,73.46,48.19,,,,
86,20250520,26,69.55,49.19,,,,
86,20250520,27,82.97,56.56,,,,
86,20250520,28,91.07,45.66,,,,
86,20250520,29,85.96,66.49,,,,
86,20250520,30,64.83,48.57,,,,
86,20250520,31,85.98,58.82,,,,
86,20250520,32,70.88,49.91,,,,
86,20250520,33,95.39,49.71,,,,
86,20250520,34,89.39,61.30,,,,
86,20250520,35,75.66,57.68,,,,
86,20250520,36,90.28,51.93,,,,
86,20250520,37,87.46,47.25,,,,
86,20250520,38,84.76,62.09,,,,
86,20250520,39,84.81,59.34,,,,
86,20250520,40,82.01,49.08,,,,
86,20250520,41,69.04,50.33,,,,
86,20250520,42,87.51,57.33,,,,
86,20250520,43,83.75,66.32,,,,
86,20250520,44,56.13,55.40,,,,
86,20250520,45,77.98,63.97,,,,
86,20250520,46,101.69,67.06,,,,
86,20250520,47,78.94,52.06,,,,
86,20250520,48,87.94,60.37,,,,
86,20250520,49,91.79,56.97,,,,
86,20250520,50,84.12,49.78,,,,
86,20250520,51,72.64,54.43,,,,
86,20250520,52,89.14,54.41,,,,
86,20250520,53,92.13,68.12,,,,
86,20250520,54,69.28,53.04,,,,
86,20250520,55,72.97,58.12,,,,
86,20250520,56,71.73,59.43,,,,
86,20250520,57,75.56,69.51,,,,
86,20250520,58,72.14,58.54,,,,
86,20250520,59,84.15,55.23,,,,
86,20250520,60,83.82,54.67,,,,
86,20250520,61,77.92,52.93,,,,
86,20250520,62,79.34,57.71,,,,
86,20250520,63,74.10,64.94,,,,
86,20250520,64,95.29,55.77,,,,
86,20250520,65,81.07,56.59,,,,
86,20250520,66,58.51,42.99,,,,
86,20250520,67,69.66,52.45,,,,
86,20250520,68,91.54,47.42,,,,
86,20250520,69,84.84,64.46,,,,
86,20250520,70,81.52,50.68,,,,
86,20250520,71,58.51,50.33,,,,
86,20250520,72,91.25,48.43,,,,
86,20250520,73,87.33,52.33,,,,
86,20250520,74,87.32,50.75,,,,
86,20250520,75,76.63,59.28,,,,
86,20250520,76,83.42,50.68,,,,
86,20250520,77,77.80,45.37,,,,
86,20250520,78,77.06,40.44,,,,
86,20250520,79,95.54,55.32,,,,
86,20250520,80,90.07,57.04,,,,
86,20250520,81,72.29,55.58,,,,
86,20250520,82,77.96,61.88,,,,
86,20250520,83,71.64,58.58,,,,
86,20250520,84,56.70,55.77,,,,
86,20250520,85,77.28,57.21,,,,
86,20250520,86,86.98,51.36,,,,
86,20250520,87,74.62,50.57,,,,
86,20250520,88,87.33,59.22,,,,
86,20250520,89,81.82,44.62,,,,
86,20250520,90,55.02,33.53,,,,
86,20250520,91,76.66,45.08,,,,
86,20250520,92,86.47,58.98,,,,
86,20250520,93,84.19,59.90,,,,
86,20250520,94,58.20,50.75,,,,
86,20250520,95,101.97,65.31,,,,
86,20250520,96,90.92,61.46,,,,
87,20250520,1,74.09,43.69,,,,
87,20250520,2,83.79,53.23,,,,
87,20250520,3,69.66,52.45,,,,
87,20250520,4,91.25,59.59,,,,
87,20250520,5,68.30,43.40,,,,
87,20250520,6,78.36,49.10,,,,
87,20250520,7,67.48,65.02,,,,
87,20250520,8,75.84,54.27,,,,
87,20250520,9,65.82,59.68,,,,
87,20250520,10,58.67,44.10,,,,
87,20250520,11,68.06,57.06,,,,
87,20250520,12,54.06,45.04,,,,
87,20250520,13,67.06,43.20,,,,
87,20250520,14,57.31,47.25,,,,
87,20250520,15,64.31,48.09,,,,
87,20250520,16,71.45,44.66,,,,
87,20250520,17,52.69,47.60,,,,
87,20250520,18,74.43,66.60,,,,
87,20250520,19,62.85,55.39,,,,
87,20250520,20,69.92,64.51,,,,
87,20250520,21,90.58,47.40,,,,
87,20250520,22,66.81,48.96,,,,
87,20250520,23,73.34,50.99,,,,
87,20250520,24,69.38,42.61,,,,
87,20250520,25,83.32,57.96,,,,
87,20250520,26,76.07,50.72,,,,
87,20250520,27,63.44,49.38,,,,
87,20250520,28,45.21,38.65,,,,
87,20250520,29,65.52,42.53,,,,
87,20250520,30,96.48,45.65,,,,
87,20250520,31,61.31,38.54,,,,
87,20250520,32,51.49,36.99,,,,
87,20250520,33,60.26,36.94,,,,
87,20250520,34,64.85,46.57,,,,
87,20250520,35,60.44,43.28,,,,
87,20250520,36,73.13,48.95,,,,
87,20250520,37,65.98,43.53,,,,
87,20250520,38,79.00,51.51,,,,
87,20250520,39,67.65,46.47,,,,
87,20250520,40,67.37,43.23,,,,
87,20250520,41,63.52,54.18,,,,
87,20250520,42,63.64,53.59,,,,
87,20250520,43,59.54,47.72,,,,
87,20250520,44,73.61,51.31,,,,
87,20250520,45,83.44,46.70,,,,
87,20250520,46,79.93,51.61,,,,
87,20250520,47,60.32,54.18,,,,
87,20250520,48,82.33,67.08,,,,
87,20250520,49,65.70,44.87,,,,
87,20250520,50,58.80,42.51,,,,
87,20250520,51,69.62,50.30,,,,
87,20250520,52,59.98,51.46,,,,
87,20250520,53,58.64,44.32,,,,
87,20250520,54,60.65,45.30,,,,
87,20250520,55,66.74,55.57,,,,
87,20250520,56,58.67,47.34,,,,
87,20250520,57,61.32,39.48,,,,
87,20250520,58,62.32,42.22,,,,
87,20250520,59,57.44,53.20,,,,
87,20250520,60,66.93,49.93,,,,
87,20250520,61,76.79,65.70,,,,
87,20250520,62,78.90,51.32,,,,
87,20250520,63,64.44,48.02,,,,
87,20250520,64,64.32,56.29,,,,
87,20250520,65,54.89,49.40,,,,
87,20250520,66,65.24,43.54,,,,
87,20250520,67,54.09,46.18,,,,
87,20250520,68,61.25,45.43,,,,
87,20250520,69,59.86,35.82,,,,
87,20250520,70,64.35,51.31,,,,
87,20250520,71,67.22,35.99,,,,
87,20250520,72,43.87,40.62,,,,
87,20250520,73,59.04,43.71,,,,
87,20250520,74,50.42,35.21,,,,
87,20250520,75,53.80,37.80,,,,
87,20250520,76,57.19,38.97,,,,
87,20250520,77,67.80,50.53,,,,
87,20250520,78,94.48,59.02,,,,
87,20250520,79,80.66,53.25,,,,
87,20250520,80,77.26,49.40,,,,
87,20250520,81,85.91,66.45,,,,
87,20250520,82,63.25,50.88,,,,
87,20250520,83,77.44,46.99,,,,
87,20250520,84,74.92,62.88,,,,
87,20250520,85,78.65,50.91,,,,
87,20250520,86,71.65,46.15,,,,
87,20250520,87,77.70,63.78,,,,
87,20250520,88,59.25,39.81,,,,
87,20250520,89,46.88,36.82,,,,
87,20250520,90,62.57,44.10,,,,
87,20250520,91,64.92,36.56,,,,
87,20250520,92,53.19,38.11,,,,
87,20250520,93,80.01,50.88,,,,
87,20250520,94,59.58,42.84,,,,
87,20250520,95,60.59,47.34,,,,
88,20250520,1,80.23,55.59,,,,
88,20250520,2,85.71,59.44,,,,
88,20250520,3,84.47,70.12,,,,
88,20250520,4,78.94,67.59,,,,
88,20250520,5,68.69,54.69,,,,
88,20250520,6,81.38,56.58,,,,
88,20250520,7,76.88,59.47,,,,
88,20250520,8,73.54,53.06,,,,
88,20250520,9,66.30,53.20,,,,
88,20250520,10,92.12,48.67,,,,
88,20250520,11,70.29,44.38,,,,
88,20250520,12,74.66,53.91,,,,
88,20250520,13,83.63,60.11,,,,
88,20250520,14,89.11,57.54,,,,
88,20250520,15,78.59,52.48,,,,
88,20250520,16,66.28,46.24,,,,
88,20250520,17,77.48,60.90,,,,
88,20250520,18,90.85,57.92,,,,
88,20250520,19,79.92,50.69,,,,
88,20250520,20,70.89,51.21,,,,
88,20250520,21,64.32,55.23,,,,
88,20250520,22,60.55,55.35,,,,
88,20250520,23,73.45,49.89,,,,
88,20250520,24,76.30,49.08,,,,
88,20250520,25,71.29,41.86,,,,
88,20250520,26,78.45,57.18,,,,
88,20250520,27,82.07,56.66,,,,
88,20250520,28,75.87,62.74,,,,
88,20250520,29,82.87,58.08,,,,
88,20250520,30,87.00,53.12,,,,
88,20250520,31,63.20,50.22,,,,
88,20250520,32,72.68,50.47,,,,
88,20250520,33,76.71,46.39,,,,
88,20250520,34,66.49,47.26,,,,
88,20250520,35,75.87,57.20,,,,
88,20250520,36,70.71,50.08,,,,
88,20250520,37,87.49,51.25,,,,
88,20250520,38,81.72,53.39,,,,
88,20250520,39,68.23,50.87,,,,
88,20250520,40,77.14,64.50,,,,
88,20250520,41,78.56,55.14,,,,
88,20250520,42,90.27,52.17,,,,
88,20250520,43,66.49,49.70,,,,
88,20250520,44,87.84,62.25,,,,
88,20250520,45,79.20,54.71,,,,
88,20250520,46,82.76,58.08,,,,
88,20250520,47,77.96,59.05,,,,
88,20250520,48,84.46,52.34,,,,
88,20250520,49,86.32,47.95,,,,
88,20250520,50,78.64,64.79,,,,
88,20250520,51,92.22,52.41,,,,
88,20250520,52,84.34,52.89,,,,
88,20250520,53,64.87,54.75,,,,
88,20250520,54,72.04,41.42,,,,
88,20250520,55,81.68,58.14,,,,
88,20250520,56,72.22,60.58,,,,
88,20250520,57,62.10,49.08,,,,
88,20250520,58,75.25,58.47,,,,
88,20250520,59,79.65,51.68,,,,
88,20250520,60,72.90,50.22,,,,
88,20250520,61,82.97,56.03,,,,
88,20250520,62,78.90,56.51,,,,
88,20250520,63,81.42,63.12,,,,
88,20250520,64,85.90,58.57,,,,
88,20250520,65,68.65,53.49,,,,
88,20250520,66,71.32,45.04,,,,
88,20250520,67,77.57,60.95,,,,
88,20250520,68,81.65,65.31,,,,
88,20250520,69,82.44,52.31,,,,
88,20250520,70,75.25,54.70,,,,
88,20250520,71,76.11,45.73,,,,
88,20250520,72,70.11,53.30,,,,
88,20250520,73,81.59,58.67,,,,
88,20250520,74,74.02,53.43,,,,
88,20250520,75,83.52,56.51,,,,
88,20250520,76,73.97,49.14,,,,
88,20250520,77,66.66,56.51,,,,
88,20250520,78,81.89,61.80,,,,
88,20250520,79,69.04,53.34,,,,
88,20250520,80,55.06,51.08,,,,
88,20250520,81,85.18,54.44,,,,
88,20250520,82,85.90,57.03,,,,
88,20250520,83,75.11,45.61,,,,
88,20250520,84,90.97,83.64,,,,
88,20250520,85,86.54,55.55,,,,
88,20250520,86,67.14,45.38,,,,
88,20250520,87,89.74,57.82,,,,
88,20250520,88,81.40,55.06,,,,
88,20250520,89,73.99,63.02,,,,
88,20250520,90,65.88,47.14,,,,
88,20250520,91,70.14,57.60,,,,
88,20250520,92,85.50,48.80,,,,
88,20250520,93,75.24,49.10,,,,
88,20250520,94,87.21,57.47,,,,
88,20250520,95,80.00,47.35,,,,
88,20250520,96,84.14,67.38,,,,
88,20250520,97,93.89,53.10,,,,
88,20250520,98,70.65,55.23,,,,
88,20250520,99,73.24,59.89,,,,
88,20250520,100,65.57,54.37,,,,
88,20250520,101,77.05,56.22,,,,
88,20250520,102,69.37,47.05,,,,
88,20250520,103,60.93,43.50,,,,
88,20250520,104,78.02,60.92,,,,
91,20250520,1,85.96,59.57,,,,
91,20250520,2,70.27,57.86,,,,
91,20250520,3,82.65,54.43,,,,
91,20250520,4,54.17,48.86,,,,
91,20250520,5,77.66,74.72,,,,
91,20250520,6,62.76,48.84,,,,
91,20250520,7,66.44,46.43,,,,
91,20250520,8,79.12,57.27,,,,
91,20250520,9,69.70,50.41,,,,
91,20250520,10,66.60,44.96,,,,
91,20250520,11,69.30,47.71,,,,
91,20250520,12,72.80,60.21,,,,
91,20250520,13,63.38,59.42,,,,
91,20250520,14,71.46,50.79,,,,
91,20250520,15,73.19,49.13,,,,
91,20250520,16,58.62,52.09,,,,
91,20250520,17,64.47,54.77,,,,
91,20250520,18,65.54,60.86,,,,
91,20250520,19,67.86,48.58,,,,
91,20250520,20,73.97,58.64,,,,
91,20250520,21,78.70,55.70,,,,
91,20250520,22,49.69,46.19,,,,
91,20250520,23,72.66,67.53,,,,
91,20250520,24,67.44,46.51,,,,
91,20250520,25,87.67,45.52,,,,
91,20250520,26,83.08,36.77,,,,
91,20250520,27,63.71,42.76,,,,
91,20250520,28,71.88,49.13,,,,
91,20250520,29,68.76,49.48,,,,
91,20250520,30,73.37,53.15,,,,
91,20250520,31,67.33,40.39,,,,
91,20250520,32,78.60,59.70,,,,
91,20250520,33,76.53,46.79,,,,
91,20250520,34,88.93,56.70,,,,
91,20250520,35,70.17,51.77,,,,
91,20250520,36,86.82,62.88,,,,
91,20250520,37,79.76,55.46,,,,
91,20250520,38,86.82,54.43,,,,
91,20250520,39,96.11,67.65,,,,
91,20250520,40,84.10,66.34,,,,
91,20250520,41,79.23,55.84,,,,
91,20250520,42,69.57,61.88,,,,
91,20250520,43,65.21,54.27,,,,
91,20250520,44,84.83,58.62,,,,
91,20250520,45,54.65,51.55,,,,
91,20250520,46,71.93,64.42,,,,
91,20250520,47,92.53,61.48,,,,
91,20250520,48,89.78,49.43,,,,
91,20250520,49,70.85,57.56,,,,
91,20250520,50,66.39,45.52,,,,
91,20250520,51,72.62,55.16,,,,
91,20250520,52,70.38,54.96,,,,
91,20250520,53,61.41,53.93,,,,
91,20250520,54,80.37,37.18,,,,
91,20250520,55,66.30,46.79,,,,
91,20250520,56,56.78,56.04,,,,
91,20250520,57,68.37,53.87,,,,
91,20250520,58,60.78,41.45,,,,
91,20250520,59,70.41,54.43,,,,
91,20250520,60,79.09,63.59,,,,
91,20250520,61,63.71,51.64,,,,
91,20250520,62,93.22,48.99,,,,
91,20250520,63,78.56,52.22,,,,
91,20250520,64,69.38,62.59,,,,
91,20250520,65,72.07,45.83,,,,
91,20250520,66,62.94,50.96,,,,
91,20250520,67,79.48,47.27,,,,
91,20250520,68,68.14,58.88,,,,
91,20250520,69,68.51,56.70,,,,
91,20250520,70,64.90,51.64,,,,
91,20250520,71,49.62,52.57,,,,
91,20250520,72,62.61,49.55,,,,
91,20250520,73,75.76,44.85,,,,
91,20250520,74,70.97,57.91,,,,
91,20250520,75,95.29,63.48,,,,
91,20250520,76,80.92,56.77,,,,
91,20250520,77,71.56,52.81,,,,
91,20250520,78,68.47,43.10,,,,
91,20250520,79,80.57,57.32,,,,
91,20250520,80,83.18,50.18,,,,
91,20250520,81,81.51,60.05,,,,
91,20250520,82,67.34,40.95,,,,
91,20250520,83,74.05,46.43,,,,
91,20250520,84,67.79,45.83,,,,
91,20250520,85,75.43,56.90,,,,
91,20250520,86,66.28,51.42,,,,
91,20250520,87,81.65,68.85,,,,
91,20250520,88,66.81,61.54,,,,
91,20250520,89,86.21,58.93,,,,
91,20250520,90,79.76,40.50,,,,
91,20250520,91,70.91,50.79,,,,
91,20250520,92,51.64,43.88,,,,
91,20250520,93,65.34,46.22,,,,
91,20250520,94,66.65,54.38,,,,
91,20250520,95,60.78,49.82,,,,
94,20250520,1,93.65,55.65,,,,
94,20250520,2,91.53,61.46,,,,
94,20250520,3,88.68,69.54,,,,
94,20250520,4,60.00,47.84,,,,
94,20250520,5,75.70,57.66,,,,
94,20250520,6,66.34,52.91,,,,
94,20250520,7,67.90,67.81,,,,
94,20250520,8,77.67,60.22,,,,
94,20250520,9,85.14,57.66,,,,
94,20250520,10,62.43,45.61,,,,
94,20250520,11,56.23,55.92,,,,
94,20250520,12,75.96,52.66,,,,
94,20250520,13,75.43,52.06,,,,
94,20250520,14,65.82,61.46,,,,
94,20250520,15,48.94,43.73,,,,
94,20250520,16,70.04,40.84,,,,
94,20250520,17,64.13,51.35,,,,
94,20250520,18,64.65,46.10,,,,
94,20250520,19,73.74,48.05,,,,
94,20250520,20,90.57,66.61,,,,
94,20250520,21,103.21,57.58,,,,
94,20250520,22,63.90,42.33,,,,
94,20250520,23,75.51,62.41,,,,
94,20250520,24,69.34,67.20,,,,
94,20250520,25,63.48,51.73,,,,
94,20250520,26,76.91,66.68,,,,
94,20250520,27,74.71,49.93,,,,
94,20250520,28,58.90,50.54,,,,
94,20250520,29,67.12,57.25,,,,
94,20250520,30,65.31,47.19,,,,
94,20250520,31,76.42,54.72,,,,
94,20250520,32,82.65,53.23,,,,
94,20250520,33,66.00,50.24,,,,
94,20250520,34,67.20,44.60,,,,
94,20250520,35,99.47,53.39,,,,
94,20250520,36,87.70,55.20,,,,
94,20250520,37,95.43,62.44,,,,
94,20250520,38,80.51,44.34,,,,
94,20250520,39,79.81,56.31,,,,
94,20250520,40,69.09,50.41,,,,
94,20250520,41,88.81,67.87,,,,
94,20250520,42,64.35,52.44,,,,
94,20250520,43,87.70,51.54,,,,
94,20250520,44,80.71,56.96,,,,
94,20250520,45,96.75,47.46,,,,
94,20250520,46,81.39,53.96,,,,
94,20250520,47,62.95,48.13,,,,
94,20250520,48,66.00,48.85,,,,
94,20250520,49,62.33,55.47,,,,
94,20250520,50,73.78,44.11,,,,
94,20250520,51,74.17,59.33,,,,
94,20250520,52,78.37,39.82,,,,
94,20250520,53,78.51,48.15,,,,
94,20250520,54,91.60,52.44,,,,
94,20250520,55,81.87,50.64,,,,
94,20250520,56,97.45,47.37,,,,
94,20250520,57,68.82,46.54,,,,
94,20250520,58,71.79,49.76,,,,
94,20250520,59,74.43,40.93,,,,
94,20250520,60,57.46,50.90,,,,
94,20250520,61,69.61,47.92,,,,
94,20250520,62,61.72,46.33,,,,
94,20250520,63,58.04,54.27,,,,
94,20250520,64,52.05,43.64,,,,
94,20250520,65,75.04,56.44,,,,
94,20250520,66,88.60,47.99,,,,
94,20250520,67,63.68,49.72,,,,
94,20250520,68,65.57,46.89,,,,
94,20250520,69,66.74,52.44,,,,
94,20250520,70,68.33,54.16,,,,
94,20250520,71,66.00,44.75,,,,
94,20250520,72,68.96,47.02,,,,
94,20250520,73,73.76,42.61,,,,
94,20250520,74,70.17,34.60,,,,
94,20250520,75,57.87,40.84,,,,
94,20250520,76,78.70,59.46,,,,
94,20250520,77,93.49,51.05,,,,
94,20250520,78,81.20,52.72,,,,
94,20250520,79,62.49,48.05,,,,
94,20250520,80,102.64,65.14,,,,
94,20250520,81,99.70,62.93,,,,
94,20250520,82,76.88,46.06,,,,
94,20250520,83,61.47,50.70,,,,
94,20250520,84,66.86,36.72,,,,
94,20250520,85,67.39,50.64,,,,
94,20250520,86,81.84,70.41,,,,
94,20250520,87,72.43,53.50,,,,
94,20250520,88,63.65,60.67,,,,
94,20250520,89,68.54,51.50,,,,
94,20250520,90,61.24,57.91,,,,
94,20250520,91,57.68,52.96,,,,
94,20250520,92,75.44,44.22,,,,
94,20250520,93,68.71,49.44,,,,
94,20250520,94,74.20,53.87,,,,
94,20250520,95,73.22,45.01,,,,
94,20250520,96,67.89,48.59,,,,
94,20250520,97,72.58,51.17,,,,
94,20250520,98,84.80,55.45,,,,
94,20250520,99,75.44,51.78,,,,
94,20250520,100,86.87,55.31,,,,
94,20250520,101,72.97,59.08,,,,
94,20250520,102,70.17,60.05,,,,
94,20250520,103,69.05,47.01,,,,
94,20250520,104,76.70,49.20,,,,
94,20250520,105,71.16,51.28,,,,
94,20250520,106,72.25,54.03,,,,
95,20250520,1,81.21,70.22,,,,
95,20250520,2,77.99,55.65,,,,
95,20250520,3,68.45,57.38,,,,
95,20250520,4,70.19,52.79,,,,
95,20250520,5,49.71,48.28,,,,
95,20250520,6,73.69,47.54,,,,
95,20250520,7,69.39,58.90,,,,
95,20250520,8,72.54,61.05,,,,
95,20250520,9,109.89,75.01,,,,
95,20250520,10,87.95,55.18,,,,
95,20250520,11,57.92,45.58,,,,
95,20250520,12,79.36,60.91,,,,
95,20250520,13,80.31,55.58,,,,
95,20250520,14,79.94,50.13,,,,
95,20250520,15,73.44,57.53,,,,
95,20250520,16,82.09,44.66,,,,
95,20250520,17,74.77,50.56,,,,
95,20250520,18,83.29,52.50,,,,
95,20250520,19,66.88,46.02,,,,
95,20250520,20,62.10,55.30,,,,
95,20250520,21,70.89,46.22,,,,
95,20250520,22,74.62,57.46,,,,
95,20250520,23,81.67,57.40,,,,
95,20250520,24,81.92,56.68,,,,
95,20250520,25,76.48,60.81,,,,
95,20250520,26,61.04,45.35,,,,
95,20250520,27,87.57,60.54,,,,
95,20250520,28,74.66,53.93,,,,
95,20250520,29,66.88,42.81,,,,
95,20250520,30,56.24,49.83,,,,
95,20250520,31,68.58,56.14,,,,
95,20250520,32,76.62,49.71,,,,
95,20250520,33,83.56,53.93,,,,
95,20250520,34,77.32,59.43,,,,
95,20250520,35,69.16,43.27,,,,
95,20250520,36,79.59,56.53,,,,
95,20250520,37,87.43,55.46,,,,
95,20250520,38,87.63,55.83,,,,
95,20250520,39,84.41,68.45,,,,
95,20250520,40,83.55,63.38,,,,
95,20250520,41,82.96,67.41,,,,
95,20250520,42,72.78,56.49,,,,
95,20250520,43,88.91,59.15,,,,
95,20250520,44,82.57,62.08,,,,
95,20250520,45,84.79,52.78,,,,
95,20250520,46,81.90,52.73,,,,
95,20250520,47,82.86,59.38,,,,
95,20250520,48,84.07,57.92,,,,
95,20250520,49,92.33,58.00,,,,
95,20250520,50,78.54,56.18,,,,
95,20250520,51,72.01,51.83,,,,
95,20250520,52,78.92,58.80,,,,
95,20250520,53,74.71,51.52,,,,
95,20250520,54,68.75,49.73,,,,
95,20250520,55,64.24,56.87,,,,
95,20250520,56,60.30,49.65,,,,
95,20250520,57,72.66,51.63,,,,
95,20250520,58,69.65,68.66,,,,
95,20250520,59,90.55,62.12,,,,
95,20250520,60,84.41,62.81,,,,
95,20250520,61,59.52,55.85,,,,
95,20250520,62,77.06,63.21,,,,
95,20250520,63,72.01,50.26,,,,
95,20250520,64,63.11,48.73,,,,
95,20250520,65,78.55,58.24,,,,
95,20250520,66,58.21,49.69,,,,
95,20250520,67,68.04,48.07,,,,
95,20250520,68,69.98,53.18,,,,
95,20250520,69,84.32,56.68,,,,
95,20250520,70,65.87,50.76,,,,
95,20250520,71,81.24,74.46,,,,
95,20250520,72,95.22,73.83,,,,
95,20250520,73,79.79,45.43,,,,
95,20250520,74,56.96,49.65,,,,
95,20250520,75,65.95,52.04,,,,
95,20250520,76,68.57,46.24,,,,
95,20250520,77,76.58,48.61,,,,
95,20250520,78,73.35,53.63,,,,
95,20250520,79,80.90,53.37,,,,
95,20250520,80,63.18,51.87,,,,
95,20250520,81,77.25,58.60,,,,
95,20250520,82,53.37,35.83,,,,
95,20250520,83,51.16,42.52,,,,
95,20250520,84,82.18,47.20,,,,
95,20250520,85,82.08,58.61,,,,
95,20250520,86,75.70,49.18,,,,
95,20250520,87,76.20,48.52,,,,
95,20250520,88,75.07,55.19,,,,
95,20250520,89,73.07,45.83,,,,
95,20250520,90,78.99,52.32,,,,
95,20250520,91,51.13,46.96,,,,
95,20250520,92,72.94,41.51,,,,
95,20250520,93,69.68,51.06,,,,
95,20250520,94,80.42,48.54,,,,
95,20250520,95,59.35,49.18,,,,
95,20250520,96,57.92,40.88,,,,
95,20250520,97,67.84,41.64,,,,
95,20250520,98,76.67,53.99,,,,
95,20250520,99,80.34,49.33,,,,
95,20250520,100,68.94,44.63,,,,
95,20250520,101,95.58,48.88,,,,
95,20250520,102,79.79,56.26,,,,
95,20250520,103,51.39,47.53,,,,
95,20250520,104,55.53,47.60,,,,
95,20250520,105,63.23,51.68,,,,
96,20250520,1,89.99,66.19,,,,
96,20250520,2,93.01,53.61,,,,
96,20250520,3,97.63,43.33,,,,
96,20250520,4,76.66,68.17,,,,
96,20250520,5,76.06,67.37,,,,
96,20250520,6,77.71,42.97,,,,
96,20250520,7,70.46,53.80,,,,
96,20250520,8,76.19,57.06,,,,
96,20250520,9,79.34,59.70,,,,
96,20250520,10,70.57,52.26,,,,
96,20250520,11,77.22,56.18,,,,
96,20250520,12,75.17,52.52,,,,
96,20250520,13,74.13,55.13,,,,
96,20250520,14,66.40,62.30,,,,
96,20250520,15,71.07,66.04,,,,
96,20250520,16,93.93,56.90,,,,
96,20250520,17,89.48,59.62,,,,
96,20250520,18,79.34,54.67,,,,
96,20250520,19,76.66,50.22,,,,
96,20250520,20,58.64,44.69,,,,
96,20250520,21,79.79,57.06,,,,
96,20250520,22,73.09,52.67,,,,
96,20250520,23,75.61,43.44,,,,
96,20250520,24,54.55,38.75,,,,
96,20250520,25,75.88,46.06,,,,
96,20250520,26,87.59,71.17,,,,
96,20250520,27,83.95,68.70,,,,
96,20250520,28,85.16,51.19,,,,
96,20250520,29,104.41,51.51,,,,
96,20250520,30,80.72,63.24,,,,
96,20250520,31,74.53,49.07,,,,
96,20250520,32,67.61,52.16,,,,
96,20250520,33,58.90,52.55,,,,
96,20250520,34,86.22,59.13,,,,
96,20250520,35,80.38,46.08,,,,
96,20250520,36,89.43,53.27,,,,
96,20250520,37,86.85,53.32,,,,
96,20250520,38,88.21,65.70,,,,
96,20250520,39,92.92,66.69,,,,
96,20250520,40,73.24,38.75,,,,
96,20250520,41,93.90,71.71,,,,
96,20250520,42,100.27,63.95,,,,
96,20250520,43,84.21,51.80,,,,
96,20250520,44,89.43,64.94,,,,
96,20250520,45,81.49,63.32,,,,
96,20250520,46,92.30,52.17,,,,
96,20250520,47,99.53,45.35,,,,
96,20250520,48,77.71,62.24,,,,
96,20250520,49,63.36,42.64,,,,
96,20250520,50,95.54,55.60,,,,
96,20250520,51,84.89,48.94,,,,
96,20250520,52,64.31,51.24,,,,
96,20250520,53,70.46,50.81,,,,
96,20250520,54,80.93,46.98,,,,
96,20250520,55,83.71,47.19,,,,
96,20250520,56,64.64,56.46,,,,
96,20250520,57,76.27,54.76,,,,
96,20250520,58,84.33,53.27,,,,
96,20250520,59,67.46,61.04,,,,
96,20250520,60,69.19,66.14,,,,
96,20250520,61,67.74,58.73,,,,
96,20250520,62,67.43,63.42,,,,
96,20250520,63,76.23,57.89,,,,
96,20250520,64,69.83,51.50,,,,
96,20250520,65,62.01,43.30,,,,
96,20250520,66,78.79,44.05,,,,
96,20250520,67,62.31,47.47,,,,
96,20250520,68,80.32,59.45,,,,
96,20250520,69,75.75,53.64,,,,
96,20250520,70,62.49,49.68,,,,
96,20250520,71,71.26,57.21,,,,
96,20250520,72,62.52,42.68,,,,
96,20250520,73,76.14,46.50,,,,
96,20250520,74,70.96,62.66,,,,
96,20250520,75,76.98,50.27,,,,
96,20250520,76,70.26,61.73,,,,
96,20250520,77,74.29,61.81,,,,
96,20250520,78,100.88,64.27,,,,
96,20250520,79,85.92,58.94,,,,
96,20250520,80,92.96,52.91,,,,
96,20250520,81,59.04,43.39,,,,
96,20250520,82,75.26,66.29,,,,
96,20250520,83,86.72,53.40,,,,
96,20250520,84,80.45,51.48,,,,
96,20250520,85,66.64,65.98,,,,
96,20250520,86,55.67,39.44,,,,
96,20250520,87,71.47,44.57,,,,
96,20250520,88,53.01,39.44,,,,
96,20250520,89,78.09,66.64,,,,
96,20250520,90,83.81,51.89,,,,
96,20250520,91,77.12,50.72,,,,
96,20250520,92,75.00,43.58,,,,
96,20250520,93,77.53,40.50,,,,
96,20250520,94,83.93,58.01,,,,
96,20250520,95,54.24,42.73,,,,
96,20250520,96,77.78,42.54,,,,
96,20250520,97,69.73,50.43,,,,
97,20250520,1,91.88,64.44,,,,
97,20250520,2,93.87,82.78,,,,
97,20250520,3,101.62,74.24,,,,
97,20250520,4,77.69,62.69,,,,
97,20250520,5,79.31,67.95,,,,
97,20250520,6,104.15,66.36,,,,
97,20250520,7,84.74,62.28,,,,
97,20250520,8,82.51,68.22,,,,
97,20250520,9,65.74,43.84,,,,
97,20250520,10,74.15,53.65,,,,
97,20250520,11,80.99,58.38,,,,
97,20250520,12,85.87,61.70,,,,
97,20250520,13,73.41,54.35,,,,
97,20250520,14,86.66,67.82,,,,
97,20250520,15,73.23,53.31,,,,
97,20250520,16,90.32,58.80,,,,
97,20250520,17,73.38,44.02,,,,
97,20250520,18,82.60,48.64,,,,
97,20250520,19,52.84,45.30,,,,
97,20250520,20,100.05,65.55,,,,
97,20250520,21,72.67,56.70,,,,
97,20250520,22,50.57,44.58,,,,
97,20250520,23,85.79,46.77,,,,
97,20250520,24,68.90,46.90,,,,
97,20250520,25,100.20,57.85,,,,
97,20250520,26,112.00,64.40,,,,
97,20250520,27,71.08,57.57,,,,
97,20250520,28,88.94,55.73,,,,
97,20250520,29,79.53,55.31,,,,
97,20250520,30,80.64,50.62,,,,
97,20250520,31,73.05,58.02,,,,
97,20250520,32,77.64,49.57,,,,
97,20250520,33,83.17,50.57,,,,
97,20250520,34,78.26,46.21,,,,
97,20250520,35,71.72,49.04,,,,
97,20250520,36,54.04,44.02,,,,
97,20250520,37,70.96,64.79,,,,
97,20250520,38,87.23,55.55,,,,
97,20250520,39,86.86,53.63,,,,
97,20250520,40,74.99,53.79,,,,
97,20250520,41,83.32,55.47,,,,
97,20250520,42,93.03,62.06,,,,
97,20250520,43,63.38,50.95,,,,
97,20250520,44,99.02,55.93,,,,
97,20250520,45,85.57,64.70,,,,
97,20250520,46,102.45,67.82,,,,
97,20250520,47,66.81,52.64,,,,
97,20250520,48,77.66,60.53,,,,
97,20250520,49,81.45,50.09,,,,
97,20250520,50,73.88,51.17,,,,
97,20250520,51,67.82,62.83,,,,
97,20250520,52,94.40,56.16,,,,
97,20250520,53,73.84,57.63,,,,
97,20250520,54,78.87,49.83,,,,
97,20250520,55,81.84,57.87,,,,
97,20250520,56,79.86,54.26,,,,
97,20250520,57,83.07,66.99,,,,
97,20250520,58,84.80,61.15,,,,
97,20250520,59,97.64,57.19,,,,
97,20250520,60,86.66,61.22,,,,
97,20250520,61,85.42,65.63,,,,
97,20250520,62,110.19,59.84,,,,
97,20250520,63,95.71,66.27,,,,
97,20250520,64,89.05,76.72,,,,
97,20250520,65,87.37,54.76,,,,
97,20250520,66,94.62,69.96,,,,
97,20250520,67,74.21,57.11,,,,
97,20250520,68,82.13,66.58,,,,
97,20250520,69,74.79,49.40,,,,
97,20250520,70,67.84,60.36,,,,
97,20250520,71,71.32,65.98,,,,
97,20250520,72,79.83,49.78,,,,
97,20250520,73,60.66,49.17,,,,
97,20250520,74,89.92,74.25,,,,
97,20250520,75,87.00,66.79,,,,
97,20250520,76,71.08,52.13,,,,
97,20250520,77,64.16,59.62,,,,
97,20250520,78,69.04,47.30,,,,
97,20250520,79,75.39,45.65,,,,
97,20250520,80,74.81,49.60,,,,
97,20250520,81,78.19,49.51,,,,
97,20250520,82,71.54,54.17,,,,
97,20250520,83,82.81,53.24,,,,
97,20250520,84,88.63,58.30,,,,
97,20250520,85,81.17,62.30,,,,
97,20250520,86,82.50,55.96,,,,
97,20250520,87,73.33,55.39,,,,
97,20250520,88,74.41,54.90,,,,
97,20250520,89,87.23,66.50,,,,
97,20250520,90,72.82,70.07,,,,
97,20250520,91,79.84,56.74,,,,
97,20250520,92,83.11,72.80,,,,
97,20250520,93,84.12,62.52,,,,
97,20250520,94,101.63,60.40,,,,
97,20250520,95,56.72,46.34,,,,
321,20250825,1,64.98,45.85,,,,bag321_20250825
321,20250825,2,69.52,46.20,,,,bag321_20250825
321,20250825,3,97.41,43.80,,,,bag321_20250825
321,20250825,4,82.48,53.49,,,,bag321_20250825
321,20250825,5,75.57,62.00,,,,bag321_20250825
321,20250825,6,100.56,57.49,,,,bag321_20250825
321,20250825,7,80.74,59.79,,,,bag321_20250825
321,20250825,8,78.99,52.60,,,,bag321_20250825
321,20250825,9,112.73,56.99,,,,bag321_20250825
321,20250825,10,93.88,53.42,,,,bag321_20250825
321,20250825,11,84.58,55.62,,,,bag321_20250825
321,20250825,12,95.09,67.93,,,,bag321_20250825
321,20250825,13,101.53,55.30,,,,bag321_20250825
321,20250825,14,73.25,47.81,,,,bag321_20250825
321,20250825,15,77.72,55.59,,,,bag321_20250825
321,20250825,16,94.55,58.59,,,,bag321_20250825
321,20250825,17,69.45,54.82,,,,bag321_20250825
321,20250825,18,82.92,55.16,,,,bag321_20250825
321,20250825,19,107.86,58.78,,,,bag321_20250825
321,20250825,20,99.30,66.25,,,,bag321_20250825
321,20250825,21,95.03,70.13,,,,bag321_20250825
321,20250825,22,97.72,70.24,,,,bag321_20250825
321,20250825,23,70.38,58.17,,,,bag321_20250825
321,20250825,24,86.26,52.52,,,,bag321_20250825
321,20250825,25,77.89,59.67,,,,bag321_20250825
321,20250825,26,84.07,50.69,,,,bag321_20250825
321,20250825,27,68.99,35.06,,,,bag321_20250825
321,20250825,28,104.94,62.02,,,,bag321_20250825
321,20250825,29,89.60,59.21,,,,bag321_20250825
321,20250825,30,85.51,61.42,,,,bag321_20250825
321,20250825,31,87.98,69.63,,,,bag321_20250825
321,20250825,32,87.63,67.26,,,,bag321_20250825
321,20250825,33,73.59,58.13,,,,bag321_20250825
321,20250825,34,72.48,65.17,,,,bag321_20250825
321,20250825,35,110.08,53.87,,,,bag321_20250825
321,20250825,36,90.37,60.34,,,,bag321_20250825
321,20250825,37,87.39,61.37,,,,bag321_20250825
321,20250825,38,77.78,58.57,,,,bag321_20250825
321,20250825,39,63.19,42.12,,,,bag321_20250825
321,20250825,40,95.47,57.06,,,,bag321_20250825
321,20250825,41,86.66,53.83,,,,bag321_20250825
321,20250825,42,104.25,78.47,,,,bag321_20250825
321,20250825,43,81.26,55.20,,,,bag321_20250825
321,20250825,44,86.14,57.67,,,,bag321_20250825
321,20250825,45,84.28,62.12,,,,bag321_20250825
321,20250825,46,89.15,62.72,,,,bag321_20250825
321,20250825,47,75.89,67.27,,,,bag321_20250825
321,20250825,48,107.91,72.46,,,,bag321_20250825
321,20250825,49,88.36,67.13,,,,bag321_20250825
321,20250825,50,77.66,55.59,,,,bag321_20250825
321,20250825,51,97.32,58.15,,,,bag321_20250825
321,20250825,52,85.82,60.13,,,,bag321_20250825
321,20250825,53,82.91,54.06,,,,bag321_20250825
321,20250825,54,89.42,65.19,,,,bag321_20250825
321,20250825,55,77.48,50.18,,,,bag321_20250825
321,20250825,56,78.37,53.60,,,,bag321_20250825
321,20250825,57,100.40,59.95,,,,bag321_20250825
321,20250825,58,76.80,51.00,,,,bag321_20250825
321,20250825,59,77.11,70.91,,,,bag321_20250825
321,20250825,60,99.56,46.14,,,,bag321_20250825
321,20250825,61,91.36,66.13,,,,bag321_20250825
321,20250825,62,75.37,53.35,,,,bag321_20250825
321,20250825,63,104.24,59.87,,,,bag321_20250825
321,20250825,64,122.60,65.08,,,,bag321_20250825
321,20250825,65,95.25,63.36,,,,bag321_20250825
321,20250825,66,112.69,57.27,,,,bag321_20250825
321,20250825,67,93.03,53.60,,,,bag321_20250825
321,20250825,68,79.98,47.72,,,,bag321_20250825
321,20250825,69,93.26,55.23,,,,bag321_20250825
321,20250825,70,90.93,65.66,,,,bag321_20250825
321,20250825,71,102.37,61.35,,,,bag321_20250825
321,20250825,72,76.91,55.14,,,,bag321_20250825
321,20250825,73,89.37,61.85,,,,bag321_20250825
321,20250825,74,100.33,61.90,,,,bag321_20250825
321,20250825,75,85.47,61.08,,,,bag321_20250825
321,20250825,76,89.36,47.50,,,,bag321_20250825
321,20250825,77,92.08,69.39,,,,bag321_20250825
322,20250825,1,83.01,50.38,,,,bag322_20250825
322,20250825,2,66.96,47.92,,,,bag322_20250825
322,20250825,3,106.58,60.09,,,,bag322_20250825
322,20250825,4,80.87,58.06,,,,bag322_20250825
322,20250825,5,104.27,57.43,,,,bag322_20250825
322,20250825,6,94.66,52.12,,,,bag322_20250825
322,20250825,7,90.27,68.25,,,,bag322_20250825
322,20250825,8,94.45,46.82,,,,bag322_20250825
322,20250825,9,81.63,68.74,,,,bag322_20250825
322,20250825,10,70.59,63.19,,,,bag322_20250825
322,20250825,11,95.24,55.67,,,,bag322_20250825
322,20250825,12,93.18,52.04,,,,bag322_20250825
322,20250825,13,72.18,49.07,,,,bag322_20250825
322,20250825,14,77.85,55.51,,,,bag322_20250825
322,20250825,15,68.78,51.28,,,,bag322_20250825
322,20250825,16,89.43,47.75,,,,bag322_20250825
322,20250825,17,94.53,50.59,,,,bag322_20250825
322,20250825,18,80.30,50.79,,,,bag322_20250825
322,20250825,19,70.78,50.60,,,,bag322_20250825
322,20250825,20,88.66,50.75,,,,bag322_20250825
322,20250825,21,66.38,41.59,,,,bag322_20250825
322,20250825,22,83.73,59.56,,,,bag322_20250825
322,20250825,23,81.01,55.49,,,,bag322_20250825
322,20250825,24,96.09,55.87,,,,bag322_20250825
322,20250825,25,63.29,57.83,,,,bag322_20250825
322,20250825,26,84.72,46.11,,,,bag322_20250825
322,20250825,27,106.13,57.42,,,,bag322_20250825
322,20250825,28,78.78,53.24,,,,bag322_20250825
322,20250825,29,77.94,57.66,,,,bag322_20250825
322,20250825,30,65.32,48.17,,,,bag322_20250825
322,20250825,31,58.89,38.40,,,,bag322_20250825
322,20250825,32,73.68,55.27,,,,bag322_20250825
322,20250825,33,52.05,36.21,,,,bag322_20250825
322,20250825,34,111.16,36.21,,,,bag322_20250825
322,20250825,35,80.02,48.33,,,,bag322_20250825
322,20250825,36,77.61,60.79,,,,bag322_20250825
322,20250825,37,96.27,51.89,,,,bag322_20250825
322,20250825,38,77.61,60.79,,,,bag322_20250825
322,20250825,39,63.83,51.01,,,,bag322_20250825
322,20250825,40,77.13,37.93,,,,bag322_20250825
322,20250825,41,42.88,42.88,,,,bag322_20250825
322,20250825,42,78.47,61.07,,,,bag322_20250825
322,20250825,43,98.90,50.92,,,,bag322_20250825
322,20250825,44,79.71,50.69,,,,bag322_20250825
322,20250825,45,70.65,60.52,,,,bag322_20250825
322,20250825,46,76.62,59.34,,,,bag322_20250825
322,20250825,47,95.49,59.58,,,,bag322_20250825
322,20250825,48,79.35,45.72,,,,bag322_20250825
322,20250825,49,98.08,53.36,,,,bag322_20250825
322,20250825,50,77.04,45.52,,,,bag322_20250825
322,20250825,51,60.23,38.64,,,,bag322_20250825
322,20250825,52,85.05,46.43,,,,bag322_20250825
322,20250825,53,71.26,60.26,,,,bag322_20250825
322,20250825,54,67.98,50.61,,,,bag322_20250825
322,20250825,55,104.25,56.32,,,,bag322_20250825
322,20250825,56,68.70,54.29,,,,bag322_20250825
322,20250825,57,64.88,57.68,,,,bag322_20250825
322,20250825,58,85.33,55.46,,,,bag322_20250825
322,20250825,59,57.07,53.07,,,,bag322_20250825
322,20250825,60,65.75,57.60,,,,bag322_20250825
322,20250825,61,76.08,47.13,,,,bag322_20250825
322,20250825,62,64.25,56.64,,,,bag322_20250825
322,20250825,63,70.86,51.53,,,,bag322_20250825
322,20250825,64,77.85,53.64,,,,bag322_20250825
322,20250825,65,94.83,54.92,,,,bag322_20250825
322,20250825,66,93.36,55.08,,,,bag322_20250825
322,20250825,67,90.38,49.44,,,,bag322_20250825
322,20250825,68,79.21,50.50,,,,bag322_20250825
322,20250825,69,97.12,61.90,,,,bag322_20250825
322,20250825,70,48.47,30.77,,,,bag322_20250825
322,20250825,71,90.48,48.26,,,,bag322_20250825
322,20250825,72,83.23,53.44,,,,bag322_20250825
322,20250825,73,84.82,44.48,,,,bag322_20250825
322,20250825,74,108.41,51.71,,,,bag322_20250825
322,20250825,75,69.72,48.87,,,,bag322_20250825
322,20250825,76,69.70,51.03,,,,bag322_20250825
322,20250825,77,68.65,52.00,,,,bag322_20250825
322,20250825,78,72.76,55.42,,,,bag322_20250825
322,20250825,79,73.77,49.76,,,,bag322_20250825
322,20250825,80,85.72,60.52,,,,bag322_20250825
322,20250825,81,63.55,47.53,,,,bag322_20250825
322,20250825,82,72.15,55.61,,,,bag322_20250825
322,20250825,83,59.95,56.85,,,,bag322_20250825
322,20250825,84,78.04,57.32,,,,bag322_20250825
322,20250825,85,93.63,60.04,,,,bag322_20250825
322,20250825,86,80.48,54.29,,,,bag322_20250825
322,20250825,87,111.11,47.47,,,,bag322_20250825
322,20250825,88,83.97,62.14,,,,bag322_20250825
337,20250825,1,96.07,48.90,,,,bag337_20250825
337,20250825,2,106.69,53.01,,,,bag337_20250825
337,20250825,3,73.03,52.12,,,,bag337_20250825
337,20250825,4,101.11,46.67,,,,bag337_20250825
337,20250825,5,76.36,55.67,,,,bag337_20250825
337,20250825,6,67.17,43.02,,,,bag337_20250825
337,20250825,7,81.28,49.24,,,,bag337_20250825
337,20250825,8,74.73,42.57,,,,bag337_20250825
337,20250825,9,63.90,71.18,,,,bag337_20250825
337,20250825,10,59.09,49.37,,,,bag337_20250825
337,20250825,11,85.61,52.70,,,,bag337_20250825
337,20250825,12,78.46,55.32,,,,bag337_20250825
337,20250825,13,72.50,58.73,,,,bag337_20250825
337,20250825,14,76.34,63.78,,,,bag337_20250825
337,20250825,15,73.23,54.06,,,,bag337_20250825
337,20250825,16,76.26,55.46,,,,bag337_20250825
337,20250825,17,72.96,49.86,,,,bag337_20250825
337,20250825,18,88.10,63.50,,,,bag337_20250825
337,20250825,19,90.99,57.72,,,,bag337_20250825
337,20250825,20,96.34,52.94,,,,bag337_20250825
337,20250825,21,88.01,51.72,,,,bag337_20250825
337,20250825,22,69.40,67.96,,,,bag337_20250825
337,20250825,23,82.04,48.12,,,,bag337_20250825
337,20250825,24,76.60,62.76,,,,bag337_20250825
337,20250825,25,78.10,56.52,,,,bag337_20250825
337,20250825,26,71.73,43.79,,,,bag337_20250825
337,20250825,27,65.84,45.55,,,,bag337_20250825
337,20250825,28,82.77,55.87,,,,bag337_20250825
337,20250825,29,82.31,42.98,,,,bag337_20250825
337,20250825,30,60.92,50.20,,,,bag337_20250825
337,20250825,31,85.05,51.36,,,,bag337_20250825
337,20250825,32,77.43,47.04,,,,bag337_20250825
337,20250825,33,74.66,55.06,,,,bag337_20250825
337,20250825,34,91.01,55.30,,,,bag337_20250825
337,20250825,35,58.76,38.81,,,,bag337_20250825
337,20250825,36,102.77,65.75,,,,bag337_20250825
337,20250825,37,57.48,54.33,,,,bag337_20250825
337,20250825,38,71.18,60.27,,,,bag337_20250825
337,20250825,39,66.24,39.21,,,,bag337_20250825
337,20250825,40,66.76,58.89,,,,bag337_20250825
337,20250825,41,75.13,67.85,,,,bag337_20250825
337,20250825,42,103.88,63.78,,,,bag337_20250825
337,20250825,43,79.24,60.23,,,,bag337_20250825
337,20250825,44,55.00,47.60,,,,bag337_20250825
337,20250825,45,88.81,50.99,,,,bag337_20250825
337,20250825,46,62.18,51.65,,,,bag337_20250825
337,20250825,47,96.50,50.16,,,,bag337_20250825
337,20250825,48,68.76,46.75,,,,bag337_20250825
337,20250825,49,70.99,56.46,,,,bag337_20250825
337,20250825,50,90.19,55.05,,,,bag337_20250825
337,20250825,51,74.53,56.52,,,,bag337_20250825
337,20250825,52,79.02,40.58,,,,bag337_20250825
337,20250825,53,82.02,57.98,,,,bag337_20250825
337,20250825,54,86.31,58.23,,,,bag337_20250825
337,20250825,55,69.86,48.41,,,,bag337_20250825
337,20250825,56,78.93,62.69,,,,bag337_20250825
337,20250825,57,72.73,59.07,,,,bag337_20250825
337,20250825,58,91.61,62.59,,,,bag337_20250825
337,20250825,59,71.88,56.95,,,,bag337_20250825
337,20250825,60,84.81,53.91,,,,bag337_20250825
337,20250825,61,90.91,64.76,,,,bag337_20250825
337,20250825,62,95.99,53.23,,,,bag337_20250825
337,20250825,63,96.51,61.19,,,,bag337_20250825
337,20250825,64,78.23,52.95,,,,bag337_20250825
337,20250825,65,90.39,58.08,,,,bag337_20250825
337,20250825,66,109.96,49.30,,,,bag337_20250825
337,20250825,67,92.72,59.85,,,,bag337_20250825
337,20250825,68,77.35,65.04,,,,bag337_20250825
337,20250825,69,90.49,61.99,,,,bag337_20250825
337,20250825,70,93.70,63.01,,,,bag337_20250825
337,20250825,71,89.08,53.70,,,,bag337_20250825
337,20250825,72,80.00,61.88,,,,bag337_20250825
337,20250825,73,61.37,53.70,,,,bag337_20250825
337,20250825,74,70.06,46.64,,,,bag337_20250825
337,20250825,75,80.48,58.45,,,,bag337_20250825
337,20250825,76,64.12,57.11,,,,bag337_20250825
339,20250825,1,76.61,41.63,,,,bag339_20250825
339,20250825,2,95.38,48.28,,,,bag339_20250825
339,20250825,3,86.79,59.41,,,,bag339_20250826
339,20250825,4,82.13,61.43,,,,bag339_20250827
339,20250825,5,84.15,48.31,,,,bag339_20250828
339,20250825,6,78.37,48.89,,,,bag339_20250829
339,20250825,7,84.73,64.77,,,,bag339_20250830
339,20250825,8,86.81,71.53,,,,bag339_20250831
339,20250825,9,63.01,62.34,,,,bag339_20250832
339,20250825,10,92.42,57.60,,,,bag339_20250833
339,20250825,11,93.42,50.84,,,,bag339_20250834
339,20250825,12,81.94,45.52,,,,bag339_20250835
339,20250825,13,85.37,48.93,,,,bag339_20250836
339,20250825,14,101.90,65.70,,,,bag339_20250837
339,20250825,15,68.48,45.65,,,,bag339_20250838
339,20250825,16,83.86,48.10,,,,bag339_20250839
339,20250825,17,69.40,44.13,,,,bag339_20250840
339,20250825,18,79.69,41.64,,,,bag339_20250841
339,20250825,19,55.08,51.39,,,,bag339_20250842
339,20250825,20,97.64,49.93,,,,bag339_20250843
339,20250825,21,64.13,40.41,,,,bag339_20250844
339,20250825,22,82.95,50.61,,,,bag339_20250845
339,20250825,23,75.39,49.15,,,,bag339_20250846
339,20250825,24,68.46,58.83,,,,bag339_20250847
339,20250825,25,93.19,53.00,,,,bag339_20250848
339,20250825,26,80.85,40.24,,,,bag339_20250849
339,20250825,27,91.04,41.82,,,,bag339_20250850
339,20250825,28,59.03,42.15,,,,bag339_20250851
339,20250825,29,47.72,44.85,,,,bag339_20250852
339,20250825,30,82.04,50.00,,,,bag339_20250853
339,20250825,31,66.09,43.84,,,,bag339_20250854
339,20250825,32,77.94,54.66,,,,bag339_20250855
339,20250825,33,72.50,44.87,,,,bag339_20250856
339,20250825,34,67.66,54.38,,,,bag339_20250857
339,20250825,35,78.93,57.05,,,,bag339_20250858
339,20250825,36,81.60,48.35,,,,bag339_20250859
339,20250825,37,84.41,42.98,,,,bag339_20250860
339,20250825,38,71.44,45.10,,,,bag339_20250861
339,20250825,39,92.51,54.42,,,,bag339_20250862
339,20250825,40,77.01,47.22,,,,bag339_20250863
339,20250825,41,83.99,54.14,,,,bag339_20250864
339,20250825,42,63.42,59.23,,,,bag339_20250865
339,20250825,43,65.00,44.99,,,,bag339_20250866
339,20250825,44,87.51,63.70,,,,bag339_20250867
339,20250825,45,83.61,44.97,,,,bag339_20250868
339,20250825,46,74.16,51.28,,,,bag339_20250869
339,20250825,47,67.78,50.83,,,,bag339_20250870
339,20250825,48,60.30,41.71,,,,bag339_20250871
339,20250825,49,67.66,57.94,,,,bag339_20250872
339,20250825,50,59.35,71.98,,,,bag339_20250873
339,20250825,51,78.00,45.99,,,,bag339_20250874
339,20250825,52,71.82,45.92,,,,bag339_20250875
339,20250825,53,82.68,44.51,,,,bag339_20250876
339,20250825,54,68.77,53.58,,,,bag339_20250877
339,20250825,55,72.58,43.13,,,,bag339_20250878
339,20250825,56,63.42,50.25,,,,bag339_20250879
339,20250825,57,82.94,76.17,,,,bag339_20250880
339,20250825,58,59.50,53.44,,,,bag339_20250881
339,20250825,59,85.68,49.57,,,,bag339_20250882
339,20250825,60,84.37,46.87,,,,bag339_20250883
339,20250825,61,63.72,41.52,,,,bag339_20250884
339,20250825,62,108.02,61.99,,,,bag339_20250885
339,20250825,63,56.60,55.46,,,,bag339_20250886
339,20250825,64,93.70,45.80,,,,bag339_20250887
339,20250825,65,77.14,45.26,,,,bag339_20250888
339,20250825,66,83.28,65.95,,,,bag339_20250889
339,20250825,67,68.19,57.08,,,,bag339_20250890
339,20250825,68,110.36,51.72,,,,bag339_20250891
339,20250825,69,78.42,49.56,,,,bag339_20250892
339,20250825,70,65.36,43.41,,,,bag339_20250893
339,20250825,71,82.55,41.88,,,,bag339_20250894
339,20250825,72,70.15,52.37,,,,bag339_20250895
339,20250825,73,108.58,74.06,,,,bag339_20250896
339,20250825,74,82.44,57.31,,,,bag339_20250897
339,20250825,75,82.37,53.31,,,,bag339_20250898
339,20250825,76,73.94,44.99,,,,bag339_20250899
339,20250825,77,59.56,53.54,,,,bag339_20250900
339,20250825,78,70.14,48.02,,,,bag339_20250901
339,20250825,79,65.60,47.65,,,,bag339_20250902
339,20250825,80,77.57,48.66,,,,bag339_20250903
339,20250825,81,67.90,56.63,,,,bag339_20250904
339,20250825,82,56.12,52.97,,,,bag339_20250905
339,20250825,83,122.53,60.36,,,,bag339_20250906
339,20250825,84,98.43,58.84,,,,bag339_20250907
339,20250825,85,73.73,52.81,,,,bag339_20250908
340,20250825,1,91.32,56.53,,,,bag340_20250825
340,20250825,2,89.65,53.49,,,,bag340_20250825
340,20250825,3,107.38,55.84,,,,bag340_20250825
340,20250825,4,96.42,62.09,,,,bag340_20250825
340,20250825,5,74.63,50.52,,,,bag340_20250825
340,20250825,6,67.94,49.57,,,,bag340_20250825
340,20250825,7,72.25,64.80,,,,bag340_20250825
340,20250825,8,89.36,46.91,,,,bag340_20250825
340,20250825,9,91.08,57.93,,,,bag340_20250825
340,20250825,10,80.19,65.01,,,,bag340_20250825
340,20250825,11,64.81,56.49,,,,bag340_20250825
340,20250825,12,71.12,50.91,,,,bag340_20250825
340,20250825,13,94.71,59.45,,,,bag340_20250825
340,20250825,14,83.02,59.45,,,,bag340_20250825
340,20250825,15,90.07,56.26,,,,bag340_20250825
340,20250825,16,71.49,48.55,,,,bag340_20250825
340,20250825,17,62.01,50.35,,,,bag340_20250825
340,20250825,18,94.00,72.15,,,,bag340_20250825
340,20250825,19,94.54,45.39,,,,bag340_20250825
340,20250825,20,83.69,65.84,,,,bag340_20250825
340,20250825,21,90.15,59.93,,,,bag340_20250825
340,20250825,22,92.85,55.26,,,,bag340_20250825
340,20250825,23,79.14,64.43,,,,bag340_20250825
340,20250825,24,71.64,59.58,,,,bag340_20250825
340,20250825,25,82.56,48.76,,,,bag340_20250825
340,20250825,26,85.34,63.99,,,,bag340_20250825
340,20250825,27,75.76,61.07,,,,bag340_20250825
340,20250825,28,78.89,46.08,,,,bag340_20250825
340,20250825,29,76.97,43.48,,,,bag340_20250825
340,20250825,30,75.13,41.30,,,,bag340_20250825
340,20250825,31,75.91,48.91,,,,bag340_20250825
340,20250825,32,82.05,51.25,,,,bag340_20250825
340,20250825,33,64.71,57.88,,,,bag340_20250825
340,20250825,34,80.20,59.24,,,,bag340_20250825
340,20250825,35,90.31,62.20,,,,bag340_20250825
340,20250825,36,78.92,48.73,,,,bag340_20250825
340,20250825,37,91.29,60.82,,,,bag340_20250825
340,20250825,38,83.22,48.17,,,,bag340_20250825
340,20250825,39,NA,NA,,,,bag340_20250825
340,20250825,40,74.03,50.60,,,,bag340_20250825
340,20250825,41,64.35,57.45,,,,bag340_20250825
340,20250825,42,83.08,65.14,,,,bag340_20250825
340,20250825,43,65.61,49.11,,,,bag340_20250825
340,20250825,44,55.89,39.22,,,,bag340_20250825
340,20250825,45,98.61,47.49,,,,bag340_20250825
340,20250825,46,99.81,57.22,,,,bag340_20250825
340,20250825,47,105.72,66.28,,,,bag340_20250825
340,20250825,48,92.35,49.42,,,,bag340_20250825
340,20250825,49,76.38,43.73,,,,bag340_20250825
340,20250825,50,86.81,61.15,,,,bag340_20250825
340,20250825,51,103.13,59.87,,,,bag340_20250825
340,20250825,52,77.46,62.89,,,,bag340_20250825
340,20250825,53,102.37,59.31,,,,bag340_20250825
340,20250825,54,92.92,46.16,,,,bag340_20250825
340,20250825,55,100.07,62.14,,,,bag340_20250825
340,20250825,56,95.63,73.15,,,,bag340_20250825
340,20250825,57,95.23,62.72,,,,bag340_20250825
340,20250825,58,86.73,62.91,,,,bag340_20250825
340,20250825,59,104.72,49.46,,,,bag340_20250825
340,20250825,60,75.74,44.80,,,,bag340_20250825
340,20250825,61,107.93,69.66,,,,bag340_20250825
340,20250825,62,113.97,62.00,,,,bag340_20250825
340,20250825,63,137.93,60.92,,,,bag340_20250825
340,20250825,64,102.65,82.04,,,,bag340_20250825
340,20250825,65,74.14,66.95,,,,bag340_20250825
340,20250825,66,85.49,59.55,,,,bag340_20250825
340,20250825,67,77.41,67.49,,,,bag340_20250825
340,20250825,68,100.20,59.57,,,,bag340_20250825
340,20250825,69,86.83,51.61,,,,bag340_20250825
340,20250825,70,84.51,63.36,,,,bag340_20250825
340,20250825,71,95.23,70.91,,,,bag340_20250825
340,20250825,72,99.48,63.59,,,,bag340_20250825
340,20250825,73,102.00,55.58,,,,bag340_20250825
340,20250825,74,88.14,49.74,,,,bag340_20250825
340,20250825,75,75.74,47.18,,,,bag340_20250825
340,20250825,76,85.49,57.31,,,,bag340_20250825
340,20250825,77,105.72,58.94,,,,bag340_20250825
340,20250825,78,82.87,55.92,,,,bag340_20250825
340,20250825,79,115.47,66.26,,,,bag340_20250825
340,20250825,80,80.00,59.78,,,,bag340_20250825
340,20250825,81,77.73,70.54,,,,bag340_20250825
340,20250825,82,73.70,59.70,,,,bag340_20250825
340,20250825,83,68.58,56.02,,,,bag340_20250825
340,20250825,84,90.10,57.30,,,,bag340_20250825
340,20250825,85,99.45,52.65,,,,bag340_20250825
340,20250825,86,113.40,57.58,,,,bag340_20250825
340,20250825,87,106.92,59.28,,,,bag340_20250825
340,20250825,88,103.70,71.53,,,,bag340_20250825
340,20250825,89,81.12,56.64,,,,bag340_20250825
340,20250825,90,90.04,54.19,,,,bag340_20250825
340,20250825,91,104.10,65.11,,,,bag340_20250825
340,20250825,92,70.28,62.27,,,,bag340_20250825
340,20250825,93,87.94,47.52,,,,bag340_20250825
340,20250825,94,90.26,61.80,,,,bag340_20250825
340,20250825,95,102.27,69.04,,,,bag340_20250825
340,20250825,96,88.07,60.44,,,,bag340_20250825
340,20250825,97,111.98,57.98,,,,bag340_20250825
340,20250825,98,76.08,53.45,,,,bag340_20250825
341,20250825,1,115.10,72.57,,,,bag341_20250825
341,20250825,2,93.80,68.65,,,,bag341_20250825
341,20250825,3,113.13,49.94,,,,bag341_20250825
341,20250825,4,76.83,53.14,,,,bag341_20250825
341,20250825,5,95.05,70.67,,,,bag341_20250825
341,20250825,6,79.28,59.73,,,,bag341_20250825
341,20250825,7,127.39,73.48,,,,bag341_20250825
341,20250825,8,91.25,60.41,,,,bag341_20250825
341,20250825,9,97.01,61.73,,,,bag341_20250825
341,20250825,10,91.88,63.24,,,,bag341_20250825
341,20250825,11,96.42,59.55,,,,bag341_20250825
341,20250825,12,78.79,64.41,,,,bag341_20250825
341,20250825,13,90.86,59.32,,,,bag341_20250825
341,20250825,14,87.71,66.64,,,,bag341_20250825
341,20250825,15,96.53,49.88,,,,bag341_20250825
341,20250825,16,94.06,72.60,,,,bag341_20250825
341,20250825,17,88.19,57.43,,,,bag341_20250825
341,20250825,18,121.07,61.26,,,,bag341_20250825
341,20250825,19,94.56,65.70,,,,bag341_20250825
341,20250825,20,96.69,59.10,,,,bag341_20250825
341,20250825,21,89.71,57.04,,,,bag341_20250825
341,20250825,22,90.94,55.74,,,,bag341_20250825
341,20250825,23,113.22,67.60,,,,bag341_20250825
341,20250825,24,102.93,68.32,,,,bag341_20250825
341,20250825,25,93.25,51.23,,,,bag341_20250825
341,20250825,26,117.34,60.57,,,,bag341_20250825
341,20250825,27,98.74,56.01,,,,bag341_20250825
341,20250825,28,81.01,61.92,,,,bag341_20250825
341,20250825,29,94.67,70.25,,,,bag341_20250825
341,20250825,30,112.17,68.15,,,,bag341_20250825
341,20250825,31,99.20,68.16,,,,bag341_20250825
341,20250825,32,85.28,60.36,,,,bag341_20250825
341,20250825,33,94.84,50.13,,,,bag341_20250825
341,20250825,34,91.68,66.40,,,,bag341_20250825
341,20250825,35,84.23,62.43,,,,bag341_20250825
341,20250825,36,66.49,56.00,,,,bag341_20250825
341,20250825,37,83.58,60.44,,,,bag341_20250825
341,20250825,38,78.02,58.18,,,,bag341_20250825
341,20250825,39,73.31,52.32,,,,bag341_20250825
341,20250825,40,78.85,52.97,,,,bag341_20250825
341,20250825,41,92.38,61.38,,,,bag341_20250825
341,20250825,42,35.44,23.54,,,,bag341_20250825
341,20250825,43,82.93,48.13,,,,bag341_20250825
341,20250825,44,98.42,51.17,,,,bag341_20250825
341,20250825,45,92.94,54.09,,,,bag341_20250825
341,20250825,46,88.98,63.80,,,,bag341_20250825
341,20250825,47,92.00,65.27,,,,bag341_20250825
341,20250825,48,107.45,71.79,,,,bag341_20250825
341,20250825,49,81.09,54.36,,,,bag341_20250825
341,20250825,50,104.71,58.69,,,,bag341_20250825
341,20250825,51,97.64,64.41,,,,bag341_20250825
341,20250825,52,80.22,65.55,,,,bag341_20250825
341,20250825,53,108.05,65.68,,,,bag341_20250825
341,20250825,54,107.40,61.82,,,,bag341_20250825
341,20250825,55,88.87,74.46,,,,bag341_20250825
341,20250825,56,108.62,70.78,,,,bag341_20250825
341,20250825,57,89.06,48.84,,,,bag341_20250825
341,20250825,58,81.44,57.73,,,,bag341_20250825
341,20250825,59,90.65,66.46,,,,bag341_20250825
341,20250825,60,84.85,57.34,,,,bag341_20250825
341,20250825,61,82.21,55.33,,,,bag341_20250825
341,20250825,62,93.02,61.93,,,,bag341_20250825
341,20250825,63,80.88,61.38,,,,bag341_20250825
341,20250825,64,101.44,51.33,,,,bag341_20250825
341,20250825,65,87.61,48.47,,,,bag341_20250825
341,20250825,66,98.81,52.10,,,,bag341_20250825
341,20250825,67,96.03,54.92,,,,bag341_20250825
341,20250825,68,82.73,66.07,,,,bag341_20250825
341,20250825,69,100.59,72.82,,,,bag341_20250825
341,20250825,70,99.31,60.01,,,,bag341_20250825
341,20250825,71,84.06,53.96,,,,bag341_20250826
341,20250825,72,102.88,54.12,,,,bag341_20250827
341,20250825,73,108.21,69.51,,,,bag341_20250828
341,20250825,74,94.56,55.64,,,,bag341_20250829
341,20250825,75,123.56,44.60,,,,bag341_20250830
341,20250825,76,131.36,63.59,,,,bag341_20250831
341,20250825,77,94.99,58.31,,,,bag341_20250832
341,20250825,78,123.19,67.30,,,,bag341_20250833
341,20250825,79,96.02,69.78,,,,bag341_20250834
341,20250825,80,125.29,67.43,,,,bag341_20250835
341,20250825,81,111.54,71.57,,,,bag341_20250836
341,20250825,82,81.79,57.59,,,,bag341_20250837
341,20250825,83,100.54,54.89,,,,bag341_20250838
341,20250825,84,113.72,66.99,,,,bag341_20250839
342,20250825,1,110.47,78.19,,,,bag342_20250825
342,20250825,2,110.07,66.88,,,,bag342_20250825
342,20250825,3,78.08,58.37,,,,bag342_20250825
342,20250825,4,63.02,46.35,,,,bag342_20250825
342,20250825,5,105.91,63.31,,,,bag342_20250825
342,20250825,6,97.81,74.23,,,,bag342_20250825
342,20250825,7,93.20,66.74,,,,bag342_20250825
342,20250825,8,95.47,58.49,,,,bag342_20250825
342,20250825,9,101.41,69.20,,,,bag342_20250825
342,20250825,10,102.65,72.68,,,,bag342_20250825
342,20250825,11,91.27,56.94,,,,bag342_20250825
342,20250825,12,99.63,72.56,,,,bag342_20250825
342,20250825,13,90.80,56.96,,,,bag342_20250825
342,20250825,14,90.96,61.68,,,,bag342_20250825
342,20250825,15,103.36,51.38,,,,bag342_20250825
342,20250825,16,114.39,53.88,,,,bag342_20250825
342,20250825,17,85.65,64.52,,,,bag342_20250825
342,20250825,18,77.44,38.40,,,,bag342_20250825
342,20250825,19,74.75,67.83,,,,bag342_20250825
342,20250825,20,106.28,58.25,,,,bag342_20250825
342,20250825,21,94.38,59.10,,,,bag342_20250825
342,20250825,22,103.62,67.90,,,,bag342_20250825
342,20250825,23,98.81,65.67,,,,bag342_20250825
342,20250825,24,96.98,59.32,,,,bag342_20250825
342,20250825,25,83.73,60.69,,,,bag342_20250825
342,20250825,26,88.59,58.45,,,,bag342_20250825
342,20250825,27,77.03,59.80,,,,bag342_20250825
342,20250825,28,85.71,58.08,,,,bag342_20250825
342,20250825,29,107.59,48.62,,,,bag342_20250825
342,20250825,30,74.29,59.82,,,,bag342_20250825
342,20250825,31,76.41,53.25,,,,bag342_20250825
342,20250825,32,108.16,61.73,,,,bag342_20250825
342,20250825,33,66.50,52.09,,,,bag342_20250825
342,20250825,34,100.64,56.98,,,,bag342_20250825
342,20250825,35,81.12,58.16,,,,bag342_20250825
342,20250825,36,95.17,65.32,,,,bag342_20250825
342,20250825,37,103.47,62.95,,,,bag342_20250825
342,20250825,38,77.83,53.68,,,,bag342_20250825
342,20250825,39,76.34,56.98,,,,bag342_20250825
342,20250825,40,87.49,50.97,,,,bag342_20250825
342,20250825,41,95.42,60.30,,,,bag342_20250825
342,20250825,42,97.63,67.03,,,,bag342_20250825
342,20250825,43,93.77,52.20,,,,bag342_20250825
342,20250825,44,83.29,60.84,,,,bag342_20250825
342,20250825,45,84.00,55.02,,,,bag342_20250825
342,20250825,46,94.59,58.49,,,,bag342_20250825
342,20250825,47,81.49,57.96,,,,bag342_20250825
342,20250825,48,99.00,61.34,,,,bag342_20250825
342,20250825,49,103.04,72.45,,,,bag342_20250825
342,20250825,50,97.05,61.52,,,,bag342_20250825
342,20250825,51,96.24,56.15,,,,bag342_20250825
342,20250825,52,88.36,53.22,,,,bag342_20250825
342,20250825,53,106.12,69.60,,,,bag342_20250825
342,20250825,54,72.96,48.76,,,,bag342_20250825
342,20250825,55,99.51,56.82,,,,bag342_20250825
342,20250825,56,64.10,52.81,,,,bag342_20250825
342,20250825,57,82.98,48.91,,,,bag342_20250825
342,20250825,58,95.55,72.24,,,,bag342_20250825
342,20250825,59,74.35,59.75,,,,bag342_20250825
342,20250825,60,108.97,64.33,,,,bag342_20250825
342,20250825,61,108.97,62.43,,,,bag342_20250825
342,20250825,62,93.27,57.24,,,,bag342_20250825
342,20250825,63,112.01,55.36,,,,bag342_20250825
342,20250825,64,80.94,56.25,,,,bag342_20250825
342,20250825,65,94.32,56.51,,,,bag342_20250825
342,20250825,66,110.04,68.05,,,,bag342_20250825
342,20250825,67,90.86,54.85,,,,bag342_20250825
342,20250825,68,96.56,60.25,,,,bag342_20250825
342,20250825,69,95.58,64.25,,,,bag342_20250825
342,20250825,70,105.35,61.65,,,,bag342_20250825
342,20250825,71,118.42,68.28,,,,bag342_20250825
342,20250825,72,93.46,58.98,,,,bag342_20250825
342,20250825,73,91.74,80.57,,,,bag342_20250825
342,20250825,74,76.01,61.08,,,,bag342_20250825
342,20250825,75,106.99,73.22,,,,bag342_20250825
342,20250825,76,117.20,72.16,,,,bag342_20250825
342,20250825,77,87.71,55.33,,,,bag342_20250825
342,20250825,78,83.93,58.55,,,,bag342_20250825
342,20250825,79,97.20,62.74,,,,bag342_20250825
342,20250825,80,108.26,58.31,,,,bag342_20250825
342,20250825,81,111.99,61.76,,,,bag342_20250825
342,20250825,82,118.55,76.26,,,,bag342_20250825
342,20250825,83,100.20,56.15,,,,bag342_20250825
342,20250825,84,111.89,82.12,,,,bag342_20250825
342,20250825,85,96.11,57.20,,,,bag342_20250825
342,20250825,86,84.17,55.95,,,,bag342_20250825
343,20250825,1,85.92,56.87,,,,bag343_20250825
343,20250825,2,101.59,62.88,,,,bag343_20250825
343,20250825,3,86.39,66.58,,,,bag343_20250825
343,20250825,4,93.68,58.79,,,,bag343_20250825
343,20250825,5,95.85,61.09,,,,bag343_20250825
343,20250825,6,76.94,58.70,,,,bag343_20250825
343,20250825,7,100.25,59.33,,,,bag343_20250825
343,20250825,8,84.57,59.87,,,,bag343_20250825
343,20250825,9,87.73,54.38,,,,bag343_20250825
343,20250825,10,79.94,57.49,,,,bag343_20250825
343,20250825,11,70.23,45.70,,,,bag343_20250825
343,20250825,12,108.59,64.74,,,,bag343_20250825
343,20250825,13,90.15,61.98,,,,bag343_20250825
343,20250825,14,105.82,54.45,,,,bag343_20250825
343,20250825,15,88.39,51.37,,,,bag343_20250825
343,20250825,16,78.69,55.32,,,,bag343_20250825
343,20250825,17,91.30,57.54,,,,bag343_20250825
343,20250825,18,86.85,53.66,,,,bag343_20250825
343,20250825,19,104.98,56.00,,,,bag343_20250825
343,20250825,20,78.63,60.08,,,,bag343_20250825
343,20250825,21,79.69,63.04,,,,bag343_20250825
343,20250825,22,80.90,60.28,,,,bag343_20250825
343,20250825,23,92.45,59.20,,,,bag343_20250825
343,20250825,24,126.82,60.61,,,,bag343_20250825
343,20250825,25,94.94,64.48,,,,bag343_20250825
343,20250825,26,95.74,65.55,,,,bag343_20250825
343,20250825,27,83.83,53.96,,,,bag343_20250825
343,20250825,28,103.66,58.65,,,,bag343_20250825
343,20250825,29,92.20,56.50,,,,bag343_20250825
343,20250825,30,70.91,45.01,,,,bag343_20250825
343,20250825,31,68.77,48.60,,,,bag343_20250825
343,20250825,32,75.30,51.61,,,,bag343_20250825
343,20250825,33,107.12,65.93,,,,bag343_20250825
343,20250825,34,105.05,46.24,,,,bag343_20250825
343,20250825,35,109.76,57.99,,,,bag343_20250825
343,20250825,36,149.66,50.14,,,,bag343_20250825
343,20250825,37,71.31,61.28,,,,bag343_20250825
343,20250825,38,90.64,51.94,,,,bag343_20250825
343,20250825,39,90.28,58.31,,,,bag343_20250825
343,20250825,40,98.75,79.92,,,,bag343_20250825
343,20250825,41,96.54,55.89,,,,bag343_20250825
343,20250825,42,95.32,66.05,,,,bag343_20250825
343,20250825,43,66.25,39.64,,,,bag343_20250825
343,20250825,44,91.21,52.85,,,,bag343_20250825
343,20250825,45,83.38,58.03,,,,bag343_20250825
343,20250825,46,75.82,51.20,,,,bag343_20250825
343,20250825,47,101.97,52.28,,,,bag343_20250825
343,20250825,48,81.77,49.25,,,,bag343_20250825
343,20250825,49,115.44,54.23,,,,bag343_20250825
343,20250825,50,98.05,58.54,,,,bag343_20250825
343,20250825,51,103.93,47.24,,,,bag343_20250825
343,20250825,52,92.48,54.99,,,,bag343_20250825
343,20250825,53,82.05,54.52,,,,bag343_20250825
343,20250825,54,58.59,45.70,,,,bag343_20250825
343,20250825,55,90.24,52.99,,,,bag343_20250825
343,20250825,56,88.40,57.29,,,,bag343_20250825
343,20250825,57,114.52,63.01,,,,bag343_20250825
343,20250825,58,96.47,68.29,,,,bag343_20250825
343,20250825,59,71.10,51.81,,,,bag343_20250825
343,20250825,60,98.50,57.93,,,,bag343_20250825
343,20250825,61,99.08,65.82,,,,bag343_20250825
343,20250825,62,106.75,53.93,,,,bag343_20250825
343,20250825,63,107.47,57.48,,,,bag343_20250825
343,20250825,64,107.27,57.45,,,,bag343_20250825
343,20250825,65,86.46,51.47,,,,bag343_20250825
343,20250825,66,76.16,54.48,,,,bag343_20250825
343,20250825,67,84.03,49.55,,,,bag343_20250825
343,20250825,68,72.54,40.51,,,,bag343_20250825
343,20250825,69,96.66,50.26,,,,bag343_20250825
343,20250825,70,101.61,67.72,,,,bag343_20250825
343,20250825,71,110.69,63.43,,,,bag343_20250825
343,20250825,72,89.50,65.10,,,,bag343_20250825
343,20250825,73,88.50,72.67,,,,bag343_20250825
343,20250825,74,89.79,60.70,,,,bag343_20250825
343,20250825,75,116.79,67.19,,,,bag343_20250825
343,20250825,76,110.82,55.61,,,,bag343_20250825
343,20250825,77,83.73,61.64,,,,bag343_20250825
343,20250825,78,104.89,80.35,,,,bag343_20250825
343,20250825,79,90.03,64.24,,,,bag343_20250825
357,20250825,1,95.67,63.79,,,,bag357_20250825
357,20250825,2,101.39,62.76,,,,bag357_20250825
357,20250825,3,106.65,58.13,,,,bag357_20250825
357,20250825,4,120.34,61.06,,,,bag357_20250825
357,20250825,5,97.65,63.92,,,,bag357_20250825
357,20250825,6,111.17,65.13,,,,bag357_20250825
357,20250825,7,93.74,52.90,,,,bag357_20250825
357,20250825,8,113.70,58.18,,,,bag357_20250825
357,20250825,9,92.48,54.75,,,,bag357_20250825
357,20250825,10,94.89,59.64,,,,bag357_20250825
357,20250825,11,102.80,81.19,,,,bag357_20250825
357,20250825,12,86.52,53.79,,,,bag357_20250825
357,20250825,13,66.88,49.57,,,,bag357_20250825
357,20250825,14,113.64,61.79,,,,bag357_20250825
357,20250825,15,100.36,69.12,,,,bag357_20250825
357,20250825,16,105.98,45.52,,,,bag357_20250825
357,20250825,17,112.70,64.86,,,,bag357_20250825
357,20250825,18,111.44,57.83,,,,bag357_20250825
357,20250825,19,60.70,50.32,,,,bag357_20250825
357,20250825,20,95.90,62.95,,,,bag357_20250825
357,20250825,21,95.08,54.27,,,,bag357_20250825
357,20250825,22,85.78,48.82,,,,bag357_20250825
357,20250825,23,121.99,56.15,,,,bag357_20250825
357,20250825,24,83.21,51.98,,,,bag357_20250825
357,20250825,25,90.86,58.10,,,,bag357_20250825
357,20250825,26,78.69,42.05,,,,bag357_20250825
357,20250825,27,100.46,50.99,,,,bag357_20250825
357,20250825,28,93.74,44.33,,,,bag357_20250825
357,20250825,29,115.38,64.22,,,,bag357_20250825
357,20250825,30,80.89,55.38,,,,bag357_20250825
357,20250825,31,57.22,41.70,,,,bag357_20250825
357,20250825,32,78.40,67.02,,,,bag357_20250825
357,20250825,33,99.44,61.40,,,,bag357_20250825
357,20250825,34,94.74,64.05,,,,bag357_20250825
357,20250825,35,78.90,51.61,,,,bag357_20250825
357,20250825,36,85.96,56.34,,,,bag357_20250825
357,20250825,37,87.51,57.97,,,,bag357_20250825
357,20250825,38,111.35,58.56,,,,bag357_20250825
357,20250825,39,99.78,67.34,,,,bag357_20250825
357,20250825,40,75.91,58.46,,,,bag357_20250825
357,20250825,41,98.94,58.43,,,,bag357_20250825
357,20250825,42,79.91,50.75,,,,bag357_20250825
357,20250825,43,83.51,58.63,,,,bag357_20250825
357,20250825,44,96.69,59.77,,,,bag357_20250825
357,20250825,45,75.56,50.11,,,,bag357_20250825
357,20250825,46,97.94,54.46,,,,bag357_20250825
357,20250825,47,77.75,66.16,,,,bag357_20250825
357,20250825,48,83.13,57.91,,,,bag357_20250825
357,20250825,49,77.14,51.70,,,,bag357_20250825
357,20250825,50,81.22,54.92,,,,bag357_20250825
357,20250825,51,98.46,60.20,,,,bag357_20250825
357,20250825,52,77.67,49.83,,,,bag357_20250825
357,20250825,53,108.88,50.68,,,,bag357_20250825
357,20250825,54,101.47,56.09,,,,bag357_20250825
357,20250825,55,96.13,52.96,,,,bag357_20250825
357,20250825,56,74.08,50.64,,,,bag357_20250825
357,20250825,57,84.56,56.69,,,,bag357_20250825
357,20250825,58,101.37,49.55,,,,bag357_20250825
357,20250825,59,53.62,43.35,,,,bag357_20250825
357,20250825,60,114.26,62.04,,,,bag357_20250825
357,20250825,61,93.73,60.20,,,,bag357_20250825
357,20250825,62,87.93,63.98,,,,bag357_20250825
357,20250825,63,76.42,61.03,,,,bag357_20250825
357,20250825,64,74.97,47.71,,,,bag357_20250825
357,20250825,65,101.51,66.23,,,,bag357_20250825
357,20250825,66,81.20,62.16,,,,bag357_20250825
357,20250825,67,93.68,60.84,,,,bag357_20250825
357,20250825,68,98.36,53.68,,,,bag357_20250825
357,20250825,69,99.54,46.33,,,,bag357_20250825
357,20250825,70,98.54,57.85,,,,bag357_20250825
357,20250825,71,92.84,56.80,,,,bag357_20250825
357,20250825,72,121.19,58.99,,,,bag357_20250825
357,20250825,73,76.61,49.26,,,,bag357_20250825
357,20250825,74,85.71,59.83,,,,bag357_20250825
357,20250825,75,128.85,65.74,,,,bag357_20250825
357,20250825,76,81.92,61.07,,,,bag357_20250825
357,20250825,77,95.17,74.04,,,,bag357_20250825
357,20250825,78,101.81,54.18,,,,bag357_20250825
357,20250825,79,86.42,55.81,,,,bag357_20250825
357,20250825,80,99.99,61.93,,,,bag357_20250825
357,20250825,81,114.79,68.73,,,,bag357_20250825
357,20250825,82,102.84,63.78,,,,bag357_20250825
357,20250825,83,92.85,64.98,,,,bag357_20250825
357,20250825,84,84.49,51.04,,,,bag357_20250825
357,20250825,85,111.91,61.60,,,,bag357_20250825
358,20250825,1,98.28,60.20,,,,bag358_20250825
358,20250825,2,92.56,54.59,,,,bag358_20250825
358,20250825,3,99.45,66.08,,,,bag358_20250825
358,20250825,4,89.32,48.10,,,,bag358_20250825
358,20250825,5,72.37,47.90,,,,bag358_20250825
358,20250825,6,86.35,49.55,,,,bag358_20250825
358,20250825,7,72.75,52.03,,,,bag358_20250825
358,20250825,8,81.72,51.20,,,,bag358_20250825
358,20250825,9,69.47,43.77,,,,bag358_20250825
358,20250825,10,88.87,56.79,,,,bag358_20250825
358,20250825,11,83.99,44.35,,,,bag358_20250825
358,20250825,12,75.55,54.50,,,,bag358_20250825
358,20250825,13,83.08,42.63,,,,bag358_20250825
358,20250825,14,62.89,52.49,,,,bag358_20250825
358,20250825,15,103.25,62.02,,,,bag358_20250825
358,20250825,16,67.14,53.68,,,,bag358_20250825
358,20250825,17,78.73,68.90,,,,bag358_20250825
358,20250825,18,69.69,56.98,,,,bag358_20250825
358,20250825,19,98.11,62.54,,,,bag358_20250825
358,20250825,20,103.15,62.96,,,,bag358_20250825
358,20250825,21,79.78,53.09,,,,bag358_20250825
358,20250825,22,82.00,48.75,,,,bag358_20250825
358,20250825,23,97.72,52.68,,,,bag358_20250825
358,20250825,24,103.86,66.10,,,,bag358_20250825
358,20250825,25,96.46,46.08,,,,bag358_20250825
358,20250825,26,107.56,67.35,,,,bag358_20250825
358,20250825,27,91.25,55.20,,,,bag358_20250825
358,20250825,28,99.18,70.10,,,,bag358_20250825
358,20250825,29,97.21,50.80,,,,bag358_20250825
358,20250825,30,118.11,58.63,,,,bag358_20250825
358,20250825,31,76.42,55.33,,,,bag358_20250825
358,20250825,32,104.55,67.72,,,,bag358_20250825
358,20250825,33,78.32,64.64,,,,bag358_20250825
358,20250825,34,75.65,55.29,,,,bag358_20250825
358,20250825,35,59.61,45.70,,,,bag358_20250825
358,20250825,36,104.46,62.41,,,,bag358_20250825
358,20250825,37,83.08,42.63,,,,bag358_20250825
358,20250825,38,88.17,56.06,,,,bag358_20250825
358,20250825,39,60.05,36.56,,,,bag358_20250825
358,20250825,40,84.83,51.42,,,,bag358_20250825
358,20250825,41,84.72,65.24,,,,bag358_20250825
358,20250825,42,85.73,48.31,,,,bag358_20250825
358,20250825,43,88.41,51.31,,,,bag358_20250825
358,20250825,44,87.62,57.81,,,,bag358_20250825
358,20250825,45,68.90,40.46,,,,bag358_20250825
358,20250825,46,81.22,67.57,,,,bag358_20250825
358,20250825,47,80.93,56.80,,,,bag358_20250825
358,20250825,48,85.93,64.46,,,,bag358_20250825
358,20250825,49,84.09,47.27,,,,bag358_20250825
358,20250825,50,98.31,55.33,,,,bag358_20250825
358,20250825,51,92.35,58.00,,,,bag358_20250825
358,20250825,52,75.51,56.65,,,,bag358_20250825
358,20250825,53,79.18,47.07,,,,bag358_20250825
358,20250825,54,69.96,56.98,,,,bag358_20250825
358,20250825,55,76.16,51.72,,,,bag358_20250825
358,20250825,56,70.56,60.61,,,,bag358_20250825
358,20250825,57,69.86,51.20,,,,bag358_20250825
358,20250825,58,83.08,66.34,,,,bag358_20250825
358,20250825,59,55.67,42.81,,,,bag358_20250825
358,20250825,60,82.34,53.22,,,,bag358_20250825
358,20250825,61,72.94,45.63,,,,bag358_20250825
358,20250825,62,99.95,46.61,,,,bag358_20250825
358,20250825,63,75.60,61.93,,,,bag358_20250825
358,20250825,64,79.32,56.93,,,,bag358_20250825
358,20250825,65,73.17,51.20,,,,bag358_20250825
358,20250825,66,71.25,51.57,,,,bag358_20250825
358,20250825,67,92.27,59.24,,,,bag358_20250825
358,20250825,68,88.34,57.41,,,,bag358_20250825
358,20250825,69,87.15,54.15,,,,bag358_20250825
358,20250825,70,73.66,52.91,,,,bag358_20250825
358,20250825,71,80.72,49.83,,,,bag358_20250825
358,20250825,72,81.26,47.83,,,,bag358_20250825
358,20250825,73,133.15,58.17,,,,bag358_20250825
358,20250825,74,105.77,63.72,,,,bag358_20250825
358,20250825,75,81.75,47.61,,,,bag358_20250825
358,20250825,76,73.24,45.79,,,,bag358_20250825
358,20250825,77,98.35,52.52,,,,bag358_20250825
358,20250825,78,72.24,58.63,,,,bag358_20250825
358,20250825,79,90.53,52.85,,,,bag358_20250825
358,20250825,80,83.86,57.98,,,,bag358_20250825
358,20250825,81,83.12,67.56,,,,bag358_20250825
358,20250825,82,63.99,53.68,,,,bag358_20250825
358,20250825,83,76.99,53.03,,,,bag358_20250825
358,20250825,84,82.09,58.58,,,,bag358_20250825
358,20250825,85,78.18,52.43,,,,bag358_20250825
358,20250825,86,76.77,58.48,,,,bag358_20250825
359,20250825,1,130.91,82.45,,,,bag359_20250825
359,20250825,2,115.64,74.37,,,,bag359_20250825
359,20250825,3,101.13,69.59,,,,bag359_20250825
359,20250825,4,109.12,70.88,,,,bag359_20250825
359,20250825,5,89.74,62.70,,,,bag359_20250825
359,20250825,6,110.43,74.88,,,,bag359_20250825
359,20250825,7,127.32,75.44,,,,bag359_20250825
359,20250825,8,101.60,63.94,,,,bag359_20250825
359,20250825,9,103.23,73.91,,,,bag359_20250825
359,20250825,10,109.19,72.75,,,,bag359_20250825
359,20250825,11,101.72,74.65,,,,bag359_20250825
359,20250825,12,98.36,61.12,,,,bag359_20250825
359,20250825,13,90.22,54.20,,,,bag359_20250825
359,20250825,14,104.02,56.15,,,,bag359_20250825
359,20250825,15,96.82,66.66,,,,bag359_20250825
359,20250825,16,88.09,54.67,,,,bag359_20250825
359,20250825,17,102.16,70.82,,,,bag359_20250825
359,20250825,18,104.52,63.23,,,,bag359_20250825
359,20250825,19,111.04,63.17,,,,bag359_20250825
359,20250825,20,99.89,58.73,,,,bag359_20250825
359,20250825,21,104.21,73.30,,,,bag359_20250825
359,20250825,22,85.89,64.95,,,,bag359_20250825
359,20250825,23,111.75,58.12,,,,bag359_20250825
359,20250825,24,104.36,61.94,,,,bag359_20250825
359,20250825,25,79.11,60.99,,,,bag359_20250825
359,20250825,26,100.42,71.23,,,,bag359_20250825
359,20250825,27,74.36,61.93,,,,bag359_20250825
359,20250825,28,85.97,61.93,,,,bag359_20250825
359,20250825,29,132.05,73.90,,,,bag359_20250825
359,20250825,30,86.25,65.54,,,,bag359_20250825
359,20250825,31,68.62,46.65,,,,bag359_20250825
359,20250825,32,109.31,61.50,,,,bag359_20250825
359,20250825,33,96.90,52.92,,,,bag359_20250825
359,20250825,34,102.56,72.67,,,,bag359_20250825
359,20250825,35,109.69,60.34,,,,bag359_20250825
359,20250825,36,123.52,75.94,,,,bag359_20250825
359,20250825,37,93.58,56.34,,,,bag359_20250825
359,20250825,38,108.65,52.89,,,,bag359_20250825
359,20250825,39,112.87,67.11,,,,bag359_20250825
359,20250825,40,99.37,60.36,,,,bag359_20250825
359,20250825,41,117.74,51.36,,,,bag359_20250825
359,20250825,42,105.34,60.64,,,,bag359_20250825
359,20250825,43,86.35,66.18,,,,bag359_20250825
359,20250825,44,91.70,53.28,,,,bag359_20250825
359,20250825,45,90.70,56.00,,,,bag359_20250825
359,20250825,46,104.25,60.34,,,,bag359_20250825
359,20250825,47,110.85,62.87,,,,bag359_20250825
359,20250825,48,90.13,73.31,,,,bag359_20250825
359,20250825,49,91.31,58.87,,,,bag359_20250825
359,20250825,50,102.75,70.07,,,,bag359_20250825
359,20250825,51,101.52,63.49,,,,bag359_20250825
359,20250825,52,111.84,65.49,,,,bag359_20250825
359,20250825,53,74.44,58.83,,,,bag359_20250825
359,20250825,54,88.83,59.46,,,,bag359_20250825
359,20250825,55,92.30,60.19,,,,bag359_20250825
359,20250825,56,130.88,69.19,,,,bag359_20250825
359,20250825,57,89.47,68.38,,,,bag359_20250825
359,20250825,58,128.89,44.73,,,,bag359_20250825
359,20250825,59,119.67,63.17,,,,bag359_20250825
359,20250825,60,127.77,68.45,,,,bag359_20250825
359,20250825,61,107.85,66.47,,,,bag359_20250825
359,20250825,62,107.86,67.88,,,,bag359_20250825
359,20250825,63,79.49,65.74,,,,bag359_20250825
359,20250825,64,106.59,61.34,,,,bag359_20250825
359,20250825,65,138.26,59.45,,,,bag359_20250825
359,20250825,66,137.68,65.24,,,,bag359_20250825
359,20250825,67,104.69,51.53,,,,bag359_20250825
359,20250825,68,121.49,72.47,,,,bag359_20250825
359,20250825,69,107.32,62.89,,,,bag359_20250825
359,20250825,70,99.60,64.41,,,,bag359_20250825
359,20250825,71,122.08,55.82,,,,bag359_20250825
359,20250825,72,107.56,68.12,,,,bag359_20250825
359,20250825,73,113.18,61.48,,,,bag359_20250825
359,20250825,74,105.35,53.49,,,,bag359_20250825
359,20250825,75,91.84,57.98,,,,bag359_20250825
359,20250825,76,117.49,69.13,,,,bag359_20250825
359,20250825,77,103.33,58.64,,,,bag359_20250825
359,20250825,78,124.58,67.62,,,,bag359_20250825
359,20250825,79,135.55,53.34,,,,bag359_20250825
360,20250825,1,97.28,57.81,,,,bag360_20250825
360,20250825,2,97.63,55.77,,,,bag360_20250825
360,20250825,3,69.96,43.04,,,,bag360_20250825
360,20250825,4,92.93,74.33,,,,bag360_20250825
360,20250825,5,96.75,62.48,,,,bag360_20250825
360,20250825,6,97.87,64.41,,,,bag360_20250825
360,20250825,7,84.71,57.81,,,,bag360_20250825
360,20250825,8,76.01,59.46,,,,bag360_20250825
360,20250825,9,119.12,59.20,,,,bag360_20250825
360,20250825,10,93.50,65.18,,,,bag360_20250825
360,20250825,11,119.30,74.97,,,,bag360_20250825
360,20250825,12,85.89,64.26,,,,bag360_20250825
360,20250825,13,128.72,57.86,,,,bag360_20250825
360,20250825,14,87.97,61.34,,,,bag360_20250825
360,20250825,15,93.91,75.15,,,,bag360_20250825
360,20250825,16,104.67,56.15,,,,bag360_20250825
360,20250825,17,87.25,61.86,,,,bag360_20250825
360,20250825,18,93.94,56.06,,,,bag360_20250825
360,20250825,19,117.09,71.84,,,,bag360_20250825
360,20250825,20,106.59,67.34,,,,bag360_20250825
360,20250825,21,91.83,48.36,,,,bag360_20250825
360,20250825,22,73.36,46.13,,,,bag360_20250825
360,20250825,23,82.02,53.55,,,,bag360_20250825
360,20250825,24,101.51,61.11,,,,bag360_20250825
360,20250825,25,106.81,66.98,,,,bag360_20250825
360,20250825,26,102.75,56.40,,,,bag360_20250825
360,20250825,27,116.86,67.85,,,,bag360_20250825
360,20250825,28,117.03,52.85,,,,bag360_20250825
360,20250825,29,65.18,43.16,,,,bag360_20250825
360,20250825,30,101.61,62.58,,,,bag360_20250825
360,20250825,31,105.11,59.46,,,,bag360_20250825
360,20250825,32,79.72,47.08,,,,bag360_20250825
360,20250825,33,95.32,59.09,,,,bag360_20250825
360,20250825,34,81.33,57.81,,,,bag360_20250825
360,20250825,35,65.75,51.05,,,,bag360_20250825
360,20250825,36,83.32,53.05,,,,bag360_20250825
360,20250825,37,112.42,51.63,,,,bag360_20250825
360,20250825,38,96.11,57.86,,,,bag360_20250825
360,20250825,39,77.21,50.37,,,,bag360_20250825
360,20250825,40,109.56,62.44,,,,bag360_20250825
360,20250825,41,69.70,47.90,,,,bag360_20250825
360,20250825,42,106.33,49.78,,,,bag360_20250825
360,20250825,43,96.70,54.72,,,,bag360_20250825
360,20250825,44,91.21,60.11,,,,bag360_20250825
360,20250825,45,84.35,62.67,,,,bag360_20250825
360,20250825,46,124.53,56.32,,,,bag360_20250825
360,20250825,47,63.50,52.85,,,,bag360_20250825
360,20250825,48,92.33,68.05,,,,bag360_20250825
360,20250825,49,104.81,62.87,,,,bag360_20250825
360,20250825,50,107.23,68.39,,,,bag360_20250825
360,20250825,51,91.21,65.18,,,,bag360_20250825
360,20250825,52,86.50,53.68,,,,bag360_20250825
360,20250825,53,106.52,68.06,,,,bag360_20250825
360,20250825,54,85.97,52.73,,,,bag360_20250825
360,20250825,55,94.65,58.23,,,,bag360_20250825
360,20250825,56,72.79,57.57,,,,bag360_20250825
360,20250825,57,112.48,48.95,,,,bag360_20250825
360,20250825,58,99.82,59.09,,,,bag360_20250825
360,20250825,59,79.09,47.89,,,,bag360_20250825
360,20250825,60,79.56,44.22,,,,bag360_20250825
360,20250825,61,86.96,64.32,,,,bag360_20250825
360,20250825,62,107.67,61.27,,,,bag360_20250825
360,20250825,63,108.91,57.97,,,,bag360_20250825
360,20250825,64,101.83,52.26,,,,bag360_20250825
360,20250825,65,93.79,66.91,,,,bag360_20250825
360,20250825,66,111.64,54.10,,,,bag360_20250825
360,20250825,67,75.20,52.93,,,,bag360_20250825
360,20250825,68,82.94,46.65,,,,bag360_20250825
360,20250825,69,113.88,48.34,,,,bag360_20250825
360,20250825,70,94.89,56.56,,,,bag360_20250825
360,20250825,71,89.75,67.95,,,,bag360_20250825
360,20250825,72,109.88,65.28,,,,bag360_20250825
361,20250825,1,86.56,58.69,,,,bag361_20250825
361,20250825,2,92.64,58.51,,,,bag361_20250825
361,20250825,3,77.95,55.69,,,,bag361_20250825
361,20250825,4,82.08,55.43,,,,bag361_20250825
361,20250825,5,127.26,62.01,,,,bag361_20250825
361,20250825,6,88.55,57.13,,,,bag361_20250825
361,20250825,7,93.11,59.36,,,,bag361_20250825
361,20250825,8,91.26,59.68,,,,bag361_20250825
361,20250825,9,97.41,58.13,,,,bag361_20250825
361,20250825,10,100.23,53.68,,,,bag361_20250825
361,20250825,11,87.45,66.21,,,,bag361_20250825
361,20250825,12,98.79,70.76,,,,bag361_20250825
361,20250825,13,88.03,54.88,,,,bag361_20250825
361,20250825,14,85.76,57.43,,,,bag361_20250825
361,20250825,15,95.23,50.45,,,,bag361_20250825
361,20250825,16,80.34,45.50,,,,bag361_20250825
361,20250825,17,74.10,44.65,,,,bag361_20250825
361,20250825,18,85.14,49.51,,,,bag361_20250825
361,20250825,19,73.46,56.94,,,,bag361_20250825
361,20250825,20,83.16,47.81,,,,bag361_20250825
361,20250825,21,71.48,50.27,,,,bag361_20250825
361,20250825,22,82.34,54.90,,,,bag361_20250825
361,20250825,23,79.25,55.22,,,,bag361_20250825
361,20250825,24,93.91,70.50,,,,bag361_20250825
361,20250825,25,89.46,58.17,,,,bag361_20250825
361,20250825,26,97.94,54.68,,,,bag361_20250825
361,20250825,27,92.35,54.14,,,,bag361_20250825
361,20250825,28,84.11,52.19,,,,bag361_20250825
361,20250825,29,91.86,63.24,,,,bag361_20250825
361,20250825,30,94.54,65.93,,,,bag361_20250825
361,20250825,31,82.59,63.53,,,,bag361_20250825
361,20250825,32,72.47,57.45,,,,bag361_20250825
361,20250825,33,75.29,65.22,,,,bag361_20250825
361,20250825,34,73.37,59.05,,,,bag361_20250825
361,20250825,35,65.25,54.94,,,,bag361_20250825
361,20250825,36,87.93,49.47,,,,bag361_20250825
361,20250825,37,70.08,57.22,,,,bag361_20250825
361,20250825,38,90.13,56.18,,,,bag361_20250825
361,20250825,39,93.52,60.64,,,,bag361_20250825
361,20250825,40,85.22,57.29,,,,bag361_20250825
361,20250825,41,79.47,65.64,,,,bag361_20250825
361,20250825,42,95.70,50.91,,,,bag361_20250825
361,20250825,43,84.89,52.13,,,,bag361_20250825
361,20250825,44,113.60,66.04,,,,bag361_20250825
361,20250825,45,87.36,66.07,,,,bag361_20250825
361,20250825,46,83.92,53.24,,,,bag361_20250825
361,20250825,47,92.04,66.80,,,,bag361_20250825
361,20250825,48,83.50,54.30,,,,bag361_20250825
361,20250825,49,95.87,55.13,,,,bag361_20250825
361,20250825,50,81.01,49.91,,,,bag361_20250825
361,20250825,51,119.35,52.98,,,,bag361_20250825
361,20250825,52,100.55,62.32,,,,bag361_20250825
361,20250825,53,98.14,47.64,,,,bag361_20250825
361,20250825,54,130.52,56.32,,,,bag361_20250825
361,20250825,55,86.48,64.15,,,,bag361_20250825
361,20250825,56,111.97,65.92,,,,bag361_20250825
361,20250825,57,102.91,65.43,,,,bag361_20250825
361,20250825,58,114.69,71.83,,,,bag361_20250825
361,20250825,59,83.32,65.51,,,,bag361_20250825
361,20250825,60,86.22,57.80,,,,bag361_20250825
361,20250825,61,76.36,55.13,,,,bag361_20250825
380,20250825,1,101.29,56.48,,,,bag380_20250825
380,20250825,2,104.31,67.90,,,,bag380_20250825
380,20250825,3,96.70,58.70,,,,bag380_20250825
380,20250825,4,84.57,72.37,,,,bag380_20250825
380,20250825,5,87.71,67.66,,,,bag380_20250825
380,20250825,6,90.72,63.36,,,,bag380_20250825
380,20250825,7,94.04,54.26,,,,bag380_20250825
380,20250825,8,100.91,61.04,,,,bag380_20250825
380,20250825,9,79.28,56.98,,,,bag380_20250825
380,20250825,10,112.74,51.38,,,,bag380_20250825
380,20250825,11,81.76,53.14,,,,bag380_20250825
380,20250825,12,108.27,50.23,,,,bag380_20250825
380,20250825,13,79.13,60.28,,,,bag380_20250825
380,20250825,14,112.99,63.67,,,,bag380_20250825
380,20250825,15,82.32,61.82,,,,bag380_20250825
380,20250825,16,82.73,58.87,,,,bag380_20250825
380,20250825,17,103.86,48.95,,,,bag380_20250825
380,20250825,18,92.71,52.92,,,,bag380_20250825
380,20250825,19,93.43,47.85,,,,bag380_20250825
380,20250825,20,80.37,47.07,,,,bag380_20250825
380,20250825,21,125.05,46.06,,,,bag380_20250825
380,20250825,22,96.49,55.21,,,,bag380_20250825
380,20250825,23,92.33,61.90,,,,bag380_20250825
380,20250825,24,68.70,57.37,,,,bag380_20250825
380,20250825,25,97.50,66.84,,,,bag380_20250825
380,20250825,26,89.04,48.72,,,,bag380_20250825
380,20250825,27,94.97,50.61,,,,bag380_20250825
380,20250825,28,120.97,63.38,,,,bag380_20250825
380,20250825,29,78.05,43.58,,,,bag380_20250825
380,20250825,30,71.39,53.74,,,,bag380_20250825
380,20250825,31,81.60,54.17,,,,bag380_20250825
380,20250825,32,62.99,52.85,,,,bag380_20250825
380,20250825,33,85.76,47.78,,,,bag380_20250825
380,20250825,34,85.12,51.20,,,,bag380_20250825
380,20250825,35,85.92,50.39,,,,bag380_20250825
380,20250825,36,89.52,59.82,,,,bag380_20250825
380,20250825,37,94.55,53.12,,,,bag380_20250825
380,20250825,38,92.35,56.81,,,,bag380_20250825
380,20250825,39,77.55,42.77,,,,bag380_20250825
380,20250825,40,75.47,55.40,,,,bag380_20250825
380,20250825,41,94.34,51.20,,,,bag380_20250825
380,20250825,42,94.34,56.43,,,,bag380_20250825
380,20250825,43,92.48,52.03,,,,bag380_20250825
380,20250825,44,80.88,66.71,,,,bag380_20250825
380,20250825,45,90.13,56.98,,,,bag380_20250825
380,20250825,46,103.43,53.55,,,,bag380_20250825
380,20250825,47,98.60,52.75,,,,bag380_20250825
380,20250825,48,77.96,59.44,,,,bag380_20250825
380,20250825,49,74.31,46.87,,,,bag380_20250825
380,20250825,50,56.28,42.96,,,,bag380_20250825
380,20250825,51,94.85,51.73,,,,bag380_20250825
380,20250825,52,79.07,55.00,,,,bag380_20250825
380,20250825,53,81.18,52.67,,,,bag380_20250825
380,20250825,54,77.40,51.59,,,,bag380_20250825
380,20250825,55,95.79,73.33,,,,bag380_20250825
380,20250825,56,81.58,41.79,,,,bag380_20250825
380,20250825,57,70.50,54.66,,,,bag380_20250825
380,20250825,58,104.73,51.06,,,,bag380_20250825
380,20250825,59,89.02,58.03,,,,bag380_20250825
380,20250825,60,78.39,41.24,,,,bag380_20250825
380,20250825,61,88.04,56.57,,,,bag380_20250825
380,20250825,62,78.66,51.20,,,,bag380_20250825
380,20250825,63,83.17,60.48,,,,bag380_20250825
380,20250825,64,92.97,52.03,,,,bag380_20250825
380,20250825,65,83.93,54.73,,,,bag380_20250825
380,20250825,66,89.57,52.39,,,,bag380_20250825
380,20250825,67,78.07,55.71,,,,bag380_20250825
380,20250825,68,113.78,62.77,,,,bag380_20250825
380,20250825,69,88.81,64.41,,,,bag380_20250825
380,20250825,70,90.97,58.74,,,,bag380_20250825
380,20250825,71,80.76,53.05,,,,bag380_20250825
380,20250825,72,85.16,49.33,,,,bag380_20250825
380,20250825,73,97.54,56.07,,,,bag380_20250825
380,20250825,74,90.93,42.19,,,,bag380_20250825
380,20250825,75,55.09,31.38,,,,bag380_20250825
380,20250825,76,60.62,44.45,,,,bag380_20250825
380,20250825,77,94.89,62.08,,,,bag380_20250825
380,20250825,78,92.06,53.03,,,,bag380_20250825
380,20250825,79,91.36,64.13,,,,bag380_20250825
380,20250825,80,76.32,57.81,,,,bag380_20250825
380,20250825,81,108.96,53.05,,,,bag380_20250825
380,20250825,82,98.03,61.98,,,,bag380_20250825
380,20250825,83,80.88,58.27,,,,bag380_20250825
380,20250825,84,97.27,64.50,,,,bag380_20250825
380,20250825,85,88.94,76.73,,,,bag380_20250825
380,20250825,86,80.66,54.11,,,,bag380_20250825
380,20250825,87,100.10,58.12,,,,bag380_20250825
342,20251008,1,104.64,58.68,45.99,,,
342,20251008,2,96.24,56.48,41.41,,,
342,20251008,3,96.46,56.13,31.26,,,
342,20251008,4,93.10,56.99,42.91,,,
342,20251008,5,75.09,54.96,34.12,,,
342,20251008,6,112.87,71.81,42.14,,,
342,20251008,7,94.11,62.21,41.04,,,
342,20251008,8,106.28,39.28,32.32,,,
342,20251008,9,76.97,66.32,39.2,,,
342,20251008,10,80.91,50.68,34.51,,,
342,20251008,11,91.03,54.89,27.17,,,
342,20251008,12,100.44,62.60,38.7,,,
342,20251008,13,98.42,69.22,40.43,,,
342,20251008,14,86.41,53.04,23.81,,,
342,20251008,15,107.64,41.96,33.52,,,
342,20251008,16,117.61,61.11,41.04,,,
342,20251008,17,95.61,52.91,28.57,,,
342,20251008,18,106.29,64.09,34.25,,,
342,20251008,19,98.19,63.24,36.62,,,
342,20251008,20,89.02,56.16,42.96,,,
342,20251008,21,102.51,62.68,40.39,,,
342,20251008,22,82.53,60.10,36.47,,,
342,20251008,23,99.65,57.70,32.53,,,
342,20251008,24,98.57,56.59,36.42,,,
342,20251008,25,80.31,64.80,25.59,,,
342,20251008,26,99.42,58.40,38.55,,,
342,20251008,27,71.96,57.29,33.82,,,
342,20251008,28,86.40,55.57,38.44,,,
342,20251008,29,90.90,50.54,35.65,,,
342,20251008,30,88.19,52.49,35.75,,,
342,20251008,31,96.22,64.53,35.22,,,
342,20251008,32,93.58,60.39,36.71,,,
342,20251008,33,94.23,58.21,36.78,,,
342,20251008,34,86.59,56.56,34.86,,,
342,20251008,35,84.59,53.47,31.85,,,
342,20251008,36,93.71,49.43,33.02,,,
342,20251008,37,89.04,59.70,37.88,,,
342,20251008,38,86.55,56.94,45,,,
342,20251008,39,85.50,68.04,40.37,,,
342,20251008,40,78.99,56.25,35.34,,,
342,20251008,41,102.21,54.18,31.32,,,
342,20251008,42,95.19,60.40,29.09,,,
342,20251008,43,93.51,64.00,32.94,,,
342,20251008,44,78.08,57.18,40.24,,,
342,20251008,45,98.59,62.67,34.61,,,
342,20251008,46,90.00,52.40,35.14,,,
342,20251008,47,81.04,48.01,31.09,,,
342,20251008,48,85.36,66.12,32.04,,,
342,20251008,49,66.10,51.44,26.63,,,
342,20251008,50,70.36,56.03,34.38,,,
342,20251008,51,70.21,58.43,30.39,,,
342,20251008,52,72.89,57.05,37.57,,,
342,20251008,53,105.09,61.14,42.64,,,
342,20251008,54,87.58,49.14,36.8,,,
342,20251008,55,98.37,49.02,25.9,,,
342,20251008,56,106.23,58.26,46.07,,,
342,20251008,57,104.02,59.54,31.29,,,
342,20251008,58,80.61,55.67,24.08,,,
342,20251008,59,79.12,51.66,25.79,,,
342,20251008,60,53.95,56.65,31.78,,,
342,20251008,61,81.69,63.52,27.47,,,
342,20251008,62,77.90,52.51,30.53,,,
342,20251008,63,78.80,58.18,39.74,,,
342,20251008,64,82.10,51.82,30.21,,,
342,20251008,65,71.62,48.37,31.26,,,
342,20251008,66,104.85,58.05,25.7,,,
342,20251008,67,74.61,53.56,33.3,,,
342,20251008,68,93.15,64.02,42.56,,,
342,20251008,69,84.98,55.10,33.83,,,
342,20251008,70,72.45,58.03,30.61,,,
342,20251008,71,96.14,46.18,22.79,,,
342,20251008,72,89.25,55.99,36.18,,,
342,20251008,73,70.23,61.38,25.78,,,
342,20251008,74,79.23,59.79,33.39,,,
342,20251008,75,78.69,52.50,27.76,,,
342,20251008,76,96.89,51.55,30.78,,,
342,20251008,77,85.20,51.32,31.16,,,
342,20251008,78,76.37,52.73,23.54,,,
342,20251008,79,76.09,54.28,25.81,,,
342,20251008,80,78.93,53.88,36.53,,,
342,20251008,81,57.50,45.51,27.41,,,
321,20251008,1,92.40,73.04,,,,
321,20251008,2,117.25,79.14,,,,
321,20251008,3,104.50,70.79,,,,
321,20251008,4,116.89,61.90,,,,
321,20251008,5,104.13,55.36,,,,
321,20251008,6,114.66,67.72,,,,
321,20251008,7,78.47,65.86,,,,
321,20251008,8,84.53,57.82,,,,
321,20251008,9,134.77,65.54,,,,
321,20251008,10,117.14,74.21,,,,
321,20251008,11,108.95,70.43,,,,
321,20251008,12,100.52,68.73,,,,
321,20251008,13,96.13,87.73,,,,
321,20251008,14,92.18,68.04,,,,
321,20251008,15,92.43,72.01,,,,
321,20251008,16,78.10,61.38,,,,
321,20251008,17,107.18,58.86,,,,
321,20251008,18,85.27,71.46,,,,
321,20251008,19,85.06,60.57,,,,
321,20251008,20,106.90,63.90,,,,
321,20251008,21,110.66,64.68,,,,
321,20251008,22,102.24,82.05,,,,
321,20251008,23,112.67,84.94,,,,
321,20251008,24,106.89,75.42,,,,
321,20251008,25,76.09,55.26,,,,
321,20251008,26,127.09,67.08,,,,
321,20251008,27,106.27,68.23,,,,
321,20251008,28,92.15,74.11,,,,
321,20251008,29,90.78,65.23,,,,
321,20251008,30,100.31,77.48,,,,
321,20251008,31,74.00,58.10,,,,
321,20251008,32,117.96,73.45,,,,
321,20251008,33,104.52,69.98,,,,
321,20251008,34,106.04,71.98,,,,
321,20251008,35,107.01,67.02,,,,
321,20251008,36,79.97,69.02,,,,
321,20251008,37,94.53,79.53,,,,
321,20251008,38,108.37,75.40,,,,
321,20251008,39,99.24,61.81,,,,
321,20251008,40,98.70,64.47,,,,
321,20251008,41,103.97,69.97,,,,
321,20251008,42,121.93,68.84,,,,
321,20251008,43,103.71,56.44,,,,
321,20251008,44,108.56,64.09,,,,
321,20251008,45,121.72,60.22,,,,
321,20251008,46,87.91,61.54,,,,
321,20251008,47,123.85,81.14,,,,
321,20251008,48,117.32,74.28,,,,
321,20251008,49,92.15,68.07,,,,
321,20251008,50,95.36,71.47,,,,
321,20251008,51,90.27,68.19,,,,
321,20251008,52,119.60,67.63,,,,
321,20251008,53,86.75,73.60,,,,
321,20251008,54,97.61,71.59,,,,
321,20251008,55,113.69,69.80,,,,
321,20251008,56,80.95,54.09,,,,
321,20251008,57,89.53,60.10,,,,
321,20251008,58,91.38,59.54,,,,
321,20251008,59,91.80,64.72,,,,
321,20251008,60,88.66,68.54,,,,
321,20251008,61,104.44,70.88,,,,
321,20251008,62,126.87,74.63,,,,
321,20251008,63,83.17,63.85,,,,
321,20251008,64,106.97,59.75,,,,
321,20251008,65,99.74,73.25,,,,
321,20251008,66,86.46,77.05,,,,
321,20251008,67,113.80,75.00,,,,
321,20251008,68,114.89,61.25,,,,
321,20251008,69,118.10,71.03,,,,
321,20251008,70,107.34,77.97,,,,
321,20251008,71,80.35,50.64,,,,
321,20251008,72,106.58,78.77,,,,
322,20251008,1,106.34,79.49,,,,
322,20251008,2,110.79,64.29,,,,
322,20251008,3,78.77,54.76,,,,
322,20251008,4,81.39,65.43,,,,
322,20251008,5,80.49,59.87,,,,
322,20251008,6,88.03,61.98,,,,
322,20251008,7,98.14,64.07,,,,
322,20251008,8,100.81,70.94,,,,
322,20251008,9,70.16,54.63,,,,
322,20251008,10,118.85,71.49,,,,
322,20251008,11,102.37,65.76,,,,
322,20251008,12,105.72,67.21,,,,
322,20251008,13,84.11,55.62,,,,
322,20251008,14,102.71,77.00,,,,
322,20251008,15,101.36,62.41,,,,
322,20251008,16,106.61,80.34,,,,
322,20251008,17,92.25,67.36,,,,
322,20251008,18,100.55,74.03,,,,
322,20251008,19,99.94,54.11,,,,
322,20251008,20,95.71,57.83,,,,
322,20251008,21,90.88,64.16,,,,
322,20251008,22,73.82,55.86,,,,
322,20251008,23,64.27,51.75,,,,
322,20251008,24,92.71,59.17,,,,
322,20251008,25,99.27,77.85,,,,
322,20251008,26,87.08,63.04,,,,
322,20251008,27,117.28,71.25,,,,
322,20251008,28,93.75,72.77,,,,
322,20251008,29,112.30,57.94,,,,
322,20251008,30,115.49,81.01,,,,
322,20251008,31,74.88,68.98,,,,
322,20251008,32,99.03,72.06,,,,
322,20251008,33,122.87,77.18,,,,
322,20251008,34,74.84,72.71,,,,
322,20251008,35,106.98,76.02,,,,
322,20251008,36,100.33,77.68,,,,
322,20251008,37,99.28,75.30,,,,
322,20251008,38,99.80,58.98,,,,
322,20251008,39,94.90,67.78,,,,
322,20251008,40,72.92,52.43,,,,
322,20251008,41,103.08,66.45,,,,
322,20251008,42,79.69,66.18,,,,
322,20251008,43,116.87,64.31,,,,
322,20251008,44,85.62,57.35,,,,
322,20251008,45,101.16,87.80,,,,
322,20251008,46,94.49,67.18,,,,
322,20251008,47,99.27,74.80,,,,
322,20251008,48,86.31,52.16,,,,
322,20251008,49,108.46,71.50,,,,
322,20251008,50,85.30,70.24,,,,
322,20251008,51,125.36,79.75,,,,
322,20251008,52,124.16,61.76,,,,
322,20251008,53,113.20,68.39,,,,
322,20251008,54,84.82,71.89,,,,
322,20251008,55,89.12,60.97,,,,
322,20251008,56,120.18,83.38,,,,
322,20251008,57,110.06,79.39,,,,
322,20251008,58,114.17,80.63,,,,
322,20251008,59,96.80,69.72,,,,
322,20251008,60,128.49,83.15,,,,
322,20251008,61,114.73,86.35,,,,
322,20251008,62,97.71,74.03,,,,
322,20251008,63,87.48,72.34,,,,
322,20251008,64,108.02,66.25,,,,
322,20251008,65,83.22,63.10,,,,
322,20251008,66,84.96,52.63,,,,
322,20251008,67,95.31,72.15,,,,
322,20251008,68,88.87,70.88,,,,
322,20251008,69,91.46,56.86,,,,
322,20251008,70,104.65,68.65,,,,
322,20251008,71,117.20,77.52,,,,
322,20251008,72,99.92,63.20,,,,
322,20251008,73,125.69,77.35,,,,
322,20251008,74,82.71,85.40,,,,
322,20251008,75,117.93,76.43,,,,
322,20251008,76,136.88,85.13,,,,
322,20251008,77,135.99,72.59,,,,
322,20251008,78,128.67,71.87,,,,
322,20251008,79,111.89,84.56,,,,
322,20251008,80,118.99,67.25,,,,
337,20251008,1,103.57,73.84,,,,
337,20251008,2,85.57,64.36,,,,
337,20251008,3,94.56,69.01,,,,
337,20251008,4,89.05,57.04,,,,
337,20251008,5,95.75,66.74,,,,
337,20251008,6,101.23,61.73,,,,
337,20251008,7,91.81,59.61,,,,
337,20251008,8,80.24,71.01,,,,
337,20251008,9,89.06,61.32,,,,
337,20251008,10,89.23,51.36,,,,
337,20251008,11,83.93,57.44,,,,
337,20251008,12,92.30,73.46,,,,
337,20251008,13,91.60,70.65,,,,
337,20251008,14,77.77,68.24,,,,
337,20251008,15,97.30,63.52,,,,
337,20251008,16,87.83,55.75,,,,
337,20251008,17,97.55,66.81,,,,
337,20251008,18,85.41,62.15,,,,
337,20251008,19,81.59,71.55,,,,
337,20251008,20,78.92,79.44,,,,
337,20251008,21,102.77,69.13,,,,
337,20251008,22,98.96,55.04,,,,
337,20251008,23,88.45,67.17,,,,
337,20251008,24,98.57,66.73,,,,
337,20251008,25,68.02,38.03,,,,
337,20251008,26,113.31,58.45,,,,
337,20251008,27,90.29,52.16,,,,
337,20251008,28,83.07,64.17,,,,
337,20251008,29,88.50,65.32,,,,
337,20251008,30,100.14,55.77,,,,
337,20251008,31,102.30,59.06,,,,
337,20251008,32,74.63,60.62,,,,
337,20251008,33,67.25,57.59,,,,
337,20251008,34,91.55,62.38,,,,
337,20251008,35,86.89,47.61,,,,
337,20251008,36,72.83,65.30,,,,
337,20251008,37,104.55,74.67,,,,
337,20251008,38,100.45,82.26,,,,
337,20251008,39,118.13,62.64,,,,
337,20251008,40,87.45,67.52,,,,
337,20251008,41,88.48,68.53,,,,
337,20251008,42,80.21,53.96,,,,
337,20251008,43,97.90,63.66,,,,
337,20251008,44,111.93,74.60,,,,
337,20251008,45,75.62,55.62,,,,
337,20251008,46,75.92,60.25,,,,
337,20251008,47,88.52,57.21,,,,
337,20251008,48,82.71,61.14,,,,
337,20251008,49,72.39,65.16,,,,
337,20251008,50,93.77,59.50,,,,
337,20251008,51,84.26,62.09,,,,
337,20251008,52,94.71,70.16,,,,
337,20251008,53,90.19,67.82,,,,
337,20251008,54,80.56,65.88,,,,
337,20251008,55,114.78,63.21,,,,
337,20251008,56,71.56,63.85,,,,
337,20251008,57,91.62,67.61,,,,
337,20251008,58,101.14,67.22,,,,
337,20251008,59,67.37,57.09,,,,
337,20251008,60,94.63,70.34,,,,
337,20251008,61,87.13,57.81,,,,
337,20251008,62,93.61,74.11,,,,
337,20251008,63,88.51,63.02,,,,
337,20251008,64,111.53,72.93,,,,
337,20251008,65,115.79,66.79,,,,
337,20251008,66,93.27,58.79,,,,
337,20251008,67,87.83,81.62,,,,
337,20251008,68,116.40,78.43,,,,
337,20251008,69,78.58,70.62,,,,
337,20251008,70,80.64,69.56,,,,
337,20251008,71,102.21,61.91,,,,
337,20251008,72,108.80,67.75,,,,
337,20251008,73,117.23,65.86,,,,
337,20251008,74,109.52,76.63,,,,
337,20251008,75,96.19,78.19,,,,
339,20251008,1,100.61,68.24,,,,
339,20251008,2,107.30,75.92,,,,
339,20251008,3,81.87,67.76,,,,
339,20251008,4,90.11,66.73,,,,
339,20251008,5,76.02,63.39,,,,
339,20251008,6,84.71,58.61,,,,
339,20251008,7,85.46,64.05,,,,
339,20251008,8,97.75,56.98,,,,
339,20251008,9,95.69,67.49,,,,
339,20251008,10,115.82,48.28,,,,
339,20251008,11,122.00,45.08,,,,
339,20251008,12,112.59,80.00,,,,
339,20251008,13,102.57,67.59,,,,
339,20251008,14,92.50,61.44,,,,
339,20251008,15,74.02,61.36,,,,
339,20251008,16,99.68,71.85,,,,
339,20251008,17,60.06,64.10,,,,
339,20251008,18,92.74,63.56,,,,
339,20251008,19,96.68,66.03,,,,
339,20251008,20,88.47,61.37,,,,
339,20251008,21,89.04,68.93,,,,
339,20251008,22,102.03,68.92,,,,
339,20251008,23,68.26,63.84,,,,
339,20251008,24,96.05,84.61,,,,
339,20251008,25,102.53,60.60,,,,
339,20251008,26,105.40,70.78,,,,
339,20251008,27,83.40,68.33,,,,
339,20251008,28,100.99,60.56,,,,
339,20251008,29,82.19,82.30,,,,
339,20251008,30,100.54,73.98,,,,
339,20251008,31,107.73,61.99,,,,
339,20251008,32,119.81,59.95,,,,
339,20251008,33,94.24,77.24,,,,
339,20251008,34,91.06,56.22,,,,
339,20251008,35,105.40,65.48,,,,
339,20251008,36,106.73,64.78,,,,
339,20251008,37,96.01,59.83,,,,
339,20251008,38,88.70,64.88,,,,
339,20251008,39,91.15,62.50,,,,
339,20251008,40,111.57,70.07,,,,
339,20251008,41,91.69,57.95,,,,
339,20251008,42,96.14,70.75,,,,
339,20251008,43,97.29,73.15,,,,
339,20251008,44,115.18,69.53,,,,
339,20251008,45,78.74,46.55,,,,
339,20251008,46,74.90,58.15,,,,
339,20251008,47,129.77,82.44,,,,
339,20251008,48,104.61,81.32,,,,
339,20251008,49,124.10,80.60,,,,
339,20251008,50,89.94,46.40,,,,
339,20251008,51,82.02,63.61,,,,
339,20251008,52,100.48,56.73,,,,
339,20251008,53,86.78,67.12,,,,
339,20251008,54,83.65,65.43,,,,
339,20251008,55,91.83,68.66,,,,
339,20251008,56,97.85,60.00,,,,
339,20251008,57,87.10,51.81,,,,
339,20251008,58,97.42,64.46,,,,
339,20251008,59,85.08,69.28,,,,
339,20251008,60,77.83,45.33,,,,
339,20251008,61,126.35,65.24,,,,
339,20251008,62,113.74,75.19,,,,
339,20251008,63,116.28,62.99,,,,
339,20251008,64,98.41,66.17,,,,
339,20251008,65,91.49,60.49,,,,
339,20251008,66,103.35,63.66,,,,
339,20251008,67,127.58,59.20,,,,
339,20251008,68,92.55,67.44,,,,
339,20251008,69,97.44,74.79,,,,
339,20251008,70,116.28,64.21,,,,
339,20251008,71,102.73,58.29,,,,
339,20251008,72,85.67,77.91,,,,
339,20251008,73,97.54,54.47,,,,
339,20251008,74,109.62,59.72,,,,
339,20251008,75,111.14,72.93,,,,
339,20251008,76,68.88,61.78,,,,
339,20251008,77,81.01,56.57,,,,
339,20251008,78,67.56,59.80,,,,
339,20251008,79,110.58,70.75,,,,
339,20251008,80,109.80,75.91,,,,
339,20251008,81,109.92,70.82,,,,
339,20251008,82,105.29,79.74,,,,
339,20251008,83,81.15,65.44,,,,
339,20251008,84,94.62,62.58,,,,
340,20251008,1,87.80,66.09,,,,
340,20251008,2,95.18,62.44,,,,
340,20251008,3,69.83,53.98,,,,
340,20251008,4,87.95,62.66,,,,
340,20251008,5,79.47,58.49,,,,
340,20251008,6,101.59,59.20,,,,
340,20251008,7,74.11,55.35,,,,
340,20251008,8,71.67,62.35,,,,
340,20251008,9,85.84,59.72,,,,
340,20251008,10,83.17,52.58,,,,
340,20251008,11,91.05,69.64,,,,
340,20251008,12,113.96,75.79,,,,
340,20251008,13,56.23,58.65,,,,
340,20251008,14,99.45,69.73,,,,
340,20251008,15,77.17,65.07,,,,
340,20251008,16,92.83,45.33,,,,
340,20251008,17,104.14,59.20,,,,
340,20251008,18,110.47,44.79,,,,
340,20251008,19,63.80,41.33,,,,
340,20251008,20,97.46,51.70,,,,
340,20251008,21,96.85,56.06,,,,
340,20251008,22,123.53,74.28,,,,
340,20251008,23,87.92,61.95,,,,
340,20251008,24,85.32,63.31,,,,
340,20251008,25,86.74,81.29,,,,
340,20251008,26,79.95,63.37,,,,
340,20251008,27,93.83,60.15,,,,
340,20251008,28,92.22,54.74,,,,
340,20251008,29,76.20,40.50,,,,
340,20251008,30,113.59,66.62,,,,
340,20251008,31,92.45,52.32,,,,
340,20251008,32,90.79,59.98,,,,
340,20251008,33,84.12,68.78,,,,
340,20251008,34,77.01,66.79,,,,
340,20251008,35,86.31,54.11,,,,
340,20251008,36,84.38,63.07,,,,
340,20251008,37,92.70,58.33,,,,
340,20251008,38,88.43,45.69,,,,
340,20251008,39,85.37,55.68,,,,
340,20251008,40,98.28,79.15,,,,
340,20251008,41,105.07,73.61,,,,
340,20251008,42,63.83,38.99,,,,
340,20251008,43,102.30,65.55,,,,
340,20251008,44,94.45,54.68,,,,
340,20251008,45,87.93,56.60,,,,
340,20251008,46,102.29,53.90,,,,
340,20251008,47,84.69,58.65,,,,
340,20251008,48,102.35,57.16,,,,
340,20251008,49,90.13,73.22,,,,
340,20251008,50,26.98,29.75,,,,
340,20251008,51,91.25,61.39,,,,
340,20251008,52,71.86,51.43,,,,
340,20251008,53,118.35,70.09,,,,
340,20251008,54,85.11,61.58,,,,
340,20251008,55,108.33,71.73,,,,
340,20251008,56,82.93,63.21,,,,
340,20251008,57,97.07,75.62,,,,
340,20251008,58,79.81,63.90,,,,
340,20251008,59,87.08,59.92,,,,
340,20251008,60,97.98,68.60,,,,
340,20251008,61,97.88,72.52,,,,
340,20251008,62,92.92,72.73,,,,
340,20251008,63,97.28,64.45,,,,
340,20251008,64,99.78,58.45,,,,
340,20251008,65,81.71,61.03,,,,
340,20251008,66,96.32,74.18,,,,
340,20251008,67,122.36,65.59,,,,
340,20251008,68,86.51,77.70,,,,
340,20251008,69,99.99,74.75,,,,
340,20251008,70,106.61,78.51,,,,
340,20251008,71,103.79,69.17,,,,
340,20251008,72,92.39,76.96,,,,
340,20251008,73,114.68,77.42,,,,
340,20251008,74,96.67,66.66,,,,
340,20251008,75,99.78,56.41,,,,
340,20251008,76,99.77,58.65,,,,
340,20251008,77,113.55,71.85,,,,
340,20251008,78,97.57,56.53,,,,
340,20251008,79,100.19,66.80,,,,
340,20251008,80,89.51,63.76,,,,
340,20251008,81,101.53,68.15,,,,
340,20251008,82,104.32,78.38,,,,
340,20251008,83,79.15,58.99,,,,
340,20251008,84,75.65,64.49,,,,
340,20251008,85,107.37,71.68,,,,
340,20251008,86,108.27,64.56,,,,
340,20251008,87,132.89,68.24,,,,
340,20251008,88,122.27,89.51,,,,
340,20251008,89,118.51,71.99,,,,
340,20251008,90,107.31,71.24,,,,
340,20251008,91,122.58,65.61,,,,
340,20251008,92,110.21,72.50,,,,
340,20251008,93,117.54,77.00,,,,
340,20251008,94,116.26,71.41,,,,
340,20251008,95,112.79,87.74,,,,
340,20251008,96,102.40,79.28,,,,
340,20251008,97,117.14,76.96,,,,
341,20251008,1,83.59,64.08,,,,
341,20251008,2,94.51,62.82,,,,
341,20251008,3,85.49,64.98,,,,
341,20251008,4,81.88,62.97,,,,
341,20251008,5,118.76,51.36,,,,
341,20251008,6,102.74,73.51,,,,
341,20251008,7,98.08,57.82,,,,
341,20251008,8,88.68,66.34,,,,
341,20251008,9,100.04,76.23,,,,
341,20251008,10,106.68,69.72,,,,
341,20251008,11,80.57,66.79,,,,
341,20251008,12,108.30,56.72,,,,
341,20251008,13,96.75,72.85,,,,
341,20251008,14,87.65,57.82,,,,
341,20251008,15,95.14,54.08,,,,
341,20251008,16,82.07,57.55,,,,
341,20251008,17,100.52,70.33,,,,
341,20251008,18,88.82,60.76,,,,
341,20251008,19,83.85,54.51,,,,
341,20251008,20,92.84,63.90,,,,
341,20251008,21,82.49,61.04,,,,
341,20251008,22,83.18,55.97,,,,
341,20251008,23,106.68,63.54,,,,
341,20251008,24,84.70,59.09,,,,
341,20251008,25,94.36,66.00,,,,
341,20251008,26,95.68,60.64,,,,
341,20251008,27,113.30,65.23,,,,
341,20251008,28,83.73,54.15,,,,
341,20251008,29,86.13,70.76,,,,
341,20251008,30,109.95,69.94,,,,
341,20251008,31,87.29,59.93,,,,
341,20251008,32,83.72,55.06,,,,
341,20251008,33,67.28,63.59,,,,
341,20251008,34,90.92,52.91,,,,
341,20251008,35,88.10,76.56,,,,
341,20251008,36,97.62,63.92,,,,
341,20251008,37,91.36,73.04,,,,
341,20251008,38,92.88,70.51,,,,
341,20251008,39,98.76,67.01,,,,
341,20251008,40,87.46,66.19,,,,
341,20251008,41,88.42,64.90,,,,
341,20251008,42,84.88,52.97,,,,
341,20251008,43,91.74,62.30,,,,
341,20251008,44,122.38,57.54,,,,
341,20251008,45,92.29,59.06,,,,
341,20251008,46,92.28,63.25,,,,
341,20251008,47,107.84,71.23,,,,
341,20251008,48,88.16,78.16,,,,
341,20251008,49,77.43,51.14,,,,
341,20251008,50,100.83,57.80,,,,
341,20251008,51,88.39,74.42,,,,
341,20251008,52,87.83,66.65,,,,
341,20251008,53,110.76,70.29,,,,
341,20251008,54,87.69,66.97,,,,
341,20251008,55,82.78,67.08,,,,
341,20251008,56,98.04,83.03,,,,
341,20251008,57,100.77,65.09,,,,
341,20251008,58,112.03,80.37,,,,
341,20251008,59,104.10,70.30,,,,
341,20251008,60,116.37,77.94,,,,
341,20251008,61,89.38,71.47,,,,
341,20251008,62,115.41,76.77,,,,
341,20251008,63,99.61,68.50,,,,
341,20251008,64,117.49,79.96,,,,
341,20251008,65,76.20,61.14,,,,
341,20251008,66,95.58,71.97,,,,
341,20251008,67,98.38,64.27,,,,
341,20251008,68,95.16,61.28,,,,
341,20251008,69,110.51,64.10,,,,
341,20251008,70,123.14,79.66,,,,
341,20251008,71,91.35,73.78,,,,
341,20251008,72,88.90,63.43,,,,
341,20251008,73,106.13,76.02,,,,
341,20251008,74,99.31,69.04,,,,
341,20251008,75,97.99,68.78,,,,
341,20251008,76,89.04,67.03,,,,
341,20251008,77,98.08,78.60,,,,
341,20251008,78,104.07,57.48,,,,
343,20251008,1,109.66,69.76,,,,
343,20251008,2,122.66,58.71,,,,
343,20251008,3,88.52,65.25,,,,
343,20251008,4,109.64,53.00,,,,
343,20251008,5,82.07,59.90,,,,
343,20251008,6,97.02,60.33,,,,
343,20251008,7,80.09,70.89,,,,
343,20251008,8,86.71,70.96,,,,
343,20251008,9,88.08,47.08,,,,
343,20251008,10,95.88,56.67,,,,
343,20251008,11,99.25,70.03,,,,
343,20251008,12,87.77,64.60,,,,
343,20251008,13,76.48,62.91,,,,
343,20251008,14,90.50,54.05,,,,
343,20251008,15,95.03,52.65,,,,
343,20251008,16,108.04,63.72,,,,
343,20251008,17,87.85,59.13,,,,
343,20251008,18,94.85,71.78,,,,
343,20251008,19,96.62,72.87,,,,
343,20251008,20,89.12,60.96,,,,
343,20251008,21,77.91,60.74,,,,
343,20251008,22,84.98,65.26,,,,
343,20251008,23,97.46,68.66,,,,
343,20251008,24,88.58,66.12,,,,
343,20251008,25,97.22,64.70,,,,
343,20251008,26,111.94,62.17,,,,
343,20251008,27,73.85,63.03,,,,
343,20251008,28,84.86,66.72,,,,
343,20251008,29,101.55,73.66,,,,
343,20251008,30,96.77,59.24,,,,
343,20251008,31,97.96,61.46,,,,
343,20251008,32,97.13,76.91,,,,
343,20251008,33,60.91,43.97,,,,
343,20251008,34,125.02,68.73,,,,
343,20251008,35,101.73,57.04,,,,
343,20251008,36,87.01,57.34,,,,
343,20251008,37,87.20,63.44,,,,
343,20251008,38,86.36,73.18,,,,
343,20251008,39,79.22,57.07,,,,
343,20251008,40,84.01,51.57,,,,
343,20251008,41,82.42,70.36,,,,
343,20251008,42,76.51,55.60,,,,
343,20251008,43,95.08,57.02,,,,
343,20251008,44,99.84,66.07,,,,
343,20251008,45,108.60,79.61,,,,
343,20251008,46,105.13,61.20,,,,
343,20251008,47,72.87,42.99,,,,
343,20251008,48,85.34,60.78,,,,
343,20251008,49,93.97,60.76,,,,
343,20251008,50,92.71,58.24,,,,
343,20251008,51,76.39,60.88,,,,
343,20251008,52,88.27,65.45,,,,
343,20251008,53,82.46,53.30,,,,
343,20251008,54,83.64,58.25,,,,
343,20251008,55,129.69,66.86,,,,
343,20251008,56,81.10,72.21,,,,
343,20251008,57,114.75,73.61,,,,
343,20251008,58,94.17,63.07,,,,
343,20251008,59,112.45,67.12,,,,
343,20251008,60,96.22,72.87,,,,
343,20251008,61,80.71,60.96,,,,
343,20251008,62,113.63,56.03,,,,
343,20251008,63,95.63,64.50,,,,
343,20251008,64,89.28,62.92,,,,
343,20251008,65,106.46,62.32,,,,
343,20251008,66,100.42,70.87,,,,
343,20251008,67,112.63,74.58,,,,
343,20251008,68,109.87,64.46,,,,
343,20251008,69,105.74,66.83,,,,
343,20251008,70,75.80,50.53,,,,
343,20251008,71,118.49,77.84,,,,
343,20251008,72,76.24,60.26,,,,
343,20251008,73,109.86,58.72,,,,
343,20251008,74,99.36,66.12,,,,
357,20251008,1,103.36,77.68,,,,
357,20251008,2,96.97,68.35,,,,
357,20251008,3,81.55,51.76,,,,
357,20251008,4,115.54,65.64,,,,
357,20251008,5,110.17,67.27,,,,
357,20251008,6,59.68,46.27,,,,
357,20251008,7,75.91,59.09,,,,
357,20251008,8,78.97,62.11,,,,
357,20251008,9,101.14,73.22,,,,
357,20251008,10,100.09,78.15,,,,
357,20251008,11,106.37,54.03,,,,
357,20251008,12,99.26,60.00,,,,
357,20251008,13,80.98,67.05,,,,
357,20251008,14,102.62,68.41,,,,
357,20251008,15,102.59,56.57,,,,
357,20251008,16,86.28,52.65,,,,
357,20251008,17,102.89,63.15,,,,
357,20251008,18,92.93,67.61,,,,
357,20251008,19,70.52,57.15,,,,
357,20251008,20,96.64,61.74,,,,
357,20251008,21,100.26,74.89,,,,
357,20251008,22,93.29,72.68,,,,
357,20251008,23,123.97,62.55,,,,
357,20251008,24,118.02,66.95,,,,
357,20251008,25,111.67,62.48,,,,
357,20251008,26,101.80,73.34,,,,
357,20251008,27,86.97,75.07,,,,
357,20251008,28,101.61,62.17,,,,
357,20251008,29,95.55,63.97,,,,
357,20251008,30,87.83,59.87,,,,
357,20251008,31,98.51,80.30,,,,
357,20251008,32,96.75,61.25,,,,
357,20251008,33,98.24,79.85,,,,
357,20251008,34,99.20,77.50,,,,
357,20251008,35,86.55,65.32,,,,
357,20251008,36,115.12,68.70,,,,
357,20251008,37,100.76,71.43,,,,
357,20251008,38,106.24,72.89,,,,
357,20251008,39,91.29,72.89,,,,
357,20251008,40,98.62,65.07,,,,
357,20251008,41,72.47,55.57,,,,
357,20251008,42,94.76,57.04,,,,
357,20251008,43,95.80,73.67,,,,
357,20251008,44,111.25,63.47,,,,
357,20251008,45,98.02,68.12,,,,
357,20251008,46,81.74,63.02,,,,
357,20251008,47,99.52,70.97,,,,
357,20251008,48,105.33,61.17,,,,
357,20251008,49,73.55,58.76,,,,
357,20251008,50,112.73,67.25,,,,
357,20251008,51,66.96,74.90,,,,
357,20251008,52,71.72,56.38,,,,
357,20251008,53,85.02,55.33,,,,
357,20251008,54,78.49,59.63,,,,
357,20251008,55,87.48,51.10,,,,
357,20251008,56,94.60,67.33,,,,
357,20251008,57,115.61,69.92,,,,
357,20251008,58,96.99,51.11,,,,
357,20251008,59,98.95,79.40,,,,
357,20251008,60,101.19,61.14,,,,
357,20251008,61,118.84,61.22,,,,
357,20251008,62,97.57,65.29,,,,
357,20251008,63,100.91,72.12,,,,
357,20251008,64,118.15,58.91,,,,
357,20251008,65,113.35,72.62,,,,
357,20251008,66,108.40,71.44,,,,
357,20251008,67,83.56,60.24,,,,
357,20251008,68,97.91,81.21,,,,
357,20251008,69,118.73,71.30,,,,
357,20251008,70,115.71,69.39,,,,
357,20251008,71,88.94,60.54,,,,
357,20251008,72,126.04,72.80,,,,
357,20251008,73,129.46,82.84,,,,
357,20251008,74,118.07,75.83,,,,
357,20251008,75,120.23,74.16,,,,
357,20251008,76,92.70,71.32,,,,
357,20251008,77,106.64,89.71,,,,
357,20251008,78,119.99,72.58,,,,
357,20251008,79,108.47,78.01,,,,
357,20251008,80,110.14,83.99,,,,
357,20251008,81,97.38,75.63,,,,
357,20251008,82,57.03,52.53,,,,
357,20251008,83,137.37,96.53,,,,
358,20251008,1,68.75,56.59,,,,
358,20251008,2,96.49,60.32,,,,
358,20251008,3,45.83,29.75,,,,
358,20251008,4,100.61,67.06,,,,
358,20251008,5,87.84,57.64,,,,
358,20251008,6,83.10,66.52,,,,
358,20251008,7,107.16,69.03,,,,
358,20251008,8,90.43,62.84,,,,
358,20251008,9,83.22,59.95,,,,
358,20251008,10,81.68,64.28,,,,
358,20251008,11,64.33,60.44,,,,
358,20251008,12,91.24,56.84,,,,
358,20251008,13,84.35,56.27,,,,
358,20251008,14,88.17,56.91,,,,
358,20251008,15,101.23,66.23,,,,
358,20251008,16,82.33,61.70,,,,
358,20251008,17,73.38,65.48,,,,
358,20251008,18,87.78,48.36,,,,
358,20251008,19,61.81,51.10,,,,
358,20251008,20,79.21,68.39,,,,
358,20251008,21,75.39,54.39,,,,
358,20251008,22,71.78,59.88,,,,
358,20251008,23,88.36,70.85,,,,
358,20251008,24,78.78,55.24,,,,
358,20251008,25,85.29,61.35,,,,
358,20251008,26,69.66,53.24,,,,
358,20251008,27,109.68,67.10,,,,
358,20251008,28,80.96,60.61,,,,
358,20251008,29,94.44,61.68,,,,
358,20251008,30,95.02,54.16,,,,
358,20251008,31,75.25,57.13,,,,
358,20251008,32,98.75,64.16,,,,
358,20251008,33,61.78,40.52,,,,
358,20251008,34,97.92,54.10,,,,
358,20251008,35,101.40,78.88,,,,
358,20251008,36,84.25,54.69,,,,
358,20251008,37,72.49,50.71,,,,
358,20251008,38,53.31,63.76,,,,
358,20251008,39,86.95,56.24,,,,
358,20251008,40,98.67,64.65,,,,
358,20251008,41,84.66,65.14,,,,
358,20251008,42,81.48,61.46,,,,
358,20251008,43,104.39,72.69,,,,
358,20251008,44,123.81,68.11,,,,
358,20251008,45,77.42,68.83,,,,
358,20251008,46,90.25,68.67,,,,
358,20251008,47,120.38,68.77,,,,
358,20251008,48,103.14,80.86,,,,
358,20251008,49,78.43,71.39,,,,
358,20251008,50,80.98,50.64,,,,
358,20251008,51,113.59,68.03,,,,
358,20251008,52,89.80,52.43,,,,
358,20251008,53,109.32,73.79,,,,
358,20251008,54,118.34,76.91,,,,
358,20251008,55,90.53,79.52,,,,
358,20251008,56,91.17,53.40,,,,
358,20251008,57,79.17,57.11,,,,
358,20251008,58,109.45,60.53,,,,
358,20251008,59,95.92,65.96,,,,
358,20251008,60,79.43,60.06,,,,
358,20251008,61,75.71,72.06,,,,
358,20251008,62,63.86,56.56,,,,
358,20251008,63,86.26,62.06,,,,
358,20251008,64,103.20,62.33,,,,
358,20251008,65,90.61,61.21,,,,
358,20251008,66,98.84,65.38,,,,
358,20251008,67,88.89,61.11,,,,
358,20251008,68,88.37,82.80,,,,
358,20251008,69,100.15,62.80,,,,
358,20251008,70,82.18,72.56,,,,
358,20251008,71,116.71,70.28,,,,
358,20251008,72,87.60,61.66,,,,
358,20251008,73,89.48,66.09,,,,
358,20251008,74,87.11,64.08,,,,
358,20251008,75,102.45,71.19,,,,
358,20251008,76,102.79,62.19,,,,
358,20251008,77,118.26,69.38,,,,
358,20251008,78,94.61,77.55,,,,
358,20251008,79,84.84,64.74,,,,
358,20251008,80,106.79,74.08,,,,
358,20251008,81,84.15,68.02,,,,
358,20251008,82,105.23,65.70,,,,
358,20251008,83,90.98,68.37,,,,
358,20251008,84,117.56,72.63,,,,
358,20251008,85,112.02,69.79,,,,
358,20251008,86,86.17,60.60,,,,
359,20251008,1,68.57,53.38,,,,
359,20251008,2,84.21,49.14,,,,
359,20251008,3,106.55,69.95,,,,
359,20251008,4,80.06,59.07,,,,
359,20251008,5,112.51,62.70,,,,
359,20251008,6,92.27,46.05,,,,
359,20251008,7,102.96,70.43,,,,
359,20251008,8,97.14,67.06,,,,
359,20251008,9,92.02,71.56,,,,
359,20251008,10,92.55,63.20,,,,
359,20251008,11,95.12,58.12,,,,
359,20251008,12,78.96,74.18,,,,
359,20251008,13,77.96,52.88,,,,
359,20251008,14,91.75,59.25,,,,
359,20251008,15,84.17,62.95,,,,
359,20251008,16,92.89,49.12,,,,
359,20251008,17,84.60,53.25,,,,
359,20251008,18,101.61,57.44,,,,
359,20251008,19,95.17,70.28,,,,
359,20251008,20,101.23,70.18,,,,
359,20251008,21,95.10,73.46,,,,
359,20251008,22,58.90,58.91,,,,
359,20251008,23,88.59,55.32,,,,
359,20251008,24,74.10,60.79,,,,
359,20251008,25,97.83,56.82,,,,
359,20251008,26,98.94,74.52,,,,
359,20251008,27,86.11,66.72,,,,
359,20251008,28,94.09,73.18,,,,
359,20251008,29,90.27,72.23,,,,
359,20251008,30,91.53,65.71,,,,
359,20251008,31,94.91,60.03,,,,
359,20251008,32,65.61,53.69,,,,
359,20251008,33,69.42,64.63,,,,
359,20251008,34,92.39,62.30,,,,
359,20251008,35,94.28,51.01,,,,
359,20251008,36,84.21,60.80,,,,
359,20251008,37,112.44,65.26,,,,
359,20251008,38,89.89,60.97,,,,
359,20251008,39,100.90,59.57,,,,
359,20251008,40,119.47,63.86,,,,
359,20251008,41,93.01,62.41,,,,
359,20251008,42,87.90,64.17,,,,
359,20251008,43,71.64,46.60,,,,
359,20251008,44,119.97,67.60,,,,
359,20251008,45,89.53,75.57,,,,
359,20251008,46,92.17,61.19,,,,
359,20251008,47,99.30,70.64,,,,
359,20251008,48,92.04,73.81,,,,
359,20251008,49,94.29,48.57,,,,
359,20251008,50,125.35,61.82,,,,
359,20251008,51,90.37,64.31,,,,
359,20251008,52,90.76,58.59,,,,
359,20251008,53,88.51,70.50,,,,
359,20251008,54,117.44,54.95,,,,
359,20251008,55,107.71,54.49,,,,
359,20251008,56,112.37,66.07,,,,
359,20251008,57,85.69,61.10,,,,
359,20251008,58,89.17,66.01,,,,
359,20251008,59,108.73,78.98,,,,
359,20251008,60,82.19,58.32,,,,
359,20251008,61,119.43,68.64,,,,
359,20251008,62,128.68,54.23,,,,
359,20251008,63,103.29,60.03,,,,
359,20251008,64,109.54,46.60,,,,
359,20251008,65,119.52,80.14,,,,
359,20251008,66,101.90,72.16,,,,
359,20251008,67,94.25,86.74,,,,
359,20251008,68,117.21,61.48,,,,
359,20251008,69,134.88,69.24,,,,
359,20251008,70,117.34,52.69,,,,
359,20251008,71,90.16,78.55,,,,
359,20251008,72,76.11,69.50,,,,
359,20251008,73,101.32,83.50,,,,
359,20251008,74,112.78,83.47,,,,
360,20251008,1,118.60,54.26,,,,
360,20251008,2,78.54,52.97,,,,
360,20251008,3,91.49,62.20,,,,
360,20251008,4,88.51,71.03,,,,
360,20251008,5,87.51,66.02,,,,
360,20251008,6,78.65,56.00,,,,
360,20251008,7,97.42,74.10,,,,
360,20251008,8,82.00,57.29,,,,
360,20251008,9,102.19,67.93,,,,
360,20251008,10,81.68,56.66,,,,
360,20251008,11,81.42,49.35,,,,
360,20251008,12,68.61,46.61,,,,
360,20251008,13,85.38,65.83,,,,
360,20251008,14,115.21,55.75,,,,
360,20251008,15,105.22,64.63,,,,
360,20251008,16,121.76,66.41,,,,
360,20251008,17,75.38,55.71,,,,
360,20251008,18,85.04,61.86,,,,
360,20251008,19,90.51,70.10,,,,
360,20251008,20,71.98,50.72,,,,
360,20251008,21,85.38,78.74,,,,
360,20251008,22,81.06,70.22,,,,
360,20251008,23,86.90,68.21,,,,
360,20251008,24,69.22,55.16,,,,
360,20251008,25,93.60,71.04,,,,
360,20251008,26,117.97,52.06,,,,
360,20251008,27,92.96,55.64,,,,
360,20251008,28,124.90,60.04,,,,
360,20251008,29,85.82,56.64,,,,
360,20251008,30,92.57,73.83,,,,
360,20251008,31,101.44,70.40,,,,
360,20251008,32,81.04,80.36,,,,
360,20251008,33,53.89,50.27,,,,
360,20251008,34,87.80,66.73,,,,
360,20251008,35,99.90,70.33,,,,
360,20251008,36,104.78,65.80,,,,
360,20251008,37,88.14,62.58,,,,
360,20251008,38,88.21,60.40,,,,
360,20251008,39,89.47,73.85,,,,
360,20251008,40,90.42,66.23,,,,
360,20251008,41,70.38,70.06,,,,
360,20251008,42,106.07,62.87,,,,
360,20251008,43,75.31,60.02,,,,
360,20251008,44,78.86,60.30,,,,
360,20251008,45,113.59,74.85,,,,
360,20251008,46,78.68,64.23,,,,
360,20251008,47,81.72,61.46,,,,
360,20251008,48,100.32,68.08,,,,
360,20251008,49,102.86,66.95,,,,
360,20251008,50,85.81,64.47,,,,
360,20251008,51,94.79,61.15,,,,
360,20251008,52,90.39,62.23,,,,
360,20251008,53,107.68,55.86,,,,
360,20251008,54,79.37,70.13,,,,
360,20251008,55,119.56,61.85,,,,
360,20251008,56,92.00,52.11,,,,
360,20251008,57,123.50,81.18,,,,
360,20251008,58,97.63,63.72,,,,
360,20251008,59,103.63,61.73,,,,
360,20251008,60,104.97,66.67,,,,
360,20251008,61,110.68,65.78,,,,
360,20251008,62,106.51,65.24,,,,
360,20251008,63,94.50,75.27,,,,
360,20251008,64,67.63,59.87,,,,
360,20251008,65,135.39,67.41,,,,
360,20251008,66,96.62,74.70,,,,
360,20251008,67,108.89,72.60,,,,
360,20251008,68,119.59,71.49,,,,
360,20251008,69,101.59,73.15,,,,
360,20251008,70,68.02,63.27,,,,
360,20251008,71,107.47,98.59,,,,
360,20251008,72,116.73,67.85,,,,
360,20251008,73,83.07,56.22,,,,
361,20251008,1,76.62,68.45,,,,
361,20251008,2,125.52,69.25,,,,
361,20251008,3,94.14,79.39,,,,
361,20251008,4,109.46,56.49,,,,
361,20251008,5,87.02,59.54,,,,
361,20251008,6,81.94,62.11,,,,
361,20251008,7,86.76,60.94,,,,
361,20251008,8,94.26,55.86,,,,
361,20251008,9,86.98,67.38,,,,
361,20251008,10,98.55,70.43,,,,
361,20251008,11,80.45,60.56,,,,
361,20251008,12,69.04,57.03,,,,
361,20251008,13,95.07,68.99,,,,
361,20251008,14,90.92,66.13,,,,
361,20251008,15,94.49,71.08,,,,
361,20251008,16,90.24,62.10,,,,
361,20251008,17,87.45,63.47,,,,
361,20251008,18,99.53,66.78,,,,
361,20251008,19,99.63,67.34,,,,
361,20251008,20,86.50,56.27,,,,
361,20251008,21,78.47,72.89,,,,
361,20251008,22,92.05,71.90,,,,
361,20251008,23,93.42,68.32,,,,
361,20251008,24,100.96,59.91,,,,
361,20251008,25,68.60,43.90,,,,
361,20251008,26,77.76,56.21,,,,
361,20251008,27,93.31,76.90,,,,
361,20251008,28,85.18,62.46,,,,
361,20251008,29,90.43,78.23,,,,
361,20251008,30,81.46,59.81,,,,
361,20251008,31,99.80,67.28,,,,
361,20251008,32,84.83,59.13,,,,
361,20251008,33,115.36,57.12,,,,
361,20251008,34,68.70,66.17,,,,
361,20251008,35,109.84,78.53,,,,
361,20251008,36,80.62,59.35,,,,
361,20251008,37,87.53,75.64,,,,
361,20251008,38,89.13,65.23,,,,
361,20251008,39,101.29,73.81,,,,
361,20251008,40,81.23,68.91,,,,
361,20251008,41,81.72,58.20,,,,
361,20251008,42,80.48,58.66,,,,
361,20251008,43,115.51,70.16,,,,
361,20251008,44,91.17,60.65,,,,
361,20251008,45,91.42,69.80,,,,
361,20251008,46,73.78,58.37,,,,
361,20251008,47,90.42,62.17,,,,
361,20251008,48,77.22,47.71,,,,
361,20251008,49,83.56,66.07,,,,
361,20251008,50,122.55,69.99,,,,
361,20251008,51,100.77,71.35,,,,
361,20251008,52,93.40,72.70,,,,
361,20251008,53,93.72,64.27,,,,
361,20251008,54,94.77,72.69,,,,
361,20251008,55,105.36,74.75,,,,
361,20251008,56,100.78,71.55,,,,
361,20251008,57,108.03,64.53,,,,
361,20251008,58,89.80,59.59,,,,
361,20251008,59,76.20,60.54,,,,
361,20251008,60,117.80,72.19,,,,
361,20251008,61,92.08,85.01,,,,
361,20251008,62,98.93,64.73,,,,
361,20251008,63,123.58,65.92,,,,
361,20251008,64,126.04,85.29,,,,
361,20251008,65,89.46,53.69,,,,
361,20251008,66,101.49,59.27,,,,
380,20251008,1,78.87,48.23,,,,
380,20251008,2,86.26,52.57,,,,
380,20251008,3,82.77,56.50,,,,
380,20251008,4,92.01,48.78,,,,
380,20251008,5,87.46,53.56,,,,
380,20251008,6,66.79,69.51,,,,
380,20251008,7,86.91,68.26,,,,
380,20251008,8,87.12,58.10,,,,
380,20251008,9,74.72,54.46,,,,
380,20251008,10,112.10,63.56,,,,
380,20251008,11,94.05,71.86,,,,
380,20251008,12,91.53,63.42,,,,
380,20251008,13,70.52,47.52,,,,
380,20251008,14,81.34,63.23,,,,
380,20251008,15,90.74,59.19,,,,
380,20251008,16,83.31,64.33,,,,
380,20251008,17,90.54,61.39,,,,
380,20251008,18,84.35,56.83,,,,
380,20251008,19,83.24,76.96,,,,
380,20251008,20,94.76,62.18,,,,
380,20251008,21,88.97,55.29,,,,
380,20251008,22,76.29,51.59,,,,
380,20251008,23,106.24,61.57,,,,
380,20251008,24,94.31,57.42,,,,
380,20251008,25,94.51,73.54,,,,
380,20251008,26,83.27,58.11,,,,
380,20251008,27,95.26,57.80,,,,
380,20251008,28,86.62,77.98,,,,
380,20251008,29,71.94,61.23,,,,
380,20251008,30,70.67,74.96,,,,
380,20251008,31,77.79,64.72,,,,
380,20251008,32,82.69,64.17,,,,
380,20251008,33,83.89,62.62,,,,
380,20251008,34,89.93,62.98,,,,
380,20251008,35,95.74,66.15,,,,
380,20251008,36,100.22,61.49,,,,
380,20251008,37,72.06,65.06,,,,
380,20251008,38,87.50,61.87,,,,
380,20251008,39,85.75,49.30,,,,
380,20251008,40,105.07,57.49,,,,
380,20251008,41,131.20,56.69,,,,
380,20251008,42,88.06,56.92,,,,
380,20251008,43,94.80,60.34,,,,
380,20251008,44,102.28,69.86,,,,
380,20251008,45,83.75,77.94,,,,
380,20251008,46,92.55,63.33,,,,
380,20251008,47,76.09,61.40,,,,
380,20251008,48,99.51,66.38,,,,
380,20251008,49,107.60,64.33,,,,
380,20251008,50,84.03,59.09,,,,
380,20251008,51,89.24,69.73,,,,
380,20251008,52,91.98,51.70,,,,
380,20251008,53,86.27,63.11,,,,
380,20251008,54,88.05,50.48,,,,
380,20251008,55,73.67,55.92,,,,
380,20251008,56,87.46,71.25,,,,
380,20251008,57,86.43,68.44,,,,
380,20251008,58,55.09,41.76,,,,
380,20251008,59,87.50,66.30,,,,
380,20251008,60,109.61,79.95,,,,
380,20251008,61,73.79,59.07,,,,
380,20251008,62,92.62,63.12,,,,
380,20251008,63,93.45,57.39,,,,
380,20251008,64,89.50,69.44,,,,
380,20251008,65,92.87,70.22,,,,
380,20251008,66,105.21,64.25,,,,
380,20251008,67,93.66,62.00,,,,
380,20251008,68,100.16,68.36,,,,
380,20251008,69,104.25,73.34,,,,
380,20251008,70,66.57,65.68,,,,
380,20251008,71,91.90,72.59,,,,
380,20251008,72,92.38,77.35,,,,
380,20251008,73,96.93,74.27,,,,
380,20251008,74,93.01,76.44,,,,
380,20251008,75,120.55,80.68,,,,
380,20251008,76,93.37,54.25,,,,
380,20251008,77,95.06,74.21,,,,
380,20251008,78,116.39,65.77,,,,
380,20251008,79,99.19,59.24,,,,
380,20251008,80,112.53,70.49,,,,
380,20251008,81,120.90,62.82,,,,
380,20251008,82,112.29,67.53,,,,
380,20251008,83,109.51,62.34,,,,
380,20251008,84,108.81,68.29,,,,
380,20251008,85,95.50,49.12,,,,
380,20251008,86,118.39,62.96,,,,
380,20251008,87,100.25,63.10,,,,
380,20260522,1,96.65,50.43,27.41,,,
380,20260522,2,85.51,55.05,27.33,,,
380,20260522,3,76.20,53.25,26.07,,,
380,20260522,4,78.22,63.75,40.24,,,
380,20260522,5,76.35,59.96,20.95,,,
380,20260522,6,97.27,66.93,23.58,,,
380,20260522,7,95.47,62.98,38.43,,,
380,20260522,8,132.94,69.94,41.8,,,
380,20260522,9,102.74,58.32,35.66,,,
380,20260522,10,90.40,63.91,41.38,,,
380,20260522,11,111.29,64.59,35.59,,,
380,20260522,12,77.56,66.94,32.52,,,
380,20260522,13,101.23,57.26,30.31,,,
380,20260522,14,99.45,53.38,34,,,
380,20260522,15,79.12,68.72,29.62,,,
380,20260522,16,101.34,60.21,32.31,,,
380,20260522,17,90.47,64.92,44.46,,,
380,20260522,18,89.34,57.40,31.45,,,
380,20260522,19,100.76,62.31,35.85,,,
380,20260522,20,87.02,56.19,33.37,,,
380,20260522,21,119.10,48.35,25.49,,,
380,20260522,22,86.22,59.23,36.27,,,
380,20260522,23,110.56,57.15,34.19,,,
380,20260522,24,100.88,68.90,30.16,,,
380,20260522,25,101.93,54.46,33.22,,,
380,20260522,26,104.74,67.24,28.38,,,
380,20260522,27,70.73,59.82,33.83,,,
380,20260522,28,81.38,37.13,32.35,,,
380,20260522,29,90.20,46.81,36.11,,,
380,20260522,30,94.65,47.92,31.82,,,
380,20260522,31,106.87,61.48,33.93,,,
380,20260522,32,95.63,64.37,23.73,,,
380,20260522,33,87.41,58.91,31.02,,,
380,20260522,34,89.31,55.10,29.29,,,
380,20260522,35,110.85,67.97,34.91,,,
380,20260522,36,102.22,62.58,36.48,,,
380,20260522,37,97.64,61.46,27.78,,,
380,20260522,38,78.87,51.16,31.71,,,
380,20260522,39,95.77,59.37,30.46,,,
380,20260522,40,104.61,54.71,27.88,,,
380,20260522,41,101.71,65.60,32.42,,,
380,20260522,42,89.66,56.28,28.24,,,
380,20260522,43,80.12,51.50,41.21,,,
380,20260522,44,80.55,48.64,37.09,,,
380,20260522,45,94.76,70.77,38.52,,,
380,20260522,46,93.53,61.42,45.25,,,
380,20260522,47,73.79,52.02,27.98,,,
380,20260522,48,84.55,60.16,37.59,,,
380,20260522,49,84.96,58.99,33.04,,,
380,20260522,50,94.40,55.10,39.19,,,
380,20260522,51,90.18,61.52,34.53,,,
380,20260522,52,89.50,56.45,29.45,,,
380,20260522,53,75.27,56.41,27.85,,,
380,20260522,54,83.90,69.16,30.56,,,
380,20260522,55,82.73,59.03,31.25,,,
380,20260522,56,83.80,63.34,38.63,,,
380,20260522,57,103.84,55.81,40.46,,,
380,20260522,58,82.53,77.62,38.13,,,
380,20260522,59,108.12,59.18,28.25,,,
380,20260522,60,116.27,58.97,32.67,,,
380,20260522,61,109.31,60.50,41.84,,,
380,20260522,62,99.79,57.10,34.96,,,
380,20260522,63,97.71,49.08,28.66,,,
380,20260522,64,109.21,69.98,36.28,,,
380,20260522,65,103.23,57.43,28.44,,,
380,20260522,66,93.27,50.33,27.04,,,
380,20260522,67,85.83,67.84,26.58,,,
380,20260522,68,89.32,49.09,24.02,,,
380,20260522,69,82.21,62.48,27.16,,,
380,20260522,70,86.70,67.03,31.55,,,
380,20260522,71,72.20,46.73,28.16,,,
380,20260522,72,96.36,54.13,33.06,,,
380,20260522,73,95.21,52.66,29.56,,,
380,20260522,74,94.46,50.36,28.4,,,
380,20260522,75,92.10,62.70,35.47,,,
380,20260522,76,70.13,62.61,28.64,,,
380,20260522,77,87.96,65.70,34.04,,,
380,20260522,78,99.48,56.88,31.91,,,
380,20260522,79,103.16,55.79,33.97,,,
380,20260522,80,83.44,61.21,28.7,,,
380,20260522,81,84.25,52.73,29.89,,,
380,20260522,82,85.20,55.57,36.77,,,
380,20260522,83,78.92,59.14,25.47,,,
380,20260522,84,74.30,40.61,23.1,,,
321,20260522,1,112.92,64.38,,,,
321,20260522,2,96.25,77.58,,,,
321,20260522,3,96.50,63.23,,,,
321,20260522,4,96.30,70.88,,,,
321,20260522,5,105.22,72.86,,,,
321,20260522,6,96.62,69.79,,,,
321,20260522,7,133.03,70.83,,,,
321,20260522,8,97.84,74.86,,,,
321,20260522,9,96.13,60.51,,,,
321,20260522,10,116.43,62.96,,,,
321,20260522,11,85.62,59.36,,,,
321,20260522,12,109.40,69.29,,,,
321,20260522,13,98.13,67.52,,,,
321,20260522,14,133.19,81.74,,,,
321,20260522,15,122.32,81.84,,,,
321,20260522,16,104.02,77.51,,,,
321,20260522,17,105.66,67.98,,,,
321,20260522,18,94.93,64.79,,,,
321,20260522,19,91.73,69.50,,,,
321,20260522,20,110.05,76.72,,,,
321,20260522,21,96.81,60.40,,,,
321,20260522,22,69.44,48.16,,,,
321,20260522,23,83.37,58.83,,,,
321,20260522,24,90.51,67.83,,,,
321,20260522,25,108.24,70.70,,,,
321,20260522,26,98.55,63.97,,,,
321,20260522,27,91.06,70.34,,,,
321,20260522,28,105.14,70.41,,,,
321,20260522,29,96.24,66.61,,,,
321,20260522,30,118.58,62.99,,,,
321,20260522,31,96.52,53.68,,,,
321,20260522,32,84.82,58.09,,,,
321,20260522,33,94.43,72.11,,,,
321,20260522,34,113.54,67.63,,,,
321,20260522,35,88.68,68.84,,,,
321,20260522,36,102.86,71.22,,,,
321,20260522,37,109.35,68.74,,,,
321,20260522,38,114.71,48.13,,,,
321,20260522,39,83.12,65.34,,,,
321,20260522,40,104.12,72.97,,,,
321,20260522,41,142.00,73.18,,,,
321,20260522,42,115.64,61.18,,,,
321,20260522,43,107.62,64.71,,,,
321,20260522,44,94.50,71.58,,,,
321,20260522,45,89.35,57.12,,,,
321,20260522,46,131.02,63.78,,,,
321,20260522,47,92.12,69.49,,,,
321,20260522,48,112.54,65.41,,,,
321,20260522,49,111.35,74.42,,,,
321,20260522,50,111.69,67.00,,,,
321,20260522,51,101.24,75.62,,,,
321,20260522,52,90.38,62.81,,,,
321,20260522,53,130.88,61.25,,,,
321,20260522,54,105.27,65.44,,,,
321,20260522,55,99.07,61.68,,,,
321,20260522,56,99.14,67.78,,,,
321,20260522,57,93.42,59.59,,,,
321,20260522,58,107.17,59.47,,,,
321,20260522,59,93.48,57.21,,,,
321,20260522,60,86.63,59.06,,,,
321,20260522,61,118.14,68.04,,,,
321,20260522,62,77.17,60.50,,,,
321,20260522,63,98.92,66.08,,,,
321,20260522,64,103.23,47.46,,,,
321,20260522,65,112.53,74.15,,,,
321,20260522,66,133.88,63.25,,,,
321,20260522,67,77.52,69.23,,,,
321,20260522,68,94.20,63.92,,,,
321,20260522,69,120.69,60.58,,,,
321,20260522,70,96.69,73.80,,,,
321,20260522,71,93.02,64.47,,,,
322,20260522,1,89.54,67.46,,,,
322,20260522,2,87.47,65.46,,,,
322,20260522,3,103.20,59.37,,,,
322,20260522,4,96.97,73.03,,,,
322,20260522,5,99.24,77.19,,,,
322,20260522,6,103.48,66.53,,,,
322,20260522,7,103.99,70.53,,,,
322,20260522,8,87.29,64.92,,,,
322,20260522,9,93.86,67.97,,,,
322,20260522,10,99.23,60.62,,,,
322,20260522,11,96.74,62.15,,,,
322,20260522,12,115.61,67.36,,,,
322,20260522,13,84.29,44.34,,,,
322,20260522,14,85.62,63.25,,,,
322,20260522,15,122.48,63.81,,,,
322,20260522,16,85.79,60.07,,,,
322,20260522,17,85.85,58.18,,,,
322,20260522,18,98.35,68.21,,,,
322,20260522,19,104.75,68.37,,,,
322,20260522,20,100.90,73.80,,,,
322,20260522,21,105.86,69.21,,,,
322,20260522,22,93.03,61.76,,,,
322,20260522,23,86.41,60.47,,,,
322,20260522,24,97.06,69.45,,,,
322,20260522,25,91.08,57.85,,,,
322,20260522,26,106.82,73.69,,,,
322,20260522,27,130.12,71.78,,,,
322,20260522,28,103.28,68.06,,,,
322,20260522,29,94.53,70.97,,,,
322,20260522,30,92.11,76.53,,,,
322,20260522,31,113.15,72.53,,,,
322,20260522,32,88.13,54.41,,,,
322,20260522,33,91.41,71.21,,,,
322,20260522,34,108.73,63.86,,,,
322,20260522,35,98.59,70.46,,,,
322,20260522,36,101.38,58.86,,,,
322,20260522,37,77.64,60.24,,,,
322,20260522,38,85.59,62.97,,,,
322,20260522,39,97.71,62.79,,,,
322,20260522,40,116.68,75.14,,,,
322,20260522,41,83.59,58.91,,,,
322,20260522,42,113.03,73.77,,,,
322,20260522,43,103.02,61.30,,,,
322,20260522,44,120.89,72.77,,,,
322,20260522,45,82.18,48.79,,,,
322,20260522,46,91.74,66.44,,,,
322,20260522,47,119.74,71.53,,,,
322,20260522,48,90.27,60.51,,,,
322,20260522,49,94.05,64.62,,,,
322,20260522,50,97.94,57.19,,,,
322,20260522,51,93.23,55.45,,,,
322,20260522,52,99.90,77.25,,,,
322,20260522,53,96.17,64.02,,,,
322,20260522,54,96.64,53.36,,,,
322,20260522,55,116.56,69.71,,,,
322,20260522,56,114.23,61.71,,,,
322,20260522,57,118.86,71.81,,,,
322,20260522,58,83.31,66.35,,,,
322,20260522,59,117.91,57.48,,,,
322,20260522,60,116.32,59.90,,,,
322,20260522,61,115.59,63.75,,,,
322,20260522,62,93.92,67.09,,,,
322,20260522,63,102.75,60.58,,,,
322,20260522,64,76.18,54.34,,,,
322,20260522,65,91.80,61.71,,,,
322,20260522,66,86.99,66.15,,,,
322,20260522,67,117.06,67.44,,,,
322,20260522,68,107.19,71.81,,,,
322,20260522,69,82.31,48.00,,,,
322,20260522,70,99.34,70.95,,,,
322,20260522,71,73.36,61.33,,,,
322,20260522,72,112.64,75.08,,,,
322,20260522,73,97.20,63.39,,,,
322,20260522,74,109.48,69.69,,,,
322,20260522,75,97.29,74.83,,,,
322,20260522,76,124.12,75.41,,,,
322,20260522,77,100.61,61.33,,,,
322,20260522,78,83.66,46.88,,,,
322,20260522,79,102.76,61.45,,,,
337,20260522,1,101.10,73.84,,,,
337,20260522,2,105.63,88.04,,,,
337,20260522,3,79.55,77.91,,,,
337,20260522,4,84.79,66.57,,,,
337,20260522,5,122.17,77.02,,,,
337,20260522,6,87.86,63.80,,,,
337,20260522,7,88.68,69.20,,,,
337,20260522,8,101.07,73.33,,,,
337,20260522,9,95.55,75.36,,,,
337,20260522,10,93.83,70.29,,,,
337,20260522,11,102.27,87.26,,,,
337,20260522,12,104.49,62.77,,,,
337,20260522,13,109.31,62.93,,,,
337,20260522,14,95.55,69.51,,,,
337,20260522,15,85.41,66.19,,,,
337,20260522,16,91.74,62.01,,,,
337,20260522,17,86.11,73.78,,,,
337,20260522,18,90.35,64.90,,,,
337,20260522,19,94.33,66.80,,,,
337,20260522,20,111.83,75.49,,,,
337,20260522,21,90.73,89.08,,,,
337,20260522,22,94.90,74.84,,,,
337,20260522,23,90.16,56.79,,,,
337,20260522,24,101.88,73.79,,,,
337,20260522,25,93.71,63.73,,,,
337,20260522,26,103.54,69.58,,,,
337,20260522,27,67.18,59.68,,,,
337,20260522,28,99.49,72.48,,,,
337,20260522,29,99.71,78.06,,,,
337,20260522,30,98.39,66.58,,,,
337,20260522,31,89.02,69.46,,,,
337,20260522,32,106.26,75.04,,,,
337,20260522,33,95.78,65.03,,,,
337,20260522,34,92.20,69.38,,,,
337,20260522,35,99.05,64.46,,,,
337,20260522,36,102.38,68.18,,,,
337,20260522,37,121.08,57.75,,,,
337,20260522,38,118.33,61.29,,,,
337,20260522,39,96.18,73.11,,,,
337,20260522,40,108.98,67.16,,,,
337,20260522,41,107.08,60.37,,,,
337,20260522,42,99.44,66.15,,,,
337,20260522,43,96.64,72.78,,,,
337,20260522,44,103.20,60.27,,,,
337,20260522,45,96.61,56.25,,,,
337,20260522,46,117.22,75.82,,,,
337,20260522,47,105.57,70.07,,,,
337,20260522,48,80.75,60.44,,,,
337,20260522,49,93.19,81.73,,,,
337,20260522,50,79.19,49.68,,,,
337,20260522,51,90.41,69.97,,,,
337,20260522,52,108.75,39.22,,,,
337,20260522,53,89.11,48.59,,,,
337,20260522,54,96.53,68.15,,,,
337,20260522,55,86.76,69.43,,,,
337,20260522,56,79.47,61.30,,,,
337,20260522,57,97.86,74.21,,,,
337,20260522,58,78.63,62.25,,,,
337,20260522,59,78.37,58.54,,,,
337,20260522,60,95.92,57.73,,,,
337,20260522,61,77.62,61.43,,,,
337,20260522,62,110.47,72.66,,,,
337,20260522,63,94.96,66.92,,,,
337,20260522,64,111.42,65.40,,,,
337,20260522,65,81.84,69.37,,,,
337,20260522,66,95.06,70.59,,,,
337,20260522,67,115.51,93.44,,,,
337,20260522,68,116.72,63.83,,,,
337,20260522,69,97.11,76.13,,,,
337,20260522,70,94.70,71.91,,,,
337,20260522,71,102.70,63.01,,,,
337,20260522,72,99.81,66.45,,,,
337,20260522,73,107.07,75.24,,,,
337,20260522,74,112.42,61.85,,,,
339,20260522,1,94.74,71.33,,,,
339,20260522,2,116.32,82.65,,,,
339,20260522,3,102.85,77.34,,,,
339,20260522,4,77.37,53.66,,,,
339,20260522,5,87.22,51.81,,,,
339,20260522,6,116.96,72.12,,,,
339,20260522,7,84.79,65.99,,,,
339,20260522,8,117.95,64.29,,,,
339,20260522,9,122.17,85.38,,,,
339,20260522,10,110.43,59.88,,,,
339,20260522,11,75.50,57.88,,,,
339,20260522,12,89.86,58.45,,,,
339,20260522,13,95.57,61.54,,,,
339,20260522,14,93.50,81.91,,,,
339,20260522,15,140.80,82.12,,,,
339,20260522,16,96.39,66.69,,,,
339,20260522,17,86.29,64.15,,,,
339,20260522,18,73.12,55.83,,,,
339,20260522,19,139.76,72.27,,,,
339,20260522,20,134.91,75.15,,,,
339,20260522,21,112.66,67.62,,,,
339,20260522,22,87.46,76.14,,,,
339,20260522,23,88.48,75.47,,,,
339,20260522,24,100.21,63.01,,,,
339,20260522,25,107.80,64.86,,,,
339,20260522,26,99.58,64.93,,,,
339,20260522,27,127.49,70.00,,,,
339,20260522,28,145.25,84.08,,,,
339,20260522,29,94.59,67.22,,,,
339,20260522,30,105.23,76.81,,,,
339,20260522,31,118.25,66.74,,,,
339,20260522,32,113.00,50.92,,,,
339,20260522,33,86.52,62.97,,,,
339,20260522,34,85.88,61.05,,,,
339,20260522,35,119.15,74.52,,,,
339,20260522,36,123.66,66.40,,,,
339,20260522,37,87.83,56.18,,,,
339,20260522,38,89.07,65.43,,,,
339,20260522,39,98.27,53.04,,,,
339,20260522,40,105.99,66.40,,,,
339,20260522,41,99.08,64.93,,,,
339,20260522,42,124.42,97.74,,,,
339,20260522,43,97.28,79.23,,,,
339,20260522,44,93.65,69.34,,,,
339,20260522,45,84.12,60.85,,,,
339,20260522,46,125.46,64.97,,,,
339,20260522,47,128.75,69.45,,,,
339,20260522,48,97.38,75.87,,,,
339,20260522,49,81.32,65.94,,,,
339,20260522,50,105.28,66.28,,,,
339,20260522,51,107.92,68.36,,,,
339,20260522,52,93.61,60.89,,,,
339,20260522,53,93.57,48.15,,,,
339,20260522,54,92.57,57.36,,,,
339,20260522,55,114.01,78.57,,,,
339,20260522,56,86.76,75.06,,,,
339,20260522,57,94.64,53.04,,,,
339,20260522,58,111.98,60.79,,,,
339,20260522,59,101.04,86.72,,,,
339,20260522,60,105.09,70.66,,,,
339,20260522,61,107.50,78.07,,,,
339,20260522,62,103.46,67.31,,,,
339,20260522,63,115.37,80.64,,,,
339,20260522,64,97.66,73.06,,,,
339,20260522,65,102.36,80.79,,,,
339,20260522,66,95.15,79.58,,,,
339,20260522,67,95.98,67.65,,,,
339,20260522,68,105.91,55.49,,,,
339,20260522,69,100.70,74.50,,,,
339,20260522,70,95.24,68.56,,,,
339,20260522,71,112.38,69.90,,,,
339,20260522,72,87.82,64.35,,,,
339,20260522,73,99.62,72.66,,,,
339,20260522,74,109.80,73.11,,,,
339,20260522,75,140.94,84.16,,,,
339,20260522,76,109.35,64.05,,,,
339,20260522,77,99.11,64.11,,,,
339,20260522,78,110.30,68.53,,,,
339,20260522,79,94.68,71.79,,,,
339,20260522,80,113.98,69.95,,,,
339,20260522,81,107.92,69.06,,,,
339,20260522,82,95.23,77.59,,,,
340,20260522,1,79.49,40.16,,,,
340,20260522,2,84.90,49.96,,,,
340,20260522,3,92.21,67.11,,,,
340,20260522,4,99.44,70.70,,,,
340,20260522,5,90.42,80.86,,,,
340,20260522,6,101.98,74.30,,,,
340,20260522,7,74.53,66.17,,,,
340,20260522,8,74.94,70.68,,,,
340,20260522,9,97.26,55.30,,,,
340,20260522,10,98.94,54.16,,,,
340,20260522,11,87.13,58.74,,,,
340,20260522,12,81.81,63.15,,,,
340,20260522,13,85.58,67.78,,,,
340,20260522,14,104.87,74.66,,,,
340,20260522,15,106.37,73.71,,,,
340,20260522,16,90.64,70.69,,,,
340,20260522,17,85.95,77.91,,,,
340,20260522,18,52.89,53.48,,,,
340,20260522,19,98.50,65.29,,,,
340,20260522,20,93.63,60.88,,,,
340,20260522,21,93.24,71.14,,,,
340,20260522,22,87.50,63.62,,,,
340,20260522,23,121.95,76.53,,,,
340,20260522,24,130.31,91.82,,,,
340,20260522,25,95.68,70.89,,,,
340,20260522,26,122.79,62.22,,,,
340,20260522,27,99.15,54.03,,,,
340,20260522,28,81.09,65.75,,,,
340,20260522,29,107.45,77.90,,,,
340,20260522,30,89.71,68.61,,,,
340,20260522,31,90.83,68.45,,,,
340,20260522,32,110.61,64.75,,,,
340,20260522,33,92.44,60.66,,,,
340,20260522,34,138.80,69.53,,,,
340,20260522,35,105.02,57.64,,,,
340,20260522,36,98.71,68.83,,,,
340,20260522,37,92.61,65.38,,,,
340,20260522,38,95.93,65.20,,,,
340,20260522,39,87.27,65.69,,,,
340,20260522,40,110.44,53.34,,,,
340,20260522,41,113.16,78.40,,,,
340,20260522,42,89.63,69.59,,,,
340,20260522,43,112.43,64.47,,,,
340,20260522,44,84.09,71.67,,,,
340,20260522,45,126.03,66.10,,,,
340,20260522,46,99.57,69.77,,,,
340,20260522,47,93.49,63.30,,,,
340,20260522,48,97.05,48.27,,,,
340,20260522,49,83.75,57.97,,,,
340,20260522,50,113.75,75.93,,,,
340,20260522,51,104.12,80.17,,,,
340,20260522,52,105.04,75.01,,,,
340,20260522,53,110.38,79.89,,,,
340,20260522,54,89.64,59.69,,,,
340,20260522,55,90.44,79.22,,,,
340,20260522,56,75.21,67.72,,,,
340,20260522,57,85.45,52.24,,,,
340,20260522,58,85.50,55.28,,,,
340,20260522,59,91.28,62.72,,,,
340,20260522,60,77.08,59.49,,,,
340,20260522,61,94.11,61.25,,,,
340,20260522,62,66.28,50.47,,,,
340,20260522,63,97.58,67.88,,,,
340,20260522,64,89.65,66.52,,,,
340,20260522,65,86.23,57.89,,,,
340,20260522,66,98.67,55.96,,,,
340,20260522,67,105.18,61.50,,,,
340,20260522,68,95.03,62.71,,,,
340,20260522,69,107.39,65.61,,,,
340,20260522,70,94.54,66.18,,,,
340,20260522,71,119.68,71.78,,,,
340,20260522,72,83.62,76.62,,,,
340,20260522,73,90.18,60.89,,,,
340,20260522,74,87.33,45.22,,,,
340,20260522,75,116.02,70.32,,,,
340,20260522,76,77.00,59.49,,,,
340,20260522,77,121.78,73.18,,,,
340,20260522,78,104.48,57.10,,,,
340,20260522,79,103.27,64.29,,,,
340,20260522,80,109.16,63.80,,,,
340,20260522,81,91.21,81.72,,,,
340,20260522,82,83.44,51.02,,,,
340,20260522,83,96.23,63.65,,,,
340,20260522,84,56.66,34.05,,,,
340,20260522,85,97.00,71.92,,,,
340,20260522,86,111.09,78.41,,,,
340,20260522,87,106.24,83.32,,,,
340,20260522,88,97.48,68.60,,,,
340,20260522,89,93.41,57.10,,,,
340,20260522,90,93.92,66.29,,,,
340,20260522,91,102.28,71.61,,,,
340,20260522,92,95.79,66.96,,,,
340,20260522,93,79.61,52.29,,,,
340,20260522,94,95.13,67.45,,,,
340,20260522,95,109.74,69.58,,,,
340,20260522,96,105.16,63.35,,,,
340,20260522,97,96.27,71.61,,,,
340,20260522,98,44.44,32.26,,,,
341,20260522,1,96.61,38.89,,,,
341,20260522,2,119.98,79.59,,,,
341,20260522,3,102.16,61.15,,,,
341,20260522,4,129.86,74.74,,,,
341,20260522,5,109.90,80.91,,,,
341,20260522,6,95.56,60.07,,,,
341,20260522,7,110.80,65.10,,,,
341,20260522,8,95.04,56.10,,,,
341,20260522,9,96.85,74.28,,,,
341,20260522,10,92.35,72.38,,,,
341,20260522,11,92.42,71.28,,,,
341,20260522,12,95.10,68.86,,,,
341,20260522,13,129.46,69.86,,,,
341,20260522,14,92.00,63.47,,,,
341,20260522,15,103.88,75.51,,,,
341,20260522,16,85.90,63.90,,,,
341,20260522,17,95.94,71.67,,,,
341,20260522,18,96.62,82.10,,,,
341,20260522,19,112.48,73.61,,,,
341,20260522,20,76.47,54.61,,,,
341,20260522,21,107.31,77.56,,,,
341,20260522,22,101.78,66.40,,,,
341,20260522,23,94.67,79.24,,,,
341,20260522,24,114.01,82.72,,,,
341,20260522,25,104.69,53.64,,,,
341,20260522,26,115.39,76.89,,,,
341,20260522,27,116.26,79.83,,,,
341,20260522,28,103.90,75.55,,,,
341,20260522,29,86.05,62.33,,,,
341,20260522,30,104.25,68.74,,,,
341,20260522,31,119.49,65.45,,,,
341,20260522,32,119.75,80.72,,,,
341,20260522,33,95.41,73.81,,,,
341,20260522,34,104.94,71.63,,,,
341,20260522,35,89.84,67.44,,,,
341,20260522,36,96.31,75.57,,,,
341,20260522,37,86.60,80.96,,,,
341,20260522,38,102.01,73.59,,,,
341,20260522,39,124.60,66.33,,,,
341,20260522,40,107.68,77.82,,,,
341,20260522,41,111.83,68.66,,,,
341,20260522,42,105.22,62.81,,,,
341,20260522,43,85.96,60.45,,,,
341,20260522,44,96.21,63.17,,,,
341,20260522,45,81.03,57.69,,,,
341,20260522,46,93.77,71.97,,,,
341,20260522,47,113.94,69.59,,,,
341,20260522,48,111.57,64.71,,,,
341,20260522,49,83.76,66.70,,,,
341,20260522,50,92.56,66.54,,,,
341,20260522,51,101.87,61.66,,,,
341,20260522,52,96.18,61.25,,,,
341,20260522,53,93.06,55.58,,,,
341,20260522,54,98.16,66.74,,,,
341,20260522,55,104.72,71.81,,,,
341,20260522,56,98.27,74.63,,,,
341,20260522,57,97.81,54.77,,,,
341,20260522,58,129.10,78.28,,,,
341,20260522,59,107.97,79.47,,,,
341,20260522,60,102.06,73.69,,,,
341,20260522,61,116.84,75.55,,,,
341,20260522,62,96.68,73.97,,,,
341,20260522,63,98.93,72.91,,,,
341,20260522,64,93.02,71.93,,,,
341,20260522,65,104.39,76.01,,,,
341,20260522,66,111.35,72.10,,,,
341,20260522,67,92.18,71.92,,,,
341,20260522,68,101.27,77.44,,,,
341,20260522,69,106.81,76.36,,,,
341,20260522,70,86.88,60.07,,,,
341,20260522,71,95.01,69.90,,,,
341,20260522,72,103.59,68.67,,,,
341,20260522,73,105.87,65.98,,,,
341,20260522,74,102.18,81.17,,,,
341,20260522,75,99.52,68.56,,,,
341,20260522,76,96.05,74.64,,,,
341,20260522,77,103.32,53.16,,,,
342,20260522,1,108.77,62.48,,,,
342,20260522,2,74.18,71.99,,,,
342,20260522,3,82.45,55.48,,,,
342,20260522,4,93.45,77.65,,,,
342,20260522,5,119.10,45.70,,,,
342,20260522,6,116.46,77.76,,,,
342,20260522,7,96.71,63.45,,,,
342,20260522,8,82.09,54.41,,,,
342,20260522,9,106.90,67.93,,,,
342,20260522,10,92.24,52.87,,,,
342,20260522,11,91.73,68.37,,,,
342,20260522,12,107.33,61.61,,,,
342,20260522,13,82.64,54.95,,,,
342,20260522,14,98.47,60.42,,,,
342,20260522,15,121.28,79.91,,,,
342,20260522,16,91.75,52.54,,,,
342,20260522,17,126.72,81.28,,,,
342,20260522,18,96.91,68.70,,,,
342,20260522,19,93.05,61.53,,,,
342,20260522,20,121.08,73.28,,,,
342,20260522,21,67.88,68.29,,,,
342,20260522,22,113.57,71.16,,,,
342,20260522,23,114.46,58.26,,,,
342,20260522,24,83.74,66.94,,,,
342,20260522,25,89.50,70.88,,,,
342,20260522,26,120.50,64.66,,,,
342,20260522,27,80.83,60.48,,,,
342,20260522,28,106.25,74.55,,,,
342,20260522,29,108.31,95.08,,,,
342,20260522,30,110.10,71.79,,,,
342,20260522,31,104.15,62.83,,,,
342,20260522,32,79.23,67.60,,,,
342,20260522,33,78.45,61.73,,,,
342,20260522,34,90.74,68.04,,,,
342,20260522,35,110.00,63.46,,,,
342,20260522,36,119.51,71.70,,,,
342,20260522,37,73.10,53.38,,,,
342,20260522,38,95.22,63.75,,,,
342,20260522,39,89.04,57.40,,,,
342,20260522,40,104.56,59.53,,,,
342,20260522,41,89.82,67.01,,,,
342,20260522,42,110.94,73.70,,,,
342,20260522,43,107.53,65.72,,,,
342,20260522,44,106.57,69.74,,,,
342,20260522,45,111.91,75.09,,,,
342,20260522,46,122.05,71.53,,,,
342,20260522,47,130.10,86.85,,,,
342,20260522,48,72.91,59.11,,,,
342,20260522,49,111.57,53.08,,,,
342,20260522,50,84.16,71.56,,,,
342,20260522,51,101.07,58.90,,,,
342,20260522,52,96.38,70.97,,,,
342,20260522,53,118.38,70.37,,,,
342,20260522,54,99.57,66.90,,,,
342,20260522,55,95.77,66.18,,,,
342,20260522,56,111.66,72.64,,,,
342,20260522,57,66.65,57.01,,,,
342,20260522,58,93.79,71.82,,,,
342,20260522,59,73.10,56.97,,,,
342,20260522,60,96.20,69.34,,,,
342,20260522,61,68.60,59.75,,,,
342,20260522,62,86.61,68.17,,,,
342,20260522,63,101.45,62.74,,,,
342,20260522,64,96.97,63.22,,,,
342,20260522,65,86.46,68.18,,,,
342,20260522,66,104.72,77.18,,,,
342,20260522,67,76.59,70.08,,,,
342,20260522,68,104.21,63.63,,,,
342,20260522,69,82.47,65.48,,,,
342,20260522,70,99.78,74.85,,,,
342,20260522,71,110.82,79.38,,,,
342,20260522,72,96.73,75.53,,,,
342,20260522,73,99.74,63.94,,,,
342,20260522,74,103.85,70.60,,,,
342,20260522,75,112.50,58.84,,,,
342,20260522,76,109.64,70.08,,,,
342,20260522,77,127.99,53.62,,,,
342,20260522,78,73.08,59.29,,,,
342,20260522,79,80.20,73.41,,,,
342,20260522,80,125.75,91.99,,,,
342,20260522,81,115.58,64.25,,,,
342,20260522,82,85.95,74.61,,,,
343,20260522,1,93.88,62.13,,,,
343,20260522,2,112.81,79.36,,,,
343,20260522,3,90.11,73.31,,,,
343,20260522,4,103.45,66.42,,,,
343,20260522,5,109.02,84.46,,,,
343,20260522,6,85.43,67.93,,,,
343,20260522,7,94.98,69.56,,,,
343,20260522,8,103.55,76.19,,,,
343,20260522,9,95.31,59.27,,,,
343,20260522,10,80.06,67.99,,,,
343,20260522,11,99.61,67.94,,,,
343,20260522,12,76.41,66.73,,,,
343,20260522,13,102.87,67.96,,,,
343,20260522,14,105.88,63.56,,,,
343,20260522,15,121.44,87.04,,,,
343,20260522,16,95.45,73.01,,,,
343,20260522,17,67.34,55.08,,,,
343,20260522,18,92.37,62.17,,,,
343,20260522,19,94.20,63.70,,,,
343,20260522,20,108.06,67.83,,,,
343,20260522,21,77.17,73.67,,,,
343,20260522,22,95.66,67.93,,,,
343,20260522,23,81.41,72.88,,,,
343,20260522,24,109.41,60.13,,,,
343,20260522,25,122.46,85.93,,,,
343,20260522,26,103.92,74.60,,,,
343,20260522,27,91.87,52.94,,,,
343,20260522,28,132.67,72.52,,,,
343,20260522,29,86.52,57.23,,,,
343,20260522,30,92.02,62.47,,,,
343,20260522,31,98.20,58.98,,,,
343,20260522,32,88.60,66.54,,,,
343,20260522,33,107.82,66.82,,,,
343,20260522,34,129.08,74.12,,,,
343,20260522,35,88.66,67.72,,,,
343,20260522,36,107.13,63.17,,,,
343,20260522,37,88.98,69.45,,,,
343,20260522,38,107.32,68.96,,,,
343,20260522,39,104.52,60.40,,,,
343,20260522,40,86.40,58.37,,,,
343,20260522,41,91.63,63.21,,,,
343,20260522,42,97.18,65.84,,,,
343,20260522,43,108.31,70.84,,,,
343,20260522,44,80.02,55.84,,,,
343,20260522,45,90.11,65.66,,,,
343,20260522,46,80.40,63.18,,,,
343,20260522,47,97.14,63.21,,,,
343,20260522,48,107.98,66.94,,,,
343,20260522,49,90.37,52.33,,,,
343,20260522,50,90.52,78.73,,,,
343,20260522,51,129.39,83.80,,,,
343,20260522,52,112.98,54.68,,,,
343,20260522,53,104.21,58.03,,,,
343,20260522,54,114.70,60.35,,,,
343,20260522,55,111.48,75.57,,,,
343,20260522,56,97.67,72.11,,,,
343,20260522,57,101.68,70.30,,,,
343,20260522,58,102.52,67.12,,,,
343,20260522,59,90.33,54.12,,,,
343,20260522,60,94.74,67.47,,,,
343,20260522,61,93.35,66.04,,,,
343,20260522,62,127.72,69.73,,,,
343,20260522,63,102.94,71.51,,,,
343,20260522,64,96.49,55.59,,,,
343,20260522,65,95.36,65.81,,,,
343,20260522,66,94.09,71.61,,,,
343,20260522,67,104.76,70.71,,,,
343,20260522,68,107.02,72.46,,,,
343,20260522,69,111.88,67.56,,,,
343,20260522,70,105.91,76.57,,,,
343,20260522,71,95.94,79.04,,,,
343,20260522,72,97.06,71.85,,,,
343,20260522,73,97.31,65.67,,,,
357,20260522,1,95.35,49.96,,,,
357,20260522,2,102.29,52.96,,,,
357,20260522,3,111.10,61.35,,,,
357,20260522,4,112.88,60.40,,,,
357,20260522,5,97.11,66.38,,,,
357,20260522,6,53.69,41.03,,,,
357,20260522,7,95.15,63.27,,,,
357,20260522,8,104.99,65.38,,,,
357,20260522,9,95.61,66.13,,,,
357,20260522,10,101.10,81.56,,,,
357,20260522,11,90.17,52.35,,,,
357,20260522,12,98.44,70.78,,,,
357,20260522,13,82.02,56.69,,,,
357,20260522,14,116.66,68.93,,,,
357,20260522,15,88.22,61.15,,,,
357,20260522,16,103.22,64.28,,,,
357,20260522,17,70.72,56.54,,,,
357,20260522,18,98.60,65.69,,,,
357,20260522,19,75.00,52.48,,,,
357,20260522,20,94.89,56.32,,,,
357,20260522,21,110.16,79.62,,,,
357,20260522,22,85.02,68.38,,,,
357,20260522,23,91.54,58.95,,,,
357,20260522,24,60.04,60.56,,,,
357,20260522,25,99.39,63.45,,,,
357,20260522,26,114.08,72.64,,,,
357,20260522,27,106.65,71.04,,,,
357,20260522,28,102.94,65.23,,,,
357,20260522,29,106.92,73.74,,,,
357,20260522,30,90.79,64.40,,,,
357,20260522,31,85.41,63.97,,,,
357,20260522,32,120.05,76.15,,,,
357,20260522,33,106.76,80.20,,,,
357,20260522,34,100.58,57.65,,,,
357,20260522,35,91.75,75.55,,,,
357,20260522,36,92.15,73.07,,,,
357,20260522,37,97.38,61.29,,,,
357,20260522,38,95.05,55.33,,,,
357,20260522,39,100.94,64.04,,,,
357,20260522,40,96.72,67.02,,,,
357,20260522,41,67.10,59.26,,,,
357,20260522,42,77.35,61.78,,,,
357,20260522,43,84.11,48.02,,,,
357,20260522,44,115.05,57.88,,,,
357,20260522,45,91.63,68.03,,,,
357,20260522,46,110.18,70.53,,,,
357,20260522,47,96.24,69.38,,,,
357,20260522,48,87.91,71.09,,,,
357,20260522,49,95.45,59.09,,,,
357,20260522,50,113.38,61.39,,,,
357,20260522,51,114.37,65.50,,,,
357,20260522,52,88.98,60.23,,,,
357,20260522,53,95.85,70.89,,,,
357,20260522,54,108.06,78.42,,,,
357,20260522,55,107.54,63.76,,,,
357,20260522,56,100.67,68.35,,,,
357,20260522,57,100.55,73.21,,,,
357,20260522,58,97.29,65.37,,,,
357,20260522,59,102.80,72.03,,,,
357,20260522,60,99.06,63.66,,,,
357,20260522,61,118.22,60.64,,,,
357,20260522,62,119.70,69.07,,,,
357,20260522,63,70.23,57.54,,,,
357,20260522,64,101.76,66.51,,,,
357,20260522,65,90.82,69.82,,,,
357,20260522,66,91.25,68.11,,,,
357,20260522,67,103.65,67.37,,,,
357,20260522,68,96.60,68.74,,,,
357,20260522,69,112.27,71.90,,,,
357,20260522,70,117.78,70.11,,,,
357,20260522,71,80.01,63.59,,,,
357,20260522,72,111.14,75.76,,,,
357,20260522,73,97.54,59.69,,,,
357,20260522,74,100.17,70.53,,,,
357,20260522,75,89.59,53.89,,,,
357,20260522,76,80.03,64.65,,,,
358,20260522,1,103.30,72.09,,,,
358,20260522,2,80.02,62.01,,,,
358,20260522,3,89.96,53.57,,,,
358,20260522,4,103.66,65.05,,,,
358,20260522,5,93.65,68.06,,,,
358,20260522,6,98.63,62.38,,,,
358,20260522,7,95.68,60.46,,,,
358,20260522,8,78.43,53.66,,,,
358,20260522,9,71.97,62.39,,,,
358,20260522,10,104.86,58.44,,,,
358,20260522,11,99.79,62.82,,,,
358,20260522,12,78.04,65.94,,,,
358,20260522,13,92.94,57.32,,,,
358,20260522,14,102.39,58.84,,,,
358,20260522,15,90.57,63.21,,,,
358,20260522,16,103.53,57.80,,,,
358,20260522,17,117.48,67.58,,,,
358,20260522,18,97.09,72.40,,,,
358,20260522,19,105.03,70.24,,,,
358,20260522,20,84.47,55.49,,,,
358,20260522,21,87.67,74.66,,,,
358,20260522,22,100.60,65.76,,,,
358,20260522,23,96.50,58.53,,,,
358,20260522,24,85.17,73.44,,,,
358,20260522,25,117.44,58.95,,,,
358,20260522,26,113.22,71.19,,,,
358,20260522,27,91.61,60.83,,,,
358,20260522,28,86.19,62.80,,,,
358,20260522,29,99.49,61.22,,,,
358,20260522,30,124.86,70.91,,,,
358,20260522,31,120.36,72.09,,,,
358,20260522,32,99.98,74.44,,,,
358,20260522,33,89.44,68.33,,,,
358,20260522,34,108.46,74.81,,,,
358,20260522,35,83.49,64.42,,,,
358,20260522,36,109.56,66.13,,,,
358,20260522,37,88.91,62.11,,,,
358,20260522,38,89.55,74.75,,,,
358,20260522,39,89.17,72.14,,,,
358,20260522,40,74.89,58.57,,,,
358,20260522,41,105.99,63.19,,,,
358,20260522,42,103.74,63.06,,,,
358,20260522,43,86.08,49.99,,,,
358,20260522,44,82.70,59.95,,,,
358,20260522,45,101.20,67.55,,,,
358,20260522,46,95.48,67.24,,,,
358,20260522,47,98.38,77.55,,,,
358,20260522,48,85.97,62.66,,,,
358,20260522,49,93.40,54.90,,,,
358,20260522,50,109.88,69.31,,,,
358,20260522,51,82.36,58.56,,,,
358,20260522,52,83.90,59.49,,,,
358,20260522,53,84.90,62.02,,,,
358,20260522,54,94.27,67.12,,,,
358,20260522,55,60.38,39.26,,,,
358,20260522,56,91.13,67.55,,,,
358,20260522,57,118.79,71.28,,,,
358,20260522,58,80.19,67.04,,,,
358,20260522,59,86.80,67.33,,,,
358,20260522,60,101.61,66.25,,,,
358,20260522,61,97.46,78.91,,,,
358,20260522,62,114.45,68.08,,,,
358,20260522,63,87.28,68.85,,,,
358,20260522,64,107.17,62.92,,,,
358,20260522,65,97.09,59.89,,,,
358,20260522,66,89.33,83.29,,,,
358,20260522,67,104.27,62.43,,,,
358,20260522,68,86.32,68.02,,,,
358,20260522,69,91.39,70.00,,,,
358,20260522,70,75.40,70.87,,,,
358,20260522,71,103.51,69.83,,,,
358,20260522,72,85.81,73.61,,,,
358,20260522,73,82.50,58.86,,,,
358,20260522,74,90.51,62.05,,,,
358,20260522,75,110.94,71.52,,,,
358,20260522,76,110.41,66.91,,,,
358,20260522,77,95.00,72.94,,,,
358,20260522,78,91.04,70.67,,,,
358,20260522,79,70.28,64.93,,,,
358,20260522,80,86.19,76.59,,,,
358,20260522,81,113.30,69.65,,,,
358,20260522,82,119.82,73.32,,,,
358,20260522,83,109.20,70.52,,,,
358,20260522,84,85.97,58.25,,,,
358,20260522,85,88.19,58.45,,,,
359,20260522,1,105.15,66.07,,,,
359,20260522,2,107.56,78.98,,,,
359,20260522,3,90.29,56.30,,,,
359,20260522,4,127.54,64.74,,,,
359,20260522,5,114.34,73.10,,,,
359,20260522,6,99.02,66.30,,,,
359,20260522,7,94.84,81.60,,,,
359,20260522,8,90.00,63.90,,,,
359,20260522,9,98.50,67.08,,,,
359,20260522,10,92.32,72.68,,,,
359,20260522,11,91.45,70.06,,,,
359,20260522,12,89.96,82.33,,,,
359,20260522,13,97.35,82.78,,,,
359,20260522,14,86.60,68.27,,,,
359,20260522,15,99.93,60.23,,,,
359,20260522,16,51.54,42.89,,,,
359,20260522,17,116.74,78.83,,,,
359,20260522,18,102.89,68.56,,,,
359,20260522,19,103.10,61.60,,,,
359,20260522,20,98.26,56.95,,,,
359,20260522,21,104.66,70.51,,,,
359,20260522,22,113.28,67.64,,,,
359,20260522,23,121.54,79.12,,,,
359,20260522,24,99.34,74.57,,,,
359,20260522,25,105.70,80.03,,,,
359,20260522,26,88.14,65.91,,,,
359,20260522,27,88.35,61.39,,,,
359,20260522,28,93.71,66.30,,,,
359,20260522,29,109.77,71.05,,,,
359,20260522,30,108.18,61.86,,,,
359,20260522,31,111.43,69.63,,,,
359,20260522,32,76.66,55.47,,,,
359,20260522,33,98.98,57.73,,,,
359,20260522,34,98.15,54.47,,,,
359,20260522,35,103.11,75.79,,,,
359,20260522,36,107.57,79.41,,,,
359,20260522,37,98.05,62.37,,,,
359,20260522,38,91.88,58.71,,,,
359,20260522,39,74.92,67.56,,,,
359,20260522,40,82.33,59.65,,,,
359,20260522,41,119.95,70.95,,,,
359,20260522,42,114.57,68.88,,,,
359,20260522,43,102.34,74.04,,,,
359,20260522,44,96.78,59.78,,,,
359,20260522,45,69.16,55.51,,,,
359,20260522,46,101.92,60.38,,,,
359,20260522,47,99.83,70.35,,,,
359,20260522,48,99.66,53.92,,,,
359,20260522,49,87.69,60.78,,,,
359,20260522,50,98.61,65.26,,,,
359,20260522,51,80.59,68.59,,,,
359,20260522,52,83.39,56.99,,,,
359,20260522,53,88.36,66.19,,,,
359,20260522,54,123.68,73.15,,,,
359,20260522,55,107.60,75.85,,,,
359,20260522,56,98.22,58.39,,,,
359,20260522,57,105.99,69.11,,,,
359,20260522,58,135.99,71.53,,,,
359,20260522,59,94.75,68.66,,,,
359,20260522,60,120.53,59.16,,,,
359,20260522,61,108.81,61.89,,,,
359,20260522,62,105.26,70.96,,,,
359,20260522,63,91.97,68.36,,,,
359,20260522,64,104.43,65.62,,,,
359,20260522,65,93.70,69.69,,,,
359,20260522,66,104.86,83.53,,,,
359,20260522,67,88.26,63.52,,,,
359,20260522,68,57.95,63.74,,,,
359,20260522,69,101.10,59.23,,,,
359,20260522,70,99.18,68.89,,,,
359,20260522,71,104.34,76.23,,,,
359,20260522,72,98.60,83.17,,,,
360,20260522,1,89.98,54.98,,,,
360,20260522,2,89.03,64.45,,,,
360,20260522,3,74.76,50.69,,,,
360,20260522,4,105.22,64.24,,,,
360,20260522,5,84.13,51.40,,,,
360,20260522,6,76.29,57.81,,,,
360,20260522,7,70.90,52.02,,,,
360,20260522,8,78.76,60.17,,,,
360,20260522,9,100.26,63.00,,,,
360,20260522,10,91.25,62.28,,,,
360,20260522,11,109.01,63.16,,,,
360,20260522,12,110.54,84.96,,,,
360,20260522,13,67.81,60.38,,,,
360,20260522,14,104.13,69.60,,,,
360,20260522,15,89.59,70.71,,,,
360,20260522,16,133.35,56.67,,,,
360,20260522,17,109.54,66.06,,,,
360,20260522,18,109.50,66.56,,,,
360,20260522,19,107.02,66.37,,,,
360,20260522,20,109.26,65.95,,,,
360,20260522,21,68.01,50.01,,,,
360,20260522,22,66.12,62.89,,,,
360,20260522,23,121.31,63.51,,,,
360,20260522,24,92.54,66.82,,,,
360,20260522,25,100.37,78.56,,,,
360,20260522,26,81.27,65.20,,,,
360,20260522,27,96.33,85.31,,,,
360,20260522,28,106.34,74.55,,,,
360,20260522,29,94.45,63.71,,,,
360,20260522,30,89.11,70.63,,,,
360,20260522,31,94.09,59.98,,,,
360,20260522,32,90.36,72.77,,,,
360,20260522,33,128.60,60.20,,,,
360,20260522,34,99.62,67.49,,,,
360,20260522,35,91.57,55.48,,,,
360,20260522,36,112.61,69.26,,,,
360,20260522,37,95.31,57.93,,,,
360,20260522,38,90.37,67.44,,,,
360,20260522,39,101.39,64.45,,,,
360,20260522,40,68.60,43.71,,,,
360,20260522,41,90.59,61.30,,,,
360,20260522,42,101.20,75.36,,,,
360,20260522,43,88.24,65.69,,,,
360,20260522,44,96.72,55.35,,,,
360,20260522,45,115.54,75.89,,,,
360,20260522,46,106.50,82.24,,,,
360,20260522,47,81.47,72.06,,,,
360,20260522,48,107.15,79.84,,,,
360,20260522,49,109.23,69.80,,,,
360,20260522,50,107.63,66.79,,,,
360,20260522,51,93.74,79.14,,,,
360,20260522,52,108.14,63.19,,,,
360,20260522,53,132.13,70.65,,,,
360,20260522,54,95.07,68.55,,,,
360,20260522,55,80.67,56.90,,,,
360,20260522,56,112.64,89.06,,,,
360,20260522,57,92.36,84.92,,,,
360,20260522,58,120.42,68.33,,,,
360,20260522,59,117.05,59.19,,,,
360,20260522,60,110.60,67.15,,,,
360,20260522,61,95.15,70.13,,,,
360,20260522,62,122.86,80.72,,,,
360,20260522,63,97.65,59.29,,,,
360,20260522,64,92.98,70.01,,,,
360,20260522,65,123.16,63.65,,,,
360,20260522,66,127.55,69.26,,,,
360,20260522,67,91.74,52.92,,,,
360,20260522,68,94.74,53.87,,,,
360,20260522,69,86.02,77.41,,,,
360,20260522,70,98.98,75.49,,,,
360,20260522,71,130.03,62.20,,,,
360,20260522,72,91.88,63.90,,,,
361,20260522,1,95.31,66.00,,,,
361,20260522,2,83.03,61.75,,,,
361,20260522,3,94.71,73.48,,,,
361,20260522,4,68.24,64.60,,,,
361,20260522,5,80.63,56.39,,,,
361,20260522,6,70.59,58.56,,,,
361,20260522,7,81.93,66.07,,,,
361,20260522,8,95.21,55.23,,,,
361,20260522,9,89.81,70.96,,,,
361,20260522,10,95.62,57.17,,,,
361,20260522,11,78.23,57.16,,,,
361,20260522,12,103.80,73.10,,,,
361,20260522,13,79.21,69.39,,,,
361,20260522,14,114.27,51.69,,,,
361,20260522,15,72.49,42.36,,,,
361,20260522,16,95.92,63.66,,,,
361,20260522,17,88.10,57.64,,,,
361,20260522,18,95.21,66.89,,,,
361,20260522,19,79.96,64.41,,,,
361,20260522,20,109.13,70.58,,,,
361,20260522,21,82.83,52.21,,,,
361,20260522,22,91.11,63.36,,,,
361,20260522,23,119.82,68.92,,,,
361,20260522,24,87.57,64.26,,,,
361,20260522,25,88.59,75.16,,,,
361,20260522,26,104.63,64.92,,,,
361,20260522,27,97.53,74.99,,,,
361,20260522,28,98.55,61.49,,,,
361,20260522,29,104.84,63.80,,,,
361,20260522,30,75.73,59.69,,,,
361,20260522,31,101.04,64.21,,,,
361,20260522,32,96.16,61.63,,,,
361,20260522,33,113.23,76.05,,,,
361,20260522,34,80.42,57.11,,,,
361,20260522,35,99.02,83.42,,,,
361,20260522,36,87.57,64.10,,,,
361,20260522,37,90.72,61.13,,,,
361,20260522,38,86.36,62.23,,,,
361,20260522,39,99.96,66.55,,,,
361,20260522,40,101.63,65.27,,,,
361,20260522,41,86.86,60.05,,,,
361,20260522,42,90.25,69.69,,,,
361,20260522,43,102.20,68.55,,,,
361,20260522,44,89.01,56.41,,,,
361,20260522,45,95.09,63.96,,,,
361,20260522,46,89.18,61.35,,,,
361,20260522,47,102.52,61.03,,,,
361,20260522,48,91.72,52.25,,,,
361,20260522,49,94.11,59.43,,,,
361,20260522,50,113.11,80.46,,,,
361,20260522,51,95.04,69.95,,,,
361,20260522,52,124.79,71.06,,,,
361,20260522,53,107.18,66.58,,,,
361,20260522,54,89.05,59.20,,,,
361,20260522,55,80.74,54.63,,,,
361,20260522,56,91.02,64.75,,,,
361,20260522,57,86.08,63.95,,,,
361,20260522,58,123.93,67.25,,,,
361,20260522,59,113.84,67.55,,,,
361,20260522,60,95.64,67.13,,,,
361,20260522,61,112.26,72.36,,,,