date,field_cattle_tag,oyster,treatment,Predicted_Volume_Poly,experiment
20240624,80,1,Control,5763.330427944508,weekly temperature
20240624,80,2,Control,5601.138960993954,weekly temperature
20240624,80,3,Control,7896.003932948475,weekly temperature
20240624,80,4,Control,7291.382393817269,weekly temperature
20240624,80,5,Control,7856.00661680449,weekly temperature
20240624,80,6,Control,6055.197910493328,weekly temperature
20240624,80,7,Control,6855.326015982344,weekly temperature
20240624,80,8,Control,6545.284793825806,weekly temperature
20240624,80,9,Control,7037.293562730249,weekly temperature
20240624,80,10,Control,5986.656697986676,weekly temperature
20240624,80,11,Control,6207.860466018903,weekly temperature
20240624,80,12,Control,6169.9769146988565,weekly temperature
20240624,80,13,Control,7804.525141136856,weekly temperature
20240624,80,14,Control,6664.239976188631,weekly temperature
20240624,80,15,Control,6434.993760268478,weekly temperature
20240624,80,16,Control,6588.976011916712,weekly temperature
20240624,80,17,Control,7365.913420962407,weekly temperature
20240624,80,18,Control,7230.799397103921,weekly temperature
20240624,80,19,Control,6992.327098649516,weekly temperature
20240624,80,20,Control,5713.595423903456,weekly temperature
20240624,80,21,Control,6009.082202233948,weekly temperature
20240624,80,22,Control,6316.977498025306,weekly temperature
20240624,80,23,Control,6808.012042789756,weekly temperature
20240624,80,24,Control,7510.617413264477,weekly temperature
20240624,80,25,Control,6406.760859468395,weekly temperature
20240624,80,26,Control,6123.835956076562,weekly temperature
20240624,80,27,Control,6376.1784101326875,weekly temperature
20240624,80,28,Control,6222.981487403389,weekly temperature
20240624,80,29,Control,7596.358702582336,weekly temperature
20240624,80,30,Control,7147.656792863671,weekly temperature
20240624,80,31,Control,6356.443996557137,weekly temperature
20240624,80,32,Control,5972.3948811601185,weekly temperature
20240624,80,33,Control,7038.851772087689,weekly temperature
20240624,80,34,Control,6017.622729311465,weekly temperature
20240624,80,35,Control,6071.4114926853645,weekly temperature
20240624,80,36,Control,6143.794969772238,weekly temperature
20240624,80,37,Control,6717.623983540786,weekly temperature
20240624,80,38,Control,7244.8742390848965,weekly temperature
20240624,80,39,Control,6132.0303734513045,weekly temperature
20240624,80,40,Control,7069.181406314793,weekly temperature
20240624,80,41,Control,5956.589184166456,weekly temperature
20240624,80,42,Control,6763.036253181521,weekly temperature
20240624,80,43,Control,6323.488557231094,weekly temperature
20240624,80,44,Control,6601.565381341222,weekly temperature
20240624,80,45,Control,5808.424671800691,weekly temperature
20240624,80,46,Control,7183.612977838303,weekly temperature
20240624,80,47,Control,5987.816090592289,weekly temperature
20240624,80,48,Control,6477.810466556537,weekly temperature
20240624,80,49,Control,11280.216855436098,weekly temperature
20240624,80,50,Control,5671.552334247539,weekly temperature
20240624,80,51,Control,6304.871097835708,weekly temperature
20240624,80,52,Control,6508.1482346448975,weekly temperature
20240624,80,53,Control,5447.847686566739,weekly temperature
20240624,80,54,Control,6189.320782425546,weekly temperature
20240624,80,55,Control,7134.494196483475,weekly temperature
20240624,80,56,Control,6754.582874171967,weekly temperature
20240624,80,57,Control,6611.77618734426,weekly temperature
20240624,80,58,Control,6206.795888901135,weekly temperature
20240624,80,59,Control,6842.733101096968,weekly temperature
20240624,80,60,Control,5989.823876515426,weekly temperature
20240624,80,61,Control,6358.7547569435965,weekly temperature
20240624,80,62,Control,7056.35336659722,weekly temperature
20240624,80,63,Control,6060.672527424582,weekly temperature
20240624,80,64,Control,6218.970809437498,weekly temperature
20240624,80,65,Control,5321.675951405856,weekly temperature
20240624,80,66,Control,5981.455138163337,weekly temperature
20240624,80,67,Control,8569.298890485203,weekly temperature
20240624,80,68,Control,6237.950003740583,weekly temperature
20240624,80,69,Control,6425.498117576475,weekly temperature
20240624,80,70,Control,6161.494653533664,weekly temperature
20240624,80,71,Control,5846.9778082674575,weekly temperature
20240624,80,72,Control,5985.191366476157,weekly temperature
20240624,80,73,Control,7068.225999645997,weekly temperature
20240624,80,74,Control,6796.951792715291,weekly temperature
20240624,80,75,Control,6521.293636936635,weekly temperature
20240624,80,76,Control,8884.910990328379,weekly temperature
20240624,80,77,Control,7595.259498589133,weekly temperature
20240624,80,78,Control,6569.455512700916,weekly temperature
20240624,80,79,Control,7962.6304876949,weekly temperature
20240624,80,80,Control,5445.286589832557,weekly temperature
20240624,80,81,Control,5835.857447705241,weekly temperature
20240624,80,82,Control,6836.98952486009,weekly temperature
20240624,80,83,Control,6787.514359940174,weekly temperature
20240624,80,84,Control,6402.960289476642,weekly temperature
20240624,80,85,Control,6411.7168149675,weekly temperature
20240624,80,86,Control,9471.685559453956,weekly temperature
20240624,80,87,Control,6161.277718713524,weekly temperature
20240624,80,88,Control,6160.345887125868,weekly temperature
20240624,80,89,Control,5948.157792160198,weekly temperature
20240624,80,90,Control,8111.921197143947,weekly temperature
20240624,80,91,Control,6186.905638462493,weekly temperature
20240624,80,92,Control,6362.944864525148,weekly temperature
20240624,80,93,Control,6704.269902933022,weekly temperature
20240624,80,94,Control,5382.791418028026,weekly temperature
20240624,80,95,Control,8218.928049228669,weekly temperature
20240624,80,96,Control,5985.814114425426,weekly temperature
20240624,80,97,Control,9389.724368964862,weekly temperature
20240624,80,98,Control,6596.890591511535,weekly temperature
20240624,80,99,Control,5744.8061424189555,weekly temperature
20240624,80,100,Control,7070.7341205196535,weekly temperature
20240624,81,1,Control,8561.853083940408,weekly fresh water
20240624,81,2,Control,7319.415780330143,weekly fresh water
20240624,81,3,Control,6173.980122696753,weekly fresh water
20240624,81,4,Control,8888.798656794883,weekly fresh water
20240624,81,5,Control,6400.105533666224,weekly fresh water
20240624,81,6,Control,6421.2910753172455,weekly fresh water
20240624,81,7,Control,9955.290857316286,weekly fresh water
20240624,81,8,Control,7385.949510997182,weekly fresh water
20240624,81,9,Control,6913.016479120509,weekly fresh water
20240624,81,10,Control,6249.04000369505,weekly fresh water
20240624,81,11,Control,7988.026611177782,weekly fresh water
20240624,81,12,Control,8071.439089837811,weekly fresh water
20240624,81,13,Control,8431.444112230212,weekly fresh water
20240624,81,14,Control,5949.628087069806,weekly fresh water
20240624,81,15,Control,8567.079888745042,weekly fresh water
20240624,81,16,Control,8585.031461649582,weekly fresh water
20240624,81,17,Control,7440.189008699372,weekly fresh water
20240624,81,18,Control,8160.789730456724,weekly fresh water
20240624,81,19,Control,9011.015562243801,weekly fresh water
20240624,81,20,Control,6160.816546787545,weekly fresh water
20240624,81,21,Control,6383.152828632386,weekly fresh water
20240624,81,22,Control,8469.065996023874,weekly fresh water
20240624,81,23,Control,6038.07997667989,weekly fresh water
20240624,81,24,Control,10050.997325976361,weekly fresh water
20240624,81,25,Control,9448.264769256457,weekly fresh water
20240624,81,26,Control,7141.7724176468455,weekly fresh water
20240624,81,27,Control,8164.643175289273,weekly fresh water
20240624,81,28,Control,9298.326669503009,weekly fresh water
20240624,81,29,Control,8806.56931998488,weekly fresh water
20240624,81,30,Control,6613.797172366817,weekly fresh water
20240624,81,31,Control,7704.894350063328,weekly fresh water
20240624,81,32,Control,6955.096345808183,weekly fresh water
20240624,81,33,Control,8740.4299155238,weekly fresh water
20240624,81,34,Control,8538.306804690023,weekly fresh water
20240624,81,35,Control,7999.3737808873775,weekly fresh water
20240624,81,36,Control,8944.8633823357,weekly fresh water
20240624,81,37,Control,7950.166905232032,weekly fresh water
20240624,81,38,Control,7889.3986438517595,weekly fresh water
20240624,81,39,Control,7464.402526023943,weekly fresh water
20240624,81,40,Control,8061.758821178794,weekly fresh water
20240624,81,41,Control,6033.92136118926,weekly fresh water
20240624,81,42,Control,6041.344044768682,weekly fresh water
20240624,81,43,Control,6464.793053714245,weekly fresh water
20240624,81,44,Control,6468.040289300837,weekly fresh water
20240624,81,45,Control,8508.049294033714,weekly fresh water
20240624,81,46,Control,7540.317532611776,weekly fresh water
20240624,81,47,Control,8059.021379140723,weekly fresh water
20240624,81,48,Control,8433.018516630038,weekly fresh water
20240624,81,49,Control,5975.835081444361,weekly fresh water
20240624,81,50,Control,6926.439555268435,weekly fresh water
20240624,81,51,Control,8687.471593817832,weekly fresh water
20240624,81,52,Control,9917.49951819917,weekly fresh water
20240624,81,53,Control,7637.825627036898,weekly fresh water
20240624,81,54,Control,8063.776006736915,weekly fresh water
20240624,81,55,Control,6073.681208514161,weekly fresh water
20240624,81,56,Control,7955.507993318174,weekly fresh water
20240624,81,57,Control,7523.665252874037,weekly fresh water
20240624,81,58,Control,8285.950098678566,weekly fresh water
20240624,81,59,Control,9130.592361833906,weekly fresh water
20240624,81,60,Control,10194.835988400013,weekly fresh water
20240624,81,61,Control,6395.196788457627,weekly fresh water
20240624,81,62,Control,6746.840423041137,weekly fresh water
20240624,81,63,Control,6262.713197298965,weekly fresh water
20240624,81,64,Control,9060.959673593723,weekly fresh water
20240624,81,65,Control,7347.684393375871,weekly fresh water
20240624,81,66,Control,8634.41558440513,weekly fresh water
20240624,81,67,Control,6188.27591314378,weekly fresh water
20240624,81,68,Control,5512.098855297644,weekly fresh water
20240624,81,69,Control,9473.561774183758,weekly fresh water
20240624,81,70,Control,6471.042851105815,weekly fresh water
20240624,81,71,Control,8412.580821803022,weekly fresh water
20240624,81,72,Control,8015.261312200837,weekly fresh water
20240624,81,73,Control,7791.270419086516,weekly fresh water
20240624,81,74,Control,7125.240356452314,weekly fresh water
20240624,81,75,Control,6724.3675697404415,weekly fresh water
20240624,81,76,Control,8975.709755865597,weekly fresh water
20240624,81,77,Control,6911.853748117703,weekly fresh water
20240624,81,78,Control,11090.878658909216,weekly fresh water
20240624,81,79,Control,9002.753295471855,weekly fresh water
20240624,81,80,Control,9051.9125648393765,weekly fresh water
20240624,81,81,Control,9558.298993056478,weekly fresh water
20240624,81,82,Control,8486.812812925544,weekly fresh water
20240624,81,83,Control,9797.208021307064,weekly fresh water
20240624,81,84,Control,9587.953738793487,weekly fresh water
20240624,81,85,Control,10920.68002854983,weekly fresh water
20240624,81,86,Control,8855.239287577817,weekly fresh water
20240624,81,87,Control,9342.784529597157,weekly fresh water
20240624,81,88,Control,9636.321523953126,weekly fresh water
20240624,81,89,Control,7115.160381636923,weekly fresh water
20240624,81,90,Control,10465.316086501036,weekly fresh water
20240624,81,91,Control,9151.605110076069,weekly fresh water
20240624,81,92,Control,8874.475316000577,weekly fresh water
20240624,81,93,Control,9232.261584526472,weekly fresh water
20240624,81,94,Control,9541.348630931709,weekly fresh water
20240624,81,95,Control,9631.498227602391,weekly fresh water
20240624,81,96,Control,8845.478903523343,weekly fresh water
20240624,81,97,Control,8326.621547301796,weekly fresh water
20240624,81,98,Control,9256.877964140504,weekly fresh water
20240624,81,99,Control,8815.365795755588,weekly fresh water
20240624,81,100,Control,8048.884529389689,weekly fresh water
20240624,82,1,Control,6121.343001984094,weekly fresh water
20240624,82,2,Control,5942.536617985698,weekly fresh water
20240624,82,3,Control,6398.800183877441,weekly fresh water
20240624,82,4,Control,6115.646354176657,weekly fresh water
20240624,82,5,Control,5482.915581049566,weekly fresh water
20240624,82,6,Control,5690.167553272348,weekly fresh water
20240624,82,7,Control,5935.573324606352,weekly fresh water
20240624,82,8,Control,5906.050259547989,weekly fresh water
20240624,82,9,Control,6718.413765529342,weekly fresh water
20240624,82,10,Control,6203.643087835799,weekly fresh water
20240624,82,11,Control,9199.591848947373,weekly fresh water
20240624,82,12,Control,7977.3182679737365,weekly fresh water
20240624,82,13,Control,5976.149956149415,weekly fresh water
20240624,82,14,Control,9510.43276792919,weekly fresh water
20240624,82,15,Control,6591.836779859639,weekly fresh water
20240624,82,16,Control,6584.842931571859,weekly fresh water
20240624,82,17,Control,8920.366762673952,weekly fresh water
20240624,82,18,Control,8310.140610172935,weekly fresh water
20240624,82,19,Control,7509.864662053044,weekly fresh water
20240624,82,20,Control,7122.422678691861,weekly fresh water
20240624,82,21,Control,6171.671668903099,weekly fresh water
20240624,82,22,Control,5684.202910954543,weekly fresh water
20240624,82,23,Control,7600.609930302378,weekly fresh water
20240624,82,24,Control,6722.738036273808,weekly fresh water
20240624,82,25,Control,7391.579750768624,weekly fresh water
20240624,82,26,Control,6363.383569808998,weekly fresh water
20240624,82,27,Control,6784.518987883432,weekly fresh water
20240624,82,28,Control,7229.127005051435,weekly fresh water
20240624,82,29,Control,6980.9609388775,weekly fresh water
20240624,82,30,Control,8251.17739242536,weekly fresh water
20240624,82,31,Control,6752.173466192809,weekly fresh water
20240624,82,32,Control,6641.980709118552,weekly fresh water
20240624,82,33,Control,5840.771194967927,weekly fresh water
20240624,82,34,Control,5937.813039461903,weekly fresh water
20240624,82,35,Control,6008.808072713765,weekly fresh water
20240624,82,36,Control,7164.974110969459,weekly fresh water
20240624,82,37,Control,8550.806812208548,weekly fresh water
20240624,82,38,Control,8131.956410196083,weekly fresh water
20240624,82,39,Control,6848.898136780334,weekly fresh water
20240624,82,40,Control,5372.840890125201,weekly fresh water
20240624,82,41,Control,6764.524206729287,weekly fresh water
20240624,82,42,Control,7399.647574819075,weekly fresh water
20240624,82,43,Control,7912.472673214388,weekly fresh water
20240624,82,44,Control,6678.754863621917,weekly fresh water
20240624,82,45,Control,6917.73072966842,weekly fresh water
20240624,82,46,Control,6731.300640095056,weekly fresh water
20240624,82,47,Control,10125.93678857176,weekly fresh water
20240624,82,48,Control,7928.331982613146,weekly fresh water
20240624,82,49,Control,7868.384684869033,weekly fresh water
20240624,82,50,Control,6725.273874896365,weekly fresh water
20240624,82,51,Control,9004.28219290465,weekly fresh water
20240624,82,52,Control,8362.020170101605,weekly fresh water
20240624,82,53,Control,7602.566691239053,weekly fresh water
20240624,82,54,Control,9619.866618913722,weekly fresh water
20240624,82,55,Control,6993.813848705521,weekly fresh water
20240624,82,56,Control,8401.549452879866,weekly fresh water
20240624,82,57,Control,8859.426377435566,weekly fresh water
20240624,82,58,Control,7972.816936690648,weekly fresh water
20240624,82,59,Control,7178.972498641818,weekly fresh water
20240624,82,60,Control,9308.526709901309,weekly fresh water
20240624,82,61,Control,7547.804679069429,weekly fresh water
20240624,82,62,Control,8260.71881941339,weekly fresh water
20240624,82,63,Control,8022.426357332003,weekly fresh water
20240624,82,64,Control,8039.277655444724,weekly fresh water
20240624,82,65,Control,7091.9593913798635,weekly fresh water
20240624,82,66,Control,6796.35571186473,weekly fresh water
20240624,82,67,Control,7245.329470784389,weekly fresh water
20240624,82,68,Control,9402.495007302137,weekly fresh water
20240624,82,69,Control,8603.665929358343,weekly fresh water
20240624,82,70,Control,7376.315558443855,weekly fresh water
20240624,82,71,Control,7488.616301004024,weekly fresh water
20240624,82,72,Control,6995.590259714241,weekly fresh water
20240624,82,73,Control,6651.054021290402,weekly fresh water
20240624,82,74,Control,7800.684707709361,weekly fresh water
20240624,82,75,Control,10607.106571631364,weekly fresh water
20240624,82,76,Control,7406.945868970311,weekly fresh water
20240624,82,77,Control,7944.473173203201,weekly fresh water
20240624,82,78,Control,7415.38419655439,weekly fresh water
20240624,82,79,Control,8242.246779340645,weekly fresh water
20240624,82,80,Control,7358.06369110514,weekly fresh water
20240624,82,81,Control,7811.247831485109,weekly fresh water
20240624,82,82,Control,7629.448963062544,weekly fresh water
20240624,82,83,Control,8041.415376617051,weekly fresh water
20240624,82,84,Control,9218.876615830226,weekly fresh water
20240624,82,85,Control,7846.523884659409,weekly fresh water
20240624,82,86,Control,7844.831849427759,weekly fresh water
20240624,82,87,Control,9051.02922226698,weekly fresh water
20240624,82,88,Control,6456.896098797315,weekly fresh water
20240624,82,89,Control,7815.664783990867,weekly fresh water
20240624,82,90,Control,7936.90967174722,weekly fresh water
20240624,82,91,Control,8516.712913211872,weekly fresh water
20240624,82,92,Control,6138.109528573882,weekly fresh water
20240624,82,93,Control,9540.4934213053,weekly fresh water
20240624,82,94,Control,7830.966434498496,weekly fresh water
20240624,82,95,Control,9075.691136796288,weekly fresh water
20240624,82,96,Control,8868.702848459217,weekly fresh water
20240624,82,97,Control,8036.862052062239,weekly fresh water
20240624,82,98,Control,10268.27903068168,weekly fresh water
20240624,82,99,Control,9034.271004273272,weekly fresh water
20240624,82,100,Control,8190.428483655951,weekly fresh water
20240624,83,1,Treated,6287.356733335463,weekly temperature
20240624,83,2,Treated,6112.474173562714,weekly temperature
20240624,83,3,Treated,5577.710930523853,weekly temperature
20240624,83,4,Treated,6358.1045771248155,weekly temperature
20240624,83,5,Treated,6169.247389880717,weekly temperature
20240624,83,6,Treated,5710.216789174618,weekly temperature
20240624,83,7,Treated,5821.929720739242,weekly temperature
20240624,83,8,Treated,6544.900084212577,weekly temperature
20240624,83,9,Treated,6068.121694617173,weekly temperature
20240624,83,10,Treated,6406.525809256803,weekly temperature
20240624,83,11,Treated,5924.6787091049655,weekly temperature
20240624,83,12,Treated,6209.390547238764,weekly temperature
20240624,83,13,Treated,7377.02584241716,weekly temperature
20240624,83,14,Treated,6441.709683769534,weekly temperature
20240624,83,15,Treated,6837.807982751783,weekly temperature
20240624,83,16,Treated,6927.768647107998,weekly temperature
20240624,83,17,Treated,6837.965386374273,weekly temperature
20240624,83,18,Treated,7080.897905484983,weekly temperature
20240624,83,19,Treated,5331.391488760357,weekly temperature
20240624,83,20,Treated,5614.933083582959,weekly temperature
20240624,83,21,Treated,6015.575038402517,weekly temperature
20240624,83,22,Treated,6357.460750104613,weekly temperature
20240624,83,23,Treated,7420.138716720387,weekly temperature
20240624,83,24,Treated,6015.802474437866,weekly temperature
20240624,83,25,Treated,5969.896968715977,weekly temperature
20240624,83,26,Treated,6507.314907704733,weekly temperature
20240624,83,27,Treated,6299.30278454607,weekly temperature
20240624,83,28,Treated,6728.936259610648,weekly temperature
20240624,83,29,Treated,5998.063741901099,weekly temperature
20240624,83,30,Treated,5289.910329842753,weekly temperature
20240624,83,31,Treated,5825.352340737578,weekly temperature
20240624,83,32,Treated,6963.365627854022,weekly temperature
20240624,83,33,Treated,6277.730594350867,weekly temperature
20240624,83,34,Treated,6240.211775744783,weekly temperature
20240624,83,35,Treated,6200.772950129908,weekly temperature
20240624,83,36,Treated,6947.268683461652,weekly temperature
20240624,83,37,Treated,6358.028775926057,weekly temperature
20240624,83,38,Treated,6161.91451634178,weekly temperature
20240624,83,39,Treated,6224.351882529704,weekly temperature
20240624,83,40,Treated,8057.289898700689,weekly temperature
20240624,83,41,Treated,8294.831352554724,weekly temperature
20240624,83,42,Treated,5572.403638325792,weekly temperature
20240624,83,43,Treated,6608.8098344119935,weekly temperature
20240624,83,44,Treated,6295.095558121616,weekly temperature
20240624,83,45,Treated,6204.859956391322,weekly temperature
20240624,83,46,Treated,6835.653482825703,weekly temperature
20240624,83,47,Treated,5709.96842491027,weekly temperature
20240624,83,48,Treated,6567.671805718381,weekly temperature
20240624,83,49,Treated,6818.724485525412,weekly temperature
20240624,83,50,Treated,5862.117210971838,weekly temperature
20240624,83,51,Treated,8333.672494187627,weekly temperature
20240624,83,52,Treated,8056.384989316126,weekly temperature
20240624,83,53,Treated,7193.393820653294,weekly temperature
20240624,83,54,Treated,8819.678729623502,weekly temperature
20240624,83,55,Treated,11173.526792735318,weekly temperature
20240624,83,56,Treated,5821.656342828506,weekly temperature
20240624,83,57,Treated,6542.139303483499,weekly temperature
20240624,83,58,Treated,7048.736752886674,weekly temperature
20240624,83,59,Treated,6747.64007135309,weekly temperature
20240624,83,60,Treated,5448.442942986773,weekly temperature
20240624,83,61,Treated,7368.257183955797,weekly temperature
20240624,83,62,Treated,6081.201196334764,weekly temperature
20240624,83,63,Treated,5351.668586655882,weekly temperature
20240624,83,64,Treated,5541.098785562479,weekly temperature
20240624,83,65,Treated,7489.496383400151,weekly temperature
20240624,83,66,Treated,10661.393694499937,weekly temperature
20240624,83,67,Treated,10761.396307882016,weekly temperature
20240624,83,68,Treated,5257.299355733379,weekly temperature
20240624,83,69,Treated,6250.3244724820215,weekly temperature
20240624,83,70,Treated,6184.314375592541,weekly temperature
20240624,83,71,Treated,6422.239735228257,weekly temperature
20240624,83,72,Treated,5746.68983273406,weekly temperature
20240624,83,73,Treated,5808.353896176989,weekly temperature
20240624,83,74,Treated,6017.492535615738,weekly temperature
20240624,83,75,Treated,6099.496962415018,weekly temperature
20240624,83,76,Treated,6085.9687374703535,weekly temperature
20240624,83,77,Treated,7886.514575068804,weekly temperature
20240624,83,78,Treated,8084.979659064506,weekly temperature
20240624,83,79,Treated,6983.395543578988,weekly temperature
20240624,83,80,Treated,6270.176101105742,weekly temperature
20240624,83,81,Treated,7192.33375961115,weekly temperature
20240624,83,82,Treated,6139.548443305323,weekly temperature
20240624,83,83,Treated,6536.5412339879385,weekly temperature
20240624,83,84,Treated,6848.632273179325,weekly temperature
20240624,83,85,Treated,5995.298815894671,weekly temperature
20240624,83,86,Treated,6187.39650588263,weekly temperature
20240624,83,87,Treated,5668.970440785617,weekly temperature
20240624,83,88,Treated,6582.989904703988,weekly temperature
20240624,83,89,Treated,5452.109327722398,weekly temperature
20240624,83,90,Treated,8960.37081111401,weekly temperature
20240624,83,91,Treated,6841.696369716954,weekly temperature
20240624,83,92,Treated,8402.438482270496,weekly temperature
20240624,83,93,Treated,6559.318133839011,weekly temperature
20240624,83,94,Treated,5761.912680378481,weekly temperature
20240624,83,95,Treated,6316.725099327992,weekly temperature
20240624,83,96,Treated,5387.39389824714,weekly temperature
20240624,83,97,Treated,5747.3848599286075,weekly temperature
20240624,83,98,Treated,5655.404986630449,weekly temperature
20240624,83,99,Treated,6210.951383365583,weekly temperature
20240624,83,100,Treated,6337.670485652443,weekly temperature
20240624,84,1,Treated,6513.702018115085,weekly fresh water
20240624,84,2,Treated,8841.795830211475,weekly fresh water
20240624,84,3,Treated,8029.118903785893,weekly fresh water
20240624,84,4,Treated,10735.035833756687,weekly fresh water
20240624,84,5,Treated,8234.38862762636,weekly fresh water
20240624,84,6,Treated,8158.474351114646,weekly fresh water
20240624,84,7,Treated,7972.18373993087,weekly fresh water
20240624,84,8,Treated,8474.047228649242,weekly fresh water
20240624,84,9,Treated,8456.66169230406,weekly fresh water
20240624,84,10,Treated,9677.208523464013,weekly fresh water
20240624,84,11,Treated,7760.011065854003,weekly fresh water
20240624,84,12,Treated,7601.6350652129,weekly fresh water
20240624,84,13,Treated,8666.540695529098,weekly fresh water
20240624,84,14,Treated,8187.28288159524,weekly fresh water
20240624,84,15,Treated,6414.84567959942,weekly fresh water
20240624,84,16,Treated,7523.123503749643,weekly fresh water
20240624,84,17,Treated,6449.386479976735,weekly fresh water
20240624,84,18,Treated,6963.615614897641,weekly fresh water
20240624,84,19,Treated,6054.0700978309205,weekly fresh water
20240624,84,20,Treated,8686.794677751874,weekly fresh water
20240624,84,21,Treated,6487.588542565304,weekly fresh water
20240624,84,22,Treated,8335.227709666682,weekly fresh water
20240624,84,23,Treated,8359.95517970492,weekly fresh water
20240624,84,24,Treated,9370.01789787556,weekly fresh water
20240624,84,25,Treated,8317.448578026027,weekly fresh water
20240624,84,26,Treated,8507.865995658554,weekly fresh water
20240624,84,27,Treated,8916.518776511897,weekly fresh water
20240624,84,28,Treated,6565.505156636624,weekly fresh water
20240624,84,29,Treated,9023.956932940948,weekly fresh water
20240624,84,30,Treated,6648.7138648638065,weekly fresh water
20240624,84,31,Treated,7433.630907016369,weekly fresh water
20240624,84,32,Treated,6821.474933293701,weekly fresh water
20240624,84,33,Treated,8200.992749101053,weekly fresh water
20240624,84,34,Treated,10225.011401880069,weekly fresh water
20240624,84,35,Treated,8597.105319005594,weekly fresh water
20240624,84,36,Treated,8207.432865175757,weekly fresh water
20240624,84,37,Treated,7029.405232559224,weekly fresh water
20240624,84,38,Treated,7751.30256151585,weekly fresh water
20240624,84,39,Treated,8133.4568808754375,weekly fresh water
20240624,84,40,Treated,7693.289798741701,weekly fresh water
20240624,84,41,Treated,9904.688916161733,weekly fresh water
20240624,84,42,Treated,8943.126823601984,weekly fresh water
20240624,84,43,Treated,8466.98230218074,weekly fresh water
20240624,84,44,Treated,8722.38098436322,weekly fresh water
20240624,84,45,Treated,8949.184830889479,weekly fresh water
20240624,84,46,Treated,7902.305638717395,weekly fresh water
20240624,84,47,Treated,5883.041644178483,weekly fresh water
20240624,84,48,Treated,6355.2737804719745,weekly fresh water
20240624,84,49,Treated,8560.68508744301,weekly fresh water
20240624,84,50,Treated,8439.75082478729,weekly fresh water
20240624,84,51,Treated,8122.259975320788,weekly fresh water
20240624,84,52,Treated,6623.417646933758,weekly fresh water
20240624,84,53,Treated,7508.664568220721,weekly fresh water
20240624,84,54,Treated,6969.454077627568,weekly fresh water
20240624,84,55,Treated,6666.897685089979,weekly fresh water
20240624,84,56,Treated,8259.737832592296,weekly fresh water
20240624,84,57,Treated,9643.412527513981,weekly fresh water
20240624,84,58,Treated,7417.271843042044,weekly fresh water
20240624,84,59,Treated,9131.188976987562,weekly fresh water
20240624,84,60,Treated,8927.94953604434,weekly fresh water
20240624,84,61,Treated,6116.292135978951,weekly fresh water
20240624,84,62,Treated,6179.200842926677,weekly fresh water
20240624,84,63,Treated,6925.965654162862,weekly fresh water
20240624,84,64,Treated,5736.615780295929,weekly fresh water
20240624,84,65,Treated,7753.740318290895,weekly fresh water
20240624,84,66,Treated,7267.383298774572,weekly fresh water
20240624,84,67,Treated,9331.366887592865,weekly fresh water
20240624,84,68,Treated,7656.363947204554,weekly fresh water
20240624,84,69,Treated,7604.207161940972,weekly fresh water
20240624,84,70,Treated,7178.62884450387,weekly fresh water
20240624,84,71,Treated,8907.131857733935,weekly fresh water
20240624,84,72,Treated,8146.243683274578,weekly fresh water
20240624,84,73,Treated,7557.723727924458,weekly fresh water
20240624,84,74,Treated,8235.808811583458,weekly fresh water
20240624,84,75,Treated,8332.519085643615,weekly fresh water
20240624,84,76,Treated,7806.696508267671,weekly fresh water
20240624,84,77,Treated,8018.57152287381,weekly fresh water
20240624,84,78,Treated,9505.274014720166,weekly fresh water
20240624,84,79,Treated,6833.042778983841,weekly fresh water
20240624,84,80,Treated,8217.282738624423,weekly fresh water
20240624,84,81,Treated,11096.757417255334,weekly fresh water
20240624,84,82,Treated,10224.212272735675,weekly fresh water
20240624,84,83,Treated,9583.224260842886,weekly fresh water
20240624,84,84,Treated,9098.157268703204,weekly fresh water
20240624,84,85,Treated,8908.432817863952,weekly fresh water
20240624,84,86,Treated,9930.029134114431,weekly fresh water
20240624,84,87,Treated,9768.158897527454,weekly fresh water
20240624,84,88,Treated,8834.493788385362,weekly fresh water
20240624,84,89,Treated,8060.540280731245,weekly fresh water
20240624,84,90,Treated,7352.169017917795,weekly fresh water
20240624,84,91,Treated,7499.721078843787,weekly fresh water
20240624,84,92,Treated,10095.144738589357,weekly fresh water
20240624,84,93,Treated,8510.106185779212,weekly fresh water
20240624,84,94,Treated,7703.828485926107,weekly fresh water
20240624,84,95,Treated,8914.041958733023,weekly fresh water
20240624,84,96,Treated,11253.686862662551,weekly fresh water
20240624,84,97,Treated,9246.891445261232,weekly fresh water
20240624,84,98,Treated,8230.766242233361,weekly fresh water
20240624,84,99,Treated,9389.445746025758,weekly fresh water
20240624,84,100,Treated,6157.111821746551,weekly fresh water
20240624,85,1,Treated,6289.97737789492,weekly temperature
20240624,85,2,Treated,5768.079281886143,weekly temperature
20240624,85,3,Treated,7151.650234771941,weekly temperature
20240624,85,4,Treated,7966.1007609059425,weekly temperature
20240624,85,5,Treated,6074.194574749126,weekly temperature
20240624,85,6,Treated,5905.57114407712,weekly temperature
20240624,85,7,Treated,8268.057275461033,weekly temperature
20240624,85,8,Treated,7710.149449816149,weekly temperature
20240624,85,9,Treated,7064.3477022392,weekly temperature
20240624,85,10,Treated,5379.003762841285,weekly temperature
20240624,85,11,Treated,8011.988283998677,weekly temperature
20240624,85,12,Treated,6315.311556196194,weekly temperature
20240624,85,13,Treated,5790.988713042009,weekly temperature
20240624,85,14,Treated,7035.009021694726,weekly temperature
20240624,85,15,Treated,6086.218064936276,weekly temperature
20240624,85,16,Treated,6319.899568906006,weekly temperature
20240624,85,17,Treated,5422.209461237143,weekly temperature
20240624,85,18,Treated,5951.235873621962,weekly temperature
20240624,85,19,Treated,5967.675829611053,weekly temperature
20240624,85,20,Treated,7882.1406402369585,weekly temperature
20240624,85,21,Treated,5756.431229887166,weekly temperature
20240624,85,22,Treated,8877.457709406477,weekly temperature
20240624,85,23,Treated,6201.964736083707,weekly temperature
20240624,85,24,Treated,7514.3385950561305,weekly temperature
20240624,85,25,Treated,6125.953891331196,weekly temperature
20240624,85,26,Treated,6565.42841203783,weekly temperature
20240624,85,27,Treated,6079.782529528926,weekly temperature
20240624,85,28,Treated,5983.46051162379,weekly temperature
20240624,85,29,Treated,5083.822303992953,weekly temperature
20240624,85,30,Treated,6138.011374786528,weekly temperature
20240624,85,31,Treated,6128.8225077379375,weekly temperature
20240624,85,32,Treated,6583.12418119053,weekly temperature
20240624,85,33,Treated,8327.711430403222,weekly temperature
20240624,85,34,Treated,6435.57935230968,weekly temperature
20240624,85,35,Treated,5724.921072977797,weekly temperature
20240624,85,36,Treated,5870.994167365569,weekly temperature
20240624,85,37,Treated,5972.880669253146,weekly temperature
20240624,85,38,Treated,6411.076812823588,weekly temperature
20240624,85,39,Treated,5608.821267514062,weekly temperature
20240624,85,40,Treated,6436.16501182091,weekly temperature
20240624,85,41,Treated,6495.478837656539,weekly temperature
20240624,85,42,Treated,6227.373473152247,weekly temperature
20240624,85,43,Treated,5292.569950286609,weekly temperature
20240624,85,44,Treated,8937.819801399399,weekly temperature
20240624,85,45,Treated,5891.140262032385,weekly temperature
20240624,85,46,Treated,5967.014911920602,weekly temperature
20240624,85,47,Treated,7390.541382387933,weekly temperature
20240624,85,48,Treated,6910.861782243168,weekly temperature
20240624,85,49,Treated,6097.186372651467,weekly temperature
20240624,85,50,Treated,5563.657131171759,weekly temperature
20240624,85,51,Treated,6146.49044808781,weekly temperature
20240624,85,52,Treated,6533.847642603259,weekly temperature
20240624,85,53,Treated,6613.883022178321,weekly temperature
20240624,85,54,Treated,7135.756296101518,weekly temperature
20240624,85,55,Treated,6106.439427402072,weekly temperature
20240624,85,56,Treated,6287.551101619223,weekly temperature
20240624,85,57,Treated,7804.348580600651,weekly temperature
20240624,85,58,Treated,6866.8920600894935,weekly temperature
20240624,85,59,Treated,5969.34790938625,weekly temperature
20240624,85,60,Treated,5649.046889048915,weekly temperature
20240624,85,61,Treated,6403.024823547241,weekly temperature
20240624,85,62,Treated,5866.089593466504,weekly temperature
20240624,85,63,Treated,8034.628822941693,weekly temperature
20240624,85,64,Treated,7709.087605963529,weekly temperature
20240624,85,65,Treated,7685.947330065954,weekly temperature
20240624,85,66,Treated,6898.813940376762,weekly temperature
20240624,85,67,Treated,6925.167995624655,weekly temperature
20240624,85,68,Treated,6188.160844441725,weekly temperature
20240624,85,69,Treated,6336.6839855366825,weekly temperature
20240624,85,70,Treated,7216.409247795819,weekly temperature
20240624,85,71,Treated,10104.725541332578,weekly temperature
20240624,85,72,Treated,7120.026865550569,weekly temperature
20240624,85,73,Treated,7009.596075393799,weekly temperature
20240624,85,74,Treated,8843.556051083935,weekly temperature
20240624,85,75,Treated,7864.710572041402,weekly temperature
20240624,85,76,Treated,7699.040434712738,weekly temperature
20240624,85,77,Treated,8570.007783321451,weekly temperature
20240624,85,78,Treated,7882.469095602294,weekly temperature
20240624,85,79,Treated,6337.594125011166,weekly temperature
20240624,85,80,Treated,7468.992389430539,weekly temperature
20240624,85,81,Treated,6492.669623922959,weekly temperature
20240624,85,82,Treated,6964.968074167491,weekly temperature
20240624,85,83,Treated,8073.431178034345,weekly temperature
20240624,85,84,Treated,7420.465778957629,weekly temperature
20240624,85,85,Treated,7128.009260121735,weekly temperature
20240624,85,86,Treated,9020.94379587936,weekly temperature
20240624,85,87,Treated,7628.632627367989,weekly temperature
20240624,85,88,Treated,7968.680908451653,weekly temperature
20240624,85,89,Treated,8036.411957263154,weekly temperature
20240624,85,90,Treated,7134.175175795443,weekly temperature
20240624,85,91,Treated,6058.5792157844635,weekly temperature
20240624,85,92,Treated,8176.7056717821515,weekly temperature
20240624,85,93,Treated,5625.062291935526,weekly temperature
20240624,85,94,Treated,6604.459538226918,weekly temperature
20240624,85,95,Treated,6537.877125888626,weekly temperature
20240624,85,96,Treated,7508.664568220721,weekly temperature
20240624,85,97,Treated,7256.170935294088,weekly temperature
20240624,85,98,Treated,6548.944539547331,weekly temperature
20240624,85,99,Treated,7120.707491137344,weekly temperature
20240624,85,100,Treated,6432.6231262837655,weekly temperature
20240624,86,1,Control,7918.308163293816,weekly fresh water
20240624,86,2,Control,6684.4565898120945,weekly fresh water
20240624,86,3,Control,6086.592049116041,weekly fresh water
20240624,86,4,Control,6611.359147404784,weekly fresh water
20240624,86,5,Control,6068.280722778273,weekly fresh water
20240624,86,6,Control,8002.822620907908,weekly fresh water
20240624,86,7,Control,8504.276428600117,weekly fresh water
20240624,86,8,Control,6373.560110119866,weekly fresh water
20240624,86,9,Control,6683.364825693734,weekly fresh water
20240624,86,10,Control,8448.40315799935,weekly fresh water
20240624,86,11,Control,9043.808795675284,weekly fresh water
20240624,86,12,Control,6941.321423948458,weekly fresh water
20240624,86,13,Control,8594.034908113963,weekly fresh water
20240624,86,14,Control,9284.26681606047,weekly fresh water
20240624,86,15,Control,7939.297947631238,weekly fresh water
20240624,86,16,Control,8123.943353897989,weekly fresh water
20240624,86,17,Control,9392.678887636268,weekly fresh water
20240624,86,18,Control,9477.447054061404,weekly fresh water
20240624,86,19,Control,7311.764937462609,weekly fresh water
20240624,86,20,Control,8125.151087643053,weekly fresh water
20240624,86,21,Control,6367.677708838443,weekly fresh water
20240624,86,22,Control,7224.723110778555,weekly fresh water
20240624,86,23,Control,7965.023408183274,weekly fresh water
20240624,86,24,Control,6987.886726526899,weekly fresh water
20240624,86,25,Control,8944.667791313354,weekly fresh water
20240624,86,26,Control,7841.652594621804,weekly fresh water
20240624,86,27,Control,8536.708687920387,weekly fresh water
20240624,86,28,Control,7880.484171341901,weekly fresh water
20240624,86,29,Control,8448.750232850549,weekly fresh water
20240624,86,30,Control,6965.678557944858,weekly fresh water
20240624,86,31,Control,6130.99260813551,weekly fresh water
20240624,86,32,Control,5934.970197667014,weekly fresh water
20240624,86,33,Control,5925.7049075477835,weekly fresh water
20240624,86,34,Control,7599.3785807094855,weekly fresh water
20240624,86,35,Control,8190.560551443492,weekly fresh water
20240624,86,36,Control,8960.298179260519,weekly fresh water
20240624,86,37,Control,8803.368261598464,weekly fresh water
20240624,86,38,Control,7484.001788980144,weekly fresh water
20240624,86,39,Control,5617.01741634161,weekly fresh water
20240624,86,40,Control,7269.495913237133,weekly fresh water
20240624,86,41,Control,6758.374137474488,weekly fresh water
20240624,86,42,Control,7166.968649046892,weekly fresh water
20240624,86,43,Control,7149.447519539926,weekly fresh water
20240624,86,44,Control,6363.01533176517,weekly fresh water
20240624,86,45,Control,8275.953380109908,weekly fresh water
20240624,86,46,Control,9096.108286308166,weekly fresh water
20240624,86,47,Control,7295.772662790136,weekly fresh water
20240624,86,48,Control,8727.91328938882,weekly fresh water
20240624,86,49,Control,8192.718926441892,weekly fresh water
20240624,86,50,Control,6907.164771339906,weekly fresh water
20240624,86,51,Control,5776.467685356047,weekly fresh water
20240624,86,52,Control,5802.8299130632495,weekly fresh water
20240624,86,53,Control,6978.100077348109,weekly fresh water
20240624,86,54,Control,6366.087645631764,weekly fresh water
20240624,86,55,Control,6658.572842934889,weekly fresh water
20240624,86,56,Control,8861.063832384323,weekly fresh water
20240624,86,57,Control,7198.819907065555,weekly fresh water
20240624,86,58,Control,6985.187891772309,weekly fresh water
20240624,86,59,Control,6638.04447352632,weekly fresh water
20240624,86,60,Control,7112.281814576171,weekly fresh water
20240624,86,61,Control,6264.622394851928,weekly fresh water
20240624,86,62,Control,5805.513162591672,weekly fresh water
20240624,86,63,Control,7544.639516597108,weekly fresh water
20240624,86,64,Control,6890.923565042089,weekly fresh water
20240624,86,65,Control,6244.538579977173,weekly fresh water
20240624,86,66,Control,7282.9342902417,weekly fresh water
20240624,86,67,Control,7025.565199706503,weekly fresh water
20240624,86,68,Control,6823.096180414307,weekly fresh water
20240624,86,69,Control,6876.190600253098,weekly fresh water
20240624,86,70,Control,6393.445871966862,weekly fresh water
20240624,86,71,Control,7231.913238023473,weekly fresh water
20240624,86,72,Control,7449.166867190249,weekly fresh water
20240624,86,73,Control,6998.266248170661,weekly fresh water
20240624,86,74,Control,8806.662454130914,weekly fresh water
20240624,86,75,Control,7070.767447484281,weekly fresh water
20240624,86,76,Control,6416.562488927228,weekly fresh water
20240624,86,77,Control,6539.705420131575,weekly fresh water
20240624,86,78,Control,5864.0080666271715,weekly fresh water
20240624,86,79,Control,7735.8714365519945,weekly fresh water
20240624,86,80,Control,9304.693041708137,weekly fresh water
20240624,86,81,Control,9526.124637260627,weekly fresh water
20240624,86,82,Control,8163.139045459989,weekly fresh water
20240624,86,83,Control,11873.610778632526,weekly fresh water
20240624,86,84,Control,10755.971566228734,weekly fresh water
20240624,86,85,Control,8392.697987724156,weekly fresh water
20240624,86,86,Control,8210.509721173206,weekly fresh water
20240624,86,87,Control,8347.311281786126,weekly fresh water
20240624,86,88,Control,6902.226517688058,weekly fresh water
20240624,86,89,Control,10264.30931871037,weekly fresh water
20240624,86,90,Control,5658.76967574533,weekly fresh water
20240624,86,91,Control,5982.387360462068,weekly fresh water
20240624,86,92,Control,5561.661456437837,weekly fresh water
20240624,86,93,Control,8021.171073711265,weekly fresh water
20240624,86,94,Control,5618.371648897755,weekly fresh water
20240624,86,95,Control,6132.028360108848,weekly fresh water
20240624,86,96,Control,6027.1554688947535,weekly fresh water
20240624,86,97,Control,6890.097547358709,weekly fresh water
20240624,86,98,Control,5837.889220159312,weekly fresh water
20240624,86,99,Control,6929.3605338399075,weekly fresh water
20240624,86,100,Control,6150.479178066073,weekly fresh water
20240624,87,1,Control,9364.870972654742,weekly fresh water
20240624,87,2,Control,7770.444436054594,weekly fresh water
20240624,87,3,Control,9781.446277695075,weekly fresh water
20240624,87,4,Control,8299.501261389456,weekly fresh water
20240624,87,5,Control,7809.560057579429,weekly fresh water
20240624,87,6,Control,7386.2052978402035,weekly fresh water
20240624,87,7,Control,9543.813116930834,weekly fresh water
20240624,87,8,Control,9242.515628382404,weekly fresh water
20240624,87,9,Control,11286.328159418747,weekly fresh water
20240624,87,10,Control,7370.744568889729,weekly fresh water
20240624,87,11,Control,7969.630874501752,weekly fresh water
20240624,87,12,Control,5901.389795332905,weekly fresh water
20240624,87,13,Control,8947.50178197954,weekly fresh water
20240624,87,14,Control,6611.37645752224,weekly fresh water
20240624,87,15,Control,8115.913320782576,weekly fresh water
20240624,87,16,Control,8913.860815476666,weekly fresh water
20240624,87,17,Control,10440.321085327787,weekly fresh water
20240624,87,18,Control,8022.728691280006,weekly fresh water
20240624,87,19,Control,9431.576359685625,weekly fresh water
20240624,87,20,Control,5912.991695714565,weekly fresh water
20240624,87,21,Control,8185.794012116996,weekly fresh water
20240624,87,22,Control,9525.2283148708,weekly fresh water
20240624,87,23,Control,7133.834526685495,weekly fresh water
20240624,87,24,Control,7323.0448576187455,weekly fresh water
20240624,87,25,Control,11042.454493875006,weekly fresh water
20240624,87,26,Control,11358.218306778643,weekly fresh water
20240624,87,27,Control,9039.446244180377,weekly fresh water
20240624,87,28,Control,10023.113620813348,weekly fresh water
20240624,87,29,Control,8286.658754383916,weekly fresh water
20240624,87,30,Control,9806.640442736163,weekly fresh water
20240624,87,31,Control,9912.182853311167,weekly fresh water
20240624,87,32,Control,6769.886093043118,weekly fresh water
20240624,87,33,Control,8660.905387501292,weekly fresh water
20240624,87,34,Control,8522.431514431386,weekly fresh water
20240624,87,35,Control,8888.851687797802,weekly fresh water
20240624,87,36,Control,8264.950475313466,weekly fresh water
20240624,87,37,Control,9600.00141727652,weekly fresh water
20240624,87,38,Control,9223.903539890749,weekly fresh water
20240624,87,39,Control,10469.803378530072,weekly fresh water
20240624,87,40,Control,8710.596466128916,weekly fresh water
20240624,87,41,Control,8818.632466181036,weekly fresh water
20240624,87,42,Control,9769.030866190877,weekly fresh water
20240624,87,43,Control,9535.53070292594,weekly fresh water
20240624,87,44,Control,7533.21330054746,weekly fresh water
20240624,87,45,Control,8712.929234163601,weekly fresh water
20240624,87,46,Control,7970.35099670119,weekly fresh water
20240624,87,47,Control,7673.72995514867,weekly fresh water
20240624,87,48,Control,11205.203783782403,weekly fresh water
20240624,87,49,Control,9313.735845440795,weekly fresh water
20240624,87,50,Control,9111.56738262134,weekly fresh water
20240624,87,51,Control,6823.66104037408,weekly fresh water
20240624,87,52,Control,11314.32738809781,weekly fresh water
20240624,87,53,Control,8242.033984494996,weekly fresh water
20240624,87,54,Control,8576.11078234323,weekly fresh water
20240624,87,55,Control,8892.72329189848,weekly fresh water
20240624,87,56,Control,9542.62014528405,weekly fresh water
20240624,87,57,Control,9402.883913094407,weekly fresh water
20240624,87,58,Control,8261.512330982896,weekly fresh water
20240624,87,59,Control,7425.146191041966,weekly fresh water
20240624,87,60,Control,8853.699103150038,weekly fresh water
20240624,87,61,Control,7143.518005344983,weekly fresh water
20240624,87,62,Control,9683.038496019803,weekly fresh water
20240624,87,63,Control,6818.947718709729,weekly fresh water
20240624,87,64,Control,7717.360869456556,weekly fresh water
20240624,87,65,Control,9478.94507370048,weekly fresh water
20240624,87,66,Control,9266.744667074969,weekly fresh water
20240624,87,67,Control,10606.914841626638,weekly fresh water
20240624,87,68,Control,10866.252996040612,weekly fresh water
20240624,87,69,Control,8751.239947982756,weekly fresh water
20240624,87,70,Control,7835.84363904251,weekly fresh water
20240624,87,71,Control,10210.852368010628,weekly fresh water
20240624,87,72,Control,8213.013704340188,weekly fresh water
20240624,87,73,Control,7876.048365057474,weekly fresh water
20240624,87,74,Control,8290.852941009227,weekly fresh water
20240624,87,75,Control,7625.417714524331,weekly fresh water
20240624,87,76,Control,8361.144740570171,weekly fresh water
20240624,87,77,Control,8269.114828847585,weekly fresh water
20240624,87,78,Control,10050.663333298797,weekly fresh water
20240624,87,79,Control,9128.884081820584,weekly fresh water
20240624,87,80,Control,6354.44925095107,weekly fresh water
20240624,87,81,Control,7424.473029176238,weekly fresh water
20240624,87,82,Control,10518.099299354659,weekly fresh water
20240624,87,83,Control,6062.776324743553,weekly fresh water
20240624,87,84,Control,9852.204010353042,weekly fresh water
20240624,87,85,Control,5351.3900548225565,weekly fresh water
20240624,87,86,Control,7701.751539537107,weekly fresh water
20240624,87,87,Control,9705.65125645022,weekly fresh water
20240624,87,88,Control,7089.003199441352,weekly fresh water
20240624,87,89,Control,7287.1705439531415,weekly fresh water
20240624,87,90,Control,8753.181238807969,weekly fresh water
20240624,87,91,Control,9083.908393254744,weekly fresh water
20240624,87,92,Control,5924.320533851427,weekly fresh water
20240624,87,93,Control,6407.149660667733,weekly fresh water
20240624,87,94,Control,8755.369204018922,weekly fresh water
20240624,87,95,Control,8558.10663531962,weekly fresh water
20240624,87,96,Control,8380.135219971422,weekly fresh water
20240624,87,97,Control,6368.368050966867,weekly fresh water
20240624,87,98,Control,6324.800561380292,weekly fresh water
20240624,87,99,Control,7954.82212221127,weekly fresh water
20240624,87,100,Control,8097.576602573563,weekly fresh water
20240624,88,1,Control,6073.35620546316,weekly temperature
20240624,88,2,Control,6710.606930697339,weekly temperature
20240624,88,3,Control,6696.75786329421,weekly temperature
20240624,88,4,Control,8266.368075208522,weekly temperature
20240624,88,5,Control,5327.020663072873,weekly temperature
20240624,88,6,Control,5944.240299132922,weekly temperature
20240624,88,7,Control,6195.588126297216,weekly temperature
20240624,88,8,Control,6285.230200081735,weekly temperature
20240624,88,9,Control,5313.244347780903,weekly temperature
20240624,88,10,Control,7192.003661433294,weekly temperature
20240624,88,11,Control,5453.11261397709,weekly temperature
20240624,88,12,Control,6750.798944724565,weekly temperature
20240624,88,13,Control,7939.132478579008,weekly temperature
20240624,88,14,Control,5783.629521716979,weekly temperature
20240624,88,15,Control,6782.930957563056,weekly temperature
20240624,88,16,Control,6029.9420147298215,weekly temperature
20240624,88,17,Control,6158.679605035602,weekly temperature
20240624,88,18,Control,5869.722456859591,weekly temperature
20240624,88,19,Control,6275.66989470987,weekly temperature
20240624,88,20,Control,5199.069264927199,weekly temperature
20240624,88,21,Control,5535.009745855975,weekly temperature
20240624,88,22,Control,6054.038779997912,weekly temperature
20240624,88,23,Control,7127.513266590457,weekly temperature
20240624,88,24,Control,5380.396363897772,weekly temperature
20240624,88,25,Control,6436.065827972225,weekly temperature
20240624,88,26,Control,6142.1326162484775,weekly temperature
20240624,88,27,Control,5753.196980285161,weekly temperature
20240624,88,28,Control,6142.1999467214955,weekly temperature
20240624,88,29,Control,6831.070646894383,weekly temperature
20240624,88,30,Control,6095.440694163668,weekly temperature
20240624,88,31,Control,6496.680708297408,weekly temperature
20240624,88,32,Control,5243.312975973118,weekly temperature
20240624,88,33,Control,6167.764022470206,weekly temperature
20240624,88,34,Control,6903.079765340747,weekly temperature
20240624,88,35,Control,11459.476651313842,weekly temperature
20240624,88,36,Control,5166.068400965009,weekly temperature
20240624,88,37,Control,5630.606643014295,weekly temperature
20240624,88,38,Control,5888.732508018653,weekly temperature
20240624,88,39,Control,5782.964000185519,weekly temperature
20240624,88,40,Control,7738.7962626396175,weekly temperature
20240624,88,41,Control,5935.171096805811,weekly temperature
20240624,88,42,Control,5352.091559807673,weekly temperature
20240624,88,43,Control,5438.2909524279385,weekly temperature
20240624,88,44,Control,6547.562712600087,weekly temperature
20240624,88,45,Control,9155.432205027755,weekly temperature
20240624,88,46,Control,5633.958299675,weekly temperature
20240624,88,47,Control,6042.0907430511215,weekly temperature
20240624,88,48,Control,6096.38988745018,weekly temperature
20240624,88,49,Control,6298.204919655446,weekly temperature
20240624,88,50,Control,6333.984913364844,weekly temperature
20240624,88,51,Control,6073.866193254301,weekly temperature
20240624,88,52,Control,6356.01551584813,weekly temperature
20240624,88,53,Control,6944.162931726941,weekly temperature
20240624,88,54,Control,8040.932320024096,weekly temperature
20240624,88,55,Control,5502.205307052967,weekly temperature
20240624,88,56,Control,7215.76686210727,weekly temperature
20240624,88,57,Control,5294.495233099735,weekly temperature
20240624,88,58,Control,6204.719458156767,weekly temperature
20240624,88,59,Control,5870.204409832785,weekly temperature
20240624,88,60,Control,6045.112995260192,weekly temperature
20240624,88,61,Control,6510.582952649221,weekly temperature
20240624,88,62,Control,5871.801824804668,weekly temperature
20240624,88,63,Control,5237.688274825743,weekly temperature
20240624,88,64,Control,6718.938656118987,weekly temperature
20240624,88,65,Control,6338.944615767469,weekly temperature
20240624,88,66,Control,5882.78723101361,weekly temperature
20240624,88,67,Control,6296.453804640368,weekly temperature
20240624,88,68,Control,6040.734702928574,weekly temperature
20240624,88,69,Control,6254.16572339383,weekly temperature
20240624,88,70,Control,5829.54528269088,weekly temperature
20240624,88,71,Control,9817.130674462524,weekly temperature
20240624,88,72,Control,6001.680285512846,weekly temperature
20240624,88,73,Control,7064.149469428698,weekly temperature
20240624,88,74,Control,6397.960579645366,weekly temperature
20240624,88,75,Control,8837.964655424606,weekly temperature
20240624,88,76,Control,6846.065912510546,weekly temperature
20240624,88,77,Control,6360.485090056737,weekly temperature
20240624,88,78,Control,6231.516585778749,weekly temperature
20240624,88,79,Control,6348.888968821085,weekly temperature
20240624,88,80,Control,6301.0171862781845,weekly temperature
20240624,88,81,Control,6855.095337836965,weekly temperature
20240624,88,82,Control,5198.348491752055,weekly temperature
20240624,88,83,Control,7099.147435124786,weekly temperature
20240624,88,84,Control,6555.746096199422,weekly temperature
20240624,88,85,Control,5629.5543136515,weekly temperature
20240624,88,86,Control,5737.696493563757,weekly temperature
20240624,88,87,Control,6832.4222286257245,weekly temperature
20240624,88,88,Control,6116.08158861155,weekly temperature
20240624,88,89,Control,6376.670110950105,weekly temperature
20240624,88,90,Control,6630.327179045455,weekly temperature
20240624,88,91,Control,6067.54626906537,weekly temperature
20240624,88,92,Control,5430.997510442025,weekly temperature
20240624,88,93,Control,6495.900461521184,weekly temperature
20240624,88,94,Control,5155.159319775866,weekly temperature
20240624,88,95,Control,5892.598029003108,weekly temperature
20240624,88,96,Control,11800.960065987647,weekly temperature
20240624,88,97,Control,6365.344513942439,weekly temperature
20240624,88,98,Control,6265.571707233721,weekly temperature
20240624,88,99,Control,6831.321575971749,weekly temperature
20240624,88,100,Control,5969.484300863218,weekly temperature
20240624,91,1,Treated,6777.413678062974,weekly temperature
20240624,91,2,Treated,7519.327393591921,weekly temperature
20240624,91,3,Treated,7085.9484522767225,weekly temperature
20240624,91,4,Treated,8281.957250272346,weekly temperature
20240624,91,5,Treated,7152.765815109935,weekly temperature
20240624,91,6,Treated,7881.0088780446295,weekly temperature
20240624,91,7,Treated,9799.247337036313,weekly temperature
20240624,91,8,Treated,8851.618835930116,weekly temperature
20240624,91,9,Treated,8636.102983838278,weekly temperature
20240624,91,10,Treated,6852.270242080428,weekly temperature
20240624,91,11,Treated,7914.622141901556,weekly temperature
20240624,91,12,Treated,9779.940559140992,weekly temperature
20240624,91,13,Treated,7402.619211485866,weekly temperature
20240624,91,14,Treated,7612.7996047760835,weekly temperature
20240624,91,15,Treated,7390.255378340072,weekly temperature
20240624,91,16,Treated,8985.576160209253,weekly temperature
20240624,91,17,Treated,9338.254420330473,weekly temperature
20240624,91,18,Treated,8460.670114789857,weekly temperature
20240624,91,19,Treated,7807.818078381475,weekly temperature
20240624,91,20,Treated,8604.119031084572,weekly temperature
20240624,91,21,Treated,6913.280583285196,weekly temperature
20240624,91,22,Treated,8690.136943997984,weekly temperature
20240624,91,23,Treated,6557.050711091408,weekly temperature
20240624,91,24,Treated,6391.0419289000865,weekly temperature
20240624,91,25,Treated,6216.739595942853,weekly temperature
20240624,91,26,Treated,5869.775494026401,weekly temperature
20240624,91,27,Treated,6164.256508484444,weekly temperature
20240624,91,28,Treated,7672.631638493428,weekly temperature
20240624,91,29,Treated,6280.861567892525,weekly temperature
20240624,91,30,Treated,6830.571382210009,weekly temperature
20240624,91,31,Treated,9501.978587193187,weekly temperature
20240624,91,32,Treated,8256.441983355655,weekly temperature
20240624,91,33,Treated,6500.625212356918,weekly temperature
20240624,91,34,Treated,5469.787580505451,weekly temperature
20240624,91,35,Treated,6083.568136773555,weekly temperature
20240624,91,36,Treated,8510.349253994777,weekly temperature
20240624,91,37,Treated,8579.345392310579,weekly temperature
20240624,91,38,Treated,6853.587825033923,weekly temperature
20240624,91,39,Treated,8946.978652462161,weekly temperature
20240624,91,40,Treated,7123.002993039561,weekly temperature
20240624,91,41,Treated,8169.6832620876075,weekly temperature
20240624,91,42,Treated,7008.009480751362,weekly temperature
20240624,91,43,Treated,7608.2494167462155,weekly temperature
20240624,91,44,Treated,7805.690669707218,weekly temperature
20240624,91,45,Treated,6994.605123182075,weekly temperature
20240624,91,46,Treated,8334.218353630678,weekly temperature
20240624,91,47,Treated,7004.882303446472,weekly temperature
20240624,91,48,Treated,9412.649635917329,weekly temperature
20240624,91,49,Treated,6152.595352480494,weekly temperature
20240624,91,50,Treated,7169.8969087139785,weekly temperature
20240624,91,51,Treated,8691.298839164585,weekly temperature
20240624,91,52,Treated,7751.796187326559,weekly temperature
20240624,91,53,Treated,6297.079934860151,weekly temperature
20240624,91,54,Treated,6610.004702927951,weekly temperature
20240624,91,55,Treated,6235.285613009865,weekly temperature
20240624,91,56,Treated,6898.81402052281,weekly temperature
20240624,91,57,Treated,9894.908352073304,weekly temperature
20240624,91,58,Treated,9136.345630333888,weekly temperature
20240624,91,59,Treated,7112.269261649876,weekly temperature
20240624,91,60,Treated,5487.604790464092,weekly temperature
20240624,91,61,Treated,5735.758399247076,weekly temperature
20240624,91,62,Treated,6134.591487442913,weekly temperature
20240624,91,63,Treated,7462.744563555211,weekly temperature
20240624,91,64,Treated,7014.343570981247,weekly temperature
20240624,91,65,Treated,7124.423854354369,weekly temperature
20240624,91,66,Treated,7541.4605326962555,weekly temperature
20240624,91,67,Treated,6417.550358730815,weekly temperature
20240624,91,68,Treated,8829.14029632292,weekly temperature
20240624,91,69,Treated,7968.536248905037,weekly temperature
20240624,91,70,Treated,5845.372409115452,weekly temperature
20240624,91,71,Treated,6897.3292136113505,weekly temperature
20240624,91,72,Treated,7206.280864811538,weekly temperature
20240624,91,73,Treated,5907.338578877473,weekly temperature
20240624,91,74,Treated,6195.4610107424405,weekly temperature
20240624,91,75,Treated,7475.284255789785,weekly temperature
20240624,91,76,Treated,6334.870902747118,weekly temperature
20240624,91,77,Treated,5358.734761678246,weekly temperature
20240624,91,78,Treated,8826.58018320546,weekly temperature
20240624,91,79,Treated,7033.011714708132,weekly temperature
20240624,91,80,Treated,6783.843322011335,weekly temperature
20240624,91,81,Treated,6185.490903456387,weekly temperature
20240624,91,82,Treated,6006.133485330415,weekly temperature
20240624,91,83,Treated,7285.68419424099,weekly temperature
20240624,91,84,Treated,6942.8351939932945,weekly temperature
20240624,91,85,Treated,7732.848939800003,weekly temperature
20240624,91,86,Treated,6271.581784734371,weekly temperature
20240624,91,87,Treated,7607.357354466885,weekly temperature
20240624,91,88,Treated,8541.349528881456,weekly temperature
20240624,91,89,Treated,8728.010785262522,weekly temperature
20240624,91,90,Treated,7434.586215447976,weekly temperature
20240624,91,91,Treated,8232.236818240555,weekly temperature
20240624,91,92,Treated,8407.387854700988,weekly temperature
20240624,91,93,Treated,6421.546097883442,weekly temperature
20240624,91,94,Treated,9514.190649797698,weekly temperature
20240624,91,95,Treated,8651.05097758962,weekly temperature
20240624,91,96,Treated,6949.391631995961,weekly temperature
20240624,91,97,Treated,7123.989391694659,weekly temperature
20240624,91,98,Treated,6992.041019997024,weekly temperature
20240624,91,99,Treated,5795.112828019292,weekly temperature
20240624,91,100,Treated,6630.910520673448,weekly temperature
20240624,94,1,Treated,6655.236903801593,weekly fresh water
20240624,94,2,Treated,8976.222036496587,weekly fresh water
20240624,94,3,Treated,5761.643877474592,weekly fresh water
20240624,94,4,Treated,5844.044266088741,weekly fresh water
20240624,94,5,Treated,7724.232130625475,weekly fresh water
20240624,94,6,Treated,6412.628033129623,weekly fresh water
20240624,94,7,Treated,7200.553149382749,weekly fresh water
20240624,94,8,Treated,6925.904487469805,weekly fresh water
20240624,94,9,Treated,6995.975668892434,weekly fresh water
20240624,94,10,Treated,7071.963090733583,weekly fresh water
20240624,94,11,Treated,6085.834639572973,weekly fresh water
20240624,94,12,Treated,6046.573565104067,weekly fresh water
20240624,94,13,Treated,10429.82811775013,weekly fresh water
20240624,94,14,Treated,7911.035876197998,weekly fresh water
20240624,94,15,Treated,8703.151133628287,weekly fresh water
20240624,94,16,Treated,6762.771670240209,weekly fresh water
20240624,94,17,Treated,5841.046399968986,weekly fresh water
20240624,94,18,Treated,10174.168214046853,weekly fresh water
20240624,94,19,Treated,6913.458518080724,weekly fresh water
20240624,94,20,Treated,7039.773154441277,weekly fresh water
20240624,94,21,Treated,7188.059721062041,weekly fresh water
20240624,94,22,Treated,8797.428756039966,weekly fresh water
20240624,94,23,Treated,7737.157364852578,weekly fresh water
20240624,94,24,Treated,8676.498370796277,weekly fresh water
20240624,94,25,Treated,8570.610147574038,weekly fresh water
20240624,94,26,Treated,8532.781306467077,weekly fresh water
20240624,94,27,Treated,7737.9641873095225,weekly fresh water
20240624,94,28,Treated,6766.427522671766,weekly fresh water
20240624,94,29,Treated,7883.4448311413325,weekly fresh water
20240624,94,30,Treated,10220.616088110213,weekly fresh water
20240624,94,31,Treated,8394.082415347406,weekly fresh water
20240624,94,32,Treated,7395.5110198793645,weekly fresh water
20240624,94,33,Treated,8878.87253800762,weekly fresh water
20240624,94,34,Treated,8873.976761906495,weekly fresh water
20240624,94,35,Treated,9381.547893277426,weekly fresh water
20240624,94,36,Treated,6952.004646457307,weekly fresh water
20240624,94,37,Treated,6306.286035397729,weekly fresh water
20240624,94,38,Treated,6759.961297056964,weekly fresh water
20240624,94,39,Treated,11002.667229794231,weekly fresh water
20240624,94,40,Treated,6075.740552838924,weekly fresh water
20240624,94,41,Treated,5571.733745768931,weekly fresh water
20240624,94,42,Treated,7781.422252421526,weekly fresh water
20240624,94,43,Treated,7296.574503306332,weekly fresh water
20240624,94,44,Treated,7855.101899458809,weekly fresh water
20240624,94,45,Treated,9943.31969879633,weekly fresh water
20240624,94,46,Treated,10661.723698567603,weekly fresh water
20240624,94,47,Treated,10076.181897261467,weekly fresh water
20240624,94,48,Treated,7153.5827195587935,weekly fresh water
20240624,94,49,Treated,10455.046504381944,weekly fresh water
20240624,94,50,Treated,10659.221903708776,weekly fresh water
20240624,94,51,Treated,7174.4226524371425,weekly fresh water
20240624,94,52,Treated,9405.151260323753,weekly fresh water
20240624,94,53,Treated,7569.653366510935,weekly fresh water
20240624,94,54,Treated,6420.567949529934,weekly fresh water
20240624,94,55,Treated,7597.039051012746,weekly fresh water
20240624,94,56,Treated,8623.343081157309,weekly fresh water
20240624,94,57,Treated,8528.370964127587,weekly fresh water
20240624,94,58,Treated,8701.784449079507,weekly fresh water
20240624,94,59,Treated,7653.492691275637,weekly fresh water
20240624,94,60,Treated,8257.27709881984,weekly fresh water
20240624,94,61,Treated,7305.610286051089,weekly fresh water
20240624,94,62,Treated,8070.537428680299,weekly fresh water
20240624,94,63,Treated,6338.874896663867,weekly fresh water
20240624,94,64,Treated,7213.769781317991,weekly fresh water
20240624,94,65,Treated,7554.651188475095,weekly fresh water
20240624,94,66,Treated,6966.574310530171,weekly fresh water
20240624,94,67,Treated,7430.875080478016,weekly fresh water
20240624,94,68,Treated,8707.375066142105,weekly fresh water
20240624,94,69,Treated,6699.240122707418,weekly fresh water
20240624,94,70,Treated,8273.557645149916,weekly fresh water
20240624,94,71,Treated,6996.252855190565,weekly fresh water
20240624,94,72,Treated,8855.745756845494,weekly fresh water
20240624,94,73,Treated,7223.4956854593775,weekly fresh water
20240624,94,74,Treated,7473.826790190178,weekly fresh water
20240624,94,75,Treated,7921.185848804056,weekly fresh water
20240624,94,76,Treated,7926.246877944155,weekly fresh water
20240624,94,77,Treated,6191.192271686591,weekly fresh water
20240624,94,78,Treated,8843.07992750066,weekly fresh water
20240624,94,79,Treated,6674.506563149864,weekly fresh water
20240624,94,80,Treated,8112.6860678720295,weekly fresh water
20240624,94,81,Treated,9868.5456687007445,weekly fresh water
20240624,94,82,Treated,9383.114633025329,weekly fresh water
20240624,94,83,Treated,8965.661327599555,weekly fresh water
20240624,94,84,Treated,7573.906525667911,weekly fresh water
20240624,94,85,Treated,8957.518530014104,weekly fresh water
20240624,94,86,Treated,6722.732380055083,weekly fresh water
20240624,94,87,Treated,5781.150007719829,weekly fresh water
20240624,94,88,Treated,10372.907407426434,weekly fresh water
20240624,94,89,Treated,9316.371073507036,weekly fresh water
20240624,94,90,Treated,7136.557716588496,weekly fresh water
20240624,94,91,Treated,8342.951068871427,weekly fresh water
20240624,94,92,Treated,10076.83611769893,weekly fresh water
20240624,94,93,Treated,6637.2648363787175,weekly fresh water
20240624,94,94,Treated,7358.616973128055,weekly fresh water
20240624,94,95,Treated,7026.114108839943,weekly fresh water
20240624,94,96,Treated,8100.613924311784,weekly fresh water
20240624,94,97,Treated,9474.926616285653,weekly fresh water
20240624,94,98,Treated,9281.83162107954,weekly fresh water
20240624,94,99,Treated,8170.517615397651,weekly fresh water
20240624,94,100,Treated,7926.110875412508,weekly fresh water
20240624,95,1,Control,5884.542339884194,weekly fresh water
20240624,95,2,Control,6756.527610203871,weekly fresh water
20240624,95,3,Control,6612.063247969347,weekly fresh water
20240624,95,4,Control,5979.359208214774,weekly fresh water
20240624,95,5,Control,7844.074571174233,weekly fresh water
20240624,95,6,Control,9234.689491084833,weekly fresh water
20240624,95,7,Control,7447.986517454338,weekly fresh water
20240624,95,8,Control,5807.037164851783,weekly fresh water
20240624,95,9,Control,6997.274726277366,weekly fresh water
20240624,95,10,Control,7808.159926644153,weekly fresh water
20240624,95,11,Control,8144.974491266818,weekly fresh water
20240624,95,12,Control,7373.030542808734,weekly fresh water
20240624,95,13,Control,10229.377325367215,weekly fresh water
20240624,95,14,Control,8186.662100552801,weekly fresh water
20240624,95,15,Control,8299.001934436023,weekly fresh water
20240624,95,16,Control,9714.901373372442,weekly fresh water
20240624,95,17,Control,8982.5028828775,weekly fresh water
20240624,95,18,Control,7750.21458861616,weekly fresh water
20240624,95,19,Control,7532.285471406599,weekly fresh water
20240624,95,20,Control,8893.751432031288,weekly fresh water
20240624,95,21,Control,6022.681360543132,weekly fresh water
20240624,95,22,Control,8866.30920921868,weekly fresh water
20240624,95,23,Control,7997.027904168409,weekly fresh water
20240624,95,24,Control,9795.613179989865,weekly fresh water
20240624,95,25,Control,9540.957697705926,weekly fresh water
20240624,95,26,Control,7229.482071658914,weekly fresh water
20240624,95,27,Control,8439.170809809955,weekly fresh water
20240624,95,28,Control,6759.394455117006,weekly fresh water
20240624,95,29,Control,6046.5823828243265,weekly fresh water
20240624,95,30,Control,6867.615592744881,weekly fresh water
20240624,95,31,Control,5965.085942643461,weekly fresh water
20240624,95,32,Control,7013.641191742816,weekly fresh water
20240624,95,33,Control,10924.640660302015,weekly fresh water
20240624,95,34,Control,6170.529578642973,weekly fresh water
20240624,95,35,Control,8845.882538959704,weekly fresh water
20240624,95,36,Control,7658.196238962441,weekly fresh water
20240624,95,37,Control,10453.882874020219,weekly fresh water
20240624,95,38,Control,6446.526144137388,weekly fresh water
20240624,95,39,Control,9722.848062263567,weekly fresh water
20240624,95,40,Control,10949.677530434776,weekly fresh water
20240624,95,41,Control,6135.469595655133,weekly fresh water
20240624,95,42,Control,6908.645132323543,weekly fresh water
20240624,95,43,Control,6125.28562137501,weekly fresh water
20240624,95,44,Control,7754.569767924756,weekly fresh water
20240624,95,45,Control,8006.9085503343995,weekly fresh water
20240624,95,46,Control,7425.175467457968,weekly fresh water
20240624,95,47,Control,6597.435912942001,weekly fresh water
20240624,95,48,Control,6167.068235389427,weekly fresh water
20240624,95,49,Control,6126.666078399969,weekly fresh water
20240624,95,50,Control,8447.512849029587,weekly fresh water
20240624,95,51,Control,8539.455247189098,weekly fresh water
20240624,95,52,Control,6385.526778760914,weekly fresh water
20240624,95,53,Control,5925.366142314241,weekly fresh water
20240624,95,54,Control,8357.366124626984,weekly fresh water
20240624,95,55,Control,9788.863313082144,weekly fresh water
20240624,95,56,Control,8123.5213543847185,weekly fresh water
20240624,95,57,Control,6902.452751040742,weekly fresh water
20240624,95,58,Control,7140.27726893291,weekly fresh water
20240624,95,59,Control,5962.08533103986,weekly fresh water
20240624,95,60,Control,7544.191386265414,weekly fresh water
20240624,95,61,Control,7381.705413713549,weekly fresh water
20240624,95,62,Control,6463.848870250672,weekly fresh water
20240624,95,63,Control,7192.938204103556,weekly fresh water
20240624,95,64,Control,7609.916968679283,weekly fresh water
20240624,95,65,Control,8789.28966054324,weekly fresh water
20240624,95,66,Control,9584.636917806973,weekly fresh water
20240624,95,67,Control,7312.776353684555,weekly fresh water
20240624,95,68,Control,7464.750403653851,weekly fresh water
20240624,95,69,Control,6392.501805916237,weekly fresh water
20240624,95,70,Control,7223.9087177184865,weekly fresh water
20240624,95,71,Control,7718.669696486264,weekly fresh water
20240624,95,72,Control,6640.1686723114035,weekly fresh water
20240624,95,73,Control,8689.903462844632,weekly fresh water
20240624,95,74,Control,6886.577244238217,weekly fresh water
20240624,95,75,Control,7599.9683925133,weekly fresh water
20240624,95,76,Control,6958.791585105785,weekly fresh water
20240624,95,77,Control,7030.783905444083,weekly fresh water
20240624,95,78,Control,7040.623555308039,weekly fresh water
20240624,95,79,Control,6054.83473505486,weekly fresh water
20240624,95,80,Control,6493.020493696367,weekly fresh water
20240624,95,81,Control,6510.851467524102,weekly fresh water
20240624,95,82,Control,8706.555703285583,weekly fresh water
20240624,95,83,Control,9622.51148884159,weekly fresh water
20240624,95,84,Control,5845.31435438064,weekly fresh water
20240624,95,85,Control,6926.124189389069,weekly fresh water
20240624,95,86,Control,9235.644049993385,weekly fresh water
20240624,95,87,Control,8071.931250947366,weekly fresh water
20240624,95,88,Control,6567.32750417151,weekly fresh water
20240624,95,89,Control,9909.615297583276,weekly fresh water
20240624,95,90,Control,8968.739231988022,weekly fresh water
20240624,95,91,Control,7309.207704852281,weekly fresh water
20240624,95,92,Control,8126.959012446455,weekly fresh water
20240624,95,93,Control,7928.587944631169,weekly fresh water
20240624,95,94,Control,7279.06039522323,weekly fresh water
20240624,95,95,Control,6570.636515902029,weekly fresh water
20240624,95,96,Control,7100.38985451541,weekly fresh water
20240624,95,97,Control,6532.952737331418,weekly fresh water
20240624,95,98,Control,9234.397648008164,weekly fresh water
20240624,95,99,Control,7002.006711369835,weekly fresh water
20240624,95,100,Control,10751.879587068957,weekly fresh water
20240624,96,1,Treated,5907.93895206104,weekly fresh water
20240624,96,2,Treated,6225.684273523359,weekly fresh water
20240624,96,3,Treated,6302.334533192243,weekly fresh water
20240624,96,4,Treated,5574.356029870709,weekly fresh water
20240624,96,5,Treated,9785.17213314627,weekly fresh water
20240624,96,6,Treated,8442.533129160918,weekly fresh water
20240624,96,7,Treated,10339.52514444063,weekly fresh water
20240624,96,8,Treated,6983.840597968801,weekly fresh water
20240624,96,9,Treated,8064.759157506006,weekly fresh water
20240624,96,10,Treated,8157.035090099131,weekly fresh water
20240624,96,11,Treated,8989.786439456819,weekly fresh water
20240624,96,12,Treated,7092.690155786059,weekly fresh water
20240624,96,13,Treated,6664.889759486482,weekly fresh water
20240624,96,14,Treated,6382.263785009522,weekly fresh water
20240624,96,15,Treated,8937.22836160546,weekly fresh water
20240624,96,16,Treated,8236.10364468366,weekly fresh water
20240624,96,17,Treated,7966.589215490573,weekly fresh water
20240624,96,18,Treated,6531.640585748647,weekly fresh water
20240624,96,19,Treated,7680.665666166207,weekly fresh water
20240624,96,20,Treated,9296.37016903128,weekly fresh water
20240624,96,21,Treated,6371.269484083365,weekly fresh water
20240624,96,22,Treated,8191.873079828611,weekly fresh water
20240624,96,23,Treated,6874.113330719697,weekly fresh water
20240624,96,24,Treated,6584.974334026834,weekly fresh water
20240624,96,25,Treated,5775.394399959971,weekly fresh water
20240624,96,26,Treated,6336.269632730443,weekly fresh water
20240624,96,27,Treated,10602.437294008116,weekly fresh water
20240624,96,28,Treated,7607.878273620586,weekly fresh water
20240624,96,29,Treated,10106.189122286289,weekly fresh water
20240624,96,30,Treated,8110.299457660898,weekly fresh water
20240624,96,31,Treated,6688.622636615221,weekly fresh water
20240624,96,32,Treated,6978.056119286264,weekly fresh water
20240624,96,33,Treated,6518.939747742918,weekly fresh water
20240624,96,34,Treated,5628.7205846285815,weekly fresh water
20240624,96,35,Treated,8509.53634266345,weekly fresh water
20240624,96,36,Treated,9765.44823525551,weekly fresh water
20240624,96,37,Treated,8094.345504956713,weekly fresh water
20240624,96,38,Treated,9290.936065050066,weekly fresh water
20240624,96,39,Treated,8984.242029771935,weekly fresh water
20240624,96,40,Treated,8527.56964533501,weekly fresh water
20240624,96,41,Treated,5936.11887279404,weekly fresh water
20240624,96,42,Treated,8642.107165010555,weekly fresh water
20240624,96,43,Treated,7701.524076102793,weekly fresh water
20240624,96,44,Treated,7431.9836335499685,weekly fresh water
20240624,96,45,Treated,7351.864432992789,weekly fresh water
20240624,96,46,Treated,7426.533905795905,weekly fresh water
20240624,96,47,Treated,7462.022964505527,weekly fresh water
20240624,96,48,Treated,7297.2002234518195,weekly fresh water
20240624,96,49,Treated,6476.668734112866,weekly fresh water
20240624,96,50,Treated,7786.319877393839,weekly fresh water
20240624,96,51,Treated,7380.275986547049,weekly fresh water
20240624,96,52,Treated,9063.23571750006,weekly fresh water
20240624,96,53,Treated,6724.917755584453,weekly fresh water
20240624,96,54,Treated,7825.376392898554,weekly fresh water
20240624,96,55,Treated,6117.693096654222,weekly fresh water
20240624,96,56,Treated,7606.444217134009,weekly fresh water
20240624,96,57,Treated,12664.63125690217,weekly fresh water
20240624,96,58,Treated,8062.578579581222,weekly fresh water
20240624,96,59,Treated,8620.762533299474,weekly fresh water
20240624,96,60,Treated,7368.569806618575,weekly fresh water
20240624,96,61,Treated,6290.00625806093,weekly fresh water
20240624,96,62,Treated,6449.399319675918,weekly fresh water
20240624,96,63,Treated,8610.995444350618,weekly fresh water
20240624,96,64,Treated,8393.444213925552,weekly fresh water
20240624,96,65,Treated,6054.7148113980065,weekly fresh water
20240624,96,66,Treated,8737.458717937658,weekly fresh water
20240624,96,67,Treated,6915.3709359366,weekly fresh water
20240624,96,68,Treated,7245.143984894253,weekly fresh water
20240624,96,69,Treated,7012.3822899639945,weekly fresh water
20240624,96,70,Treated,8967.1881367366,weekly fresh water
20240624,96,71,Treated,6027.141797807303,weekly fresh water
20240624,96,72,Treated,6494.921890983054,weekly fresh water
20240624,96,73,Treated,7994.201032195299,weekly fresh water
20240624,96,74,Treated,6199.860009562618,weekly fresh water
20240624,96,75,Treated,8626.198971522132,weekly fresh water
20240624,96,76,Treated,6778.742703501061,weekly fresh water
20240624,96,77,Treated,5961.468502505262,weekly fresh water
20240624,96,78,Treated,8218.292008443601,weekly fresh water
20240624,96,79,Treated,6539.2127102874565,weekly fresh water
20240624,96,80,Treated,6693.575935659979,weekly fresh water
20240624,96,81,Treated,8334.23662235791,weekly fresh water
20240624,96,82,Treated,7943.766171680895,weekly fresh water
20240624,96,83,Treated,8851.797294155715,weekly fresh water
20240624,96,84,Treated,6022.761796357878,weekly fresh water
20240624,96,85,Treated,7910.385146567122,weekly fresh water
20240624,96,86,Treated,8121.843536637361,weekly fresh water
20240624,96,87,Treated,9464.575953612166,weekly fresh water
20240624,96,88,Treated,7624.8588197932895,weekly fresh water
20240624,96,89,Treated,9911.483149627498,weekly fresh water
20240624,96,90,Treated,9112.185856212094,weekly fresh water
20240624,96,91,Treated,9253.659514910014,weekly fresh water
20240624,96,92,Treated,10425.03559803018,weekly fresh water
20240624,96,93,Treated,8571.985960243095,weekly fresh water
20240624,96,94,Treated,8484.820609403785,weekly fresh water
20240624,96,95,Treated,9219.376378241368,weekly fresh water
20240624,96,96,Treated,7931.726348468959,weekly fresh water
20240624,96,97,Treated,9626.778115282348,weekly fresh water
20240624,96,98,Treated,10053.028836557747,weekly fresh water
20240624,96,99,Treated,10324.211729884462,weekly fresh water
20240624,96,100,Treated,9036.796661843864,weekly fresh water
20240624,97,1,Control,5904.914287229774,weekly temperature
20240624,97,2,Control,5816.014626796679,weekly temperature
20240624,97,3,Control,6242.169955192692,weekly temperature
20240624,97,4,Control,7738.944724809525,weekly temperature
20240624,97,5,Control,5997.66353938219,weekly temperature
20240624,97,6,Control,6046.641571837661,weekly temperature
20240624,97,7,Control,5952.7672804656295,weekly temperature
20240624,97,8,Control,5654.80716065646,weekly temperature
20240624,97,9,Control,5927.66983539919,weekly temperature
20240624,97,10,Control,6247.244301522277,weekly temperature
20240624,97,11,Control,5477.085482623946,weekly temperature
20240624,97,12,Control,6670.780639644556,weekly temperature
20240624,97,13,Control,6904.414768146457,weekly temperature
20240624,97,14,Control,5660.934546516993,weekly temperature
20240624,97,15,Control,9443.148227956393,weekly temperature
20240624,97,16,Control,6015.953191294029,weekly temperature
20240624,97,17,Control,5825.699169114316,weekly temperature
20240624,97,18,Control,6832.365099307699,weekly temperature
20240624,97,19,Control,6380.596098416596,weekly temperature
20240624,97,20,Control,5536.743220378654,weekly temperature
20240624,97,21,Control,6088.999212704158,weekly temperature
20240624,97,22,Control,9206.030133392524,weekly temperature
20240624,97,23,Control,5528.63026662198,weekly temperature
20240624,97,24,Control,6269.709644512728,weekly temperature
20240624,97,25,Control,6126.313599776489,weekly temperature
20240624,97,26,Control,7067.402312137684,weekly temperature
20240624,97,27,Control,6157.891136991287,weekly temperature
20240624,97,28,Control,5924.798574094751,weekly temperature
20240624,97,29,Control,6228.727900550638,weekly temperature
20240624,97,30,Control,6161.641172167447,weekly temperature
20240624,97,31,Control,6081.13668151182,weekly temperature
20240624,97,32,Control,7373.403987696309,weekly temperature
20240624,97,33,Control,6033.799037351472,weekly temperature
20240624,97,34,Control,6368.675357182729,weekly temperature
20240624,97,35,Control,5858.200730718441,weekly temperature
20240624,97,36,Control,6100.6948030297035,weekly temperature
20240624,97,37,Control,6175.5624198583,weekly temperature
20240624,97,38,Control,6406.108975441997,weekly temperature
20240624,97,39,Control,6359.291036230011,weekly temperature
20240624,97,40,Control,6085.417713976482,weekly temperature
20240624,97,41,Control,6483.852260187888,weekly temperature
20240624,97,42,Control,8621.597894595721,weekly temperature
20240624,97,43,Control,6495.0909489064015,weekly temperature
20240624,97,44,Control,7692.173851613026,weekly temperature
20240624,97,45,Control,8541.441297609212,weekly temperature
20240624,97,46,Control,6189.208705527961,weekly temperature
20240624,97,47,Control,6036.758182110788,weekly temperature
20240624,97,48,Control,5110.5724813211045,weekly temperature
20240624,97,49,Control,5819.415818856361,weekly temperature
20240624,97,50,Control,5538.356511443863,weekly temperature
20240624,97,51,Control,5690.526027250648,weekly temperature
20240624,97,52,Control,6660.457165886953,weekly temperature
20240624,97,53,Control,6215.427130241451,weekly temperature
20240624,97,54,Control,7187.674878152284,weekly temperature
20240624,97,55,Control,8325.961277858234,weekly temperature
20240624,97,56,Control,5938.775028248324,weekly temperature
20240624,97,57,Control,5426.042825900388,weekly temperature
20240624,97,58,Control,6323.957422222316,weekly temperature
20240624,97,59,Control,6869.765650297226,weekly temperature
20240624,97,60,Control,6151.886491410135,weekly temperature
20240624,97,61,Control,6206.586124547247,weekly temperature
20240624,97,62,Control,6207.063777442769,weekly temperature
20240624,97,63,Control,7115.074786314609,weekly temperature
20240624,97,64,Control,5407.709009564227,weekly temperature
20240624,97,65,Control,7531.461264432728,weekly temperature
20240624,97,66,Control,10471.11464563427,weekly temperature
20240624,97,67,Control,6538.2291124963,weekly temperature
20240624,97,68,Control,6144.887759387741,weekly temperature
20240624,97,69,Control,6711.892965697604,weekly temperature
20240624,97,70,Control,5821.080243467217,weekly temperature
20240624,97,71,Control,5785.377919902824,weekly temperature
20240624,97,72,Control,5958.296624628577,weekly temperature
20240624,97,73,Control,6908.844351553697,weekly temperature
20240624,97,74,Control,7224.121854431039,weekly temperature
20240624,97,75,Control,6150.257700291795,weekly temperature
20240624,97,76,Control,5830.284105725578,weekly temperature
20240624,97,77,Control,6871.873354358214,weekly temperature
20240624,97,78,Control,5617.1285398634955,weekly temperature
20240624,97,79,Control,7831.501939319465,weekly temperature
20240624,97,80,Control,6093.452333906124,weekly temperature
20240624,97,81,Control,5824.857297460382,weekly temperature
20240624,97,82,Control,6231.473760323541,weekly temperature
20240624,97,83,Control,8336.617787284144,weekly temperature
20240624,97,84,Control,5542.692303419191,weekly temperature
20240624,97,85,Control,5687.835792227191,weekly temperature
20240624,97,86,Control,7565.951290421733,weekly temperature
20240624,97,87,Control,7406.714299193213,weekly temperature
20240624,97,88,Control,7084.415562324377,weekly temperature
20240624,97,89,Control,6355.404273790463,weekly temperature
20240624,97,90,Control,6616.119651934412,weekly temperature
20240624,97,91,Control,6051.983190156364,weekly temperature
20240624,97,92,Control,6305.406708538009,weekly temperature
20240624,97,93,Control,6641.035548884294,weekly temperature
20240624,97,94,Control,6244.34395153647,weekly temperature
20240624,97,95,Control,5953.584032397412,weekly temperature
20240624,97,96,Control,5997.667035643946,weekly temperature
20240624,97,97,Control,6038.260239390753,weekly temperature
20240624,97,98,Control,5215.103181692923,weekly temperature
20240624,97,99,Control,5134.577280422158,weekly temperature
20240624,97,100,Control,5410.440465367699,weekly temperature
20240909,80,1,Control,11687.284651673584,weekly temperature
20240909,80,2,Control,10123.432022938148,weekly temperature
20240909,80,3,Control,13704.837535740628,weekly temperature
20240909,80,4,Control,9146.820662124468,weekly temperature
20240909,80,5,Control,9937.328097703334,weekly temperature
20240909,80,6,Control,8747.938243714932,weekly temperature
20240909,80,7,Control,6825.10129120295,weekly temperature
20240909,80,8,Control,10747.706578481493,weekly temperature
20240909,80,9,Control,14311.42236754072,weekly temperature
20240909,80,10,Control,11657.060746114212,weekly temperature
20240909,80,11,Control,23008.227787454045,weekly temperature
20240909,80,12,Control,8648.435557885396,weekly temperature
20240909,80,13,Control,12941.140441977914,weekly temperature
20240909,80,14,Control,15200.720265978238,weekly temperature
20240909,80,15,Control,8865.121290475738,weekly temperature
20240909,80,16,Control,17786.330022222603,weekly temperature
20240909,80,17,Control,11732.163616676226,weekly temperature
20240909,80,18,Control,8803.915576975804,weekly temperature
20240909,80,19,Control,8347.663536535809,weekly temperature
20240909,80,20,Control,6029.82957055749,weekly temperature
20240909,80,21,Control,5421.8921923651915,weekly temperature
20240909,80,22,Control,9513.293403301925,weekly temperature
20240909,80,23,Control,11720.08428291666,weekly temperature
20240909,80,24,Control,11624.220739721444,weekly temperature
20240909,80,25,Control,10415.865138390902,weekly temperature
20240909,80,26,Control,24021.145208916158,weekly temperature
20240909,80,27,Control,12269.86185478694,weekly temperature
20240909,80,28,Control,12766.979098946349,weekly temperature
20240909,80,29,Control,10010.389793287526,weekly temperature
20240909,80,30,Control,10224.228371662946,weekly temperature
20240909,80,31,Control,12471.802391513127,weekly temperature
20240909,80,32,Control,6479.331402970622,weekly temperature
20240909,80,33,Control,17651.951077099715,weekly temperature
20240909,80,34,Control,6379.193205944656,weekly temperature
20240909,80,35,Control,9119.211114808242,weekly temperature
20240909,80,36,Control,9975.987272515327,weekly temperature
20240909,80,37,Control,10323.706627298385,weekly temperature
20240909,80,38,Control,9246.777534773466,weekly temperature
20240909,80,39,Control,7236.348082854355,weekly temperature
20240909,80,40,Control,8594.209216147909,weekly temperature
20240909,80,41,Control,18376.838547652944,weekly temperature
20240909,80,42,Control,7383.16926939817,weekly temperature
20240909,80,43,Control,5875.3240529307495,weekly temperature
20240909,80,44,Control,15256.662114630291,weekly temperature
20240909,80,45,Control,13814.798587618941,weekly temperature
20240909,80,46,Control,20339.96010282529,weekly temperature
20240909,80,47,Control,12712.47650679829,weekly temperature
20240909,80,48,Control,7504.373642601456,weekly temperature
20240909,80,49,Control,10506.536499013453,weekly temperature
20240909,80,50,Control,10717.456763930893,weekly temperature
20240909,80,51,Control,12680.730643148625,weekly temperature
20240909,80,52,Control,16327.522018853913,weekly temperature
20240909,80,53,Control,7973.682732430797,weekly temperature
20240909,80,54,Control,8162.909199123999,weekly temperature
20240909,80,55,Control,10631.71400674502,weekly temperature
20240909,80,56,Control,7193.0001058499765,weekly temperature
20240909,80,57,Control,21516.354081502246,weekly temperature
20240909,80,58,Control,8932.636938649544,weekly temperature
20240909,80,59,Control,10211.969945546964,weekly temperature
20240909,80,60,Control,7272.696661833422,weekly temperature
20240909,80,61,Control,5143.341985967947,weekly temperature
20240909,80,62,Control,10495.198188582337,weekly temperature
20240909,80,63,Control,8368.383229267147,weekly temperature
20240909,80,64,Control,8279.35750755063,weekly temperature
20240909,80,65,Control,11424.559581577245,weekly temperature
20240909,80,66,Control,9780.275912844074,weekly temperature
20240909,80,67,Control,8304.220956015493,weekly temperature
20240909,80,68,Control,15220.246771481186,weekly temperature
20240909,80,69,Control,7889.560810149927,weekly temperature
20240909,80,70,Control,9470.87926985474,weekly temperature
20240909,80,71,Control,11439.210466424875,weekly temperature
20240909,80,72,Control,8800.248696593106,weekly temperature
20240909,80,73,Control,11627.895602392948,weekly temperature
20240909,80,74,Control,6961.671684130871,weekly temperature
20240909,80,75,Control,7966.910531590938,weekly temperature
20240909,80,76,Control,3179.7773087878495,weekly temperature
20240909,80,77,Control,10701.319364141898,weekly temperature
20240909,80,78,Control,9205.081565883156,weekly temperature
20240909,80,79,Control,7635.324812679104,weekly temperature
20240909,80,80,Control,9383.66601420331,weekly temperature
20240909,80,81,Control,11790.902712597679,weekly temperature
20240909,80,82,Control,9869.671314439642,weekly temperature
20240909,80,83,Control,19297.649588397344,weekly temperature
20240909,80,84,Control,7720.265494372352,weekly temperature
20240909,80,85,Control,8433.422241247776,weekly temperature
20240909,80,86,Control,26672.095274863765,weekly temperature
20240909,80,87,Control,7033.20179087664,weekly temperature
20240909,80,88,Control,19097.196128762407,weekly temperature
20240909,80,89,Control,6465.514150471214,weekly temperature
20240909,80,90,Control,9874.769177078877,weekly temperature
20240909,80,91,Control,8993.096063185156,weekly temperature
20240909,80,92,Control,6906.264765237252,weekly temperature
20240909,80,93,Control,21286.549335420692,weekly temperature
20240909,80,94,Control,8910.415339747118,weekly temperature
20240909,80,95,Control,5933.901621865758,weekly temperature
20240909,80,96,Control,15236.770734103957,weekly temperature
20240909,80,97,Control,10438.931060714764,weekly temperature
20240909,80,98,Control,7593.402096624831,weekly temperature
20240909,80,99,Control,11430.240621113331,weekly temperature
20240909,80,100,Control,6478.923068545164,weekly temperature
20240909,81,1,Control,14422.08950442636,weekly fresh water
20240909,81,2,Control,21641.435133647894,weekly fresh water
20240909,81,3,Control,8751.962214100118,weekly fresh water
20240909,81,4,Control,7464.735577344398,weekly fresh water
20240909,81,5,Control,6286.892686264201,weekly fresh water
20240909,81,6,Control,7994.683022211656,weekly fresh water
20240909,81,7,Control,7901.028356702898,weekly fresh water
20240909,81,8,Control,12661.121237215448,weekly fresh water
20240909,81,9,Control,11531.898994718626,weekly fresh water
20240909,81,10,Control,9663.678611686864,weekly fresh water
20240909,81,11,Control,9363.261718418618,weekly fresh water
20240909,81,12,Control,8339.37229114987,weekly fresh water
20240909,81,13,Control,6951.307475764619,weekly fresh water
20240909,81,14,Control,8440.173555317244,weekly fresh water
20240909,81,15,Control,7466.677622680304,weekly fresh water
20240909,81,16,Control,8469.280455183516,weekly fresh water
20240909,81,17,Control,11371.421673261291,weekly fresh water
20240909,81,18,Control,7781.310877901365,weekly fresh water
20240909,81,19,Control,12219.580286994442,weekly fresh water
20240909,81,20,Control,9864.439294095127,weekly fresh water
20240909,81,21,Control,6221.044869482943,weekly fresh water
20240909,81,22,Control,6962.872520387054,weekly fresh water
20240909,81,23,Control,7810.047566550374,weekly fresh water
20240909,81,24,Control,8590.008962009713,weekly fresh water
20240909,81,25,Control,13638.951722724989,weekly fresh water
20240909,81,26,Control,10846.389918740013,weekly fresh water
20240909,81,27,Control,15553.307664809983,weekly fresh water
20240909,81,28,Control,9338.394410909654,weekly fresh water
20240909,81,29,Control,9802.122385706547,weekly fresh water
20240909,81,30,Control,11029.469113458188,weekly fresh water
20240909,81,31,Control,13575.479202864828,weekly fresh water
20240909,81,32,Control,8384.477722455933,weekly fresh water
20240909,81,33,Control,7709.5282948821505,weekly fresh water
20240909,81,34,Control,9197.134718159934,weekly fresh water
20240909,81,35,Control,6587.477925403417,weekly fresh water
20240909,81,36,Control,7068.0842812372175,weekly fresh water
20240909,81,37,Control,11867.740059729,weekly fresh water
20240909,81,38,Control,9879.580441511227,weekly fresh water
20240909,81,39,Control,7670.26409497047,weekly fresh water
20240909,81,40,Control,8276.591320184447,weekly fresh water
20240909,81,41,Control,9928.765101236879,weekly fresh water
20240909,81,42,Control,7231.932659804366,weekly fresh water
20240909,81,43,Control,8326.762494344806,weekly fresh water
20240909,81,44,Control,7934.602029361886,weekly fresh water
20240909,81,45,Control,7160.068382798677,weekly fresh water
20240909,81,46,Control,6559.949134132318,weekly fresh water
20240909,81,47,Control,7711.846685663257,weekly fresh water
20240909,81,48,Control,12091.791940709247,weekly fresh water
20240909,81,49,Control,9533.837788750609,weekly fresh water
20240909,81,50,Control,6298.037180242775,weekly fresh water
20240909,81,51,Control,10567.27640811562,weekly fresh water
20240909,81,52,Control,6946.092193714986,weekly fresh water
20240909,81,53,Control,8771.932525974635,weekly fresh water
20240909,81,54,Control,8951.46495989576,weekly fresh water
20240909,81,55,Control,8689.568721626047,weekly fresh water
20240909,81,56,Control,10820.974112525411,weekly fresh water
20240909,81,57,Control,8415.7387273835,weekly fresh water
20240909,81,58,Control,9309.318942496002,weekly fresh water
20240909,81,59,Control,8897.47585302246,weekly fresh water
20240909,81,60,Control,7504.56852430423,weekly fresh water
20240909,81,61,Control,11267.65629570614,weekly fresh water
20240909,81,62,Control,7484.996840852091,weekly fresh water
20240909,81,63,Control,8450.832503900117,weekly fresh water
20240909,81,64,Control,7852.664819963751,weekly fresh water
20240909,81,65,Control,6058.829161900781,weekly fresh water
20240909,81,66,Control,6981.2278974127275,weekly fresh water
20240909,81,67,Control,11238.597106803874,weekly fresh water
20240909,81,68,Control,5520.14591806175,weekly fresh water
20240909,81,69,Control,14639.166370327877,weekly fresh water
20240909,81,70,Control,6177.392656956525,weekly fresh water
20240909,81,71,Control,10834.363204202258,weekly fresh water
20240909,81,72,Control,8754.5845035608545,weekly fresh water
20240909,81,73,Control,7375.6314765449615,weekly fresh water
20240909,81,74,Control,8950.302201527566,weekly fresh water
20240909,81,75,Control,13521.496421305239,weekly fresh water
20240909,81,76,Control,22814.729553693618,weekly fresh water
20240909,81,77,Control,6855.371834347125,weekly fresh water
20240909,81,78,Control,6319.814939693399,weekly fresh water
20240909,81,79,Control,6746.380507651652,weekly fresh water
20240909,81,80,Control,6704.464091183298,weekly fresh water
20240909,81,81,Control,7511.157280486599,weekly fresh water
20240909,81,82,Control,7668.483481217463,weekly fresh water
20240909,81,83,Control,9720.446272895939,weekly fresh water
20240909,81,84,Control,12885.751138601345,weekly fresh water
20240909,81,85,Control,8094.447606019601,weekly fresh water
20240909,81,86,Control,11400.632650094121,weekly fresh water
20240909,81,87,Control,6005.632298590448,weekly fresh water
20240909,81,88,Control,4951.557334725688,weekly fresh water
20240909,81,89,Control,14781.427166114148,weekly fresh water
20240909,81,90,Control,13181.183817915276,weekly fresh water
20240909,81,91,Control,7931.942038493648,weekly fresh water
20240909,81,92,Control,9123.375265230901,weekly fresh water
20240909,81,93,Control,6369.953163854854,weekly fresh water
20240909,81,94,Control,9744.046445805272,weekly fresh water
20240909,81,95,Control,6751.765314456593,weekly fresh water
20240909,81,96,Control,8780.788192278706,weekly fresh water
20240909,81,97,Control,6828.910135847317,weekly fresh water
20240909,81,98,Control,14644.359660495724,weekly fresh water
20240909,81,99,Control,14634.397343284387,weekly fresh water
20240909,81,100,Control,6265.452888024299,weekly fresh water
20240909,81,101,Control,8930.75883915297,weekly fresh water
20240909,81,102,Control,7698.028355118324,weekly fresh water
20240909,81,103,Control,5985.556107460985,weekly fresh water
20240909,82,1,Control,10908.335858686483,weekly fresh water
20240909,82,2,Control,6703.001377106741,weekly fresh water
20240909,82,3,Control,6065.7264689308895,weekly fresh water
20240909,82,4,Control,14954.163764434104,weekly fresh water
20240909,82,5,Control,12750.910103133469,weekly fresh water
20240909,82,6,Control,6891.5370000939365,weekly fresh water
20240909,82,7,Control,6855.915261613608,weekly fresh water
20240909,82,8,Control,7904.115820865812,weekly fresh water
20240909,82,9,Control,6734.927817090593,weekly fresh water
20240909,82,10,Control,9696.281646507976,weekly fresh water
20240909,82,11,Control,6889.778367563149,weekly fresh water
20240909,82,12,Control,8553.827539978118,weekly fresh water
20240909,82,13,Control,1923.8748240850523,weekly fresh water
20240909,82,14,Control,8559.533693322484,weekly fresh water
20240909,82,15,Control,9694.807761280796,weekly fresh water
20240909,82,16,Control,6305.624872812626,weekly fresh water
20240909,82,17,Control,7797.354748383693,weekly fresh water
20240909,82,18,Control,10593.603224925724,weekly fresh water
20240909,82,19,Control,6749.202945958856,weekly fresh water
20240909,82,20,Control,9885.510657488298,weekly fresh water
20240909,82,21,Control,7629.178063277339,weekly fresh water
20240909,82,22,Control,6299.850266314208,weekly fresh water
20240909,82,23,Control,8229.992472434806,weekly fresh water
20240909,82,24,Control,6064.68452804945,weekly fresh water
20240909,82,25,Control,7442.129561982954,weekly fresh water
20240909,82,26,Control,6194.068283259677,weekly fresh water
20240909,82,27,Control,7206.572725622206,weekly fresh water
20240909,82,28,Control,6889.80802106376,weekly fresh water
20240909,82,29,Control,6103.346183026555,weekly fresh water
20240909,82,30,Control,6219.414025861363,weekly fresh water
20240909,82,31,Control,6630.377313006162,weekly fresh water
20240909,82,32,Control,5437.945190323969,weekly fresh water
20240909,82,33,Control,7605.752028287302,weekly fresh water
20240909,82,34,Control,6715.794154861907,weekly fresh water
20240909,82,35,Control,7533.858022080738,weekly fresh water
20240909,82,36,Control,6158.28259023478,weekly fresh water
20240909,82,37,Control,6704.539734165913,weekly fresh water
20240909,82,38,Control,6330.642009311173,weekly fresh water
20240909,82,39,Control,6416.817605082688,weekly fresh water
20240909,82,40,Control,11401.29357631683,weekly fresh water
20240909,82,41,Control,6268.529081712716,weekly fresh water
20240909,82,42,Control,9036.44300229389,weekly fresh water
20240909,82,43,Control,5850.104655631056,weekly fresh water
20240909,82,44,Control,8867.379651371508,weekly fresh water
20240909,82,45,Control,12812.583942750238,weekly fresh water
20240909,82,46,Control,9201.348792169663,weekly fresh water
20240909,82,47,Control,10657.315254447301,weekly fresh water
20240909,82,48,Control,7958.228255099494,weekly fresh water
20240909,82,49,Control,7058.8747463189375,weekly fresh water
20240909,82,50,Control,5605.33870798902,weekly fresh water
20240909,82,51,Control,8592.226128545519,weekly fresh water
20240909,82,52,Control,12288.66120303081,weekly fresh water
20240909,82,53,Control,7881.33704474875,weekly fresh water
20240909,82,54,Control,7326.9512267930395,weekly fresh water
20240909,82,55,Control,8973.375003791734,weekly fresh water
20240909,82,56,Control,6318.649679204069,weekly fresh water
20240909,82,57,Control,10791.745083904056,weekly fresh water
20240909,82,58,Control,11150.087376932479,weekly fresh water
20240909,82,59,Control,7088.9281873575,weekly fresh water
20240909,82,60,Control,7058.545923509527,weekly fresh water
20240909,82,61,Control,8140.791171993928,weekly fresh water
20240909,82,62,Control,6999.219087402249,weekly fresh water
20240909,82,63,Control,6526.108666349369,weekly fresh water
20240909,82,64,Control,9715.378146662168,weekly fresh water
20240909,82,65,Control,7573.57333815502,weekly fresh water
20240909,82,66,Control,5745.671291289581,weekly fresh water
20240909,82,67,Control,7397.495398267767,weekly fresh water
20240909,82,68,Control,6645.180332101643,weekly fresh water
20240909,82,69,Control,6641.196115274358,weekly fresh water
20240909,82,70,Control,7018.345113230075,weekly fresh water
20240909,82,71,Control,7516.157334101938,weekly fresh water
20240909,82,72,Control,5644.257426286937,weekly fresh water
20240909,82,73,Control,7261.1707890155085,weekly fresh water
20240909,82,74,Control,6130.340432699132,weekly fresh water
20240909,82,75,Control,7206.80686611581,weekly fresh water
20240909,82,76,Control,8814.552246716214,weekly fresh water
20240909,82,77,Control,11514.32338733154,weekly fresh water
20240909,82,78,Control,7182.033608645785,weekly fresh water
20240909,82,79,Control,7808.839374241728,weekly fresh water
20240909,82,80,Control,7901.960903689914,weekly fresh water
20240909,82,81,Control,8173.068442620671,weekly fresh water
20240909,82,82,Control,5889.75186726279,weekly fresh water
20240909,82,83,Control,9401.213433577112,weekly fresh water
20240909,82,84,Control,8830.771411612252,weekly fresh water
20240909,82,85,Control,6137.86363761961,weekly fresh water
20240909,82,86,Control,6972.13906996651,weekly fresh water
20240909,82,87,Control,7816.4704043222555,weekly fresh water
20240909,82,88,Control,8450.905410129222,weekly fresh water
20240909,82,89,Control,6961.236406374588,weekly fresh water
20240909,82,90,Control,6569.755498636638,weekly fresh water
20240909,82,91,Control,6259.938179956691,weekly fresh water
20240909,82,92,Control,6737.175563000621,weekly fresh water
20240909,82,93,Control,5923.918618248836,weekly fresh water
20240909,82,94,Control,6251.691157417885,weekly fresh water
20240909,82,95,Control,5827.989667574868,weekly fresh water
20240909,82,96,Control,6166.914245050993,weekly fresh water
20240909,82,97,Control,6024.060807076842,weekly fresh water
20240909,82,98,Control,6738.9659583414195,weekly fresh water
20240909,82,99,Control,6049.740877264597,weekly fresh water
20240909,83,1,Treated,16078.49230421334,weekly temperature
20240909,83,2,Treated,9591.829869248462,weekly temperature
20240909,83,3,Treated,6318.8939475955685,weekly temperature
20240909,83,4,Treated,10424.74597444541,weekly temperature
20240909,83,5,Treated,7498.29079189445,weekly temperature
20240909,83,6,Treated,8272.210030658633,weekly temperature
20240909,83,7,Treated,15297.72674227781,weekly temperature
20240909,83,8,Treated,9023.820693632599,weekly temperature
20240909,83,9,Treated,7245.8977186653865,weekly temperature
20240909,83,10,Treated,6162.231334883089,weekly temperature
20240909,83,11,Treated,5735.756112038215,weekly temperature
20240909,83,12,Treated,12627.478099130074,weekly temperature
20240909,83,13,Treated,7748.278504698809,weekly temperature
20240909,83,14,Treated,8816.656204358176,weekly temperature
20240909,83,15,Treated,15025.53706841621,weekly temperature
20240909,83,16,Treated,15439.421286998382,weekly temperature
20240909,83,17,Treated,11680.403387299177,weekly temperature
20240909,83,18,Treated,13138.641740993377,weekly temperature
20240909,83,19,Treated,10254.715912972293,weekly temperature
20240909,83,20,Treated,6255.205135331423,weekly temperature
20240909,83,21,Treated,23209.544403225314,weekly temperature
20240909,83,22,Treated,7761.635597142373,weekly temperature
20240909,83,23,Treated,9839.683668839321,weekly temperature
20240909,83,24,Treated,10389.622764266222,weekly temperature
20240909,83,25,Treated,8435.849330733852,weekly temperature
20240909,83,26,Treated,8116.33106419002,weekly temperature
20240909,83,27,Treated,9582.84184437218,weekly temperature
20240909,83,28,Treated,6154.151668001271,weekly temperature
20240909,83,29,Treated,15030.706184528064,weekly temperature
20240909,83,30,Treated,7344.313962209329,weekly temperature
20240909,83,31,Treated,10081.31104816821,weekly temperature
20240909,83,32,Treated,12043.634071202498,weekly temperature
20240909,83,33,Treated,7835.855152961246,weekly temperature
20240909,83,34,Treated,10449.102956302897,weekly temperature
20240909,83,35,Treated,13726.014570036557,weekly temperature
20240909,83,36,Treated,13003.459136572099,weekly temperature
20240909,83,37,Treated,19067.963638543875,weekly temperature
20240909,83,38,Treated,12346.832176653195,weekly temperature
20240909,83,39,Treated,14190.5004990219,weekly temperature
20240909,83,40,Treated,9900.464862516643,weekly temperature
20240909,83,41,Treated,15349.205541836862,weekly temperature
20240909,83,42,Treated,11400.141887452317,weekly temperature
20240909,83,43,Treated,18461.281173447045,weekly temperature
20240909,83,44,Treated,19408.81280957371,weekly temperature
20240909,83,45,Treated,9696.79078892029,weekly temperature
20240909,83,46,Treated,14187.784888745422,weekly temperature
20240909,83,47,Treated,9528.37350064669,weekly temperature
20240909,83,48,Treated,8114.461272420599,weekly temperature
20240909,83,49,Treated,6793.617403031671,weekly temperature
20240909,83,50,Treated,13790.211831459246,weekly temperature
20240909,83,51,Treated,8952.734908463142,weekly temperature
20240909,83,52,Treated,10871.552939344734,weekly temperature
20240909,83,53,Treated,10689.704000384723,weekly temperature
20240909,83,54,Treated,19281.069954995794,weekly temperature
20240909,83,55,Treated,24127.189853205866,weekly temperature
20240909,83,56,Treated,8717.115529546358,weekly temperature
20240909,83,57,Treated,8725.169152133965,weekly temperature
20240909,83,58,Treated,15084.146864705712,weekly temperature
20240909,83,59,Treated,7626.261656777693,weekly temperature
20240909,83,60,Treated,8523.7028420538,weekly temperature
20240909,83,61,Treated,17837.45841835855,weekly temperature
20240909,83,62,Treated,7261.19280558976,weekly temperature
20240909,83,63,Treated,22731.70690148369,weekly temperature
20240909,83,64,Treated,9181.581702886398,weekly temperature
20240909,83,65,Treated,7735.892723556193,weekly temperature
20240909,83,66,Treated,19787.60964228211,weekly temperature
20240909,83,67,Treated,3771.434146412846,weekly temperature
20240909,83,68,Treated,16740.2213536283,weekly temperature
20240909,83,69,Treated,14460.280870120157,weekly temperature
20240909,83,70,Treated,11119.53315103068,weekly temperature
20240909,83,71,Treated,10102.231880791378,weekly temperature
20240909,83,72,Treated,13699.126256688101,weekly temperature
20240909,83,73,Treated,7123.372659906116,weekly temperature
20240909,83,74,Treated,5791.661748144102,weekly temperature
20240909,83,75,Treated,22324.163185906138,weekly temperature
20240909,83,76,Treated,15636.652376243763,weekly temperature
20240909,83,77,Treated,12972.304836704947,weekly temperature
20240909,83,78,Treated,7829.578859463857,weekly temperature
20240909,83,79,Treated,12026.045409056196,weekly temperature
20240909,83,80,Treated,11007.078322759786,weekly temperature
20240909,83,81,Treated,7819.342174870738,weekly temperature
20240909,83,82,Treated,10079.238280144573,weekly temperature
20240909,83,83,Treated,19638.33675957551,weekly temperature
20240909,83,84,Treated,13580.614972254034,weekly temperature
20240909,83,85,Treated,9143.350300533682,weekly temperature
20240909,83,86,Treated,12496.178608894768,weekly temperature
20240909,83,87,Treated,11948.935837795827,weekly temperature
20240909,83,88,Treated,6327.190503894624,weekly temperature
20240909,83,89,Treated,11511.213324719953,weekly temperature
20240909,83,90,Treated,14570.325071865582,weekly temperature
20240909,83,91,Treated,11578.296585509741,weekly temperature
20240909,83,92,Treated,13371.097903545666,weekly temperature
20240909,83,93,Treated,20982.37745803355,weekly temperature
20240909,83,94,Treated,7210.029791110536,weekly temperature
20240909,83,95,Treated,6654.141917843422,weekly temperature
20240909,83,96,Treated,7425.744537126006,weekly temperature
20240909,83,97,Treated,10127.453483619222,weekly temperature
20240909,83,98,Treated,10738.333645466075,weekly temperature
20240909,83,99,Treated,6265.143163681555,weekly temperature
20240909,83,100,Treated,12617.21700900431,weekly temperature
20240909,83,101,Treated,5153.540804055969,weekly temperature
20240909,83,102,Treated,7847.975185768467,weekly temperature
20240909,83,103,Treated,6963.95998206839,weekly temperature
20240909,83,104,Treated,6086.725910724359,weekly temperature
20240909,84,1,Treated,12229.728269343213,weekly fresh water
20240909,84,2,Treated,7668.613306823136,weekly fresh water
20240909,84,3,Treated,18396.390531188485,weekly fresh water
20240909,84,4,Treated,9057.08991474601,weekly fresh water
20240909,84,5,Treated,12251.130404902377,weekly fresh water
20240909,84,6,Treated,11881.337861939626,weekly fresh water
20240909,84,7,Treated,11659.247330696715,weekly fresh water
20240909,84,8,Treated,6613.019627147748,weekly fresh water
20240909,84,9,Treated,11484.363520288343,weekly fresh water
20240909,84,10,Treated,13119.289969083271,weekly fresh water
20240909,84,11,Treated,13539.50942476921,weekly fresh water
20240909,84,12,Treated,19331.425124881942,weekly fresh water
20240909,84,13,Treated,17542.56576363991,weekly fresh water
20240909,84,14,Treated,18705.923754529696,weekly fresh water
20240909,84,15,Treated,10868.65603630915,weekly fresh water
20240909,84,16,Treated,14644.425859328312,weekly fresh water
20240909,84,17,Treated,9862.955874645657,weekly fresh water
20240909,84,18,Treated,11771.681635116413,weekly fresh water
20240909,84,19,Treated,12011.010857407757,weekly fresh water
20240909,84,20,Treated,9470.215575866596,weekly fresh water
20240909,84,21,Treated,21123.15609982957,weekly fresh water
20240909,84,22,Treated,8922.345813789492,weekly fresh water
20240909,84,23,Treated,9632.738482841261,weekly fresh water
20240909,84,24,Treated,10666.274543229216,weekly fresh water
20240909,84,25,Treated,10770.117643668547,weekly fresh water
20240909,84,26,Treated,9200.672199951674,weekly fresh water
20240909,84,27,Treated,7990.002993448889,weekly fresh water
20240909,84,28,Treated,15181.823270381583,weekly fresh water
20240909,84,29,Treated,20826.39875030541,weekly fresh water
20240909,84,30,Treated,20949.07476890264,weekly fresh water
20240909,84,31,Treated,19420.220680462673,weekly fresh water
20240909,84,32,Treated,8622.379209346851,weekly fresh water
20240909,84,33,Treated,16864.12397293906,weekly fresh water
20240909,84,34,Treated,10386.58051170049,weekly fresh water
20240909,84,35,Treated,7846.437910992066,weekly fresh water
20240909,84,36,Treated,9324.9952154246,weekly fresh water
20240909,84,37,Treated,7576.148943759168,weekly fresh water
20240909,84,38,Treated,15363.752352753581,weekly fresh water
20240909,84,39,Treated,10925.88467138107,weekly fresh water
20240909,84,40,Treated,11223.258781783561,weekly fresh water
20240909,84,41,Treated,11684.289403504941,weekly fresh water
20240909,84,42,Treated,8630.010754490417,weekly fresh water
20240909,84,43,Treated,12694.429370424721,weekly fresh water
20240909,84,44,Treated,6736.248594751622,weekly fresh water
20240909,84,45,Treated,9073.085663195787,weekly fresh water
20240909,84,46,Treated,7842.18868425639,weekly fresh water
20240909,84,47,Treated,9679.264211477108,weekly fresh water
20240909,84,48,Treated,8632.909313633694,weekly fresh water
20240909,84,49,Treated,6079.575278600371,weekly fresh water
20240909,84,50,Treated,12199.906369971704,weekly fresh water
20240909,84,51,Treated,16235.164383865567,weekly fresh water
20240909,84,52,Treated,14618.956386201302,weekly fresh water
20240909,84,53,Treated,12171.528585813894,weekly fresh water
20240909,84,54,Treated,9838.878771164429,weekly fresh water
20240909,84,55,Treated,7494.799565462265,weekly fresh water
20240909,84,56,Treated,19564.511917975764,weekly fresh water
20240909,84,57,Treated,7989.146534686874,weekly fresh water
20240909,84,58,Treated,13322.475992396665,weekly fresh water
20240909,84,59,Treated,12662.460609533768,weekly fresh water
20240909,84,60,Treated,11175.794661665834,weekly fresh water
20240909,84,61,Treated,6281.911098823949,weekly fresh water
20240909,84,62,Treated,8733.776051809815,weekly fresh water
20240909,84,63,Treated,9972.800012003163,weekly fresh water
20240909,84,64,Treated,20568.865629737065,weekly fresh water
20240909,84,65,Treated,11760.182399305142,weekly fresh water
20240909,84,66,Treated,10365.492179633206,weekly fresh water
20240909,84,67,Treated,16926.602650224548,weekly fresh water
20240909,84,68,Treated,6829.687075827362,weekly fresh water
20240909,84,69,Treated,9334.462423995774,weekly fresh water
20240909,84,70,Treated,18418.81612053588,weekly fresh water
20240909,84,71,Treated,7544.4456804159745,weekly fresh water
20240909,84,72,Treated,8472.36104268615,weekly fresh water
20240909,84,73,Treated,12682.822550462484,weekly fresh water
20240909,84,74,Treated,15039.999488035515,weekly fresh water
20240909,84,75,Treated,15806.195691857438,weekly fresh water
20240909,84,76,Treated,8784.05074338736,weekly fresh water
20240909,84,77,Treated,10729.077760551894,weekly fresh water
20240909,84,78,Treated,15261.228204106375,weekly fresh water
20240909,84,79,Treated,11668.374706954277,weekly fresh water
20240909,84,80,Treated,16619.85944756169,weekly fresh water
20240909,84,81,Treated,10245.923418701077,weekly fresh water
20240909,84,82,Treated,16771.045609737233,weekly fresh water
20240909,84,83,Treated,12824.741661703445,weekly fresh water
20240909,84,84,Treated,12057.488880989375,weekly fresh water
20240909,84,85,Treated,14393.854022312575,weekly fresh water
20240909,84,86,Treated,10379.101434646624,weekly fresh water
20240909,84,87,Treated,13209.650697327334,weekly fresh water
20240909,84,88,Treated,11224.312232982658,weekly fresh water
20240909,84,89,Treated,11906.17775242078,weekly fresh water
20240909,84,90,Treated,8931.74527500891,weekly fresh water
20240909,84,91,Treated,11696.627209861024,weekly fresh water
20240909,84,92,Treated,8703.704944239556,weekly fresh water
20240909,84,93,Treated,17282.88598802084,weekly fresh water
20240909,84,94,Treated,9340.306463507968,weekly fresh water
20240909,84,95,Treated,7819.966747215089,weekly fresh water
20240909,84,96,Treated,18201.785729709856,weekly fresh water
20240909,84,97,Treated,11138.842036582251,weekly fresh water
20240909,84,98,Treated,8244.727420281097,weekly fresh water
20240909,84,99,Treated,10544.211217761733,weekly fresh water
20240909,84,100,Treated,10653.842445056442,weekly fresh water
20240909,84,101,Treated,6914.5869432669615,weekly fresh water
20240909,84,102,Treated,6688.196501011951,weekly fresh water
20240909,85,1,Treated,13852.606017199825,weekly temperature
20240909,85,2,Treated,8463.616623327944,weekly temperature
20240909,85,3,Treated,13061.95267379563,weekly temperature
20240909,85,4,Treated,24266.01096029603,weekly temperature
20240909,85,5,Treated,11244.804711975305,weekly temperature
20240909,85,6,Treated,13181.58613785557,weekly temperature
20240909,85,7,Treated,24560.121640989397,weekly temperature
20240909,85,8,Treated,23113.836184855772,weekly temperature
20240909,85,9,Treated,18158.373300140764,weekly temperature
20240909,85,10,Treated,6353.4710757880075,weekly temperature
20240909,85,11,Treated,9439.2436299776091,weekly temperature
20240909,85,12,Treated,8555.988818115331,weekly temperature
20240909,85,13,Treated,8526.427746743913,weekly temperature
20240909,85,14,Treated,14735.803660574642,weekly temperature
20240909,85,15,Treated,22314.765359902754,weekly temperature
20240909,85,16,Treated,9100.359402699733,weekly temperature
20240909,85,17,Treated,6898.73481370478,weekly temperature
20240909,85,18,Treated,6310.113118555945,weekly temperature
20240909,85,19,Treated,7575.372957561314,weekly temperature
20240909,85,20,Treated,18216.132441201484,weekly temperature
20240909,85,21,Treated,12014.269380893416,weekly temperature
20240909,85,22,Treated,9604.894916737801,weekly temperature
20240909,85,23,Treated,10225.112138591961,weekly temperature
20240909,85,24,Treated,9421.384539829442,weekly temperature
20240909,85,25,Treated,7672.398356692787,weekly temperature
20240909,85,26,Treated,13322.694400679342,weekly temperature
20240909,85,27,Treated,15884.291374474624,weekly temperature
20240909,85,28,Treated,18202.601829392104,weekly temperature
20240909,85,29,Treated,9229.76803644657,weekly temperature
20240909,85,30,Treated,9122.935612269204,weekly temperature
20240909,85,31,Treated,11745.717503189051,weekly temperature
20240909,85,32,Treated,23116.93020812507,weekly temperature
20240909,85,33,Treated,13567.941911321454,weekly temperature
20240909,85,34,Treated,10788.512059208606,weekly temperature
20240909,85,35,Treated,14288.908031983612,weekly temperature
20240909,85,36,Treated,7912.9799694053845,weekly temperature
20240909,85,37,Treated,6168.763578362696,weekly temperature
20240909,85,38,Treated,10755.174623163923,weekly temperature
20240909,85,39,Treated,10673.839854758227,weekly temperature
20240909,85,40,Treated,8477.209364476967,weekly temperature
20240909,85,41,Treated,7417.63885130208,weekly temperature
20240909,85,42,Treated,12621.565785635565,weekly temperature
20240909,85,43,Treated,7794.832599365204,weekly temperature
20240909,85,44,Treated,7157.417841331388,weekly temperature
20240909,85,45,Treated,15159.706948112334,weekly temperature
20240909,85,46,Treated,13067.49316233594,weekly temperature
20240909,85,47,Treated,11871.213169976334,weekly temperature
20240909,85,48,Treated,18514.078536423887,weekly temperature
20240909,85,49,Treated,7532.287849222906,weekly temperature
20240909,85,50,Treated,12493.738234918912,weekly temperature
20240909,85,51,Treated,6807.914277729773,weekly temperature
20240909,85,52,Treated,11418.417588229771,weekly temperature
20240909,85,53,Treated,11159.611147825912,weekly temperature
20240909,85,54,Treated,9235.167193047608,weekly temperature
20240909,85,55,Treated,13438.283767420802,weekly temperature
20240909,85,56,Treated,20030.707246829606,weekly temperature
20240909,85,57,Treated,9510.93046859764,weekly temperature
20240909,85,58,Treated,13414.544413079919,weekly temperature
20240909,85,59,Treated,16457.00521427912,weekly temperature
20240909,85,60,Treated,11803.100553678698,weekly temperature
20240909,85,61,Treated,11729.944633926085,weekly temperature
20240909,85,62,Treated,12643.527339844448,weekly temperature
20240909,85,63,Treated,23747.633146846405,weekly temperature
20240909,85,64,Treated,12620.835107783307,weekly temperature
20240909,85,65,Treated,14677.573901158114,weekly temperature
20240909,85,66,Treated,10893.871340138287,weekly temperature
20240909,85,67,Treated,15721.506211812115,weekly temperature
20240909,85,68,Treated,11938.384485330864,weekly temperature
20240909,85,69,Treated,6860.41850635741,weekly temperature
20240909,85,70,Treated,12912.081902781078,weekly temperature
20240909,85,71,Treated,14573.581065077757,weekly temperature
20240909,85,72,Treated,13035.790319052925,weekly temperature
20240909,85,73,Treated,8599.483593541629,weekly temperature
20240909,85,74,Treated,5441.9239506513895,weekly temperature
20240909,85,75,Treated,8616.322506864626,weekly temperature
20240909,85,76,Treated,11872.532317717434,weekly temperature
20240909,85,77,Treated,6414.821175164172,weekly temperature
20240909,85,79,Treated,17259.624602644813,weekly temperature
20240909,85,80,Treated,9836.611443985117,weekly temperature
20240909,85,81,Treated,16038.561040207493,weekly temperature
20240909,85,82,Treated,7469.392666402651,weekly temperature
20240909,85,83,Treated,7431.865792008812,weekly temperature
20240909,85,84,Treated,7001.452131006847,weekly temperature
20240909,85,85,Treated,11238.541248488858,weekly temperature
20240909,85,86,Treated,8209.773532062172,weekly temperature
20240909,85,87,Treated,5607.93121546512,weekly temperature
20240909,85,88,Treated,7520.798877546153,weekly temperature
20240909,85,89,Treated,15010.68478852777,weekly temperature
20240909,85,90,Treated,10465.901574274298,weekly temperature
20240909,85,91,Treated,6151.804709550506,weekly temperature
20240909,85,92,Treated,8430.342493029573,weekly temperature
20240909,85,93,Treated,10644.309223083164,weekly temperature
20240909,85,94,Treated,6436.989652514338,weekly temperature
20240909,85,95,Treated,8314.693640070489,weekly temperature
20240909,85,96,Treated,10340.176944865741,weekly temperature
20240909,85,97,Treated,8707.96445316104,weekly temperature
20240909,85,98,Treated,10723.23975988803,weekly temperature
20240909,85,99,Treated,11246.470973446358,weekly temperature
20240909,85,100,Treated,7619.146165968841,weekly temperature
20240909,85,101,Treated,9912.985665160386,weekly temperature
20240909,86,1,Control,13907.864778004088,weekly fresh water
20240909,86,2,Control,6342.713625857666,weekly fresh water
20240909,86,3,Control,16485.711865580848,weekly fresh water
20240909,86,4,Control,16840.20622819683,weekly fresh water
20240909,86,5,Control,16714.699141189685,weekly fresh water
20240909,86,6,Control,8947.1108868148,weekly fresh water
20240909,86,7,Control,8493.100254316967,weekly fresh water
20240909,86,8,Control,11589.773366136471,weekly fresh water
20240909,86,9,Control,17313.80966704143,weekly fresh water
20240909,86,10,Control,15582.597459157148,weekly fresh water
20240909,86,11,Control,14970.013496543046,weekly fresh water
20240909,86,12,Control,15209.663204191073,weekly fresh water
20240909,86,13,Control,7624.125932991933,weekly fresh water
20240909,86,14,Control,6964.615019460712,weekly fresh water
20240909,86,15,Control,8419.569718025235,weekly fresh water
20240909,86,16,Control,11734.416033134048,weekly fresh water
20240909,86,17,Control,11197.873305580319,weekly fresh water
20240909,86,18,Control,20396.853849359013,weekly fresh water
20240909,86,19,Control,11420.656255451562,weekly fresh water
20240909,86,20,Control,19943.90941917337,weekly fresh water
20240909,86,21,Control,16177.159649812182,weekly fresh water
20240909,86,22,Control,13586.773474758638,weekly fresh water
20240909,86,23,Control,8609.850974399886,weekly fresh water
20240909,86,24,Control,7414.693457642422,weekly fresh water
20240909,86,25,Control,10668.301350542679,weekly fresh water
20240909,86,26,Control,10433.725461721924,weekly fresh water
20240909,86,27,Control,15472.434661321015,weekly fresh water
20240909,86,28,Control,24242.719948211678,weekly fresh water
20240909,86,29,Control,15949.12287947689,weekly fresh water
20240909,86,30,Control,9707.401038496326,weekly fresh water
20240909,86,31,Control,12445.526358856818,weekly fresh water
20240909,86,32,Control,12555.44391264182,weekly fresh water
20240909,86,33,Control,9823.68051684608,weekly fresh water
20240909,86,34,Control,17723.012674419904,weekly fresh water
20240909,86,35,Control,11677.56775899641,weekly fresh water
20240909,86,36,Control,10176.094473974954,weekly fresh water
20240909,86,37,Control,14507.069273136307,weekly fresh water
20240909,86,38,Control,10294.303695313058,weekly fresh water
20240909,86,39,Control,7790.884386120837,weekly fresh water
20240909,86,40,Control,7931.374952708865,weekly fresh water
20240909,86,41,Control,12350.585664605456,weekly fresh water
20240909,86,42,Control,8889.565923246833,weekly fresh water
20240909,86,43,Control,13726.713933423716,weekly fresh water
20240909,86,44,Control,13088.420368834657,weekly fresh water
20240909,86,45,Control,19001.813206223083,weekly fresh water
20240909,86,46,Control,16445.146172484216,weekly fresh water
20240909,86,47,Control,8024.099513992286,weekly fresh water
20240909,86,48,Control,12294.246993076802,weekly fresh water
20240909,86,49,Control,20051.27319570807,weekly fresh water
20240909,86,50,Control,14701.874742693577,weekly fresh water
20240909,86,51,Control,15476.732118137083,weekly fresh water
20240909,86,52,Control,9016.42270099803,weekly fresh water
20240909,86,53,Control,14412.734225573315,weekly fresh water
20240909,86,54,Control,10308.6540421077,weekly fresh water
20240909,86,55,Control,12027.486203404556,weekly fresh water
20240909,86,56,Control,15461.664442168578,weekly fresh water
20240909,86,57,Control,10444.421647254732,weekly fresh water
20240909,86,58,Control,13601.526277921632,weekly fresh water
20240909,86,59,Control,23620.173069544075,weekly fresh water
20240909,86,60,Control,9625.980565588172,weekly fresh water
20240909,86,61,Control,8691.645342040083,weekly fresh water
20240909,86,62,Control,10125.533257405565,weekly fresh water
20240909,86,63,Control,10083.599653842883,weekly fresh water
20240909,86,64,Control,10342.614789667221,weekly fresh water
20240909,86,65,Control,10402.14094890632,weekly fresh water
20240909,86,66,Control,8594.646370339593,weekly fresh water
20240909,86,67,Control,12517.30473369747,weekly fresh water
20240909,86,68,Control,10226.941748723548,weekly fresh water
20240909,86,69,Control,11239.98955396016,weekly fresh water
20240909,86,70,Control,7201.555033362192,weekly fresh water
20240909,86,71,Control,16953.650875947125,weekly fresh water
20240909,86,72,Control,7076.344850989001,weekly fresh water
20240909,86,73,Control,9140.555186466305,weekly fresh water
20240909,86,74,Control,18944.52395079351,weekly fresh water
20240909,86,75,Control,12921.156177580842,weekly fresh water
20240909,86,76,Control,13567.22975810988,weekly fresh water
20240909,86,77,Control,27222.033354550436,weekly fresh water
20240909,86,78,Control,12945.988009574381,weekly fresh water
20240909,86,79,Control,9902.469738210511,weekly fresh water
20240909,86,80,Control,6130.935067666823,weekly fresh water
20240909,86,81,Control,12193.955379139381,weekly fresh water
20240909,86,82,Control,8809.27958294685,weekly fresh water
20240909,86,83,Control,7175.3542244126475,weekly fresh water
20240909,86,84,Control,6333.604498430062,weekly fresh water
20240909,86,85,Control,18499.02258799167,weekly fresh water
20240909,86,86,Control,10936.661013273651,weekly fresh water
20240909,86,87,Control,10988.032500709693,weekly fresh water
20240909,86,88,Control,9541.936011423702,weekly fresh water
20240909,86,89,Control,9372.798889929558,weekly fresh water
20240909,86,90,Control,5434.3052302566675,weekly fresh water
20240909,86,91,Control,7251.246063035135,weekly fresh water
20240909,86,92,Control,9221.222024351264,weekly fresh water
20240909,86,93,Control,7807.425363186072,weekly fresh water
20240909,86,94,Control,16180.171380679556,weekly fresh water
20240909,86,95,Control,18678.102668711508,weekly fresh water
20240909,86,96,Control,24324.625628036265,weekly fresh water
20240909,86,97,Control,14416.194542073414,weekly fresh water
20240909,86,98,Control,10664.062813153045,weekly fresh water
20240909,86,99,Control,10314.16431349668,weekly fresh water
20240909,86,100,Control,5722.9319316271785,weekly fresh water
20240909,87,1,Control,18615.678804721054,weekly fresh water
20240909,87,2,Control,10275.897672211822,weekly fresh water
20240909,87,3,Control,15235.104597459955,weekly fresh water
20240909,87,4,Control,8610.232892202866,weekly fresh water
20240909,87,5,Control,13896.048041335182,weekly fresh water
20240909,87,6,Control,9590.252101495691,weekly fresh water
20240909,87,7,Control,10340.160279266967,weekly fresh water
20240909,87,8,Control,6280.559334986981,weekly fresh water
20240909,87,9,Control,9391.123105319577,weekly fresh water
20240909,87,10,Control,8416.293198972908,weekly fresh water
20240909,87,11,Control,6759.287265434072,weekly fresh water
20240909,87,12,Control,8829.704179969272,weekly fresh water
20240909,87,13,Control,8964.015827237858,weekly fresh water
20240909,87,14,Control,8548.933742699604,weekly fresh water
20240909,87,15,Control,8797.461892019142,weekly fresh water
20240909,87,16,Control,12329.20989393192,weekly fresh water
20240909,87,17,Control,7987.821260631478,weekly fresh water
20240909,87,18,Control,9068.405270598585,weekly fresh water
20240909,87,19,Control,8094.0660086905355,weekly fresh water
20240909,87,20,Control,9688.938536999,weekly fresh water
20240909,87,21,Control,8775.541589294851,weekly fresh water
20240909,87,22,Control,10622.454971965244,weekly fresh water
20240909,87,23,Control,5446.643922311433,weekly fresh water
20240909,87,24,Control,8595.389587314507,weekly fresh water
20240909,87,25,Control,16273.495909668303,weekly fresh water
20240909,87,26,Control,14102.649766001521,weekly fresh water
20240909,87,27,Control,9471.909822070862,weekly fresh water
20240909,87,28,Control,13399.617218446327,weekly fresh water
20240909,87,29,Control,14617.073304941692,weekly fresh water
20240909,87,30,Control,14998.9880874298,weekly fresh water
20240909,87,31,Control,14063.129673427213,weekly fresh water
20240909,87,32,Control,7281.818307268814,weekly fresh water
20240909,87,33,Control,14831.828927925124,weekly fresh water
20240909,87,34,Control,9243.079864685436,weekly fresh water
20240909,87,35,Control,16456.168845876833,weekly fresh water
20240909,87,36,Control,9720.839746343612,weekly fresh water
20240909,87,37,Control,6408.565114834829,weekly fresh water
20240909,87,38,Control,6922.56862110416,weekly fresh water
20240909,87,39,Control,7488.204153114153,weekly fresh water
20240909,87,40,Control,6289.230903699838,weekly fresh water
20240909,87,41,Control,6413.202149652076,weekly fresh water
20240909,87,42,Control,13760.994051439873,weekly fresh water
20240909,87,43,Control,7264.336501329534,weekly fresh water
20240909,87,44,Control,6418.160516055347,weekly fresh water
20240909,87,45,Control,7920.7358551634225,weekly fresh water
20240909,87,46,Control,4967.011029321385,weekly fresh water
20240909,87,47,Control,18069.887715454657,weekly fresh water
20240909,87,48,Control,9382.198262658874,weekly fresh water
20240909,87,49,Control,10786.05548026597,weekly fresh water
20240909,87,50,Control,9364.422123022654,weekly fresh water
20240909,87,51,Control,7421.0693295709125,weekly fresh water
20240909,87,52,Control,13013.931647571435,weekly fresh water
20240909,87,53,Control,8928.19943261519,weekly fresh water
20240909,87,54,Control,8995.491170119883,weekly fresh water
20240909,87,55,Control,8729.303630581879,weekly fresh water
20240909,87,56,Control,6709.887453392919,weekly fresh water
20240909,87,57,Control,9460.794657601085,weekly fresh water
20240909,87,58,Control,7119.472295117788,weekly fresh water
20240909,87,59,Control,8568.354439033852,weekly fresh water
20240909,87,60,Control,17966.56713035804,weekly fresh water
20240909,87,61,Control,7711.961125347602,weekly fresh water
20240909,87,62,Control,19067.532366230196,weekly fresh water
20240909,87,63,Control,12286.257327929105,weekly fresh water
20240909,87,64,Control,8797.770976579279,weekly fresh water
20240909,87,65,Control,7748.0686623312085,weekly fresh water
20240909,87,66,Control,10342.494473913162,weekly fresh water
20240909,87,67,Control,9150.492060347444,weekly fresh water
20240909,87,68,Control,11027.087948762553,weekly fresh water
20240909,87,69,Control,6979.668975761778,weekly fresh water
20240909,87,70,Control,9791.977677609219,weekly fresh water
20240909,87,71,Control,7093.572527518988,weekly fresh water
20240909,87,72,Control,15075.035073406158,weekly fresh water
20240909,87,73,Control,12024.30898625966,weekly fresh water
20240909,87,74,Control,10145.239249140179,weekly fresh water
20240909,87,75,Control,9813.156111956856,weekly fresh water
20240909,87,76,Control,7079.912512080601,weekly fresh water
20240909,87,77,Control,6384.372358052896,weekly fresh water
20240909,87,78,Control,7908.281935816092,weekly fresh water
20240909,87,79,Control,12838.75218631965,weekly fresh water
20240909,87,80,Control,7181.417421060699,weekly fresh water
20240909,87,81,Control,9339.642911272136,weekly fresh water
20240909,87,82,Control,9632.34294889956,weekly fresh water
20240909,87,83,Control,18052.644426580646,weekly fresh water
20240909,87,84,Control,8236.891040130711,weekly fresh water
20240909,87,85,Control,6313.177903940133,weekly fresh water
20240909,87,86,Control,18098.97235896479,weekly fresh water
20240909,87,87,Control,14715.990777734956,weekly fresh water
20240909,87,88,Control,7245.399571060466,weekly fresh water
20240909,87,89,Control,9393.154604059797,weekly fresh water
20240909,87,90,Control,10683.72788957316,weekly fresh water
20240909,87,91,Control,9287.607793434336,weekly fresh water
20240909,87,92,Control,6728.48824215675,weekly fresh water
20240909,87,93,Control,8551.587382467895,weekly fresh water
20240909,87,94,Control,7307.044301820001,weekly fresh water
20240909,87,95,Control,10759.226914874576,weekly fresh water
20240909,87,96,Control,13268.975690538462,weekly fresh water
20240909,87,97,Control,11674.186809786795,weekly fresh water
20240909,87,98,Control,5630.990327927885,weekly fresh water
20240909,87,99,Control,7721.624827252059,weekly fresh water
20240909,87,100,Control,10817.263545404912,weekly fresh water
20240909,87,101,Control,8494.975167217499,weekly fresh water
20240909,88,1,Control,9985.385841376748,weekly temperature
20240909,88,2,Control,10533.95140626835,weekly temperature
20240909,88,3,Control,19329.058292915437,weekly temperature
20240909,88,4,Control,14944.203435427858,weekly temperature
20240909,88,5,Control,11701.372370502226,weekly temperature
20240909,88,6,Control,10904.373987618126,weekly temperature
20240909,88,7,Control,9959.218577556061,weekly temperature
20240909,88,8,Control,10788.696068920544,weekly temperature
20240909,88,9,Control,12739.419610162175,weekly temperature
20240909,88,10,Control,11305.568268844143,weekly temperature
20240909,88,11,Control,7320.150640791547,weekly temperature
20240909,88,12,Control,9884.927660673171,weekly temperature
20240909,88,13,Control,18763.23225159064,weekly temperature
20240909,88,14,Control,17430.47312022555,weekly temperature
20240909,88,15,Control,13299.921181166326,weekly temperature
20240909,88,16,Control,8285.644845686098,weekly temperature
20240909,88,17,Control,14497.64105097713,weekly temperature
20240909,88,18,Control,23046.43025633786,weekly temperature
20240909,88,19,Control,23050.339544130075,weekly temperature
20240909,88,20,Control,14365.278233731518,weekly temperature
20240909,88,21,Control,10137.392688044385,weekly temperature
20240909,88,22,Control,14066.651816441341,weekly temperature
20240909,88,23,Control,14106.303822470805,weekly temperature
20240909,88,24,Control,18276.945825106093,weekly temperature
20240909,88,25,Control,11784.89844475981,weekly temperature
20240909,88,26,Control,7367.167087409931,weekly temperature
20240909,88,27,Control,8493.515387714056,weekly temperature
20240909,88,28,Control,9918.689192140155,weekly temperature
20240909,88,29,Control,8497.497271053959,weekly temperature
20240909,88,30,Control,10681.955750729032,weekly temperature
20240909,88,31,Control,11316.097309401917,weekly temperature
20240909,88,32,Control,19386.797144096527,weekly temperature
20240909,88,33,Control,19530.938491879828,weekly temperature
20240909,88,34,Control,12839.77094808063,weekly temperature
20240909,88,35,Control,8231.494666102228,weekly temperature
20240909,88,36,Control,10933.019569845843,weekly temperature
20240909,88,37,Control,18579.258484268164,weekly temperature
20240909,88,38,Control,12060.250121653857,weekly temperature
20240909,88,39,Control,11411.06090953499,weekly temperature
20240909,88,40,Control,10020.57991327337,weekly temperature
20240909,88,41,Control,10017.180135668568,weekly temperature
20240909,88,42,Control,6149.40690354317,weekly temperature
20240909,88,43,Control,14495.6984337774,weekly temperature
20240909,88,44,Control,12489.467741141481,weekly temperature
20240909,88,45,Control,12224.199408843167,weekly temperature
20240909,88,46,Control,11594.423468256795,weekly temperature
20240909,88,47,Control,8345.170935762626,weekly temperature
20240909,88,48,Control,16671.200157609506,weekly temperature
20240909,88,49,Control,15294.024486569671,weekly temperature
20240909,88,50,Control,10239.198604857762,weekly temperature
20240909,88,51,Control,14362.021151582469,weekly temperature
20240909,88,52,Control,8054.4242921829655,weekly temperature
20240909,88,53,Control,6732.713672321918,weekly temperature
20240909,88,54,Control,9270.518058526872,weekly temperature
20240909,88,55,Control,12372.482556991905,weekly temperature
20240909,88,56,Control,15737.694410931621,weekly temperature
20240909,88,57,Control,10703.121801932017,weekly temperature
20240909,88,58,Control,12047.443096339508,weekly temperature
20240909,88,59,Control,8022.291771585143,weekly temperature
20240909,88,60,Control,7631.877175716472,weekly temperature
20240909,88,61,Control,17481.43979445416,weekly temperature
20240909,88,62,Control,9660.233547475196,weekly temperature
20240909,88,63,Control,18736.41014934436,weekly temperature
20240909,88,64,Control,7910.797261214025,weekly temperature
20240909,88,65,Control,6911.293328997884,weekly temperature
20240909,88,66,Control,16023.70071304393,weekly temperature
20240909,88,67,Control,12804.76635213437,weekly temperature
20240909,88,68,Control,7830.084322721626,weekly temperature
20240909,88,69,Control,12706.402272822492,weekly temperature
20240909,88,70,Control,23938.963792575454,weekly temperature
20240909,88,71,Control,13632.410761119567,weekly temperature
20240909,88,72,Control,8271.922329713636,weekly temperature
20240909,88,73,Control,8750.99976431031,weekly temperature
20240909,88,74,Control,8777.042558295889,weekly temperature
20240909,88,75,Control,18087.217353007443,weekly temperature
20240909,88,76,Control,14970.425358008997,weekly temperature
20240909,88,77,Control,19748.37564527726,weekly temperature
20240909,88,78,Control,6201.441877644767,weekly temperature
20240909,88,79,Control,4379.083573566991,weekly temperature
20240909,88,80,Control,11717.060608273885,weekly temperature
20240909,88,81,Control,7714.340185493012,weekly temperature
20240909,88,82,Control,11683.293580827403,weekly temperature
20240909,88,83,Control,7960.203430857189,weekly temperature
20240909,88,84,Control,12184.880657080073,weekly temperature
20240909,88,85,Control,13567.012895279606,weekly temperature
20240909,88,86,Control,14967.588126251929,weekly temperature
20240909,88,87,Control,9245.088974413124,weekly temperature
20240909,88,88,Control,18566.241227289906,weekly temperature
20240909,88,89,Control,8328.99204477614,weekly temperature
20240909,88,90,Control,14935.607574994649,weekly temperature
20240909,88,91,Control,9297.554934504638,weekly temperature
20240909,88,92,Control,10903.31766028456,weekly temperature
20240909,88,93,Control,5861.157180095484,weekly temperature
20240909,88,94,Control,12840.17006556541,weekly temperature
20240909,88,95,Control,10944.732078172672,weekly temperature
20240909,88,96,Control,9033.695275142494,weekly temperature
20240909,88,97,Control,8414.78890862474,weekly temperature
20240909,88,98,Control,9722.396984896115,weekly temperature
20240909,88,99,Control,16918.846341139917,weekly temperature
20240909,88,100,Control,15596.672160084161,weekly temperature
20240909,91,1,Treated,13466.903424785245,weekly temperature
20240909,91,2,Treated,11577.886073125743,weekly temperature
20240909,91,3,Treated,17274.658822320565,weekly temperature
20240909,91,4,Treated,7793.37026042344,weekly temperature
20240909,91,5,Treated,6910.732427401079,weekly temperature
20240909,91,6,Treated,5685.72077022121,weekly temperature
20240909,91,7,Treated,9248.848284510248,weekly temperature
20240909,91,8,Treated,9581.397900967442,weekly temperature
20240909,91,9,Treated,16465.726767117503,weekly temperature
20240909,91,10,Treated,9415.002387407918,weekly temperature
20240909,91,11,Treated,9172.38293908195,weekly temperature
20240909,91,12,Treated,10374.878012198644,weekly temperature
20240909,91,13,Treated,9223.781846773836,weekly temperature
20240909,91,14,Treated,11407.873531430372,weekly temperature
20240909,91,15,Treated,13254.147066556914,weekly temperature
20240909,91,16,Treated,8753.869376435272,weekly temperature
20240909,91,17,Treated,11282.100198995897,weekly temperature
20240909,91,18,Treated,10788.947797278977,weekly temperature
20240909,91,19,Treated,14082.956206174296,weekly temperature
20240909,91,20,Treated,7845.580223563959,weekly temperature
20240909,91,21,Treated,12214.670714271611,weekly temperature
20240909,91,22,Treated,16276.749865618885,weekly temperature
20240909,91,23,Treated,7998.138682586516,weekly temperature
20240909,91,24,Treated,7849.860182193386,weekly temperature
20240909,91,25,Treated,14551.440050359135,weekly temperature
20240909,91,26,Treated,8217.155579268121,weekly temperature
20240909,91,27,Treated,6454.335884790321,weekly temperature
20240909,91,28,Treated,13770.719179291109,weekly temperature
20240909,91,29,Treated,12109.843849095974,weekly temperature
20240909,91,30,Treated,8620.103042337587,weekly temperature
20240909,91,31,Treated,9412.415831597325,weekly temperature
20240909,91,32,Treated,10202.493372899387,weekly temperature
20240909,91,33,Treated,7382.144518577796,weekly temperature
20240909,91,34,Treated,6205.511930794132,weekly temperature
20240909,91,35,Treated,7054.569242876192,weekly temperature
20240909,91,36,Treated,9163.25551337509,weekly temperature
20240909,91,37,Treated,11599.263694843718,weekly temperature
20240909,91,38,Treated,11233.024139760657,weekly temperature
20240909,91,39,Treated,11639.507689519784,weekly temperature
20240909,91,40,Treated,15414.218496299964,weekly temperature
20240909,91,41,Treated,14018.263836548826,weekly temperature
20240909,91,42,Treated,9044.131321047618,weekly temperature
20240909,91,43,Treated,6670.445740037511,weekly temperature
20240909,91,44,Treated,8822.97194212964,weekly temperature
20240909,91,45,Treated,12658.986967081832,weekly temperature
20240909,91,46,Treated,9317.293993373334,weekly temperature
20240909,91,47,Treated,8028.486804490362,weekly temperature
20240909,91,48,Treated,13467.647608697818,weekly temperature
20240909,91,49,Treated,9288.062972915865,weekly temperature
20240909,91,50,Treated,12724.195028917607,weekly temperature
20240909,91,51,Treated,7826.287187893998,weekly temperature
20240909,91,52,Treated,7528.568232387748,weekly temperature
20240909,91,53,Treated,8913.333798206977,weekly temperature
20240909,91,54,Treated,8313.232324299874,weekly temperature
20240909,91,55,Treated,8589.181230683778,weekly temperature
20240909,91,56,Treated,12836.892743777666,weekly temperature
20240909,91,57,Treated,7244.102616092307,weekly temperature
20240909,91,58,Treated,7651.418171484287,weekly temperature
20240909,91,59,Treated,12643.051603500813,weekly temperature
20240909,91,60,Treated,14085.722866417556,weekly temperature
20240909,91,61,Treated,9199.614444545636,weekly temperature
20240909,91,62,Treated,7299.184855696077,weekly temperature
20240909,91,63,Treated,9080.801333533585,weekly temperature
20240909,91,64,Treated,12973.133675179539,weekly temperature
20240909,91,65,Treated,11924.462349933468,weekly temperature
20240909,91,66,Treated,6357.717731398188,weekly temperature
20240909,91,67,Treated,10705.339539985664,weekly temperature
20240909,91,68,Treated,11103.978382742584,weekly temperature
20240909,91,69,Treated,13436.66678447779,weekly temperature
20240909,91,70,Treated,8798.466976464046,weekly temperature
20240909,91,71,Treated,9559.982820332167,weekly temperature
20240909,91,72,Treated,10802.567400035405,weekly temperature
20240909,91,73,Treated,6329.122600659315,weekly temperature
20240909,91,74,Treated,9283.958352993117,weekly temperature
20240909,91,75,Treated,10933.59429944014,weekly temperature
20240909,91,76,Treated,10018.36698176982,weekly temperature
20240909,91,77,Treated,8430.139503329505,weekly temperature
20240909,91,78,Treated,10815.938015607951,weekly temperature
20240909,91,79,Treated,7201.0177594055485,weekly temperature
20240909,91,80,Treated,7166.503461154728,weekly temperature
20240909,91,81,Treated,13320.778964099352,weekly temperature
20240909,91,82,Treated,9617.05309994362,weekly temperature
20240909,91,83,Treated,10382.493315654674,weekly temperature
20240909,91,84,Treated,10800.862819440013,weekly temperature
20240909,91,85,Treated,8152.981893726159,weekly temperature
20240909,91,86,Treated,9128.319579932253,weekly temperature
20240909,91,87,Treated,10490.466175328866,weekly temperature
20240909,91,88,Treated,10574.444106067747,weekly temperature
20240909,91,89,Treated,8535.20709214517,weekly temperature
20240909,91,90,Treated,11248.650925981605,weekly temperature
20240909,91,91,Treated,8178.687609620278,weekly temperature
20240909,91,92,Treated,11462.884650922457,weekly temperature
20240909,91,93,Treated,7019.849729519531,weekly temperature
20240909,91,94,Treated,13409.922889984267,weekly temperature
20240909,91,95,Treated,7385.1776619736165,weekly temperature
20240909,91,96,Treated,11778.589499395386,weekly temperature
20240909,91,97,Treated,12587.275066390825,weekly temperature
20240909,91,98,Treated,11300.528551466941,weekly temperature
20240909,91,99,Treated,8279.468691321616,weekly temperature
20240909,91,100,Treated,9041.283714385847,weekly temperature
20240909,91,101,Treated,7426.9574663177755,weekly temperature
20240909,91,102,Treated,10312.023786267766,weekly temperature
20240909,94,1,Treated,6757.001543715459,weekly fresh water
20240909,94,2,Treated,19570.096547481524,weekly fresh water
20240909,94,3,Treated,13802.794676565889,weekly fresh water
20240909,94,4,Treated,13551.976019966281,weekly fresh water
20240909,94,5,Treated,11053.721619400205,weekly fresh water
20240909,94,6,Treated,6372.890694186656,weekly fresh water
20240909,94,7,Treated,10580.728751001621,weekly fresh water
20240909,94,8,Treated,27066.79588620956,weekly fresh water
20240909,94,9,Treated,18987.162232686416,weekly fresh water
20240909,94,10,Treated,27679.77385770764,weekly fresh water
20240909,94,11,Treated,8191.976842060573,weekly fresh water
20240909,94,12,Treated,11283.541035387145,weekly fresh water
20240909,94,13,Treated,8356.388905866554,weekly fresh water
20240909,94,14,Treated,8974.675587289328,weekly fresh water
20240909,94,15,Treated,8958.075392241173,weekly fresh water
20240909,94,16,Treated,23753.644909310508,weekly fresh water
20240909,94,17,Treated,15350.387699257728,weekly fresh water
20240909,94,18,Treated,8790.639905743225,weekly fresh water
20240909,94,19,Treated,10978.314089429483,weekly fresh water
20240909,94,20,Treated,12660.266606981164,weekly fresh water
20240909,94,21,Treated,8078.741484942621,weekly fresh water
20240909,94,22,Treated,15644.45655740798,weekly fresh water
20240909,94,23,Treated,9193.05054736389,weekly fresh water
20240909,94,24,Treated,8542.531809423037,weekly fresh water
20240909,94,25,Treated,8020.761782159011,weekly fresh water
20240909,94,26,Treated,9729.293610952252,weekly fresh water
20240909,94,27,Treated,12622.307125308533,weekly fresh water
20240909,94,28,Treated,16211.99863233355,weekly fresh water
20240909,94,29,Treated,11724.030382041437,weekly fresh water
20240909,94,30,Treated,10986.779400842237,weekly fresh water
20240909,94,31,Treated,14789.7470550726,weekly fresh water
20240909,94,32,Treated,25194.515852582572,weekly fresh water
20240909,94,33,Treated,17639.390141043143,weekly fresh water
20240909,94,34,Treated,9851.11777036884,weekly fresh water
20240909,94,35,Treated,20356.872433622222,weekly fresh water
20240909,94,36,Treated,8587.109532130034,weekly fresh water
20240909,94,37,Treated,11881.736428134276,weekly fresh water
20240909,94,38,Treated,19433.17592301256,weekly fresh water
20240909,94,39,Treated,28024.71090071287,weekly fresh water
20240909,94,40,Treated,9719.803861529346,weekly fresh water
20240909,94,41,Treated,7200.813613002554,weekly fresh water
20240909,94,42,Treated,9820.890431807815,weekly fresh water
20240909,94,43,Treated,10239.682065442163,weekly fresh water
20240909,94,44,Treated,13456.36846939074,weekly fresh water
20240909,94,45,Treated,10047.25582121648,weekly fresh water
20240909,94,46,Treated,12417.984626204076,weekly fresh water
20240909,94,47,Treated,9073.124869254056,weekly fresh water
20240909,94,48,Treated,10844.081148447036,weekly fresh water
20240909,94,49,Treated,9665.470925456879,weekly fresh water
20240909,94,50,Treated,6488.20444923795,weekly fresh water
20240909,94,51,Treated,8270.33912966324,weekly fresh water
20240909,94,52,Treated,11963.915399909321,weekly fresh water
20240909,94,53,Treated,9471.119796893874,weekly fresh water
20240909,94,54,Treated,10972.17870309502,weekly fresh water
20240909,94,55,Treated,8572.10520279242,weekly fresh water
20240909,94,56,Treated,8472.177093078739,weekly fresh water
20240909,94,57,Treated,9347.420472164224,weekly fresh water
20240909,94,58,Treated,12638.890756578048,weekly fresh water
20240909,94,59,Treated,8753.779600605543,weekly fresh water
20240909,94,60,Treated,7580.377877546394,weekly fresh water
20240909,94,61,Treated,11796.715012063023,weekly fresh water
20240909,94,62,Treated,21833.72236146404,weekly fresh water
20240909,94,63,Treated,11434.275121225577,weekly fresh water
20240909,94,64,Treated,9043.273070942443,weekly fresh water
20240909,94,65,Treated,13302.24684975356,weekly fresh water
20240909,94,66,Treated,29330.899328106214,weekly fresh water
20240909,94,67,Treated,10241.110658991623,weekly fresh water
20240909,94,68,Treated,15424.341294476711,weekly fresh water
20240909,94,69,Treated,18058.95845806637,weekly fresh water
20240909,94,70,Treated,11419.889051805136,weekly fresh water
20240909,94,71,Treated,18444.050790951318,weekly fresh water
20240909,94,72,Treated,7357.18243384963,weekly fresh water
20240909,94,73,Treated,20112.054042140593,weekly fresh water
20240909,94,74,Treated,13847.401178568147,weekly fresh water
20240909,94,75,Treated,13848.987151646805,weekly fresh water
20240909,94,76,Treated,10849.128527783416,weekly fresh water
20240909,94,77,Treated,6783.566486529758,weekly fresh water
20240909,94,78,Treated,9953.294146455255,weekly fresh water
20240909,94,79,Treated,9721.390804912273,weekly fresh water
20240909,94,80,Treated,11137.35911849028,weekly fresh water
20240909,94,81,Treated,12779.13746612603,weekly fresh water
20240909,94,82,Treated,16527.636180610356,weekly fresh water
20240909,94,83,Treated,9570.396054707815,weekly fresh water
20240909,94,84,Treated,14127.440715278088,weekly fresh water
20240909,94,85,Treated,27122.44493438009,weekly fresh water
20240909,94,86,Treated,9147.67394592628,weekly fresh water
20240909,94,87,Treated,9153.823449376327,weekly fresh water
20240909,94,88,Treated,8457.673013965099,weekly fresh water
20240909,94,89,Treated,11732.358102912114,weekly fresh water
20240909,94,90,Treated,7286.294401527327,weekly fresh water
20240909,94,91,Treated,13734.854217929957,weekly fresh water
20240909,94,92,Treated,9245.230152135997,weekly fresh water
20240909,94,93,Treated,14297.381167413634,weekly fresh water
20240909,94,94,Treated,13929.887556552596,weekly fresh water
20240909,94,95,Treated,11822.46231441461,weekly fresh water
20240909,94,96,Treated,10241.756138268356,weekly fresh water
20240909,94,97,Treated,12103.86534604846,weekly fresh water
20240909,94,98,Treated,15242.602001739,weekly fresh water
20240909,94,99,Treated,12883.47095030474,weekly fresh water
20240909,94,100,Treated,18835.246745390272,weekly fresh water
20240909,94,101,Treated,13079.675651279258,weekly fresh water
20240909,94,102,Treated,9808.098635875334,weekly fresh water
20240909,95,1,Control,10451.478268404047,weekly fresh water
20240909,95,2,Control,13317.2212174884,weekly fresh water
20240909,95,3,Control,27811.87567290595,weekly fresh water
20240909,95,4,Control,8958.897008343049,weekly fresh water
20240909,95,5,Control,8691.119942030327,weekly fresh water
20240909,95,6,Control,9244.021779635115,weekly fresh water
20240909,95,7,Control,7793.138245502756,weekly fresh water
20240909,95,8,Control,8831.071239215555,weekly fresh water
20240909,95,9,Control,8368.216461678292,weekly fresh water
20240909,95,10,Control,10501.32071397888,weekly fresh water
20240909,95,11,Control,8901.774415532862,weekly fresh water
20240909,95,12,Control,6173.369348159795,weekly fresh water
20240909,95,13,Control,9295.51327870799,weekly fresh water
20240909,95,14,Control,20755.492326801992,weekly fresh water
20240909,95,15,Control,9518.0893290412,weekly fresh water
20240909,95,16,Control,15043.207272300602,weekly fresh water
20240909,95,17,Control,7933.889662273732,weekly fresh water
20240909,95,18,Control,7614.810353694583,weekly fresh water
20240909,95,19,Control,11105.39978533966,weekly fresh water
20240909,95,20,Control,13382.58909008862,weekly fresh water
20240909,95,21,Control,9667.508839646165,weekly fresh water
20240909,95,22,Control,12166.715965748868,weekly fresh water
20240909,95,23,Control,9830.932671889019,weekly fresh water
20240909,95,24,Control,16517.16922494,weekly fresh water
20240909,95,25,Control,13451.413941608344,weekly fresh water
20240909,95,26,Control,13017.105739577846,weekly fresh water
20240909,95,27,Control,9038.137032083992,weekly fresh water
20240909,95,28,Control,8432.279563905817,weekly fresh water
20240909,95,29,Control,6556.8434536552195,weekly fresh water
20240909,95,30,Control,15154.819850163512,weekly fresh water
20240909,95,31,Control,10978.127855397586,weekly fresh water
20240909,95,32,Control,10193.132402833427,weekly fresh water
20240909,95,33,Control,6472.222394266284,weekly fresh water
20240909,95,34,Control,9418.540492662465,weekly fresh water
20240909,95,35,Control,7767.3919394151435,weekly fresh water
20240909,95,36,Control,8553.269454148844,weekly fresh water
20240909,95,37,Control,13436.9147596312,weekly fresh water
20240909,95,38,Control,10982.292782404886,weekly fresh water
20240909,95,39,Control,13570.697659096748,weekly fresh water
20240909,95,40,Control,15170.932790198758,weekly fresh water
20240909,95,41,Control,6156.9046477347665,weekly fresh water
20240909,95,42,Control,5601.459442905451,weekly fresh water
20240909,95,43,Control,10139.016684016986,weekly fresh water
20240909,95,44,Control,12907.12829772266,weekly fresh water
20240909,95,45,Control,9451.903905284551,weekly fresh water
20240909,95,46,Control,19372.05828322924,weekly fresh water
20240909,95,47,Control,17491.077790410673,weekly fresh water
20240909,95,48,Control,9831.078498311019,weekly fresh water
20240909,95,49,Control,8576.884602794367,weekly fresh water
20240909,95,50,Control,12120.368041160404,weekly fresh water
20240909,95,51,Control,10433.02236997053,weekly fresh water
20240909,95,52,Control,7748.9880078558135,weekly fresh water
20240909,95,53,Control,9704.252793027477,weekly fresh water
20240909,95,54,Control,9575.444779801855,weekly fresh water
20240909,95,55,Control,10671.021396148246,weekly fresh water
20240909,95,56,Control,8345.988729172625,weekly fresh water
20240909,95,57,Control,7484.905010007503,weekly fresh water
20240909,95,58,Control,13539.923523728672,weekly fresh water
20240909,95,59,Control,11794.057660990731,weekly fresh water
20240909,95,60,Control,9402.816403329505,weekly fresh water
20240909,95,61,Control,10149.715911348134,weekly fresh water
20240909,95,62,Control,11839.214681251218,weekly fresh water
20240909,95,63,Control,9236.714950775571,weekly fresh water
20240909,95,64,Control,12202.463534867038,weekly fresh water
20240909,95,65,Control,8175.981916830719,weekly fresh water
20240909,95,66,Control,14478.276989759524,weekly fresh water
20240909,95,67,Control,8328.908605444502,weekly fresh water
20240909,95,68,Control,10146.825552329898,weekly fresh water
20240909,95,69,Control,8469.411389159774,weekly fresh water
20240909,95,70,Control,32115.07751124779,weekly fresh water
20240909,95,71,Control,12042.401280127247,weekly fresh water
20240909,95,72,Control,6483.456576835128,weekly fresh water
20240909,95,73,Control,7578.513225882418,weekly fresh water
20240909,95,74,Control,20284.759539818904,weekly fresh water
20240909,95,75,Control,7300.079476811201,weekly fresh water
20240909,95,76,Control,8775.81245393636,weekly fresh water
20240909,95,77,Control,12597.151038821301,weekly fresh water
20240909,95,78,Control,13592.53085625934,weekly fresh water
20240909,95,79,Control,11750.561888593953,weekly fresh water
20240909,95,80,Control,7729.3322405397,weekly fresh water
20240909,95,81,Control,12758.837157791932,weekly fresh water
20240909,95,82,Control,12371.226273762366,weekly fresh water
20240909,95,83,Control,8023.184755384838,weekly fresh water
20240909,95,84,Control,10967.562627208232,weekly fresh water
20240909,95,85,Control,9682.433852918619,weekly fresh water
20240909,95,86,Control,9272.078970653005,weekly fresh water
20240909,95,87,Control,9195.406096951514,weekly fresh water
20240909,95,88,Control,7371.007814352093,weekly fresh water
20240909,95,89,Control,15633.762213696373,weekly fresh water
20240909,95,90,Control,9055.53547044437,weekly fresh water
20240909,95,91,Control,11167.955132248635,weekly fresh water
20240909,95,92,Control,9666.605206369655,weekly fresh water
20240909,95,93,Control,9487.993783513297,weekly fresh water
20240909,95,94,Control,9516.30385828243,weekly fresh water
20240909,95,95,Control,8584.409329385406,weekly fresh water
20240909,95,96,Control,12223.269283041489,weekly fresh water
20240909,95,97,Control,8445.559961536259,weekly fresh water
20240909,95,98,Control,10824.467049189127,weekly fresh water
20240909,95,99,Control,15457.431778574477,weekly fresh water
20240909,95,100,Control,7581.129499503528,weekly fresh water
20240909,95,101,Control,10916.422033984945,weekly fresh water
20240909,95,102,Control,11359.031770092402,weekly fresh water
20240909,96,1,Treated,13240.522932389771,weekly fresh water
20240909,96,2,Treated,18079.897115383097,weekly fresh water
20240909,96,3,Treated,10333.239874904608,weekly fresh water
20240909,96,4,Treated,11385.61542353044,weekly fresh water
20240909,96,5,Treated,10357.11905125182,weekly fresh water
20240909,96,6,Treated,7049.166644694757,weekly fresh water
20240909,96,7,Treated,10800.393005032796,weekly fresh water
20240909,96,8,Treated,6270.430303396751,weekly fresh water
20240909,96,9,Treated,10503.325894535055,weekly fresh water
20240909,96,10,Treated,12357.181544233581,weekly fresh water
20240909,96,11,Treated,9040.290199538886,weekly fresh water
20240909,96,12,Treated,11252.034611343379,weekly fresh water
20240909,96,13,Treated,20169.19900137846,weekly fresh water
20240909,96,14,Treated,20320.830039293716,weekly fresh water
20240909,96,15,Treated,10502.015670918858,weekly fresh water
20240909,96,16,Treated,5964.8386386165575,weekly fresh water
20240909,96,17,Treated,11412.244286121559,weekly fresh water
20240909,96,18,Treated,20443.112082237138,weekly fresh water
20240909,96,19,Treated,8911.36908965749,weekly fresh water
20240909,96,20,Treated,6789.211558702122,weekly fresh water
20240909,96,21,Treated,10743.392345037642,weekly fresh water
20240909,96,22,Treated,17907.659414541908,weekly fresh water
20240909,96,23,Treated,6563.346988514826,weekly fresh water
20240909,96,24,Treated,7097.603033219863,weekly fresh water
20240909,96,25,Treated,9066.749895883982,weekly fresh water
20240909,96,26,Treated,13267.177977220697,weekly fresh water
20240909,96,27,Treated,9991.77036746813,weekly fresh water
20240909,96,28,Treated,10082.158580099696,weekly fresh water
20240909,96,29,Treated,13462.406551638785,weekly fresh water
20240909,96,30,Treated,7073.135391025887,weekly fresh water
20240909,96,31,Treated,18656.649678631773,weekly fresh water
20240909,96,32,Treated,8210.153440182092,weekly fresh water
20240909,96,33,Treated,14326.780246662207,weekly fresh water
20240909,96,34,Treated,11982.255554236119,weekly fresh water
20240909,96,35,Treated,8328.619805318855,weekly fresh water
20240909,96,36,Treated,8569.779535351952,weekly fresh water
20240909,96,37,Treated,15174.953485653352,weekly fresh water
20240909,96,38,Treated,9417.437778729498,weekly fresh water
20240909,96,39,Treated,7275.086038923397,weekly fresh water
20240909,96,40,Treated,19459.38006593452,weekly fresh water
20240909,96,41,Treated,11943.05325797343,weekly fresh water
20240909,96,42,Treated,12737.104116039829,weekly fresh water
20240909,96,43,Treated,6174.245561937847,weekly fresh water
20240909,96,44,Treated,6693.719765824705,weekly fresh water
20240909,96,45,Treated,9689.867615849891,weekly fresh water
20240909,96,46,Treated,7139.072538814223,weekly fresh water
20240909,96,47,Treated,6323.533635693861,weekly fresh water
20240909,96,48,Treated,9082.236236335872,weekly fresh water
20240909,96,49,Treated,8487.714916491977,weekly fresh water
20240909,96,50,Treated,11082.671027584429,weekly fresh water
20240909,96,51,Treated,7883.308184635736,weekly fresh water
20240909,96,52,Treated,9372.110053727616,weekly fresh water
20240909,96,53,Treated,13852.553483319134,weekly fresh water
20240909,96,54,Treated,6634.353006220787,weekly fresh water
20240909,96,55,Treated,7251.098272979595,weekly fresh water
20240909,96,56,Treated,15809.024393792342,weekly fresh water
20240909,96,57,Treated,7007.782640616823,weekly fresh water
20240909,96,58,Treated,13721.069119766182,weekly fresh water
20240909,96,59,Treated,11488.315692519802,weekly fresh water
20240909,96,60,Treated,10456.728196659575,weekly fresh water
20240909,96,61,Treated,10805.60134856238,weekly fresh water
20240909,96,62,Treated,6067.2863951006375,weekly fresh water
20240909,96,63,Treated,5531.032656755487,weekly fresh water
20240909,96,64,Treated,6462.700074944651,weekly fresh water
20240909,96,65,Treated,7430.021344075369,weekly fresh water
20240909,96,66,Treated,10209.173148123855,weekly fresh water
20240909,96,67,Treated,11110.996412212466,weekly fresh water
20240909,96,68,Treated,8237.48838968304,weekly fresh water
20240909,96,69,Treated,7689.571134702021,weekly fresh water
20240909,96,70,Treated,9987.179888550456,weekly fresh water
20240909,96,71,Treated,15420.792282837256,weekly fresh water
20240909,96,72,Treated,7430.330892668225,weekly fresh water
20240909,96,73,Treated,9471.667982153887,weekly fresh water
20240909,96,74,Treated,6715.674477846528,weekly fresh water
20240909,96,75,Treated,7900.755445910605,weekly fresh water
20240909,96,76,Treated,7615.316156781155,weekly fresh water
20240909,96,77,Treated,13008.421980155794,weekly fresh water
20240909,96,78,Treated,6898.66417919633,weekly fresh water
20240909,96,79,Treated,11015.390583832253,weekly fresh water
20240909,96,80,Treated,8064.528310130698,weekly fresh water
20240909,96,81,Treated,7709.638290663015,weekly fresh water
20240909,96,82,Treated,14741.235456066022,weekly fresh water
20240909,96,83,Treated,8195.391620933386,weekly fresh water
20240909,96,84,Treated,8766.433125590984,weekly fresh water
20240909,96,85,Treated,7087.202644150301,weekly fresh water
20240909,96,86,Treated,2639.3462387712057,weekly fresh water
20240909,96,87,Treated,9931.385503039915,weekly fresh water
20240909,96,88,Treated,8106.89590698995,weekly fresh water
20240909,96,89,Treated,10609.620237178233,weekly fresh water
20240909,96,90,Treated,8537.68455044308,weekly fresh water
20240909,96,91,Treated,14882.410755057657,weekly fresh water
20240909,96,92,Treated,10925.271988194138,weekly fresh water
20240909,96,93,Treated,12977.289962372248,weekly fresh water
20240909,96,94,Treated,6845.064733109346,weekly fresh water
20240909,96,95,Treated,8493.985664060934,weekly fresh water
20240909,96,96,Treated,6534.717254071105,weekly fresh water
20240909,96,97,Treated,5827.2588235217445,weekly fresh water
20240909,96,98,Treated,8426.364221138578,weekly fresh water
20240909,96,99,Treated,6886.89573059271,weekly fresh water
20240909,96,100,Treated,7444.852776067107,weekly fresh water
20240909,96,101,Treated,8082.809925995086,weekly fresh water
20240909,97,1,Control,13431.432284915974,weekly temperature
20240909,97,2,Control,10528.751461727623,weekly temperature
20240909,97,3,Control,9549.567980556667,weekly temperature
20240909,97,4,Control,9637.383658450071,weekly temperature
20240909,97,5,Control,4464.718780138762,weekly temperature
20240909,97,6,Control,7928.971139193799,weekly temperature
20240909,97,7,Control,23349.33699707105,weekly temperature
20240909,97,8,Control,10841.033594237984,weekly temperature
20240909,97,9,Control,10249.916107321222,weekly temperature
20240909,97,10,Control,18894.21624544757,weekly temperature
20240909,97,11,Control,10399.964285801338,weekly temperature
20240909,97,12,Control,20189.895917827802,weekly temperature
20240909,97,13,Control,21511.397394373496,weekly temperature
20240909,97,14,Control,8455.735909234223,weekly temperature
20240909,97,15,Control,8412.862546825192,weekly temperature
20240909,97,16,Control,12419.014143546281,weekly temperature
20240909,97,17,Control,6910.146639859297,weekly temperature
20240909,97,18,Control,18510.387039048783,weekly temperature
20240909,97,19,Control,10250.79896003629,weekly temperature
20240909,97,20,Control,11023.936748540615,weekly temperature
20240909,97,21,Control,6826.395228829697,weekly temperature
20240909,97,22,Control,11159.000011644088,weekly temperature
20240909,97,23,Control,15378.032085777697,weekly temperature
20240909,97,24,Control,11749.296709732218,weekly temperature
20240909,97,25,Control,11521.519982676446,weekly temperature
20240909,97,26,Control,10141.59681016299,weekly temperature
20240909,97,27,Control,23144.75151966255,weekly temperature
20240909,97,28,Control,8995.780075800021,weekly temperature
20240909,97,29,Control,15914.686297672917,weekly temperature
20240909,97,30,Control,10934.979801803638,weekly temperature
20240909,97,31,Control,9076.918629243715,weekly temperature
20240909,97,32,Control,25402.79046585312,weekly temperature
20240909,97,33,Control,10579.135555428027,weekly temperature
20240909,97,34,Control,12690.860791304576,weekly temperature
20240909,97,35,Control,16188.624659392543,weekly temperature
20240909,97,36,Control,15998.793895463847,weekly temperature
20240909,97,37,Control,10339.178522658804,weekly temperature
20240909,97,38,Control,8618.998337574298,weekly temperature
20240909,97,39,Control,11922.85870297024,weekly temperature
20240909,97,40,Control,12198.285851288925,weekly temperature
20240909,97,41,Control,9140.591758473696,weekly temperature
20240909,97,42,Control,11379.27126726337,weekly temperature
20240909,97,43,Control,7578.018060649336,weekly temperature
20240909,97,44,Control,15943.781442523425,weekly temperature
20240909,97,45,Control,12627.08941947546,weekly temperature
20240909,97,46,Control,22981.81270653581,weekly temperature
20240909,97,47,Control,14555.1830308958,weekly temperature
20240909,97,48,Control,14101.743781996738,weekly temperature
20240909,97,49,Control,9028.217434627115,weekly temperature
20240909,97,50,Control,11341.221836887857,weekly temperature
20240909,97,51,Control,11042.185612998064,weekly temperature
20240909,97,52,Control,18328.971718708413,weekly temperature
20240909,97,53,Control,15058.693840641958,weekly temperature
20240909,97,54,Control,9964.41223825874,weekly temperature
20240909,97,55,Control,7920.793159227541,weekly temperature
20240909,97,56,Control,8773.484044782535,weekly temperature
20240909,97,57,Control,12814.935503539735,weekly temperature
20240909,97,58,Control,14514.786334158309,weekly temperature
20240909,97,59,Control,10510.955696789593,weekly temperature
20240909,97,60,Control,22491.209339002973,weekly temperature
20240909,97,61,Control,11789.487329207233,weekly temperature
20240909,97,62,Control,10336.716973789024,weekly temperature
20240909,97,63,Control,10599.15939755556,weekly temperature
20240909,97,64,Control,13259.706231971679,weekly temperature
20240909,97,65,Control,10728.656710461939,weekly temperature
20240909,97,66,Control,7647.024389743409,weekly temperature
20240909,97,67,Control,10767.882868192022,weekly temperature
20240909,97,68,Control,8892.801861391854,weekly temperature
20240909,97,69,Control,10829.016564026877,weekly temperature
20240909,97,70,Control,12676.209380090382,weekly temperature
20240909,97,71,Control,12886.958600826452,weekly temperature
20240909,97,72,Control,7104.853797718153,weekly temperature
20240909,97,73,Control,12710.668114132603,weekly temperature
20240909,97,74,Control,5842.94226959736,weekly temperature
20240909,97,75,Control,5836.132706513525,weekly temperature
20240909,97,76,Control,16524.565304183332,weekly temperature
20240909,97,77,Control,11552.076721185702,weekly temperature
20240909,97,78,Control,10390.861406849244,weekly temperature
20240909,97,79,Control,9839.427282225375,weekly temperature
20240909,97,80,Control,15353.344752461426,weekly temperature
20240909,97,81,Control,6945.763965198557,weekly temperature
20240909,97,82,Control,14131.939125654282,weekly temperature
20240909,97,83,Control,9490.100905277082,weekly temperature
20240909,97,84,Control,8093.796161333041,weekly temperature
20240909,97,85,Control,14594.918464035876,weekly temperature
20240909,97,86,Control,8057.88947293404,weekly temperature
20240909,97,87,Control,14986.736653313303,weekly temperature
20240909,97,88,Control,11360.557771424792,weekly temperature
20240909,97,89,Control,17861.83572418304,weekly temperature
20240909,97,90,Control,12658.830939485217,weekly temperature
20240909,97,91,Control,23774.662249554014,weekly temperature
20240909,97,92,Control,21487.664648314356,weekly temperature
20240909,97,93,Control,9977.180053564096,weekly temperature
20240909,97,94,Control,6718.527964902631,weekly temperature
20240909,97,95,Control,8708.009379320574,weekly temperature
20240909,97,96,Control,15202.75084733198,weekly temperature
20240909,97,97,Control,7764.992696071732,weekly temperature
20240909,97,98,Control,10603.066928490938,weekly temperature
20240909,97,99,Control,8645.856213574181,weekly temperature
20240909,97,100,Control,10482.302307260132,weekly temperature
20240909,97,101,Control,6199.7961823761425,weekly temperature
20241211,80,2,Control,11071.720331722308,weekly temperature
20241211,80,3,Control,9805.964385818157,weekly temperature
20241211,80,5,Control,15223.974247614455,weekly temperature
20241211,80,7,Control,24072.51096548731,weekly temperature
20241211,80,8,Control,29809.7218948586,weekly temperature
20241211,80,9,Control,29142.08638381358,weekly temperature
20241211,80,10,Control,41801.58547502704,weekly temperature
20241211,80,11,Control,20779.56596824708,weekly temperature
20241211,80,12,Control,23102.545533147313,weekly temperature
20241211,80,13,Control,36410.73988007532,weekly temperature
20241211,80,14,Control,22145.84203285599,weekly temperature
20241211,80,15,Control,34384.63404717294,weekly temperature
20241211,80,16,Control,42815.23692047887,weekly temperature
20241211,80,17,Control,13953.386254088084,weekly temperature
20241211,80,18,Control,35530.93381838271,weekly temperature
20241211,80,19,Control,45653.6075388082,weekly temperature
20241211,80,20,Control,34410.40636422236,weekly temperature
20241211,80,21,Control,19312.591586228657,weekly temperature
20241211,80,22,Control,21488.30060652521,weekly temperature
20241211,80,23,Control,19601.203906905874,weekly temperature
20241211,80,24,Control,16468.077672735708,weekly temperature
20241211,80,25,Control,24068.025389062987,weekly temperature
20241211,80,26,Control,29427.619914106945,weekly temperature
20241211,80,27,Control,15678.007087010144,weekly temperature
20241211,80,28,Control,22948.456653414938,weekly temperature
20241211,80,29,Control,27300.388830721648,weekly temperature
20241211,80,30,Control,17068.199133552964,weekly temperature
20241211,80,31,Control,23999.58469578909,weekly temperature
20241211,80,32,Control,34118.15304966668,weekly temperature
20241211,80,33,Control,21107.674520126868,weekly temperature
20241211,80,34,Control,35006.37146327652,weekly temperature
20241211,80,35,Control,18276.270651793016,weekly temperature
20241211,80,36,Control,73998.8041797839,weekly temperature
20241211,80,37,Control,28921.88342388362,weekly temperature
20241211,80,38,Control,9936.225819929252,weekly temperature
20241211,80,40,Control,30543.653900084922,weekly temperature
20241211,80,42,Control,11869.943521036808,weekly temperature
20241211,80,44,Control,31998.574419022505,weekly temperature
20241211,80,45,Control,28011.675116096492,weekly temperature
20241211,80,46,Control,13627.225577337964,weekly temperature
20241211,80,47,Control,20463.110240331225,weekly temperature
20241211,80,48,Control,19738.25816629129,weekly temperature
20241211,80,50,Control,9574.769136195602,weekly temperature
20241211,80,51,Control,23782.104377085678,weekly temperature
20241211,80,52,Control,26475.47007992713,weekly temperature
20241211,80,53,Control,29943.271478977374,weekly temperature
20241211,80,54,Control,17857.861806973066,weekly temperature
20241211,80,55,Control,31358.12140111958,weekly temperature
20241211,80,56,Control,20225.254642027452,weekly temperature
20241211,80,57,Control,18805.938943015553,weekly temperature
20241211,80,58,Control,13946.659442068021,weekly temperature
20241211,80,59,Control,19768.241659555628,weekly temperature
20241211,80,60,Control,27145.23986341315,weekly temperature
20241211,80,61,Control,36595.39862093695,weekly temperature
20241211,80,62,Control,21626.494053495026,weekly temperature
20241211,80,63,Control,16812.69539368898,weekly temperature
20241211,80,64,Control,21889.277596750646,weekly temperature
20241211,80,65,Control,39076.971188138836,weekly temperature
20241211,80,66,Control,21931.729193409465,weekly temperature
20241211,80,67,Control,33736.76816098803,weekly temperature
20241211,80,68,Control,22098.44138678173,weekly temperature
20241211,80,69,Control,22284.911698825632,weekly temperature
20241211,80,70,Control,41637.1446730371,weekly temperature
20241211,80,71,Control,24684.380720375964,weekly temperature
20241211,80,72,Control,47168.884895877345,weekly temperature
20241211,80,73,Control,26014.11807025881,weekly temperature
20241211,80,74,Control,45449.05910628598,weekly temperature
20241211,80,75,Control,23770.597072862456,weekly temperature
20241211,80,76,Control,18141.803084705447,weekly temperature
20241211,80,77,Control,26574.81498543096,weekly temperature
20241211,80,78,Control,19256.356440923377,weekly temperature
20241211,80,79,Control,33935.37305115201,weekly temperature
20241211,80,80,Control,31688.30201580752,weekly temperature
20241211,80,81,Control,12090.37586175576,weekly temperature
20241211,80,83,Control,27510.71311988235,weekly temperature
20241211,80,84,Control,16600.76546933367,weekly temperature
20241211,80,85,Control,13162.695483311742,weekly temperature
20241211,80,86,Control,24521.524769456464,weekly temperature
20241211,80,87,Control,32838.748746282094,weekly temperature
20241211,80,88,Control,14072.530099268572,weekly temperature
20241211,80,89,Control,17636.400499747895,weekly temperature
20241211,80,90,Control,25690.25624811393,weekly temperature
20241211,80,91,Control,22512.125144117734,weekly temperature
20241211,80,92,Control,21161.798369195483,weekly temperature
20241211,80,93,Control,25554.751842046808,weekly temperature
20241211,80,94,Control,35163.52126361873,weekly temperature
20241211,80,95,Control,16866.142102289043,weekly temperature
20241211,80,96,Control,26825.078259970753,weekly temperature
20241211,80,97,Control,16354.76082879188,weekly temperature
20241211,80,98,Control,20983.282918569752,weekly temperature
20241211,80,99,Control,18227.095206209164,weekly temperature
20241211,80,100,Control,17992.85098341683,weekly temperature
20241211,80,101,Control,28135.3862792157,weekly temperature
20241211,80,102,Control,36150.51941094774,weekly temperature
20241211,81,1,Control,26933.13934179142,weekly fresh water
20241211,81,2,Control,28790.295300246158,weekly fresh water
20241211,81,4,Control,17809.694767646808,weekly fresh water
20241211,81,5,Control,18477.54036708089,weekly fresh water
20241211,81,6,Control,16048.29669395432,weekly fresh water
20241211,81,7,Control,30611.35230756676,weekly fresh water
20241211,81,8,Control,17567.746007112495,weekly fresh water
20241211,81,9,Control,49003.77452878515,weekly fresh water
20241211,81,10,Control,20986.13506644972,weekly fresh water
20241211,81,11,Control,19976.666537903293,weekly fresh water
20241211,81,12,Control,31284.633235421406,weekly fresh water
20241211,81,13,Control,30839.68361174264,weekly fresh water
20241211,81,14,Control,29912.411141594166,weekly fresh water
20241211,81,15,Control,18398.264904401414,weekly fresh water
20241211,81,16,Control,41863.54169156971,weekly fresh water
20241211,81,17,Control,18011.13322543333,weekly fresh water
20241211,81,18,Control,55248.819348158395,weekly fresh water
20241211,81,19,Control,38996.65751059393,weekly fresh water
20241211,81,20,Control,27138.15144003645,weekly fresh water
20241211,81,21,Control,40211.20437037073,weekly fresh water
20241211,81,22,Control,39095.196039337796,weekly fresh water
20241211,81,23,Control,35928.70290345306,weekly fresh water
20241211,81,24,Control,34740.92052623455,weekly fresh water
20241211,81,25,Control,29966.087333980213,weekly fresh water
20241211,81,26,Control,39640.797221639674,weekly fresh water
20241211,81,27,Control,35359.693060005746,weekly fresh water
20241211,81,28,Control,20637.420423340438,weekly fresh water
20241211,81,29,Control,9155.114334466823,weekly fresh water
20241211,81,30,Control,20384.331060368506,weekly fresh water
20241211,81,31,Control,12703.094403275409,weekly fresh water
20241211,81,32,Control,13803.251603289349,weekly fresh water
20241211,81,33,Control,24193.54705728117,weekly fresh water
20241211,81,34,Control,21281.47776586393,weekly fresh water
20241211,81,35,Control,29599.598575992906,weekly fresh water
20241211,81,36,Control,17802.48143365563,weekly fresh water
20241211,81,37,Control,23370.52549478507,weekly fresh water
20241211,81,38,Control,17007.267405609564,weekly fresh water
20241211,81,39,Control,18290.483629944985,weekly fresh water
20241211,81,40,Control,16815.154108475854,weekly fresh water
20241211,81,41,Control,31427.882021720245,weekly fresh water
20241211,81,42,Control,22253.936586894408,weekly fresh water
20241211,81,43,Control,21178.525241160078,weekly fresh water
20241211,81,44,Control,38732.18328993223,weekly fresh water
20241211,81,45,Control,31603.615094197412,weekly fresh water
20241211,81,46,Control,24593.445044411827,weekly fresh water
20241211,81,47,Control,38050.05199718851,weekly fresh water
20241211,81,48,Control,28196.03612300897,weekly fresh water
20241211,81,49,Control,52388.30543437159,weekly fresh water
20241211,81,50,Control,24260.902582151175,weekly fresh water
20241211,81,51,Control,57751.90948726816,weekly fresh water
20241211,81,52,Control,33416.595590902994,weekly fresh water
20241211,81,53,Control,28510.07641610383,weekly fresh water
20241211,81,54,Control,49748.0747994441,weekly fresh water
20241211,81,55,Control,22601.530949140324,weekly fresh water
20241211,81,56,Control,29723.664758969324,weekly fresh water
20241211,81,57,Control,14794.404123966317,weekly fresh water
20241211,81,58,Control,21206.039813224288,weekly fresh water
20241211,81,60,Control,16621.540142914913,weekly fresh water
20241211,81,61,Control,21565.732592263634,weekly fresh water
20241211,81,62,Control,22219.92465459439,weekly fresh water
20241211,81,63,Control,29787.55603876547,weekly fresh water
20241211,81,64,Control,19621.16075356004,weekly fresh water
20241211,81,65,Control,62188.27458917262,weekly fresh water
20241211,81,67,Control,43442.92468366838,weekly fresh water
20241211,81,68,Control,18217.98207346399,weekly fresh water
20241211,81,69,Control,29139.316080707933,weekly fresh water
20241211,81,70,Control,19759.08449381508,weekly fresh water
20241211,81,71,Control,21047.132776812497,weekly fresh water
20241211,81,72,Control,24039.70590212632,weekly fresh water
20241211,81,73,Control,19210.951708933582,weekly fresh water
20241211,81,74,Control,28930.59920223221,weekly fresh water
20241211,81,75,Control,23190.096145854495,weekly fresh water
20241211,81,76,Control,40163.513892988085,weekly fresh water
20241211,81,77,Control,21514.369875154327,weekly fresh water
20241211,81,79,Control,35174.90939758704,weekly fresh water
20241211,81,80,Control,20036.966561744804,weekly fresh water
20241211,81,81,Control,40246.814823181245,weekly fresh water
20241211,81,82,Control,29848.88770462042,weekly fresh water
20241211,81,83,Control,34760.51636815275,weekly fresh water
20241211,81,85,Control,19891.841960802918,weekly fresh water
20241211,81,86,Control,24311.345095680717,weekly fresh water
20241211,81,87,Control,28510.496688898806,weekly fresh water
20241211,81,88,Control,47675.8761971286,weekly fresh water
20241211,81,90,Control,19760.43171588549,weekly fresh water
20241211,81,91,Control,22622.080536189766,weekly fresh water
20241211,81,93,Control,20601.076792300184,weekly fresh water
20241211,81,94,Control,20606.67945748394,weekly fresh water
20241211,81,95,Control,27977.223837006848,weekly fresh water
20241211,81,96,Control,35314.6620180382,weekly fresh water
20241211,81,97,Control,9305.47001773345,weekly fresh water
20241211,81,98,Control,16675.148324589358,weekly fresh water
20241211,81,99,Control,42846.93597290738,weekly fresh water
20241211,81,100,Control,19146.99451892286,weekly fresh water
20241211,81,101,Control,37397.61895360694,weekly fresh water
20241211,81,102,Control,41259.9871716352,weekly fresh water
20241211,82,1,Control,16240.883688925536,weekly fresh water
20241211,82,2,Control,20383.056830344845,weekly fresh water
20241211,82,3,Control,24451.616868229685,weekly fresh water
20241211,82,4,Control,20461.824855783987,weekly fresh water
20241211,82,5,Control,19857.29772844799,weekly fresh water
20241211,82,6,Control,11024.500664868076,weekly fresh water
20241211,82,7,Control,25442.799142675605,weekly fresh water
20241211,82,8,Control,19664.379533656374,weekly fresh water
20241211,82,9,Control,16291.038310125374,weekly fresh water
20241211,82,10,Control,32947.804632197665,weekly fresh water
20241211,82,11,Control,25469.35316139831,weekly fresh water
20241211,82,12,Control,25455.79910149867,weekly fresh water
20241211,82,13,Control,24295.748197311634,weekly fresh water
20241211,82,14,Control,19497.675902519022,weekly fresh water
20241211,82,15,Control,32099.55796044075,weekly fresh water
20241211,82,16,Control,19342.088404387774,weekly fresh water
20241211,82,17,Control,47339.79651415122,weekly fresh water
20241211,82,18,Control,30295.66736018016,weekly fresh water
20241211,82,19,Control,18759.4723445675,weekly fresh water
20241211,82,20,Control,26950.496098770884,weekly fresh water
20241211,82,21,Control,9103.429389748602,weekly fresh water
20241211,82,23,Control,23776.320328482558,weekly fresh water
20241211,82,24,Control,13505.254455460938,weekly fresh water
20241211,82,25,Control,17050.069045886183,weekly fresh water
20241211,82,26,Control,7428.6765572481845,weekly fresh water
20241211,82,27,Control,23591.778908239787,weekly fresh water
20241211,82,28,Control,32939.20061673443,weekly fresh water
20241211,82,29,Control,25045.057454398444,weekly fresh water
20241211,82,30,Control,13932.618727459541,weekly fresh water
20241211,82,31,Control,9935.827801213585,weekly fresh water
20241211,82,33,Control,14392.085755200153,weekly fresh water
20241211,82,34,Control,13002.900743822942,weekly fresh water
20241211,82,35,Control,7746.731347080942,weekly fresh water
20241211,82,36,Control,23791.99496442684,weekly fresh water
20241211,82,37,Control,25379.911673308397,weekly fresh water
20241211,82,38,Control,21816.26832155091,weekly fresh water
20241211,82,39,Control,13818.831366611517,weekly fresh water
20241211,82,40,Control,23586.538290494318,weekly fresh water
20241211,82,41,Control,6939.138343624175,weekly fresh water
20241211,82,42,Control,13839.53212430855,weekly fresh water
20241211,82,43,Control,19731.313803655725,weekly fresh water
20241211,82,44,Control,20555.23778795755,weekly fresh water
20241211,82,45,Control,25179.746438926264,weekly fresh water
20241211,82,46,Control,29760.333358739063,weekly fresh water
20241211,82,47,Control,13691.290820336415,weekly fresh water
20241211,82,48,Control,12908.548925461173,weekly fresh water
20241211,82,49,Control,29179.983886477137,weekly fresh water
20241211,82,50,Control,16812.211501547154,weekly fresh water
20241211,82,51,Control,26792.640049997564,weekly fresh water
20241211,82,52,Control,17826.705717167737,weekly fresh water
20241211,82,53,Control,44774.08390126704,weekly fresh water
20241211,82,54,Control,11842.596342455508,weekly fresh water
20241211,82,55,Control,11044.508333128986,weekly fresh water
20241211,82,56,Control,18531.766360789887,weekly fresh water
20241211,82,57,Control,10803.14713889462,weekly fresh water
20241211,82,59,Control,11966.470973832038,weekly fresh water
20241211,82,60,Control,14014.069360547906,weekly fresh water
20241211,82,61,Control,17180.27994073295,weekly fresh water
20241211,82,62,Control,14750.269045522631,weekly fresh water
20241211,82,64,Control,18861.439516176935,weekly fresh water
20241211,82,65,Control,25642.281896509365,weekly fresh water
20241211,82,66,Control,12330.292004879126,weekly fresh water
20241211,82,67,Control,11386.795881753222,weekly fresh water
20241211,82,68,Control,12027.96104037218,weekly fresh water
20241211,82,69,Control,15510.481822676671,weekly fresh water
20241211,82,70,Control,12795.857971881458,weekly fresh water
20241211,82,71,Control,20798.26635994664,weekly fresh water
20241211,82,72,Control,18586.226378095747,weekly fresh water
20241211,82,73,Control,32844.776645064834,weekly fresh water
20241211,82,74,Control,17840.161809399808,weekly fresh water
20241211,82,75,Control,15192.91205761197,weekly fresh water
20241211,82,76,Control,30061.39400862335,weekly fresh water
20241211,82,77,Control,14698.032979417509,weekly fresh water
20241211,82,78,Control,22614.71005330432,weekly fresh water
20241211,82,79,Control,10963.141144355697,weekly fresh water
20241211,82,80,Control,24712.7681426106,weekly fresh water
20241211,82,81,Control,7994.907848223012,weekly fresh water
20241211,82,82,Control,29623.488754304857,weekly fresh water
20241211,82,83,Control,14415.081524688803,weekly fresh water
20241211,82,84,Control,14502.702720647252,weekly fresh water
20241211,82,85,Control,20604.742624057886,weekly fresh water
20241211,82,86,Control,19274.330636017596,weekly fresh water
20241211,82,87,Control,21958.85240216675,weekly fresh water
20241211,82,88,Control,15891.38007355243,weekly fresh water
20241211,82,89,Control,17470.864000061214,weekly fresh water
20241211,82,90,Control,11532.168531621797,weekly fresh water
20241211,82,91,Control,26204.45547116477,weekly fresh water
20241211,82,92,Control,10448.357088429468,weekly fresh water
20241211,82,93,Control,18811.446114514092,weekly fresh water
20241211,82,94,Control,25957.370968144955,weekly fresh water
20241211,83,1,Treated,38811.85761774414,weekly temperature
20241211,83,2,Treated,46991.20654098248,weekly temperature
20241211,83,3,Treated,37856.35995071813,weekly temperature
20241211,83,4,Treated,32332.727870129733,weekly temperature
20241211,83,5,Treated,48163.90678579202,weekly temperature
20241211,83,6,Treated,15946.020799079073,weekly temperature
20241211,83,7,Treated,18304.379624168214,weekly temperature
20241211,83,10,Treated,37607.233870156306,weekly temperature
20241211,83,11,Treated,65497.39288439924,weekly temperature
20241211,83,12,Treated,29077.53446856056,weekly temperature
20241211,83,13,Treated,9308.881827108138,weekly temperature
20241211,83,16,Treated,29687.817267276674,weekly temperature
20241211,83,17,Treated,24875.04767976414,weekly temperature
20241211,83,18,Treated,37935.87895672659,weekly temperature
20241211,83,19,Treated,51707.74088984409,weekly temperature
20241211,83,20,Treated,64590.40577250833,weekly temperature
20241211,83,21,Treated,52560.84515779214,weekly temperature
20241211,83,23,Treated,33619.8719962709,weekly temperature
20241211,83,24,Treated,45235.378197755206,weekly temperature
20241211,83,25,Treated,33571.33531623308,weekly temperature
20241211,83,26,Treated,56890.37679928457,weekly temperature
20241211,83,27,Treated,21687.77426287618,weekly temperature
20241211,83,28,Treated,41430.67185605427,weekly temperature
20241211,83,29,Treated,19550.342938797126,weekly temperature
20241211,83,31,Treated,35391.954110082785,weekly temperature
20241211,83,32,Treated,30006.33900327562,weekly temperature
20241211,83,33,Treated,54862.14723571452,weekly temperature
20241211,83,34,Treated,22834.379814464162,weekly temperature
20241211,83,35,Treated,26862.64805748495,weekly temperature
20241211,83,37,Treated,44207.34007204103,weekly temperature
20241211,83,38,Treated,22809.299832912904,weekly temperature
20241211,83,39,Treated,45754.98555772816,weekly temperature
20241211,83,40,Treated,31701.17002741785,weekly temperature
20241211,83,42,Treated,42183.01209997287,weekly temperature
20241211,83,43,Treated,51503.891086292744,weekly temperature
20241211,83,44,Treated,47148.10050717046,weekly temperature
20241211,83,45,Treated,33828.03566894938,weekly temperature
20241211,83,46,Treated,43222.704245340436,weekly temperature
20241211,83,47,Treated,43415.07690286643,weekly temperature
20241211,83,48,Treated,30754.29452542557,weekly temperature
20241211,83,49,Treated,12644.283310031093,weekly temperature
20241211,83,50,Treated,19384.629551973372,weekly temperature
20241211,83,51,Treated,31154.30281381164,weekly temperature
20241211,83,53,Treated,46530.08913683872,weekly temperature
20241211,83,54,Treated,27226.060345671525,weekly temperature
20241211,83,55,Treated,17217.05946497303,weekly temperature
20241211,83,56,Treated,23780.83783239512,weekly temperature
20241211,83,57,Treated,11947.621436359701,weekly temperature
20241211,83,58,Treated,33933.03149876135,weekly temperature
20241211,83,59,Treated,28785.589377896184,weekly temperature
20241211,83,60,Treated,17838.03926526221,weekly temperature
20241211,83,61,Treated,21651.480566347724,weekly temperature
20241211,83,64,Treated,26647.02727959516,weekly temperature
20241211,83,65,Treated,22510.026888654684,weekly temperature
20241211,83,66,Treated,40528.7369859484,weekly temperature
20241211,83,67,Treated,53381.84010324728,weekly temperature
20241211,83,68,Treated,36105.83759769845,weekly temperature
20241211,83,69,Treated,19198.667436864896,weekly temperature
20241211,83,70,Treated,63885.718710987596,weekly temperature
20241211,83,71,Treated,27641.358321269596,weekly temperature
20241211,83,72,Treated,49847.80234134417,weekly temperature
20241211,83,73,Treated,54488.00455350881,weekly temperature
20241211,83,74,Treated,23581.369711991203,weekly temperature
20241211,83,75,Treated,27640.463130688004,weekly temperature
20241211,83,76,Treated,30161.14423748917,weekly temperature
20241211,83,77,Treated,35595.44766072635,weekly temperature
20241211,83,80,Treated,41105.41477207643,weekly temperature
20241211,83,81,Treated,56746.534147744045,weekly temperature
20241211,83,83,Treated,51696.150943799796,weekly temperature
20241211,83,84,Treated,41189.42027727127,weekly temperature
20241211,83,85,Treated,14339.918023848697,weekly temperature
20241211,83,86,Treated,31535.74593433202,weekly temperature
20241211,83,87,Treated,28890.44712941042,weekly temperature
20241211,83,88,Treated,28356.936896503415,weekly temperature
20241211,83,89,Treated,36430.78148337962,weekly temperature
20241211,83,90,Treated,24633.928878892864,weekly temperature
20241211,83,93,Treated,41249.852305071276,weekly temperature
20241211,83,94,Treated,44031.052669296136,weekly temperature
20241211,83,95,Treated,28806.8357764862,weekly temperature
20241211,83,96,Treated,30599.989354293604,weekly temperature
20241211,84,1,Treated,16542.71101890409,weekly fresh water
20241211,84,2,Treated,17013.2476661685,weekly fresh water
20241211,84,3,Treated,9674.40833053027,weekly fresh water
20241211,84,5,Treated,28172.40375078888,weekly fresh water
20241211,84,7,Treated,38666.67954547902,weekly fresh water
20241211,84,8,Treated,35986.66973213587,weekly fresh water
20241211,84,9,Treated,20670.714484310654,weekly fresh water
20241211,84,10,Treated,23023.85839613275,weekly fresh water
20241211,84,11,Treated,35870.77020790183,weekly fresh water
20241211,84,12,Treated,33179.89453957783,weekly fresh water
20241211,84,13,Treated,16572.11328304636,weekly fresh water
20241211,84,15,Treated,22752.378739898017,weekly fresh water
20241211,84,17,Treated,33168.64861596043,weekly fresh water
20241211,84,19,Treated,16671.992003977033,weekly fresh water
20241211,84,21,Treated,24107.187074535246,weekly fresh water
20241211,84,22,Treated,18125.149462254125,weekly fresh water
20241211,84,23,Treated,24968.847612923153,weekly fresh water
20241211,84,24,Treated,20587.583993995413,weekly fresh water
20241211,84,25,Treated,19299.174583241816,weekly fresh water
20241211,84,26,Treated,38426.90153377113,weekly fresh water
20241211,84,28,Treated,50076.85066947911,weekly fresh water
20241211,84,30,Treated,26991.88712066175,weekly fresh water
20241211,84,31,Treated,32612.461868582643,weekly fresh water
20241211,84,32,Treated,23419.436943713656,weekly fresh water
20241211,84,34,Treated,32159.156371690337,weekly fresh water
20241211,84,36,Treated,18335.838831807447,weekly fresh water
20241211,84,37,Treated,24155.147751021308,weekly fresh water
20241211,84,38,Treated,20062.15404118518,weekly fresh water
20241211,84,39,Treated,43576.78174343994,weekly fresh water
20241211,84,40,Treated,11785.172881314124,weekly fresh water
20241211,84,41,Treated,14962.461734926273,weekly fresh water
20241211,84,42,Treated,13074.915639848039,weekly fresh water
20241211,84,43,Treated,21430.756816990044,weekly fresh water
20241211,84,45,Treated,25423.94251133662,weekly fresh water
20241211,84,46,Treated,39921.81705535877,weekly fresh water
20241211,84,48,Treated,29563.067851440803,weekly fresh water
20241211,84,49,Treated,38881.75767738148,weekly fresh water
20241211,84,50,Treated,42032.505946372694,weekly fresh water
20241211,84,52,Treated,26264.420709414375,weekly fresh water
20241211,84,53,Treated,29439.45279340536,weekly fresh water
20241211,84,54,Treated,20894.257507922102,weekly fresh water
20241211,84,55,Treated,26842.866987863355,weekly fresh water
20241211,84,56,Treated,40355.29977110675,weekly fresh water
20241211,84,57,Treated,16802.24931264615,weekly fresh water
20241211,84,58,Treated,19384.552426083512,weekly fresh water
20241211,84,59,Treated,20128.04200739605,weekly fresh water
20241211,84,60,Treated,49066.18574342955,weekly fresh water
20241211,84,61,Treated,22192.166249425136,weekly fresh water
20241211,84,62,Treated,23079.57438653426,weekly fresh water
20241211,84,63,Treated,13986.688827370588,weekly fresh water
20241211,84,64,Treated,19673.07105096648,weekly fresh water
20241211,84,65,Treated,19073.533127200473,weekly fresh water
20241211,84,66,Treated,23412.23493452512,weekly fresh water
20241211,84,67,Treated,20136.989796406113,weekly fresh water
20241211,84,68,Treated,24762.223800356147,weekly fresh water
20241211,84,69,Treated,26255.010407284986,weekly fresh water
20241211,84,70,Treated,26458.441668929117,weekly fresh water
20241211,84,71,Treated,37600.137716225,weekly fresh water
20241211,84,72,Treated,10369.210190056732,weekly fresh water
20241211,84,75,Treated,28295.92372817509,weekly fresh water
20241211,84,76,Treated,31483.3777437079,weekly fresh water
20241211,84,77,Treated,10239.8043644424,weekly fresh water
20241211,84,78,Treated,39059.37137965919,weekly fresh water
20241211,84,79,Treated,34490.20029021616,weekly fresh water
20241211,84,80,Treated,22142.286584043137,weekly fresh water
20241211,84,81,Treated,15292.37780750974,weekly fresh water
20241211,84,82,Treated,26387.90869953845,weekly fresh water
20241211,84,83,Treated,19902.368661730816,weekly fresh water
20241211,84,84,Treated,26633.134615943036,weekly fresh water
20241211,84,85,Treated,35094.633143678875,weekly fresh water
20241211,84,86,Treated,12808.873409099713,weekly fresh water
20241211,84,87,Treated,47754.18587153082,weekly fresh water
20241211,84,88,Treated,28726.611605077193,weekly fresh water
20241211,84,89,Treated,18300.793592981063,weekly fresh water
20241211,84,90,Treated,16659.06296648715,weekly fresh water
20241211,84,91,Treated,28438.884404451397,weekly fresh water
20241211,84,92,Treated,76854.1515697466,weekly fresh water
20241211,84,93,Treated,25940.843240745216,weekly fresh water
20241211,84,94,Treated,32269.911924259148,weekly fresh water
20241211,84,95,Treated,16236.522800304705,weekly fresh water
20241211,84,96,Treated,22194.35884845862,weekly fresh water
20241211,84,97,Treated,28122.615369625943,weekly fresh water
20241211,85,1,Treated,23590.323325622212,weekly temperature
20241211,85,2,Treated,37022.03075472127,weekly temperature
20241211,85,3,Treated,34510.376084352385,weekly temperature
20241211,85,4,Treated,20829.37055349405,weekly temperature
20241211,85,5,Treated,31796.93982777785,weekly temperature
20241211,85,6,Treated,16805.01110157211,weekly temperature
20241211,85,7,Treated,33851.80326841383,weekly temperature
20241211,85,8,Treated,27674.02290795798,weekly temperature
20241211,85,9,Treated,19211.733773126467,weekly temperature
20241211,85,10,Treated,55353.30083249817,weekly temperature
20241211,85,11,Treated,38322.48986161852,weekly temperature
20241211,85,12,Treated,28589.277315365565,weekly temperature
20241211,85,13,Treated,26209.6431013394,weekly temperature
20241211,85,14,Treated,27962.198811789593,weekly temperature
20241211,85,17,Treated,16725.742226337563,weekly temperature
20241211,85,18,Treated,54238.92523407822,weekly temperature
20241211,85,19,Treated,15089.955200616416,weekly temperature
20241211,85,20,Treated,48850.379621255786,weekly temperature
20241211,85,21,Treated,12938.219442493939,weekly temperature
20241211,85,22,Treated,27927.074397607546,weekly temperature
20241211,85,23,Treated,18773.41735830421,weekly temperature
20241211,85,24,Treated,45435.722089486255,weekly temperature
20241211,85,25,Treated,37293.03948238681,weekly temperature
20241211,85,26,Treated,29766.54170844821,weekly temperature
20241211,85,27,Treated,24862.487002300146,weekly temperature
20241211,85,28,Treated,29289.29977158522,weekly temperature
20241211,85,29,Treated,38392.77403883782,weekly temperature
20241211,85,30,Treated,49605.340194519005,weekly temperature
20241211,85,31,Treated,43892.689906846805,weekly temperature
20241211,85,32,Treated,40917.51628992282,weekly temperature
20241211,85,33,Treated,27258.366829436847,weekly temperature
20241211,85,35,Treated,26362.20638496797,weekly temperature
20241211,85,36,Treated,40734.76937426754,weekly temperature
20241211,85,37,Treated,26470.65271002925,weekly temperature
20241211,85,38,Treated,38352.54188427999,weekly temperature
20241211,85,39,Treated,16084.425300969893,weekly temperature
20241211,85,40,Treated,54446.1910574281,weekly temperature
20241211,85,41,Treated,29131.25094062598,weekly temperature
20241211,85,42,Treated,29225.994587318506,weekly temperature
20241211,85,43,Treated,38846.51204022921,weekly temperature
20241211,85,44,Treated,23259.384135939687,weekly temperature
20241211,85,45,Treated,32677.800084312727,weekly temperature
20241211,85,46,Treated,45522.086750587536,weekly temperature
20241211,85,47,Treated,48494.33486984558,weekly temperature
20241211,85,48,Treated,22826.769859128795,weekly temperature
20241211,85,49,Treated,54385.510576004745,weekly temperature
20241211,85,51,Treated,18657.685331467572,weekly temperature
20241211,85,52,Treated,28710.375532536764,weekly temperature
20241211,85,53,Treated,30175.83255940168,weekly temperature
20241211,85,54,Treated,13102.04734381706,weekly temperature
20241211,85,55,Treated,10007.499261239098,weekly temperature
20241211,85,56,Treated,18148.394680913145,weekly temperature
20241211,85,58,Treated,37941.55395444946,weekly temperature
20241211,85,59,Treated,11889.534785944767,weekly temperature
20241211,85,60,Treated,20736.999865233058,weekly temperature
20241211,85,61,Treated,24946.76299569252,weekly temperature
20241211,85,62,Treated,23254.170481899684,weekly temperature
20241211,85,63,Treated,13283.294656234708,weekly temperature
20241211,85,64,Treated,16338.419762015425,weekly temperature
20241211,85,65,Treated,22326.701076992416,weekly temperature
20241211,85,66,Treated,28466.32147070778,weekly temperature
20241211,85,67,Treated,29303.6921825833,weekly temperature
20241211,85,68,Treated,16519.742188684326,weekly temperature
20241211,85,69,Treated,34593.128404360905,weekly temperature
20241211,85,70,Treated,49827.327147120035,weekly temperature
20241211,85,71,Treated,26139.463176506906,weekly temperature
20241211,85,72,Treated,43609.35899438568,weekly temperature
20241211,85,73,Treated,14019.720741086267,weekly temperature
20241211,85,74,Treated,50024.372543260055,weekly temperature
20241211,85,75,Treated,38185.50008872608,weekly temperature
20241211,85,76,Treated,36280.46603476282,weekly temperature
20241211,85,78,Treated,37383.9871427014,weekly temperature
20241211,85,79,Treated,29365.170411498988,weekly temperature
20241211,85,80,Treated,21454.60624746422,weekly temperature
20241211,85,81,Treated,30765.030048395583,weekly temperature
20241211,85,82,Treated,23890.501753743956,weekly temperature
20241211,85,83,Treated,34342.93241003848,weekly temperature
20241211,85,84,Treated,32601.872063303625,weekly temperature
20241211,85,85,Treated,25102.464075555992,weekly temperature
20241211,85,86,Treated,25881.188202805508,weekly temperature
20241211,85,88,Treated,48874.15652694787,weekly temperature
20241211,85,89,Treated,40075.905593887735,weekly temperature
20241211,85,90,Treated,10915.655671277696,weekly temperature
20241211,85,91,Treated,41337.8271744634,weekly temperature
20241211,85,92,Treated,34017.5167092944,weekly temperature
20241211,85,93,Treated,45150.111301162826,weekly temperature
20241211,85,94,Treated,30564.096482711942,weekly temperature
20241211,85,95,Treated,37053.129933531476,weekly temperature
20241211,85,96,Treated,39017.50506368134,weekly temperature
20241211,86,1,Control,16855.296926025752,weekly fresh water
20241211,86,2,Control,42524.86986061458,weekly fresh water
20241211,86,3,Control,19617.105367479904,weekly fresh water
20241211,86,4,Control,22074.941313366922,weekly fresh water
20241211,86,5,Control,47443.400887992895,weekly fresh water
20241211,86,6,Control,31873.797646001123,weekly fresh water
20241211,86,7,Control,20335.34645889454,weekly fresh water
20241211,86,9,Control,42579.80015683177,weekly fresh water
20241211,86,10,Control,23330.001621664185,weekly fresh water
20241211,86,11,Control,42056.542259985144,weekly fresh water
20241211,86,12,Control,36823.08391394086,weekly fresh water
20241211,86,13,Control,38911.36881810161,weekly fresh water
20241211,86,14,Control,14207.06807259314,weekly fresh water
20241211,86,15,Control,32914.43792762747,weekly fresh water
20241211,86,16,Control,31047.468059143364,weekly fresh water
20241211,86,17,Control,22724.29906633669,weekly fresh water
20241211,86,18,Control,26612.5795462246,weekly fresh water
20241211,86,19,Control,57100.21329203261,weekly fresh water
20241211,86,20,Control,37749.287558211276,weekly fresh water
20241211,86,21,Control,32942.90757963747,weekly fresh water
20241211,86,22,Control,29373.15097755507,weekly fresh water
20241211,86,23,Control,28190.726991781536,weekly fresh water
20241211,86,25,Control,13664.698837797883,weekly fresh water
20241211,86,26,Control,20820.691906786054,weekly fresh water
20241211,86,27,Control,16242.02176497118,weekly fresh water
20241211,86,28,Control,19092.06126343411,weekly fresh water
20241211,86,29,Control,42399.74876476531,weekly fresh water
20241211,86,31,Control,18664.879636393696,weekly fresh water
20241211,86,32,Control,25146.958040112157,weekly fresh water
20241211,86,33,Control,22958.40504358679,weekly fresh water
20241211,86,34,Control,40325.501543539,weekly fresh water
20241211,86,35,Control,17994.12348440666,weekly fresh water
20241211,86,36,Control,40127.305622451924,weekly fresh water
20241211,86,37,Control,38952.64784993125,weekly fresh water
20241211,86,38,Control,29441.170686284804,weekly fresh water
20241211,86,39,Control,47221.993812110726,weekly fresh water
20241211,86,40,Control,26062.88724416612,weekly fresh water
20241211,86,41,Control,22012.61656310411,weekly fresh water
20241211,86,43,Control,12330.292004879126,weekly fresh water
20241211,86,44,Control,11386.795881753222,weekly fresh water
20241211,86,45,Control,12027.96104037218,weekly fresh water
20241211,86,46,Control,15510.481822676671,weekly fresh water
20241211,86,47,Control,12795.857971881458,weekly fresh water
20241211,86,48,Control,20798.26635994664,weekly fresh water
20241211,86,49,Control,18586.226378095747,weekly fresh water
20241211,86,50,Control,32844.776645064834,weekly fresh water
20241211,86,51,Control,17840.161809399808,weekly fresh water
20241211,86,52,Control,15192.91205761197,weekly fresh water
20241211,86,53,Control,30061.39400862335,weekly fresh water
20241211,86,54,Control,14698.032979417509,weekly fresh water
20241211,86,55,Control,22614.71005330432,weekly fresh water
20241211,86,56,Control,10963.141144355697,weekly fresh water
20241211,86,57,Control,24712.7681426106,weekly fresh water
20241211,86,58,Control,7994.907848223012,weekly fresh water
20241211,86,59,Control,29623.488754304857,weekly fresh water
20241211,86,60,Control,14415.081524688803,weekly fresh water
20241211,86,61,Control,47206.2354032107,weekly fresh water
20241211,86,62,Control,31737.472719703033,weekly fresh water
20241211,86,63,Control,28536.062792095687,weekly fresh water
20241211,86,64,Control,31010.51484682429,weekly fresh water
20241211,86,65,Control,35538.32727934516,weekly fresh water
20241211,86,66,Control,25955.69201182845,weekly fresh water
20241211,86,67,Control,41078.56709189796,weekly fresh water
20241211,86,68,Control,27545.952658943646,weekly fresh water
20241211,86,69,Control,30325.978801340916,weekly fresh water
20241211,86,70,Control,14331.422862567959,weekly fresh water
20241211,86,71,Control,21950.927780111488,weekly fresh water
20241211,86,72,Control,18204.844876024086,weekly fresh water
20241211,86,73,Control,35954.77831694435,weekly fresh water
20241211,86,74,Control,27683.888943257243,weekly fresh water
20241211,86,75,Control,34164.247898157584,weekly fresh water
20241211,86,76,Control,17208.11711208932,weekly fresh water
20241211,86,77,Control,29037.007869781366,weekly fresh water
20241211,86,78,Control,49990.86964126767,weekly fresh water
20241211,86,79,Control,21888.837947835706,weekly fresh water
20241211,86,80,Control,33568.25115023662,weekly fresh water
20241211,86,81,Control,24057.061649594514,weekly fresh water
20241211,86,82,Control,30345.614936861577,weekly fresh water
20241211,86,83,Control,45529.21471736784,weekly fresh water
20241211,86,84,Control,55500.27203041317,weekly fresh water
20241211,86,85,Control,23132.09932427519,weekly fresh water
20241211,86,86,Control,7492.532599997217,weekly fresh water
20241211,86,87,Control,24387.849334974577,weekly fresh water
20241211,86,88,Control,24308.792962994597,weekly fresh water
20241211,86,89,Control,14798.913286310342,weekly fresh water
20241211,86,90,Control,58392.413422598256,weekly fresh water
20241211,86,91,Control,30895.41584219442,weekly fresh water
20241211,86,92,Control,32116.087147885944,weekly fresh water
20241211,86,93,Control,51978.28303936079,weekly fresh water
20241211,86,94,Control,23512.453378990915,weekly fresh water
20241211,86,95,Control,30000.866658984236,weekly fresh water
20241211,86,96,Control,59861.106343069354,weekly fresh water
20241211,86,97,Control,38654.4244126728,weekly fresh water
20241211,87,1,Control,13398.998113709331,weekly fresh water
20241211,87,2,Control,10829.923955267222,weekly fresh water
20241211,87,3,Control,26954.2620938939,weekly fresh water
20241211,87,4,Control,54613.95739064782,weekly fresh water
20241211,87,5,Control,50221.13801004349,weekly fresh water
20241211,87,6,Control,42521.86176104714,weekly fresh water
20241211,87,7,Control,21895.729065749547,weekly fresh water
20241211,87,8,Control,34425.54662516796,weekly fresh water
20241211,87,9,Control,15145.15084721322,weekly fresh water
20241211,87,10,Control,25836.49929102552,weekly fresh water
20241211,87,11,Control,25900.30034829479,weekly fresh water
20241211,87,12,Control,20751.044580863523,weekly fresh water
20241211,87,13,Control,19617.734544586154,weekly fresh water
20241211,87,14,Control,65826.09466085488,weekly fresh water
20241211,87,15,Control,28327.658343583676,weekly fresh water
20241211,87,16,Control,21317.57256044521,weekly fresh water
20241211,87,17,Control,37336.61663083144,weekly fresh water
20241211,87,18,Control,24730.284541026645,weekly fresh water
20241211,87,19,Control,44946.62289690678,weekly fresh water
20241211,87,20,Control,26116.068698763553,weekly fresh water
20241211,87,21,Control,21675.748235386287,weekly fresh water
20241211,87,22,Control,29152.505008599877,weekly fresh water
20241211,87,23,Control,29168.95911167677,weekly fresh water
20241211,87,24,Control,61710.68810521097,weekly fresh water
20241211,87,25,Control,27253.970878714816,weekly fresh water
20241211,87,27,Control,28788.003246393688,weekly fresh water
20241211,87,28,Control,26460.920993540232,weekly fresh water
20241211,87,29,Control,10503.073438335325,weekly fresh water
20241211,87,30,Control,33338.907576123405,weekly fresh water
20241211,87,31,Control,26409.551632000333,weekly fresh water
20241211,87,32,Control,10167.090827594524,weekly fresh water
20241211,87,33,Control,19010.873062589242,weekly fresh water
20241211,87,34,Control,25249.64129600356,weekly fresh water
20241211,87,35,Control,28753.87183350212,weekly fresh water
20241211,87,36,Control,17060.41356949312,weekly fresh water
20241211,87,37,Control,27130.031865798643,weekly fresh water
20241211,87,38,Control,33846.78874444174,weekly fresh water
20241211,87,39,Control,19130.03891870594,weekly fresh water
20241211,87,40,Control,20942.47253016684,weekly fresh water
20241211,87,41,Control,35160.69212556075,weekly fresh water
20241211,87,42,Control,46827.43226805571,weekly fresh water
20241211,87,43,Control,34834.22278073892,weekly fresh water
20241211,87,44,Control,14286.630260846798,weekly fresh water
20241211,87,45,Control,37745.204316810814,weekly fresh water
20241211,87,46,Control,20205.410195596916,weekly fresh water
20241211,87,47,Control,22410.072556342726,weekly fresh water
20241211,87,48,Control,32836.114488867446,weekly fresh water
20241211,87,49,Control,24827.28804641929,weekly fresh water
20241211,87,50,Control,35404.19060083083,weekly fresh water
20241211,87,51,Control,17933.861313968468,weekly fresh water
20241211,87,52,Control,9163.073080682449,weekly fresh water
20241211,87,53,Control,34115.34587279424,weekly fresh water
20241211,87,54,Control,15704.086882508389,weekly fresh water
20241211,87,55,Control,26257.160902144427,weekly fresh water
20241211,87,56,Control,32251.839617973226,weekly fresh water
20241211,87,57,Control,26177.345059957217,weekly fresh water
20241211,87,58,Control,16300.35356725544,weekly fresh water
20241211,87,59,Control,17906.38413355987,weekly fresh water
20241211,87,60,Control,32910.333806749506,weekly fresh water
20241211,87,61,Control,20299.151325440373,weekly fresh water
20241211,87,62,Control,28869.200713398415,weekly fresh water
20241211,87,63,Control,29742.63700034802,weekly fresh water
20241211,87,64,Control,45390.81683535017,weekly fresh water
20241211,87,65,Control,8555.574506878786,weekly fresh water
20241211,87,66,Control,46570.05975402207,weekly fresh water
20241211,87,67,Control,18384.229604607626,weekly fresh water
20241211,87,68,Control,40305.515658527234,weekly fresh water
20241211,87,69,Control,31309.049278972947,weekly fresh water
20241211,87,70,Control,23598.38139820857,weekly fresh water
20241211,87,71,Control,8333.30000252561,weekly fresh water
20241211,87,72,Control,24745.49299878066,weekly fresh water
20241211,87,73,Control,35426.49926760153,weekly fresh water
20241211,87,74,Control,19479.111104799525,weekly fresh water
20241211,87,75,Control,26149.61588425423,weekly fresh water
20241211,87,76,Control,30058.90370229286,weekly fresh water
20241211,87,77,Control,23050.827340987118,weekly fresh water
20241211,87,78,Control,70735.26616903569,weekly fresh water
20241211,87,79,Control,25598.60304278193,weekly fresh water
20241211,87,80,Control,14566.701506250065,weekly fresh water
20241211,87,81,Control,28630.679497499197,weekly fresh water
20241211,87,82,Control,24705.137709015762,weekly fresh water
20241211,87,83,Control,28973.1922682246,weekly fresh water
20241211,87,84,Control,15159.461855699672,weekly fresh water
20241211,87,85,Control,31542.72950148238,weekly fresh water
20241211,87,86,Control,26273.0238919471,weekly fresh water
20241211,87,87,Control,15553.650572744928,weekly fresh water
20241211,87,88,Control,30462.486750607302,weekly fresh water
20241211,87,89,Control,17443.942553807614,weekly fresh water
20241211,87,90,Control,26574.970562187904,weekly fresh water
20241211,87,91,Control,7215.71963783073,weekly fresh water
20241211,87,92,Control,20886.306752698478,weekly fresh water
20241211,87,93,Control,36109.86038755283,weekly fresh water
20241211,87,94,Control,33884.100006998226,weekly fresh water
20241211,87,95,Control,59320.12332049615,weekly fresh water
20241211,88,1,Control,7301.245536073623,weekly temperature
20241211,88,2,Control,6514.91782502807,weekly temperature
20241211,88,3,Control,31312.860290345794,weekly temperature
20241211,88,4,Control,24654.833560115647,weekly temperature
20241211,88,5,Control,23093.042964684064,weekly temperature
20241211,88,6,Control,22940.912406337575,weekly temperature
20241211,88,7,Control,19010.89592771033,weekly temperature
20241211,88,8,Control,43377.86120939519,weekly temperature
20241211,88,9,Control,54569.22520457326,weekly temperature
20241211,88,10,Control,32651.709586671674,weekly temperature
20241211,88,11,Control,37026.58865117394,weekly temperature
20241211,88,12,Control,29883.2258874119,weekly temperature
20241211,88,13,Control,12273.877670015998,weekly temperature
20241211,88,14,Control,17438.743830888874,weekly temperature
20241211,88,15,Control,33610.20345319113,weekly temperature
20241211,88,16,Control,28024.3314824863,weekly temperature
20241211,88,17,Control,45729.83540902115,weekly temperature
20241211,88,18,Control,51887.77037393018,weekly temperature
20241211,88,19,Control,31395.73838423963,weekly temperature
20241211,88,20,Control,34389.40096488228,weekly temperature
20241211,88,21,Control,26539.272926102665,weekly temperature
20241211,88,22,Control,50304.37455408871,weekly temperature
20241211,88,23,Control,22996.11822248066,weekly temperature
20241211,88,24,Control,20722.55545285328,weekly temperature
20241211,88,25,Control,21703.88926280447,weekly temperature
20241211,88,26,Control,48601.57592756716,weekly temperature
20241211,88,27,Control,16687.631726200492,weekly temperature
20241211,88,28,Control,36013.32706955854,weekly temperature
20241211,88,29,Control,36454.21423957822,weekly temperature
20241211,88,30,Control,14099.974979527402,weekly temperature
20241211,88,31,Control,29616.62993349811,weekly temperature
20241211,88,32,Control,26252.326826745815,weekly temperature
20241211,88,33,Control,48173.94808996441,weekly temperature
20241211,88,34,Control,17972.38084972511,weekly temperature
20241211,88,35,Control,22092.29271793685,weekly temperature
20241211,88,36,Control,31911.868709427898,weekly temperature
20241211,88,37,Control,46014.32915453736,weekly temperature
20241211,88,38,Control,40107.35296350121,weekly temperature
20241211,88,39,Control,35248.20408152119,weekly temperature
20241211,88,40,Control,45818.023595648345,weekly temperature
20241211,88,41,Control,20520.71751439098,weekly temperature
20241211,88,42,Control,63849.591099351084,weekly temperature
20241211,88,43,Control,19997.44692135863,weekly temperature
20241211,88,44,Control,46836.86868785291,weekly temperature
20241211,88,45,Control,37862.39707638914,weekly temperature
20241211,88,46,Control,39198.9126060173,weekly temperature
20241211,88,47,Control,16185.000050377254,weekly temperature
20241211,88,48,Control,20465.1162218648,weekly temperature
20241211,88,49,Control,22792.21119895745,weekly temperature
20241211,88,50,Control,31689.532206867967,weekly temperature
20241211,88,51,Control,35884.469573609415,weekly temperature
20241211,88,52,Control,12760.827771485105,weekly temperature
20241211,88,53,Control,33707.84553208399,weekly temperature
20241211,88,54,Control,53577.209061507034,weekly temperature
20241211,88,55,Control,22271.085905090342,weekly temperature
20241211,88,56,Control,11334.095568752931,weekly temperature
20241211,88,57,Control,38906.13409438003,weekly temperature
20241211,88,58,Control,38215.20500871374,weekly temperature
20241211,88,59,Control,37176.85061502075,weekly temperature
20241211,88,60,Control,17026.45175294077,weekly temperature
20241211,88,61,Control,16351.356578245028,weekly temperature
20241211,88,62,Control,47384.85398623563,weekly temperature
20241211,88,63,Control,22204.848968976235,weekly temperature
20241211,88,64,Control,43536.29350550999,weekly temperature
20241211,88,65,Control,44608.7931690601,weekly temperature
20241211,88,66,Control,47264.91492900905,weekly temperature
20241211,88,67,Control,51521.24832295613,weekly temperature
20241211,88,68,Control,37314.99090298406,weekly temperature
20241211,88,69,Control,31358.80151191081,weekly temperature
20241211,88,70,Control,29574.6549471676,weekly temperature
20241211,88,71,Control,45185.15042976111,weekly temperature
20241211,88,72,Control,59595.849740359336,weekly temperature
20241211,88,73,Control,30981.688286823333,weekly temperature
20241211,88,74,Control,32902.88150342129,weekly temperature
20241211,88,75,Control,48612.09525091899,weekly temperature
20241211,88,76,Control,41528.9788143049,weekly temperature
20241211,88,77,Control,34909.50180964149,weekly temperature
20241211,88,78,Control,16287.19628969311,weekly temperature
20241211,88,79,Control,31459.184505731406,weekly temperature
20241211,88,80,Control,70682.13673049043,weekly temperature
20241211,88,81,Control,23167.265705357266,weekly temperature
20241211,88,82,Control,57933.642542419264,weekly temperature
20241211,88,83,Control,18841.30101597013,weekly temperature
20241211,88,84,Control,45067.05426123507,weekly temperature
20241211,88,85,Control,45222.10938608223,weekly temperature
20241211,88,86,Control,14479.99731192699,weekly temperature
20241211,88,87,Control,28348.5242021604,weekly temperature
20241211,88,88,Control,27268.182424305152,weekly temperature
20241211,88,89,Control,55846.640791293044,weekly temperature
20241211,88,90,Control,54137.99938566342,weekly temperature
20241211,88,91,Control,14888.26129574167,weekly temperature
20241211,88,92,Control,28773.977778235083,weekly temperature
20241211,88,93,Control,40425.77135675422,weekly temperature
20241211,88,94,Control,30612.37816426299,weekly temperature
20241211,91,1,Treated,35605.598261397805,weekly temperature
20241211,91,2,Treated,44976.45802671499,weekly temperature
20241211,91,3,Treated,41369.29743882344,weekly temperature
20241211,91,4,Treated,12637.13588969379,weekly temperature
20241211,91,5,Treated,15836.279132590209,weekly temperature
20241211,91,6,Treated,27771.871600319213,weekly temperature
20241211,91,7,Treated,36094.52690548498,weekly temperature
20241211,91,8,Treated,27515.299979696007,weekly temperature
20241211,91,9,Treated,30447.16878723863,weekly temperature
20241211,91,10,Treated,39490.270424423456,weekly temperature
20241211,91,11,Treated,42962.60411467318,weekly temperature
20241211,91,12,Treated,28942.667369591578,weekly temperature
20241211,91,13,Treated,26378.047599708774,weekly temperature
20241211,91,14,Treated,35096.94399974418,weekly temperature
20241211,91,15,Treated,52334.96585741863,weekly temperature
20241211,91,16,Treated,27776.480392887446,weekly temperature
20241211,91,17,Treated,26260.661873482786,weekly temperature
20241211,91,18,Treated,29733.906291555704,weekly temperature
20241211,91,19,Treated,27838.095514829023,weekly temperature
20241211,91,20,Treated,27762.932058349663,weekly temperature
20241211,91,21,Treated,48015.11012696562,weekly temperature
20241211,91,22,Treated,39041.88441630483,weekly temperature
20241211,91,23,Treated,33313.08036138796,weekly temperature
20241211,91,24,Treated,62508.35272819151,weekly temperature
20241211,91,25,Treated,39128.50651044581,weekly temperature
20241211,91,26,Treated,39324.644115570016,weekly temperature
20241211,91,27,Treated,41624.557174740075,weekly temperature
20241211,91,28,Treated,40512.44087936435,weekly temperature
20241211,91,29,Treated,22921.62447526059,weekly temperature
20241211,91,30,Treated,28470.303584877758,weekly temperature
20241211,91,31,Treated,28073.138076270898,weekly temperature
20241211,91,32,Treated,13494.547440846309,weekly temperature
20241211,91,33,Treated,29536.019548434597,weekly temperature
20241211,91,34,Treated,46758.82445634225,weekly temperature
20241211,91,35,Treated,38818.947643563384,weekly temperature
20241211,91,36,Treated,18769.226197259264,weekly temperature
20241211,91,37,Treated,24783.269071203267,weekly temperature
20241211,91,38,Treated,34369.5643463002,weekly temperature
20241211,91,39,Treated,48139.975413829015,weekly temperature
20241211,91,40,Treated,24082.707851990857,weekly temperature
20241211,91,41,Treated,29350.248599827628,weekly temperature
20241211,91,42,Treated,21354.84738811777,weekly temperature
20241211,91,43,Treated,62291.25853050812,weekly temperature
20241211,91,44,Treated,44753.02913684196,weekly temperature
20241211,91,45,Treated,33333.92399171342,weekly temperature
20241211,91,46,Treated,47550.46415061771,weekly temperature
20241211,91,47,Treated,28980.87383023404,weekly temperature
20241211,91,48,Treated,33254.18744571044,weekly temperature
20241211,91,49,Treated,47281.3795960406,weekly temperature
20241211,91,50,Treated,14998.292900680275,weekly temperature
20241211,91,51,Treated,41471.4180393065,weekly temperature
20241211,91,52,Treated,36706.99523849097,weekly temperature
20241211,91,53,Treated,22914.450224956377,weekly temperature
20241211,91,54,Treated,32582.004344007673,weekly temperature
20241211,91,55,Treated,17039.6021626341,weekly temperature
20241211,91,56,Treated,41342.86504194738,weekly temperature
20241211,91,57,Treated,23647.003692657003,weekly temperature
20241211,91,58,Treated,35840.898912689125,weekly temperature
20241211,91,59,Treated,25307.731657429547,weekly temperature
20241211,91,60,Treated,33410.75714207395,weekly temperature
20241211,91,61,Treated,27267.66246000556,weekly temperature
20241211,91,62,Treated,48786.11549468427,weekly temperature
20241211,91,63,Treated,46434.99853564129,weekly temperature
20241211,91,64,Treated,25009.809065346206,weekly temperature
20241211,91,65,Treated,49406.408334731605,weekly temperature
20241211,91,66,Treated,19514.8366006761,weekly temperature
20241211,91,67,Treated,22384.84228318698,weekly temperature
20241211,91,68,Treated,20603.744371366527,weekly temperature
20241211,91,69,Treated,33734.52753002455,weekly temperature
20241211,91,70,Treated,40668.69234024041,weekly temperature
20241211,91,71,Treated,16373.26816690437,weekly temperature
20241211,91,72,Treated,19732.45029822923,weekly temperature
20241211,91,73,Treated,30358.691292580737,weekly temperature
20241211,91,74,Treated,20961.303694679224,weekly temperature
20241211,91,75,Treated,26017.8790759804,weekly temperature
20241211,91,76,Treated,24099.875454516616,weekly temperature
20241211,91,77,Treated,59965.30946762134,weekly temperature
20241211,91,78,Treated,30730.56206618603,weekly temperature
20241211,91,79,Treated,24440.629861827045,weekly temperature
20241211,91,80,Treated,28649.075697369655,weekly temperature
20241211,91,81,Treated,25050.011720097827,weekly temperature
20241211,91,82,Treated,29523.311279590518,weekly temperature
20241211,91,83,Treated,31006.887821171997,weekly temperature
20241211,91,84,Treated,55824.42493040991,weekly temperature
20241211,91,85,Treated,48504.034407562416,weekly temperature
20241211,91,86,Treated,33917.92361594106,weekly temperature
20241211,91,87,Treated,72024.00498546516,weekly temperature
20241211,91,88,Treated,33205.58808613165,weekly temperature
20241211,91,89,Treated,30423.235806492932,weekly temperature
20241211,91,90,Treated,24100.612258596404,weekly temperature
20241211,91,91,Treated,33141.91054281015,weekly temperature
20241211,91,92,Treated,34633.20171892184,weekly temperature
20241211,91,93,Treated,18610.854460207334,weekly temperature
20241211,91,94,Treated,38252.24071773844,weekly temperature
20241211,91,95,Treated,37284.529174605195,weekly temperature
20241211,91,96,Treated,31589.62424220598,weekly temperature
20241211,91,97,Treated,36561.033082588954,weekly temperature
20241211,91,98,Treated,32873.64488042349,weekly temperature
20241211,94,1,Treated,30202.832560731233,weekly fresh water
20241211,94,2,Treated,6325.385664731713,weekly fresh water
20241211,94,3,Treated,15399.748017023372,weekly fresh water
20241211,94,4,Treated,26188.252804590375,weekly fresh water
20241211,94,5,Treated,34012.672523011584,weekly fresh water
20241211,94,6,Treated,28479.140063690105,weekly fresh water
20241211,94,7,Treated,11489.28184118948,weekly fresh water
20241211,94,8,Treated,42185.42484956526,weekly fresh water
20241211,94,9,Treated,36546.3894603304,weekly fresh water
20241211,94,10,Treated,26883.107780197923,weekly fresh water
20241211,94,11,Treated,60035.48614498851,weekly fresh water
20241211,94,12,Treated,22523.678238742163,weekly fresh water
20241211,94,13,Treated,17259.034909947597,weekly fresh water
20241211,94,15,Treated,9146.531182392438,weekly fresh water
20241211,94,16,Treated,45357.37158905884,weekly fresh water
20241211,94,17,Treated,31272.455474255352,weekly fresh water
20241211,94,18,Treated,29700.10048150192,weekly fresh water
20241211,94,19,Treated,73359.79227854578,weekly fresh water
20241211,94,20,Treated,21596.28726898842,weekly fresh water
20241211,94,21,Treated,28275.015074757837,weekly fresh water
20241211,94,22,Treated,32288.374058349393,weekly fresh water
20241211,94,23,Treated,37361.83406844184,weekly fresh water
20241211,94,25,Treated,14830.203942989572,weekly fresh water
20241211,94,26,Treated,7190.837487794909,weekly fresh water
20241211,94,27,Treated,38198.91568191276,weekly fresh water
20241211,94,28,Treated,37986.23943205372,weekly fresh water
20241211,94,29,Treated,19153.957487441094,weekly fresh water
20241211,94,30,Treated,38270.14498722664,weekly fresh water
20241211,94,31,Treated,29322.55578060404,weekly fresh water
20241211,94,32,Treated,20073.55137517793,weekly fresh water
20241211,94,33,Treated,14361.101741193346,weekly fresh water
20241211,94,34,Treated,26571.23188942242,weekly fresh water
20241211,94,35,Treated,33972.44242628646,weekly fresh water
20241211,94,36,Treated,8680.711907488905,weekly fresh water
20241211,94,37,Treated,21950.32407315516,weekly fresh water
20241211,94,38,Treated,33455.23771138335,weekly fresh water
20241211,94,39,Treated,23469.868514374968,weekly fresh water
20241211,94,40,Treated,19169.839695766128,weekly fresh water
20241211,94,41,Treated,61384.50937291998,weekly fresh water
20241211,94,42,Treated,22191.59136873909,weekly fresh water
20241211,94,43,Treated,37008.00140867933,weekly fresh water
20241211,94,44,Treated,30394.59222861619,weekly fresh water
20241211,94,45,Treated,10754.32975517973,weekly fresh water
20241211,94,46,Treated,51267.73719896611,weekly fresh water
20241211,94,47,Treated,68402.8788805566,weekly fresh water
20241211,94,48,Treated,17296.027864830125,weekly fresh water
20241211,94,49,Treated,30972.319944684812,weekly fresh water
20241211,94,50,Treated,22042.071631881154,weekly fresh water
20241211,94,51,Treated,10668.793635760028,weekly fresh water
20241211,94,52,Treated,31734.798357657924,weekly fresh water
20241211,94,53,Treated,24548.933988634373,weekly fresh water
20241211,94,54,Treated,39533.168138607245,weekly fresh water
20241211,94,55,Treated,26125.836968403833,weekly fresh water
20241211,94,56,Treated,15654.463091008396,weekly fresh water
20241211,94,57,Treated,30939.852560246814,weekly fresh water
20241211,94,58,Treated,18031.916252842926,weekly fresh water
20241211,94,59,Treated,41532.03605912219,weekly fresh water
20241211,94,60,Treated,36704.75512109951,weekly fresh water
20241211,94,61,Treated,33011.33373095016,weekly fresh water
20241211,94,63,Treated,25454.399526346177,weekly fresh water
20241211,94,64,Treated,33035.32863028931,weekly fresh water
20241211,94,65,Treated,20694.715682333677,weekly fresh water
20241211,94,66,Treated,22876.473276992805,weekly fresh water
20241211,94,67,Treated,25606.28053587186,weekly fresh water
20241211,94,68,Treated,38689.46826643354,weekly fresh water
20241211,94,69,Treated,32797.76645766337,weekly fresh water
20241211,94,70,Treated,40037.649228369206,weekly fresh water
20241211,94,71,Treated,26730.47942990666,weekly fresh water
20241211,94,72,Treated,34104.379835804575,weekly fresh water
20241211,94,73,Treated,55327.3951779639,weekly fresh water
20241211,94,74,Treated,32961.46794260489,weekly fresh water
20241211,94,75,Treated,52634.68956812934,weekly fresh water
20241211,94,76,Treated,36330.619304799504,weekly fresh water
20241211,94,77,Treated,22060.72820569936,weekly fresh water
20241211,94,78,Treated,24967.154831621734,weekly fresh water
20241211,94,79,Treated,25861.1342842756,weekly fresh water
20241211,94,80,Treated,33986.1849122037,weekly fresh water
20241211,94,81,Treated,35556.7418673308,weekly fresh water
20241211,94,82,Treated,53863.124089525205,weekly fresh water
20241211,94,83,Treated,22893.1302735315,weekly fresh water
20241211,94,84,Treated,39689.130168288284,weekly fresh water
20241211,94,85,Treated,33616.836777060475,weekly fresh water
20241211,94,86,Treated,25126.613784713012,weekly fresh water
20241211,94,87,Treated,30363.316319877136,weekly fresh water
20241211,94,88,Treated,43939.46443020272,weekly fresh water
20241211,94,89,Treated,40482.637330020654,weekly fresh water
20241211,94,90,Treated,25177.18305416434,weekly fresh water
20241211,94,91,Treated,25233.336163210937,weekly fresh water
20241211,94,92,Treated,62268.41752171576,weekly fresh water
20241211,94,93,Treated,47499.71035237493,weekly fresh water
20241211,94,95,Treated,47751.20959917243,weekly fresh water
20241211,94,96,Treated,18357.47537934846,weekly fresh water
20241211,94,97,Treated,46000.17407419245,weekly fresh water
20241211,95,1,Control,54561.95785186297,weekly fresh water
20241211,95,2,Control,12004.070637362895,weekly fresh water
20241211,95,3,Control,14651.139533815614,weekly fresh water
20241211,95,4,Control,39506.46501258232,weekly fresh water
20241211,95,5,Control,23775.97138544461,weekly fresh water
20241211,95,6,Control,29092.56531288796,weekly fresh water
20241211,95,7,Control,60390.61627813229,weekly fresh water
20241211,95,8,Control,29479.457424645403,weekly fresh water
20241211,95,9,Control,34856.550317925234,weekly fresh water
20241211,95,10,Control,38206.43829304956,weekly fresh water
20241211,95,11,Control,30759.500820043897,weekly fresh water
20241211,95,12,Control,29614.116074790272,weekly fresh water
20241211,95,13,Control,16908.141614731525,weekly fresh water
20241211,95,14,Control,37647.82187395227,weekly fresh water
20241211,95,15,Control,36206.214397685864,weekly fresh water
20241211,95,16,Control,71287.75353119319,weekly fresh water
20241211,95,17,Control,57738.290628146526,weekly fresh water
20241211,95,18,Control,32900.6636953628,weekly fresh water
20241211,95,19,Control,55228.35934624865,weekly fresh water
20241211,95,22,Control,12948.049767478933,weekly fresh water
20241211,95,23,Control,39776.541934171444,weekly fresh water
20241211,95,24,Control,36912.75076824189,weekly fresh water
20241211,95,25,Control,16335.961411559541,weekly fresh water
20241211,95,26,Control,8395.942091592964,weekly fresh water
20241211,95,27,Control,8013.333375691739,weekly fresh water
20241211,95,28,Control,26044.017455508965,weekly fresh water
20241211,95,29,Control,16666.844935139903,weekly fresh water
20241211,95,30,Control,31125.97258518396,weekly fresh water
20241211,95,31,Control,26675.15681973956,weekly fresh water
20241211,95,32,Control,21980.00390728401,weekly fresh water
20241211,95,33,Control,23476.9518014764,weekly fresh water
20241211,95,34,Control,21973.089238247154,weekly fresh water
20241211,95,35,Control,43566.03009454532,weekly fresh water
20241211,95,36,Control,37794.56708898797,weekly fresh water
20241211,95,37,Control,13287.10640344569,weekly fresh water
20241211,95,38,Control,26338.752301769295,weekly fresh water
20241211,95,39,Control,17275.88172344412,weekly fresh water
20241211,95,40,Control,16378.653083502813,weekly fresh water
20241211,95,41,Control,49081.016620466595,weekly fresh water
20241211,95,42,Control,32546.34858981638,weekly fresh water
20241211,95,43,Control,28186.989370073905,weekly fresh water
20241211,95,44,Control,16591.613669119208,weekly fresh water
20241211,95,45,Control,26030.0902591799,weekly fresh water
20241211,95,46,Control,37847.60772894231,weekly fresh water
20241211,95,47,Control,22017.02768015955,weekly fresh water
20241211,95,48,Control,26303.47931156624,weekly fresh water
20241211,95,49,Control,67916.31647149686,weekly fresh water
20241211,95,50,Control,57317.09540257696,weekly fresh water
20241211,95,51,Control,30875.534584277262,weekly fresh water
20241211,95,52,Control,14019.078607749467,weekly fresh water
20241211,95,53,Control,35743.405051775204,weekly fresh water
20241211,95,54,Control,23816.933724325732,weekly fresh water
20241211,95,55,Control,25425.374576805072,weekly fresh water
20241211,95,56,Control,16425.06366307858,weekly fresh water
20241211,95,57,Control,23864.471451889458,weekly fresh water
20241211,95,58,Control,33236.87945018688,weekly fresh water
20241211,95,59,Control,13646.574011731129,weekly fresh water
20241211,95,60,Control,27089.436085400866,weekly fresh water
20241211,95,62,Control,27566.764911204995,weekly fresh water
20241211,95,63,Control,26961.168556379158,weekly fresh water
20241211,95,64,Control,38627.05175999754,weekly fresh water
20241211,95,65,Control,29796.76425752122,weekly fresh water
20241211,95,66,Control,44227.06920487229,weekly fresh water
20241211,95,67,Control,23561.35631941898,weekly fresh water
20241211,95,68,Control,14047.069413926087,weekly fresh water
20241211,95,69,Control,57521.87439646289,weekly fresh water
20241211,95,70,Control,62025.54009921443,weekly fresh water
20241211,95,71,Control,55530.85927298035,weekly fresh water
20241211,95,72,Control,29438.061558881,weekly fresh water
20241211,95,73,Control,30990.12463992184,weekly fresh water
20241211,95,74,Control,25279.642316297628,weekly fresh water
20241211,95,75,Control,15068.48751602741,weekly fresh water
20241211,95,76,Control,36965.290883463,weekly fresh water
20241211,95,77,Control,27209.369964331712,weekly fresh water
20241211,95,78,Control,19612.554131637065,weekly fresh water
20241211,95,79,Control,15173.460063292698,weekly fresh water
20241211,95,80,Control,21428.63695296007,weekly fresh water
20241211,95,81,Control,52600.64622750819,weekly fresh water
20241211,95,82,Control,39427.936225033765,weekly fresh water
20241211,95,83,Control,18867.228811221954,weekly fresh water
20241211,95,84,Control,24558.108321044525,weekly fresh water
20241211,95,85,Control,33106.76037114116,weekly fresh water
20241211,95,86,Control,41598.54011839866,weekly fresh water
20241211,95,87,Control,20684.586448124206,weekly fresh water
20241211,95,88,Control,10965.588189494038,weekly fresh water
20241211,95,89,Control,33052.30209355069,weekly fresh water
20241211,95,90,Control,10266.395765381409,weekly fresh water
20241211,95,91,Control,38264.62524808126,weekly fresh water
20241211,95,92,Control,38619.36562888786,weekly fresh water
20241211,95,93,Control,21956.149657934915,weekly fresh water
20241211,95,95,Control,13618.17325826958,weekly fresh water
20241211,95,96,Control,18308.211752785803,weekly fresh water
20241211,95,97,Control,29909.351141559917,weekly fresh water
20241211,96,1,Treated,26660.034063504747,weekly fresh water
20241211,96,2,Treated,19115.750616949335,weekly fresh water
20241211,96,3,Treated,29936.55976276365,weekly fresh water
20241211,96,4,Treated,14639.863080685618,weekly fresh water
20241211,96,5,Treated,30762.061094744226,weekly fresh water
20241211,96,6,Treated,33245.07625569137,weekly fresh water
20241211,96,7,Treated,29557.609534178962,weekly fresh water
20241211,96,8,Treated,37006.31180430965,weekly fresh water
20241211,96,9,Treated,22286.238078169346,weekly fresh water
20241211,96,10,Treated,16717.190925573927,weekly fresh water
20241211,96,11,Treated,32062.19979613215,weekly fresh water
20241211,96,12,Treated,49407.710542513516,weekly fresh water
20241211,96,13,Treated,19620.103506453757,weekly fresh water
20241211,96,14,Treated,28111.565614484793,weekly fresh water
20241211,96,15,Treated,35766.561787855615,weekly fresh water
20241211,96,16,Treated,29657.66093624009,weekly fresh water
20241211,96,17,Treated,35665.35034546054,weekly fresh water
20241211,96,18,Treated,6472.763028334551,weekly fresh water
20241211,96,19,Treated,20096.8773233904,weekly fresh water
20241211,96,20,Treated,24571.47060933179,weekly fresh water
20241211,96,21,Treated,36456.66950562617,weekly fresh water
20241211,96,22,Treated,23075.060636609553,weekly fresh water
20241211,96,23,Treated,36517.70588440625,weekly fresh water
20241211,96,24,Treated,22191.752517265777,weekly fresh water
20241211,96,25,Treated,42315.51708668231,weekly fresh water
20241211,96,26,Treated,40076.157825317445,weekly fresh water
20241211,96,27,Treated,25232.974506337923,weekly fresh water
20241211,96,28,Treated,21413.086199658635,weekly fresh water
20241211,96,29,Treated,36083.60615906089,weekly fresh water
20241211,96,30,Treated,35009.38748962978,weekly fresh water
20241211,96,31,Treated,27102.32275182675,weekly fresh water
20241211,96,33,Treated,36444.090056202636,weekly fresh water
20241211,96,34,Treated,12061.637209262206,weekly fresh water
20241211,96,35,Treated,46707.94576181354,weekly fresh water
20241211,96,36,Treated,21102.237183029167,weekly fresh water
20241211,96,37,Treated,21101.85418113004,weekly fresh water
20241211,96,38,Treated,29844.79138685288,weekly fresh water
20241211,96,39,Treated,16587.528758837787,weekly fresh water
20241211,96,40,Treated,34581.40453485708,weekly fresh water
20241211,96,41,Treated,32612.439636914125,weekly fresh water
20241211,96,42,Treated,25171.08617993194,weekly fresh water
20241211,96,43,Treated,30543.948548926986,weekly fresh water
20241211,96,44,Treated,12761.347484575153,weekly fresh water
20241211,96,45,Treated,29211.525756616265,weekly fresh water
20241211,96,46,Treated,22654.360080960265,weekly fresh water
20241211,96,47,Treated,28780.13848171878,weekly fresh water
20241211,96,48,Treated,27294.6618147559,weekly fresh water
20241211,96,49,Treated,36215.02063966805,weekly fresh water
20241211,96,50,Treated,44932.74202480453,weekly fresh water
20241211,96,51,Treated,24380.642749030347,weekly fresh water
20241211,96,52,Treated,53131.563769211454,weekly fresh water
20241211,96,53,Treated,43690.92910131518,weekly fresh water
20241211,96,54,Treated,20540.760396759928,weekly fresh water
20241211,96,55,Treated,29535.88457882398,weekly fresh water
20241211,96,56,Treated,36613.350458128705,weekly fresh water
20241211,96,57,Treated,16394.72429153267,weekly fresh water
20241211,96,58,Treated,24091.383753051705,weekly fresh water
20241211,96,59,Treated,21819.612551370865,weekly fresh water
20241211,96,60,Treated,25223.394608575956,weekly fresh water
20241211,96,61,Treated,40408.443538001455,weekly fresh water
20241211,96,63,Treated,61968.250686423555,weekly fresh water
20241211,96,64,Treated,33547.48037342012,weekly fresh water
20241211,96,65,Treated,24045.638187324625,weekly fresh water
20241211,96,66,Treated,53504.32784982572,weekly fresh water
20241211,96,67,Treated,16844.73079320839,weekly fresh water
20241211,96,68,Treated,20950.266486770506,weekly fresh water
20241211,96,69,Treated,23971.110626015157,weekly fresh water
20241211,96,70,Treated,15781.0542878769,weekly fresh water
20241211,96,71,Treated,32735.49655104634,weekly fresh water
20241211,96,72,Treated,24613.028873563384,weekly fresh water
20241211,96,73,Treated,28169.459750676997,weekly fresh water
20241211,96,74,Treated,22474.134125783545,weekly fresh water
20241211,96,75,Treated,28225.425330612212,weekly fresh water
20241211,96,76,Treated,19092.572305873808,weekly fresh water
20241211,96,77,Treated,27805.493520112093,weekly fresh water
20241211,96,78,Treated,25356.1397500678,weekly fresh water
20241211,96,79,Treated,11447.531577968035,weekly fresh water
20241211,96,80,Treated,16977.007684962966,weekly fresh water
20241211,96,81,Treated,15741.771728379663,weekly fresh water
20241211,96,82,Treated,22248.074895712325,weekly fresh water
20241211,96,83,Treated,24314.777603892562,weekly fresh water
20241211,96,84,Treated,25217.832824580106,weekly fresh water
20241211,96,85,Treated,31967.53357327612,weekly fresh water
20241211,96,87,Treated,36074.28018880716,weekly fresh water
20241211,96,88,Treated,20355.704236140606,weekly fresh water
20241211,96,89,Treated,21271.157594680153,weekly fresh water
20241211,96,90,Treated,11199.113099201353,weekly fresh water
20241211,96,91,Treated,37587.069804104816,weekly fresh water
20241211,96,92,Treated,14811.982362961973,weekly fresh water
20241211,96,93,Treated,17974.24277487179,weekly fresh water
20241211,96,94,Treated,20989.012031978986,weekly fresh water
20241211,96,95,Treated,12072.36032153266,weekly fresh water
20241211,96,96,Treated,16519.56213327395,weekly fresh water
20241211,96,97,Treated,34222.384606347376,weekly fresh water
20241211,96,98,Treated,28010.20674594968,weekly fresh water
20241211,96,99,Treated,18223.366178234166,weekly fresh water
20241211,96,100,Treated,36714.49530120737,weekly fresh water
20241211,96,101,Treated,31010.547894864187,weekly fresh water
20241211,96,102,Treated,24927.612352407305,weekly fresh water
20241211,97,1,Control,43059.366768238964,weekly temperature
20241211,97,2,Control,25584.08027392365,weekly temperature
20241211,97,3,Control,12428.277679800527,weekly temperature
20241211,97,4,Control,53351.23091510057,weekly temperature
20241211,97,5,Control,32171.13698910842,weekly temperature
20241211,97,6,Control,22740.747381342844,weekly temperature
20241211,97,7,Control,32019.21389570089,weekly temperature
20241211,97,8,Control,48694.82050815332,weekly temperature
20241211,97,9,Control,36374.267803635936,weekly temperature
20241211,97,10,Control,62219.38369246534,weekly temperature
20241211,97,11,Control,34236.721166047864,weekly temperature
20241211,97,12,Control,8451.076197770271,weekly temperature
20241211,97,14,Control,27275.99203858974,weekly temperature
20241211,97,15,Control,12396.803796528036,weekly temperature
20241211,97,16,Control,16276.957881149145,weekly temperature
20241211,97,17,Control,43242.36351602774,weekly temperature
20241211,97,18,Control,33729.87448240764,weekly temperature
20241211,97,19,Control,31964.046431093895,weekly temperature
20241211,97,20,Control,8748.139799232888,weekly temperature
20241211,97,21,Control,20207.243025685035,weekly temperature
20241211,97,22,Control,83742.01406536199,weekly temperature
20241211,97,23,Control,60426.09207587399,weekly temperature
20241211,97,24,Control,35727.56787362581,weekly temperature
20241211,97,25,Control,54052.39385616352,weekly temperature
20241211,97,26,Control,18659.70418054476,weekly temperature
20241211,97,27,Control,27738.190067661944,weekly temperature
20241211,97,28,Control,43494.9081359537,weekly temperature
20241211,97,29,Control,26360.462750363393,weekly temperature
20241211,97,30,Control,32733.150460730805,weekly temperature
20241211,97,31,Control,18008.10047654362,weekly temperature
20241211,97,32,Control,26189.755313447917,weekly temperature
20241211,97,33,Control,17021.454492554512,weekly temperature
20241211,97,34,Control,21486.961785946925,weekly temperature
20241211,97,35,Control,25162.89531277169,weekly temperature
20241211,97,36,Control,36241.50079307331,weekly temperature
20241211,97,37,Control,20636.571653057286,weekly temperature
20241211,97,38,Control,28172.084547290095,weekly temperature
20241211,97,39,Control,61703.26256686587,weekly temperature
20241211,97,40,Control,22054.40875649117,weekly temperature
20241211,97,41,Control,30280.848505840557,weekly temperature
20241211,97,42,Control,38736.20334809552,weekly temperature
20241211,97,43,Control,45160.64218892913,weekly temperature
20241211,97,44,Control,66771.94808125828,weekly temperature
20241211,97,45,Control,48959.382799725536,weekly temperature
20241211,97,46,Control,38163.95894750961,weekly temperature
20241211,97,48,Control,42105.47995563674,weekly temperature
20241211,97,49,Control,35514.60699760764,weekly temperature
20241211,97,50,Control,60776.29175946792,weekly temperature
20241211,97,51,Control,46293.14434002988,weekly temperature
20241211,97,53,Control,44616.89163433711,weekly temperature
20241211,97,54,Control,22290.360279788212,weekly temperature
20241211,97,56,Control,41720.67849182344,weekly temperature
20241211,97,57,Control,52146.78230578802,weekly temperature
20241211,97,58,Control,32096.496261349665,weekly temperature
20241211,97,59,Control,30298.193735705507,weekly temperature
20241211,97,60,Control,37808.793462083784,weekly temperature
20241211,97,61,Control,32720.26413782485,weekly temperature
20241211,97,62,Control,27420.98791246148,weekly temperature
20241211,97,63,Control,78245.84317978064,weekly temperature
20241211,97,64,Control,72654.37295520873,weekly temperature
20241211,97,65,Control,26898.32421930502,weekly temperature
20241211,97,66,Control,50306.12765307404,weekly temperature
20241211,97,67,Control,44450.63160521907,weekly temperature
20241211,97,68,Control,66859.35353267181,weekly temperature
20241211,97,69,Control,38493.680671198126,weekly temperature
20241211,97,70,Control,39240.79488137162,weekly temperature
20241211,97,71,Control,28669.334554098437,weekly temperature
20241211,97,72,Control,58972.13764672756,weekly temperature
20241211,97,73,Control,48419.728207148095,weekly temperature
20241211,97,74,Control,24017.700140960536,weekly temperature
20241211,97,75,Control,46230.08307310665,weekly temperature
20241211,97,76,Control,24143.685255976034,weekly temperature
20241211,97,77,Control,59563.557986586406,weekly temperature
20241211,97,78,Control,24937.505818196063,weekly temperature
20241211,97,79,Control,32264.179245949254,weekly temperature
20241211,97,80,Control,27500.46194501889,weekly temperature
20241211,97,81,Control,30149.59111068165,weekly temperature
20241211,97,82,Control,64376.92294812402,weekly temperature
20241211,97,83,Control,40756.256511063926,weekly temperature
20241211,97,84,Control,42513.83330690041,weekly temperature
20241211,97,85,Control,22602.54758496061,weekly temperature
20241211,97,86,Control,20432.280702288615,weekly temperature
20241211,97,88,Control,61754.49883404487,weekly temperature
20241211,97,89,Control,22895.872890693103,weekly temperature
20241211,97,90,Control,41095.680446039434,weekly temperature
20241211,97,91,Control,53274.332700277504,weekly temperature
20241211,97,92,Control,33098.72438925533,weekly temperature
20241211,97,93,Control,66455.96007090222,weekly temperature
20241211,97,94,Control,38618.49223421698,weekly temperature
20241211,97,96,Control,44878.53016572986,weekly temperature
20250520,80,1,Control,34626.21861814898,weekly temperature
20250520,80,2,Control,26794.19601934657,weekly temperature
20250520,80,3,Control,38155.40244865709,weekly temperature
20250520,80,4,Control,22121.476808458418,weekly temperature
20250520,80,5,Control,68269.15031293103,weekly temperature
20250520,80,6,Control,57172.26633871531,weekly temperature
20250520,80,7,Control,75875.49000085735,weekly temperature
20250520,80,8,Control,78443.21901675739,weekly temperature
20250520,80,9,Control,91908.66069037434,weekly temperature
20250520,80,10,Control,35412.060704621785,weekly temperature
20250520,80,11,Control,53165.55835071533,weekly temperature
20250520,80,12,Control,69912.06671372885,weekly temperature
20250520,80,13,Control,86445.40847761201,weekly temperature
20250520,80,14,Control,45416.4794290477,weekly temperature
20250520,80,15,Control,69539.22311862033,weekly temperature
20250520,80,16,Control,82021.9974857991,weekly temperature
20250520,80,17,Control,84175.57096584843,weekly temperature
20250520,80,18,Control,54066.44142025889,weekly temperature
20250520,80,19,Control,78820.08703220249,weekly temperature
20250520,80,20,Control,58715.39653330694,weekly temperature
20250520,80,21,Control,55972.71863197826,weekly temperature
20250520,80,22,Control,30713.405753240946,weekly temperature
20250520,80,23,Control,21310.38449414999,weekly temperature
20250520,80,24,Control,33143.95642740382,weekly temperature
20250520,80,25,Control,40810.15779751437,weekly temperature
20250520,80,26,Control,59489.073813804,weekly temperature
20250520,80,27,Control,51439.686851690094,weekly temperature
20250520,80,28,Control,36313.888178303874,weekly temperature
20250520,80,29,Control,74924.21769122839,weekly temperature
20250520,80,30,Control,73636.56066815586,weekly temperature
20250520,80,31,Control,93996.38040247775,weekly temperature
20250520,80,32,Control,34786.10954520233,weekly temperature
20250520,80,33,Control,44803.5320351688,weekly temperature
20250520,80,34,Control,44703.701424656625,weekly temperature
20250520,80,35,Control,76337.40766480118,weekly temperature
20250520,80,36,Control,23564.989115761025,weekly temperature
20250520,80,37,Control,44578.85336621632,weekly temperature
20250520,80,38,Control,52614.82178933731,weekly temperature
20250520,80,39,Control,89950.52153308615,weekly temperature
20250520,80,40,Control,55687.8005869724,weekly temperature
20250520,80,41,Control,53036.504843709816,weekly temperature
20250520,80,42,Control,75484.76841823671,weekly temperature
20250520,80,43,Control,17191.42208811169,weekly temperature
20250520,80,44,Control,44509.84290823285,weekly temperature
20250520,80,45,Control,25745.584268092938,weekly temperature
20250520,80,46,Control,48409.899128859935,weekly temperature
20250520,80,47,Control,101257.91483712172,weekly temperature
20250520,80,48,Control,43935.73424254022,weekly temperature
20250520,80,49,Control,56500.55475174923,weekly temperature
20250520,80,50,Control,37781.50983083921,weekly temperature
20250520,80,51,Control,61969.64892659854,weekly temperature
20250520,80,52,Control,67552.09453783755,weekly temperature
20250520,80,53,Control,44351.4809640981,weekly temperature
20250520,80,54,Control,43901.65537643119,weekly temperature
20250520,80,55,Control,73294.45878065973,weekly temperature
20250520,80,56,Control,31536.673355927385,weekly temperature
20250520,80,57,Control,60643.93481262846,weekly temperature
20250520,80,58,Control,69988.9453910879,weekly temperature
20250520,80,59,Control,44030.82074324999,weekly temperature
20250520,80,60,Control,22526.614777794624,weekly temperature
20250520,80,61,Control,20310.996002674477,weekly temperature
20250520,80,62,Control,57698.87140562577,weekly temperature
20250520,80,63,Control,38767.35519098334,weekly temperature
20250520,80,64,Control,51128.82302626227,weekly temperature
20250520,80,65,Control,50410.903469608485,weekly temperature
20250520,80,66,Control,57766.7205095729,weekly temperature
20250520,80,67,Control,48519.155116666734,weekly temperature
20250520,80,68,Control,69330.14800617874,weekly temperature
20250520,80,69,Control,48059.80678833581,weekly temperature
20250520,80,70,Control,54854.569821884834,weekly temperature
20250520,80,71,Control,39188.99598547773,weekly temperature
20250520,80,72,Control,26872.193007274713,weekly temperature
20250520,80,73,Control,41839.36132466003,weekly temperature
20250520,80,74,Control,45291.71001408073,weekly temperature
20250520,80,75,Control,57612.6181993326,weekly temperature
20250520,80,76,Control,61644.602895337295,weekly temperature
20250520,80,77,Control,61135.96039253494,weekly temperature
20250520,80,78,Control,43133.399427039156,weekly temperature
20250520,80,79,Control,45422.675112176425,weekly temperature
20250520,80,80,Control,44301.347760679746,weekly temperature
20250520,80,81,Control,36906.20817934526,weekly temperature
20250520,80,82,Control,40370.5490061296,weekly temperature
20250520,80,83,Control,35333.93854693841,weekly temperature
20250520,80,84,Control,47709.74430689306,weekly temperature
20250520,80,85,Control,69214.68521449299,weekly temperature
20250520,80,86,Control,40740.31294892437,weekly temperature
20250520,80,87,Control,47937.84371334424,weekly temperature
20250520,80,88,Control,78570.87186000288,weekly temperature
20250520,80,89,Control,42991.19785094921,weekly temperature
20250520,81,1,Control,68512.15642084749,weekly fresh water
20250520,81,2,Control,81124.37826783364,weekly fresh water
20250520,81,3,Control,67030.89639268456,weekly fresh water
20250520,81,4,Control,125737.76936429755,weekly fresh water
20250520,81,5,Control,91391.07001310757,weekly fresh water
20250520,81,6,Control,73403.3360669215,weekly fresh water
20250520,81,7,Control,30896.666575385552,weekly fresh water
20250520,81,8,Control,46779.06353498157,weekly fresh water
20250520,81,9,Control,33069.17305333294,weekly fresh water
20250520,81,10,Control,66703.79923554586,weekly fresh water
20250520,81,11,Control,34387.27509352353,weekly fresh water
20250520,81,12,Control,53920.74429281635,weekly fresh water
20250520,81,13,Control,25984.077438440705,weekly fresh water
20250520,81,14,Control,41058.80923594635,weekly fresh water
20250520,81,15,Control,44432.024475087586,weekly fresh water
20250520,81,16,Control,32614.18611609247,weekly fresh water
20250520,81,17,Control,59784.40048988209,weekly fresh water
20250520,81,18,Control,23521.711570935167,weekly fresh water
20250520,81,19,Control,59388.817702937165,weekly fresh water
20250520,81,20,Control,23967.876324616704,weekly fresh water
20250520,81,21,Control,101899.97963359897,weekly fresh water
20250520,81,22,Control,34509.18421510011,weekly fresh water
20250520,81,23,Control,38205.47219448291,weekly fresh water
20250520,81,24,Control,59225.199479637515,weekly fresh water
20250520,81,25,Control,77672.50396019685,weekly fresh water
20250520,81,26,Control,59147.60602366155,weekly fresh water
20250520,81,27,Control,49352.059255192966,weekly fresh water
20250520,81,28,Control,40955.11143861698,weekly fresh water
20250520,81,29,Control,64712.180754093024,weekly fresh water
20250520,81,30,Control,43487.4423789415,weekly fresh water
20250520,81,31,Control,50072.04546388567,weekly fresh water
20250520,81,32,Control,90393.05998752035,weekly fresh water
20250520,81,33,Control,52776.60231811799,weekly fresh water
20250520,81,34,Control,50672.38149529576,weekly fresh water
20250520,81,35,Control,33207.04827347762,weekly fresh water
20250520,81,36,Control,46374.89006700221,weekly fresh water
20250520,81,37,Control,42312.27378777643,weekly fresh water
20250520,81,38,Control,48773.09304908368,weekly fresh water
20250520,81,39,Control,63587.702041821634,weekly fresh water
20250520,81,40,Control,53743.04299940442,weekly fresh water
20250520,81,41,Control,63999.04655794193,weekly fresh water
20250520,81,42,Control,65461.03464445758,weekly fresh water
20250520,81,43,Control,59793.88447594984,weekly fresh water
20250520,81,44,Control,42139.17421188184,weekly fresh water
20250520,81,45,Control,41260.41860970859,weekly fresh water
20250520,81,46,Control,47990.663950225746,weekly fresh water
20250520,81,47,Control,54558.14111475803,weekly fresh water
20250520,81,48,Control,49966.64097883727,weekly fresh water
20250520,81,49,Control,52510.73077553496,weekly fresh water
20250520,81,50,Control,86853.89610684724,weekly fresh water
20250520,81,51,Control,36863.97997269407,weekly fresh water
20250520,81,52,Control,36026.35841113841,weekly fresh water
20250520,81,53,Control,75676.33723264189,weekly fresh water
20250520,81,54,Control,74407.76025303492,weekly fresh water
20250520,81,55,Control,53306.94591918319,weekly fresh water
20250520,81,56,Control,56849.53715470762,weekly fresh water
20250520,81,57,Control,40438.95000596558,weekly fresh water
20250520,81,58,Control,60936.074439959775,weekly fresh water
20250520,81,59,Control,51357.4124810273,weekly fresh water
20250520,81,60,Control,93084.70980422836,weekly fresh water
20250520,81,61,Control,31182.119646122825,weekly fresh water
20250520,81,62,Control,44913.58798184358,weekly fresh water
20250520,81,63,Control,34690.38267294583,weekly fresh water
20250520,81,64,Control,63572.47327861199,weekly fresh water
20250520,81,65,Control,41863.95176342058,weekly fresh water
20250520,81,66,Control,28308.926882939275,weekly fresh water
20250520,81,67,Control,35139.77425260918,weekly fresh water
20250520,81,68,Control,42941.19466273172,weekly fresh water
20250520,81,69,Control,40093.7741220998,weekly fresh water
20250520,81,70,Control,44486.46825787193,weekly fresh water
20250520,81,71,Control,71936.46908364967,weekly fresh water
20250520,81,72,Control,52636.2305506608,weekly fresh water
20250520,81,73,Control,46704.04873782498,weekly fresh water
20250520,81,74,Control,73383.9754516364,weekly fresh water
20250520,81,75,Control,42014.386813474855,weekly fresh water
20250520,81,76,Control,66082.18449187251,weekly fresh water
20250520,81,77,Control,53432.786400627796,weekly fresh water
20250520,81,78,Control,46357.996733753804,weekly fresh water
20250520,81,79,Control,73188.84365998705,weekly fresh water
20250520,81,80,Control,60681.18457660863,weekly fresh water
20250520,81,81,Control,43042.22008113531,weekly fresh water
20250520,81,82,Control,70643.54124233828,weekly fresh water
20250520,81,83,Control,53826.00020216981,weekly fresh water
20250520,81,84,Control,57013.74460637432,weekly fresh water
20250520,81,85,Control,34658.109552180846,weekly fresh water
20250520,81,86,Control,29855.077068127823,weekly fresh water
20250520,81,87,Control,51478.727972304056,weekly fresh water
20250520,81,88,Control,34937.066970800995,weekly fresh water
20250520,81,89,Control,40870.84536601739,weekly fresh water
20250520,81,90,Control,66803.78688895889,weekly fresh water
20250520,81,91,Control,40851.68320358241,weekly fresh water
20250520,81,92,Control,52411.34056478078,weekly fresh water
20250520,81,93,Control,94720.38640481998,weekly fresh water
20250520,81,94,Control,40333.27978281131,weekly fresh water
20250520,81,95,Control,35034.49013699349,weekly fresh water
20250520,81,96,Control,70953.46227312736,weekly fresh water
20250520,81,97,Control,106876.40566663133,weekly fresh water
20250520,81,98,Control,92153.9334907876,weekly fresh water
20250520,81,99,Control,55930.610900071944,weekly fresh water
20250520,81,100,Control,51215.89888483436,weekly fresh water
20250520,81,101,Control,52416.0165158333,weekly fresh water
20250520,81,102,Control,68013.1403282521,weekly fresh water
20250520,81,103,Control,53413.87864126226,weekly fresh water
20250520,81,104,Control,41673.454454278486,weekly fresh water
20250520,81,105,Control,61036.71703496754,weekly fresh water
20250520,81,106,Control,51000.99953456825,weekly fresh water
20250520,81,107,Control,104583.25176697836,weekly fresh water
20250520,81,108,Control,69560.12887241159,weekly fresh water
20250520,81,109,Control,85507.9215142476,weekly fresh water
20250520,82,1,Control,41048.42298393359,weekly fresh water
20250520,82,2,Control,45979.47573036892,weekly fresh water
20250520,82,3,Control,56851.717350875406,weekly fresh water
20250520,82,4,Control,62223.30057054415,weekly fresh water
20250520,82,5,Control,59800.982920056114,weekly fresh water
20250520,82,6,Control,80496.18580374696,weekly fresh water
20250520,82,7,Control,55142.414196383885,weekly fresh water
20250520,82,8,Control,43050.70215561757,weekly fresh water
20250520,82,9,Control,97153.00454280312,weekly fresh water
20250520,82,10,Control,65634.09142024003,weekly fresh water
20250520,82,11,Control,50529.95703453555,weekly fresh water
20250520,82,12,Control,61861.948503089974,weekly fresh water
20250520,82,13,Control,50676.98188016465,weekly fresh water
20250520,82,14,Control,47916.746761753755,weekly fresh water
20250520,82,15,Control,86867.94764805317,weekly fresh water
20250520,82,16,Control,39179.854952816444,weekly fresh water
20250520,82,17,Control,54726.81699067699,weekly fresh water
20250520,82,18,Control,40196.99980958761,weekly fresh water
20250520,82,19,Control,44175.98783444458,weekly fresh water
20250520,82,20,Control,43634.88112607594,weekly fresh water
20250520,82,21,Control,43671.31993195427,weekly fresh water
20250520,82,22,Control,55082.7025393825,weekly fresh water
20250520,82,23,Control,26343.79349256979,weekly fresh water
20250520,82,24,Control,47152.74013992928,weekly fresh water
20250520,82,25,Control,45890.64859039053,weekly fresh water
20250520,82,26,Control,66577.36770037914,weekly fresh water
20250520,82,27,Control,34664.24833751427,weekly fresh water
20250520,82,28,Control,75166.81963314574,weekly fresh water
20250520,82,29,Control,52567.55166526621,weekly fresh water
20250520,82,30,Control,58759.11027365469,weekly fresh water
20250520,82,31,Control,45512.24970329521,weekly fresh water
20250520,82,32,Control,31485.143859776384,weekly fresh water
20250520,82,33,Control,39331.576242448624,weekly fresh water
20250520,82,34,Control,68242.26940063928,weekly fresh water
20250520,82,35,Control,45078.45852367079,weekly fresh water
20250520,82,36,Control,45854.181631435655,weekly fresh water
20250520,82,37,Control,35797.74831173326,weekly fresh water
20250520,82,38,Control,15392.562337261908,weekly fresh water
20250520,82,39,Control,61383.00584211863,weekly fresh water
20250520,82,40,Control,29161.156286467358,weekly fresh water
20250520,82,41,Control,31424.048479561436,weekly fresh water
20250520,82,42,Control,61071.30763463187,weekly fresh water
20250520,82,43,Control,49271.79825259523,weekly fresh water
20250520,82,44,Control,48683.46586103416,weekly fresh water
20250520,82,45,Control,19192.189654440277,weekly fresh water
20250520,82,46,Control,37876.496405568694,weekly fresh water
20250520,82,47,Control,46459.2832312252,weekly fresh water
20250520,82,48,Control,71002.90232748709,weekly fresh water
20250520,82,49,Control,15110.034395947312,weekly fresh water
20250520,82,50,Control,63925.05840537277,weekly fresh water
20250520,82,51,Control,65694.73615455643,weekly fresh water
20250520,82,52,Control,43888.64018862699,weekly fresh water
20250520,82,53,Control,51567.91095354659,weekly fresh water
20250520,82,54,Control,41903.45043883341,weekly fresh water
20250520,82,55,Control,53738.276479861204,weekly fresh water
20250520,82,56,Control,27364.87779752109,weekly fresh water
20250520,82,57,Control,52521.45403516563,weekly fresh water
20250520,82,58,Control,31880.649231638254,weekly fresh water
20250520,82,59,Control,59440.403836525256,weekly fresh water
20250520,82,60,Control,45888.45796677603,weekly fresh water
20250520,82,61,Control,43083.70083170645,weekly fresh water
20250520,82,62,Control,36625.072588893956,weekly fresh water
20250520,82,63,Control,109453.67824767542,weekly fresh water
20250520,82,64,Control,70481.39623649245,weekly fresh water
20250520,82,65,Control,52452.59129011283,weekly fresh water
20250520,82,66,Control,73754.56580401715,weekly fresh water
20250520,82,67,Control,28692.763782968075,weekly fresh water
20250520,82,68,Control,40036.407327499386,weekly fresh water
20250520,82,69,Control,67988.11025821434,weekly fresh water
20250520,82,70,Control,20486.006844183354,weekly fresh water
20250520,82,71,Control,56739.74837842503,weekly fresh water
20250520,82,72,Control,59531.04629974025,weekly fresh water
20250520,82,73,Control,20906.779323101557,weekly fresh water
20250520,82,74,Control,34801.9735497488,weekly fresh water
20250520,82,75,Control,44773.06637392393,weekly fresh water
20250520,82,76,Control,32899.089154615715,weekly fresh water
20250520,82,77,Control,36388.02823319586,weekly fresh water
20250520,82,78,Control,59784.69185081538,weekly fresh water
20250520,82,79,Control,40250.21213679543,weekly fresh water
20250520,82,80,Control,23263.42163016657,weekly fresh water
20250520,82,81,Control,55032.785834294,weekly fresh water
20250520,82,82,Control,49032.59722802092,weekly fresh water
20250520,82,83,Control,52690.32957535532,weekly fresh water
20250520,82,84,Control,35551.02962000542,weekly fresh water
20250520,82,85,Control,56762.71214829109,weekly fresh water
20250520,82,86,Control,55598.2993858895,weekly fresh water
20250520,82,87,Control,38618.746130448075,weekly fresh water
20250520,82,88,Control,48592.358223072566,weekly fresh water
20250520,82,89,Control,43788.65461054176,weekly fresh water
20250520,82,90,Control,21265.30185926796,weekly fresh water
20250520,83,1,Treated,90401.49638965141,weekly temperature
20250520,83,2,Treated,70503.65829664016,weekly temperature
20250520,83,3,Treated,67146.6659336508,weekly temperature
20250520,83,4,Treated,58370.57409060689,weekly temperature
20250520,83,5,Treated,65299.56422461091,weekly temperature
20250520,83,6,Treated,48794.74491439386,weekly temperature
20250520,83,7,Treated,82111.49032285751,weekly temperature
20250520,83,8,Treated,60275.8344239626,weekly temperature
20250520,83,9,Treated,63820.63010807554,weekly temperature
20250520,83,10,Treated,130744.9457341601,weekly temperature
20250520,83,11,Treated,59974.60000273787,weekly temperature
20250520,83,12,Treated,79105.57860717097,weekly temperature
20250520,83,14,Treated,84853.56468373441,weekly temperature
20250520,83,15,Treated,65575.15654008323,weekly temperature
20250520,83,16,Treated,82734.41222309564,weekly temperature
20250520,83,17,Treated,86318.07707941503,weekly temperature
20250520,83,18,Treated,79635.71747509371,weekly temperature
20250520,83,19,Treated,63484.17717486236,weekly temperature
20250520,83,20,Treated,43384.39631654298,weekly temperature
20250520,83,21,Treated,73413.36259304616,weekly temperature
20250520,83,22,Treated,75641.02984769501,weekly temperature
20250520,83,23,Treated,80510.72430477946,weekly temperature
20250520,83,24,Treated,46352.795154341846,weekly temperature
20250520,83,25,Treated,83540.44867350739,weekly temperature
20250520,83,26,Treated,74134.95722839741,weekly temperature
20250520,83,27,Treated,27402.04477194188,weekly temperature
20250520,83,28,Treated,106275.31906112157,weekly temperature
20250520,83,29,Treated,70707.52991376363,weekly temperature
20250520,83,30,Treated,69306.43952705525,weekly temperature
20250520,83,31,Treated,87705.02937791542,weekly temperature
20250520,83,32,Treated,50499.2635616289,weekly temperature
20250520,83,33,Treated,107606.94574544442,weekly temperature
20250520,83,34,Treated,55784.802379039276,weekly temperature
20250520,83,35,Treated,56685.36298538905,weekly temperature
20250520,83,36,Treated,59051.21139879899,weekly temperature
20250520,83,37,Treated,86328.0051541896,weekly temperature
20250520,83,38,Treated,99313.13995835389,weekly temperature
20250520,83,39,Treated,63641.30117947971,weekly temperature
20250520,83,40,Treated,121503.7334507157,weekly temperature
20250520,83,41,Treated,84883.41214112472,weekly temperature
20250520,83,42,Treated,66880.49869000433,weekly temperature
20250520,83,43,Treated,26024.21535775704,weekly temperature
20250520,83,44,Treated,32815.85458520087,weekly temperature
20250520,83,45,Treated,35786.45792030783,weekly temperature
20250520,83,46,Treated,58557.12330798505,weekly temperature
20250520,83,47,Treated,67408.50587677197,weekly temperature
20250520,83,48,Treated,51165.74022953816,weekly temperature
20250520,83,49,Treated,53553.81174774879,weekly temperature
20250520,83,50,Treated,73888.09028654067,weekly temperature
20250520,83,51,Treated,17318.772390516842,weekly temperature
20250520,83,52,Treated,38367.642703588455,weekly temperature
20250520,83,53,Treated,53181.64239425954,weekly temperature
20250520,83,54,Treated,49420.45280591832,weekly temperature
20250520,83,55,Treated,88053.38843117109,weekly temperature
20250520,83,56,Treated,47770.33881589258,weekly temperature
20250520,83,57,Treated,61935.336272543944,weekly temperature
20250520,83,58,Treated,68978.16158683012,weekly temperature
20250520,83,59,Treated,83886.5347753006,weekly temperature
20250520,83,60,Treated,51790.73808637072,weekly temperature
20250520,83,61,Treated,27781.493765631505,weekly temperature
20250520,83,62,Treated,32980.02829114589,weekly temperature
20250520,83,63,Treated,31156.996323092295,weekly temperature
20250520,83,64,Treated,71965.21486743863,weekly temperature
20250520,83,65,Treated,94852.05978212488,weekly temperature
20250520,83,66,Treated,63364.44873912397,weekly temperature
20250520,83,67,Treated,97361.78255261004,weekly temperature
20250520,83,68,Treated,38534.860276418134,weekly temperature
20250520,83,69,Treated,88523.57938398904,weekly temperature
20250520,83,71,Treated,132274.27369133546,weekly temperature
20250520,83,72,Treated,56354.565474126866,weekly temperature
20250520,83,73,Treated,94537.49399891865,weekly temperature
20250520,83,74,Treated,62734.59423336364,weekly temperature
20250520,83,75,Treated,31443.91015572811,weekly temperature
20250520,83,76,Treated,56139.721254007716,weekly temperature
20250520,83,77,Treated,36732.582368733565,weekly temperature
20250520,83,78,Treated,52466.11523269933,weekly temperature
20250520,83,79,Treated,84232.25501634326,weekly temperature
20250520,83,80,Treated,29934.17626923429,weekly temperature
20250520,83,81,Treated,85537.27647092768,weekly temperature
20250520,83,82,Treated,38249.57859397443,weekly temperature
20250520,83,83,Treated,59793.66218030156,weekly temperature
20250520,83,84,Treated,39778.35860018337,weekly temperature
20250520,83,85,Treated,47028.53515533878,weekly temperature
20250520,83,86,Treated,99586.56819135488,weekly temperature
20250520,83,87,Treated,73623.0109019292,weekly temperature
20250520,83,88,Treated,126658.43565255473,weekly temperature
20250520,83,89,Treated,49080.39090825405,weekly temperature
20250520,83,90,Treated,52694.26102884077,weekly temperature
20250520,83,91,Treated,87122.49288091535,weekly temperature
20250520,83,92,Treated,62154.931051536754,weekly temperature
20250520,83,93,Treated,56427.36577881907,weekly temperature
20250520,83,94,Treated,42870.502608090166,weekly temperature
20250520,83,95,Treated,37395.799200543726,weekly temperature
20250520,83,96,Treated,48532.2945247999,weekly temperature
20250520,84,1,Treated,125633.15653206939,weekly fresh water
20250520,84,2,Treated,81635.45393849093,weekly fresh water
20250520,84,3,Treated,79948.50805565457,weekly fresh water
20250520,84,4,Treated,112451.17162430308,weekly fresh water
20250520,84,5,Treated,80115.58444961075,weekly fresh water
20250520,84,6,Treated,65994.1315741256,weekly fresh water
20250520,84,7,Treated,85472.27637762678,weekly fresh water
20250520,84,8,Treated,53335.94549718829,weekly fresh water
20250520,84,9,Treated,38718.966734637834,weekly fresh water
20250520,84,10,Treated,65422.93749627737,weekly fresh water
20250520,84,11,Treated,41800.13247145006,weekly fresh water
20250520,84,12,Treated,65159.0059192796,weekly fresh water
20250520,84,13,Treated,83177.85509041735,weekly fresh water
20250520,84,14,Treated,52612.130817864694,weekly fresh water
20250520,84,15,Treated,49336.30955793574,weekly fresh water
20250520,84,16,Treated,39087.37124638753,weekly fresh water
20250520,84,17,Treated,84351.11059235275,weekly fresh water
20250520,84,18,Treated,83006.88300216963,weekly fresh water
20250520,84,19,Treated,97763.139642043,weekly fresh water
20250520,84,20,Treated,73806.6900311827,weekly fresh water
20250520,84,21,Treated,45787.168501034495,weekly fresh water
20250520,84,22,Treated,70114.35846489965,weekly fresh water
20250520,84,23,Treated,67567.6887960231,weekly fresh water
20250520,84,24,Treated,51451.47993973722,weekly fresh water
20250520,84,25,Treated,52246.326698200966,weekly fresh water
20250520,84,26,Treated,68375.46857175029,weekly fresh water
20250520,84,27,Treated,61702.2167628281,weekly fresh water
20250520,84,28,Treated,32334.945306496407,weekly fresh water
20250520,84,29,Treated,38827.43547099995,weekly fresh water
20250520,84,30,Treated,53887.91723038594,weekly fresh water
20250520,84,31,Treated,81352.65083785048,weekly fresh water
20250520,84,32,Treated,62498.76388729862,weekly fresh water
20250520,84,33,Treated,67140.22794914068,weekly fresh water
20250520,84,34,Treated,59775.185135141146,weekly fresh water
20250520,84,35,Treated,55366.26575071636,weekly fresh water
20250520,84,36,Treated,42979.18678122619,weekly fresh water
20250520,84,37,Treated,50049.96183762071,weekly fresh water
20250520,84,38,Treated,59491.77601882339,weekly fresh water
20250520,84,39,Treated,78073.7426598794,weekly fresh water
20250520,84,40,Treated,79794.84936146483,weekly fresh water
20250520,84,41,Treated,36982.716303358335,weekly fresh water
20250520,84,42,Treated,34770.750614259974,weekly fresh water
20250520,84,43,Treated,47760.383699631304,weekly fresh water
20250520,84,44,Treated,48825.909097446776,weekly fresh water
20250520,84,45,Treated,33400.18166354391,weekly fresh water
20250520,84,46,Treated,76225.79802464778,weekly fresh water
20250520,84,47,Treated,26508.950531257407,weekly fresh water
20250520,84,48,Treated,76272.59152951326,weekly fresh water
20250520,84,49,Treated,56682.965108834585,weekly fresh water
20250520,84,50,Treated,86516.7077609077,weekly fresh water
20250520,84,51,Treated,27222.64026703022,weekly fresh water
20250520,84,52,Treated,60796.31854310941,weekly fresh water
20250520,84,53,Treated,60969.14066457483,weekly fresh water
20250520,84,54,Treated,46477.704650781256,weekly fresh water
20250520,84,55,Treated,55372.14552456723,weekly fresh water
20250520,84,56,Treated,120807.48735659018,weekly fresh water
20250520,84,57,Treated,94224.43346310883,weekly fresh water
20250520,84,58,Treated,69981.65999973183,weekly fresh water
20250520,84,59,Treated,60275.12030233739,weekly fresh water
20250520,84,60,Treated,42663.46703333352,weekly fresh water
20250520,84,61,Treated,56090.04018963942,weekly fresh water
20250520,84,62,Treated,88937.0743766252,weekly fresh water
20250520,84,63,Treated,65595.2386692388,weekly fresh water
20250520,84,64,Treated,46561.22804232458,weekly fresh water
20250520,84,65,Treated,46712.27852171225,weekly fresh water
20250520,84,66,Treated,68110.34050643112,weekly fresh water
20250520,84,67,Treated,51035.4851692672,weekly fresh water
20250520,84,68,Treated,38118.946998494306,weekly fresh water
20250520,84,69,Treated,51087.35943622005,weekly fresh water
20250520,84,70,Treated,61808.87731609311,weekly fresh water
20250520,84,71,Treated,44939.21502921442,weekly fresh water
20250520,84,72,Treated,66873.59102304776,weekly fresh water
20250520,84,73,Treated,33654.75043446761,weekly fresh water
20250520,84,74,Treated,57024.16482447001,weekly fresh water
20250520,84,75,Treated,52623.260112162025,weekly fresh water
20250520,84,76,Treated,46160.14831599726,weekly fresh water
20250520,84,77,Treated,25366.773653351294,weekly fresh water
20250520,84,78,Treated,52187.24223933995,weekly fresh water
20250520,84,79,Treated,62939.669770904475,weekly fresh water
20250520,84,80,Treated,32104.429881269087,weekly fresh water
20250520,84,81,Treated,46655.637445838365,weekly fresh water
20250520,84,82,Treated,48119.7020993726,weekly fresh water
20250520,84,83,Treated,96857.36403645195,weekly fresh water
20250520,84,84,Treated,18795.02545343261,weekly fresh water
20250520,84,85,Treated,52194.96322278851,weekly fresh water
20250520,84,86,Treated,61926.14843959644,weekly fresh water
20250520,84,87,Treated,46220.58775253488,weekly fresh water
20250520,84,88,Treated,51078.41066589844,weekly fresh water
20250520,84,89,Treated,69734.61639208102,weekly fresh water
20250520,84,90,Treated,73342.58511218116,weekly fresh water
20250520,84,91,Treated,81873.46820513488,weekly fresh water
20250520,84,92,Treated,47562.954106984274,weekly fresh water
20250520,84,93,Treated,64428.07509856085,weekly fresh water
20250520,84,94,Treated,51823.59603210562,weekly fresh water
20250520,84,95,Treated,63508.14552545496,weekly fresh water
20250520,84,96,Treated,82129.43042449554,weekly fresh water
20250520,84,97,Treated,31752.741265251665,weekly fresh water
20250520,84,98,Treated,58476.631782410084,weekly fresh water
20250520,84,99,Treated,64552.03577671885,weekly fresh water
20250520,84,100,Treated,47879.127655863005,weekly fresh water
20250520,84,101,Treated,35478.1457275933,weekly fresh water
20250520,84,102,Treated,67598.49649688107,weekly fresh water
20250520,84,103,Treated,62911.79583634142,weekly fresh water
20250520,84,104,Treated,64921.64340126398,weekly fresh water
20250520,84,105,Treated,52058.50778861915,weekly fresh water
20250520,84,106,Treated,48343.31491708054,weekly fresh water
20250520,84,107,Treated,84619.65953601495,weekly fresh water
20250520,84,108,Treated,85232.58548935853,weekly fresh water
20250520,84,109,Treated,67460.57728293633,weekly fresh water
20250520,84,110,Treated,73432.88112878978,weekly fresh water
20250520,84,111,Treated,62851.88130332258,weekly fresh water
20250520,84,112,Treated,111698.9666045203,weekly fresh water
20250520,84,113,Treated,30615.106847541185,weekly fresh water
20250520,85,1,Treated,110108.95435619184,weekly temperature
20250520,85,2,Treated,109209.39343997536,weekly temperature
20250520,85,3,Treated,52099.02121148282,weekly temperature
20250520,85,4,Treated,87205.36431948506,weekly temperature
20250520,85,5,Treated,65326.744961345845,weekly temperature
20250520,85,6,Treated,58536.01998795568,weekly temperature
20250520,85,7,Treated,38066.37179213987,weekly temperature
20250520,85,8,Treated,55702.07948305434,weekly temperature
20250520,85,9,Treated,41583.930952262686,weekly temperature
20250520,85,10,Treated,56858.90051150708,weekly temperature
20250520,85,11,Treated,86113.94430858109,weekly temperature
20250520,85,12,Treated,55241.856829168624,weekly temperature
20250520,85,13,Treated,50697.363899044336,weekly temperature
20250520,85,14,Treated,89934.44101124312,weekly temperature
20250520,85,15,Treated,59699.94169810051,weekly temperature
20250520,85,16,Treated,85472.54665716554,weekly temperature
20250520,85,17,Treated,53704.98135964661,weekly temperature
20250520,85,18,Treated,56834.744966688755,weekly temperature
20250520,85,19,Treated,76155.65404474143,weekly temperature
20250520,85,20,Treated,63858.6161820181,weekly temperature
20250520,85,21,Treated,57070.127173607754,weekly temperature
20250520,85,22,Treated,82037.72495749043,weekly temperature
20250520,85,23,Treated,90261.73519731907,weekly temperature
20250520,85,24,Treated,69244.92148411124,weekly temperature
20250520,85,25,Treated,62935.22584185884,weekly temperature
20250520,85,26,Treated,37168.00123599561,weekly temperature
20250520,85,27,Treated,110139.5521504857,weekly temperature
20250520,85,28,Treated,106143.72022600209,weekly temperature
20250520,85,29,Treated,36962.978598619455,weekly temperature
20250520,85,30,Treated,65705.25349647387,weekly temperature
20250520,85,31,Treated,32448.62552835771,weekly temperature
20250520,85,32,Treated,46991.872772905655,weekly temperature
20250520,85,33,Treated,70054.25136900222,weekly temperature
20250520,85,34,Treated,48676.35682083574,weekly temperature
20250520,85,35,Treated,72078.77813023323,weekly temperature
20250520,85,36,Treated,81149.72930567298,weekly temperature
20250520,85,37,Treated,32197.066230702025,weekly temperature
20250520,85,38,Treated,53495.42566204269,weekly temperature
20250520,85,39,Treated,59524.4270324704,weekly temperature
20250520,85,40,Treated,70011.77957065814,weekly temperature
20250520,85,41,Treated,58649.221937549264,weekly temperature
20250520,85,42,Treated,82070.90144066319,weekly temperature
20250520,85,43,Treated,80076.23359140377,weekly temperature
20250520,85,44,Treated,76799.46347736011,weekly temperature
20250520,85,45,Treated,89015.2212583361,weekly temperature
20250520,85,46,Treated,107200.13253504102,weekly temperature
20250520,85,47,Treated,48644.616017245186,weekly temperature
20250520,85,48,Treated,102126.3255025679,weekly temperature
20250520,85,49,Treated,91726.05981200491,weekly temperature
20250520,85,50,Treated,61457.2464914096,weekly temperature
20250520,85,51,Treated,80270.04617902328,weekly temperature
20250520,85,52,Treated,62976.832477362776,weekly temperature
20250520,85,53,Treated,39846.59878026108,weekly temperature
20250520,85,54,Treated,25472.56954322463,weekly temperature
20250520,85,55,Treated,78636.9233201809,weekly temperature
20250520,85,56,Treated,63525.23337294866,weekly temperature
20250520,85,57,Treated,62842.21372495586,weekly temperature
20250520,85,58,Treated,67046.54947213702,weekly temperature
20250520,85,59,Treated,57174.56706675949,weekly temperature
20250520,85,60,Treated,31332.204943322,weekly temperature
20250520,85,61,Treated,79388.09504412218,weekly temperature
20250520,85,62,Treated,71660.0928312436,weekly temperature
20250520,85,63,Treated,86218.78226847318,weekly temperature
20250520,85,64,Treated,69069.9561856791,weekly temperature
20250520,85,65,Treated,53987.27605419542,weekly temperature
20250520,85,66,Treated,70025.04265139763,weekly temperature
20250520,85,67,Treated,63768.69318183894,weekly temperature
20250520,85,68,Treated,42427.38695839928,weekly temperature
20250520,85,69,Treated,71063.20090577623,weekly temperature
20250520,85,70,Treated,67654.10489631895,weekly temperature
20250520,85,71,Treated,43393.71509550672,weekly temperature
20250520,85,72,Treated,46952.04386314838,weekly temperature
20250520,85,73,Treated,43976.855363054005,weekly temperature
20250520,85,74,Treated,43908.78743692018,weekly temperature
20250520,85,75,Treated,66083.1336074132,weekly temperature
20250520,85,76,Treated,36262.77580480476,weekly temperature
20250520,85,77,Treated,60398.65686660797,weekly temperature
20250520,85,78,Treated,54376.79230166119,weekly temperature
20250520,85,79,Treated,75011.0726628124,weekly temperature
20250520,85,80,Treated,43021.82260993067,weekly temperature
20250520,85,81,Treated,47188.968352292315,weekly temperature
20250520,85,82,Treated,51879.41944692142,weekly temperature
20250520,85,83,Treated,70034.6088959398,weekly temperature
20250520,85,84,Treated,39813.72258084173,weekly temperature
20250520,85,85,Treated,74708.2710720791,weekly temperature
20250520,85,86,Treated,43369.357870394655,weekly temperature
20250520,85,87,Treated,69660.84649423457,weekly temperature
20250520,85,88,Treated,44453.31477762229,weekly temperature
20250520,85,89,Treated,17654.83332286399,weekly temperature
20250520,85,90,Treated,52788.10441729792,weekly temperature
20250520,85,91,Treated,33720.94836479239,weekly temperature
20250520,85,92,Treated,33847.26188606945,weekly temperature
20250520,85,93,Treated,41180.828008414894,weekly temperature
20250520,85,94,Treated,58422.20106707886,weekly temperature
20250520,85,95,Treated,49354.28836908599,weekly temperature
20250520,85,96,Treated,59384.62522951557,weekly temperature
20250520,85,97,Treated,31481.800068664536,weekly temperature
20250520,85,98,Treated,39354.94423411497,weekly temperature
20250520,85,99,Treated,33673.0883078325,weekly temperature
20250520,85,100,Treated,65590.5664581714,weekly temperature
20250520,85,101,Treated,56908.39847810032,weekly temperature
20250520,85,102,Treated,65852.31486122002,weekly temperature
20250520,85,103,Treated,33296.68894884226,weekly temperature
20250520,85,104,Treated,67093.29850896813,weekly temperature
20250520,85,105,Treated,96874.71643963097,weekly temperature
20250520,85,106,Treated,60653.17138628676,weekly temperature
20250520,85,107,Treated,26659.92241265967,weekly temperature
20250520,85,108,Treated,61911.27292372311,weekly temperature
20250520,86,1,Control,53268.54377091038,weekly fresh water
20250520,86,2,Control,27034.04950826009,weekly fresh water
20250520,86,3,Control,68969.03199132581,weekly fresh water
20250520,86,4,Control,92348.05073944693,weekly fresh water
20250520,86,5,Control,80158.16787737265,weekly fresh water
20250520,86,6,Control,69583.99951389273,weekly fresh water
20250520,86,7,Control,70313.5150965395,weekly fresh water
20250520,86,8,Control,49325.526870412155,weekly fresh water
20250520,86,9,Control,67184.96648771793,weekly fresh water
20250520,86,10,Control,60716.156243745725,weekly fresh water
20250520,86,11,Control,89699.57806096495,weekly fresh water
20250520,86,12,Control,69661.14719178976,weekly fresh water
20250520,86,13,Control,78171.649388384,weekly fresh water
20250520,86,14,Control,90579.69109739829,weekly fresh water
20250520,86,15,Control,75069.87103881029,weekly fresh water
20250520,86,16,Control,107154.3269303388,weekly fresh water
20250520,86,17,Control,48979.522562172046,weekly fresh water
20250520,86,18,Control,77979.84605290054,weekly fresh water
20250520,86,19,Control,60123.786396398136,weekly fresh water
20250520,86,20,Control,44446.78936660957,weekly fresh water
20250520,86,21,Control,72517.41907721334,weekly fresh water
20250520,86,22,Control,54791.98665847154,weekly fresh water
20250520,86,23,Control,56142.200519182814,weekly fresh water
20250520,86,24,Control,51220.18967795515,weekly fresh water
20250520,86,25,Control,48983.2233095564,weekly fresh water
20250520,86,26,Control,46375.51360324095,weekly fresh water
20250520,86,27,Control,76327.97659440484,weekly fresh water
20250520,86,28,Control,62566.05642982478,weekly fresh water
20250520,86,29,Control,102765.59890537521,weekly fresh water
20250520,86,30,Control,40443.87297665275,weekly fresh water
20250520,86,31,Control,85506.90218052511,weekly fresh water
20250520,86,32,Control,48963.43126325378,weekly fresh water
20250520,86,33,Control,76895.9737923027,weekly fresh water
20250520,86,34,Control,96397.23887395939,weekly fresh water
20250520,86,35,Control,68304.25416221228,weekly fresh water
20250520,86,36,Control,75883.22804429555,weekly fresh water
20250520,86,37,Control,62225.31127131443,weekly fresh water
20250520,86,38,Control,90857.44346279341,weekly fresh water
20250520,86,39,Control,84907.01575856912,weekly fresh water
20250520,86,40,Control,59965.71416830539,weekly fresh water
20250520,86,41,Control,47557.43070813845,weekly fresh water
20250520,86,42,Control,84412.5290961968,weekly fresh water
20250520,86,43,Control,98530.4562825948,weekly fresh water
20250520,86,44,Control,38944.50822362335,weekly fresh water
20250520,86,45,Control,83869.5532334413,weekly fresh water
20250520,86,46,Control,132355.41422210683,weekly fresh water
20250520,86,47,Control,62118.36670729407,weekly fresh water
20250520,86,48,Control,91967.0820079786,weekly fresh water
20250520,86,49,Control,89722.95812630393,weekly fresh water
20250520,86,50,Control,63782.91644849944,weekly fresh water
20250520,86,51,Control,58500.170009678004,weekly fresh water
20250520,86,52,Control,80064.48656271283,weekly fresh water
20250520,86,53,Control,117737.71840538293,weekly fresh water
20250520,86,54,Control,52031.57454181593,weekly fresh water
20250520,86,55,Control,65307.70392929086,weekly fresh water
20250520,86,56,Control,65806.92798300165,weekly fresh water
20250520,86,57,Control,90645.30283233129,weekly fresh water
20250520,86,58,Control,64862.166497124126,weekly fresh water
20250520,86,59,Control,75156.5647303948,weekly fresh water
20250520,86,60,Control,73537.9861743762,weekly fresh water
20250520,86,61,Control,62496.37894920266,weekly fresh water
20250520,86,62,Control,73556.75683505197,weekly fresh water
20250520,86,63,Control,79363.18527572622,weekly fresh water
20250520,86,64,Control,91761.58346252055,weekly fresh water
20250520,86,65,Control,73750.81755528574,weekly fresh water
20250520,86,66,Control,27700.02839517543,weekly fresh water
20250520,86,67,Control,51565.293395656976,weekly fresh water
20250520,86,68,Control,67057.72480756325,weekly fresh water
20250520,86,69,Control,96249.88595133722,weekly fresh water
20250520,86,70,Control,62550.19309077601,weekly fresh water
20250520,86,71,Control,35921.422537962564,weekly fresh water
20250520,86,72,Control,69040.1432573305,weekly fresh water
20250520,86,73,Control,73069.23502663309,weekly fresh water
20250520,86,74,Control,69610.72915560959,weekly fresh water
20250520,86,75,Control,72680.15211993997,weekly fresh water
20250520,86,76,Control,64800.06929961418,weekly fresh water
20250520,86,77,Control,48572.7772274343,weekly fresh water
20250520,86,78,Control,39326.84025695373,weekly fresh water
20250520,86,79,Control,90983.31210923543,weekly fresh water
20250520,86,80,Control,87419.24344435112,weekly fresh water
20250520,86,81,Control,59998.984123304086,weekly fresh water
20250520,86,82,Control,79704.81363833847,weekly fresh water
20250520,86,83,Control,64219.868260768715,weekly fresh water
20250520,86,84,Control,40087.317690779404,weekly fresh water
20250520,86,85,Control,69694.44350507592,weekly fresh water
20250520,86,86,Control,70521.51321594008,weekly fresh water
20250520,86,87,Control,54298.2398510877,weekly fresh water
20250520,86,88,Control,88415.15102923303,weekly fresh water
20250520,86,89,Control,51109.87620430743,weekly fresh water
20250520,86,90,Control,16248.711629326914,weekly fresh water
20250520,86,91,Control,46951.54516168734,weekly fresh water
20250520,86,92,Control,86590.2313278179,weekly fresh water
20250520,86,93,Control,85189.63050504755,weekly fresh water
20250520,86,94,Control,36068.43797291717,weekly fresh water
20250520,86,95,Control,127875.04997348008,weekly fresh water
20250520,86,96,Control,99205.68225274186,weekly fresh water
20250520,87,1,Control,42196.78379175497,weekly fresh water
20250520,87,2,Control,70497.71877942914,weekly fresh water
20250520,87,3,Control,51565.293395656976,weekly fresh water
20250520,87,4,Control,95213.21023536402,weekly fresh water
20250520,87,5,Control,36575.64010544396,weekly fresh water
20250520,87,6,Control,55914.54318537552,weekly fresh water
20250520,87,7,Control,68628.71793914403,weekly fresh water
20250520,87,8,Control,62325.48249133881,weekly fresh water
20250520,87,9,Control,57667.9156893452,weekly fresh water
20250520,87,10,Control,29044.754920752883,weekly fresh water
20250520,87,11,Control,56758.30691330878,weekly fresh water
20250520,87,12,Control,25962.712751805193,weekly fresh water
20250520,87,13,Control,35212.16328589115,weekly fresh water
20250520,87,14,Control,31228.80347460541,weekly fresh water
20250520,87,15,Control,39256.05791459017,weekly fresh water
20250520,87,16,Control,41307.264245912236,weekly fresh water
20250520,87,17,Control,27090.037531796686,weekly fresh water
20250520,87,18,Control,83037.09459757885,weekly fresh water
20250520,87,19,Control,47445.62134117809,weekly fresh water
20250520,87,20,Control,71746.9209501089,weekly fresh water
20250520,87,21,Control,65955.93481943634,weekly fresh water
20250520,87,22,Control,43083.395605026846,weekly fresh water
20250520,87,23,Control,53533.449908815746,weekly fresh water
20250520,87,24,Control,36372.853915374784,weekly fresh water
20250520,87,25,Control,79759.61507583673,weekly fresh water
20250520,87,26,Control,56239.368448943096,weekly fresh water
20250520,87,27,Control,40058.995245876715,weekly fresh water
20250520,87,28,Control,14418.490952356573,weekly fresh water
20250520,87,29,Control,32993.527777691714,weekly fresh water
20250520,87,30,Control,68216.53706761662,weekly fresh water
20250520,87,31,Control,24900.865781712688,weekly fresh water
20250520,87,32,Control,17153.11034812853,weekly fresh water
20250520,87,33,Control,22449.72177481648,weekly fresh water
20250520,87,34,Control,37761.296043452996,weekly fresh water
20250520,87,35,Control,29640.769191347237,weekly fresh water
20250520,87,36,Control,49887.77105160102,weekly fresh water
20250520,87,37,Control,34721.5851753854,weekly fresh water
20250520,87,38,Control,61150.66180514267,weekly fresh water
20250520,87,39,Control,40368.02641091817,weekly fresh water
20250520,87,40,Control,35522.99090235817,weekly fresh water
20250520,87,41,Control,46629.09989804794,weekly fresh water
20250520,87,42,Control,45964.780016180666,weekly fresh water
20250520,87,43,Control,33957.65087317568,weekly fresh water
20250520,87,44,Control,54390.47772712987,weekly fresh water
20250520,87,45,Control,56806.97162528035,weekly fresh water
20250520,87,46,Control,62461.18983140198,weekly fresh water
20250520,87,47,Control,42683.210465605895,weekly fresh water
20250520,87,48,Control,97719.01117156775,weekly fresh water
20250520,87,49,Control,36278.912402168586,weekly fresh water
20250520,87,50,Control,27418.570772448224,weekly fresh water
20250520,87,51,Control,48163.42129310337,weekly fresh water
20250520,87,52,Control,38897.750982225356,weekly fresh water
20250520,87,53,Control,29260.26008998312,weekly fresh water
20250520,87,54,Control,32180.43926583404,weekly fresh water
20250520,87,55,Control,52717.68643750269,weekly fresh water
20250520,87,56,Control,32658.896856670817,weekly fresh water
20250520,87,57,Control,25974.9383367437,weekly fresh water
20250520,87,58,Control,29954.850509324653,weekly fresh water
20250520,87,59,Control,38027.454148326404,weekly fresh water
20250520,87,60,Control,44613.11052633816,weekly fresh water
20250520,87,61,Control,85314.16191983782,weekly fresh water
20250520,87,62,Control,60672.44689515652,weekly fresh water
20250520,87,63,Control,39295.81605740445,weekly fresh water
20250520,87,64,Control,50609.92821153021,weekly fresh water
20250520,87,65,Control,31056.557339464383,weekly fresh water
20250520,87,66,Control,34088.26248405025,weekly fresh water
20250520,87,67,Control,27076.89001938249,weekly fresh water
20250520,87,68,Control,32888.05804690865,weekly fresh water
20250520,87,69,Control,21017.980469682545,weekly fresh water
20250520,87,70,Control,43667.99163757992,weekly fresh water
20250520,87,71,Control,25631.06948477324,weekly fresh water
20250520,87,72,Control,14624.85079579718,weekly fresh water
20250520,87,73,Control,28934.062113984543,weekly fresh water
20250520,87,74,Control,15233.21270895616,weekly fresh water
20250520,87,75,Control,19228.052909587117,weekly fresh water
20250520,87,76,Control,22539.066684430418,weekly fresh water
20250520,87,77,Control,46463.78898136483,weekly fresh water
20250520,87,78,Control,98730.96201761521,weekly fresh water
20250520,87,79,Control,66554.18410185115,weekly fresh water
20250520,87,80,Control,55232.36785293231,weekly fresh water
20250520,87,81,Control,102586.36945189715,weekly fresh water
20250520,87,82,Control,41841.00282348029,weekly fresh water
20250520,87,83,Control,51098.560824303975,weekly fresh water
20250520,87,84,Control,76844.21950129027,weekly fresh water
20250520,87,85,Control,59606.1757635967,weekly fresh water
20250520,87,86,Control,43827.736833767674,weekly fresh water
20250520,87,87,Control,83036.56970221519,weekly fresh water
20250520,87,88,Control,24852.140833600628,weekly fresh water
20250520,87,89,Control,14347.697516615079,weekly fresh water
20250520,87,90,Control,32460.353700080173,weekly fresh water
20250520,87,91,Control,24926.49937182159,weekly fresh water
20250520,87,92,Control,19104.048544683636,weekly fresh water
20250520,87,93,Control,61154.736127034455,weekly fresh water
20250520,87,94,Control,28422.01948491754,weekly fresh water
20250520,87,95,Control,34551.256846063996,weekly fresh water
20250520,88,1,Control,70605.62424517596,weekly temperature
20250520,88,2,Control,86475.38227911762,weekly temperature
20250520,88,3,Control,108377.93487188697,weekly temperature
20250520,88,4,Control,92832.1995957768,weekly temperature
20250520,88,5,Control,53877.478127471564,weekly temperature
20250520,88,6,Control,74160.33866447532,weekly temperature
20250520,88,7,Control,73407.43924676019,weekly temperature
20250520,88,8,Control,57293.54243515311,weekly temperature
20250520,88,9,Control,48647.28554678632,weekly temperature
20250520,88,10,Control,70586.48542944944,weekly temperature
20250520,88,11,Control,39803.57661089013,weekly temperature
20250520,88,12,Control,60174.798567039245,weekly temperature
20250520,88,13,Control,84793.17743059433,weekly temperature
20250520,88,14,Control,87197.40855918758,weekly temperature
20250520,88,15,Control,62482.711375785235,weekly temperature
20250520,88,16,Control,38704.12633506244,weekly temperature
20250520,88,17,Control,77051.75488313442,weekly temperature
20250520,88,18,Control,90623.37462076808,weekly temperature
20250520,88,19,Control,60684.70320630371,weekly temperature
20250520,88,20,Control,51048.767479155984,weekly temperature
20250520,88,21,Control,49102.48938223047,weekly temperature
20250520,88,22,Control,44462.52113815863,weekly temperature
20250520,88,23,Control,51809.16998468727,weekly temperature
20250520,88,24,Control,53591.567054002415,weekly temperature
20250520,88,25,Control,36873.05845952807,weekly temperature
20250520,88,26,Control,71269.94902926128,weekly temperature
20250520,88,27,Control,75282.17726875727,weekly temperature
20250520,88,28,Control,78084.21197442179,weekly temperature
20250520,88,29,Control,79362.6067422021,weekly temperature
20250520,88,30,Control,74378.14970780445,weekly temperature
20250520,88,31,Control,40909.47610346432,weekly temperature
20250520,88,32,Control,51903.89299223953,weekly temperature
20250520,88,33,Control,49288.182174244605,weekly temperature
20250520,88,34,Control,40336.33620359663,weekly temperature
20250520,88,35,Control,67713.99433767512,weekly temperature
20250520,88,36,Control,49042.93062332124,weekly temperature
20250520,88,37,Control,70905.97300427419,weekly temperature
20250520,88,38,Control,68180.44158108118,weekly temperature
20250520,88,39,Control,47459.83726399442,weekly temperature
20250520,88,40,Control,83539.24670048084,weekly temperature
20250520,88,41,Control,67497.40106667476,weekly temperature
20250520,88,42,Control,76420.19772332328,weekly temperature
20250520,88,43,Control,43798.72821779711,weekly temperature
20250520,88,44,Control,96146.58941732332,weekly temperature
20250520,88,45,Control,67515.43919454984,weekly temperature
20250520,88,46,Control,79203.73743812274,weekly temperature
20250520,88,47,Control,74185.26317991945,weekly temperature
20250520,88,48,Control,69490.80466165527,weekly temperature
20250520,88,49,Control,62466.40688705056,weekly temperature
20250520,88,50,Control,86601.789984550807,weekly temperature
20250520,88,51,Control,79458.65707634643,weekly temperature
20250520,88,52,Control,70489.51408781015,weekly temperature
20250520,88,53,Control,49118.31685192142,weekly temperature
20250520,88,54,Control,36823.62581382101,weekly temperature
20250520,88,55,Control,77769.52534176143,weekly temperature
20250520,88,56,Control,68525.0137751327,weekly temperature
20250520,88,57,Control,38245.53085374065,weekly temperature
20250520,88,58,Control,69174.03683276716,weekly temperature
20250520,88,59,Control,62257.166593164045,weekly temperature
20250520,88,60,Control,51739.29478587352,weekly temperature
20250520,88,61,Control,75225.37293485708,weekly temperature
20250520,88,62,Control,70596.57945937141,weekly temperature
20250520,88,63,Control,87719.2288197705,weekly temperature
20250520,88,64,Control,84836.16091021555,weekly temperature
20250520,88,65,Control,51959.91095583329,weekly temperature
20250520,88,66,Control,41774.32283375688,weekly temperature
20250520,88,67,Control,77286.00110630704,weekly temperature
20250520,88,68,Control,92734.0765376488,weekly temperature
20250520,88,69,Control,66913.87713863197,weekly temperature
20250520,88,70,Control,62337.33147735056,weekly temperature
20250520,88,71,Control,47539.41257976297,weekly temperature
20250520,88,72,Control,53460.124698982756,weekly temperature
20250520,88,73,Control,78728.88595278455,weekly temperature
20250520,88,74,Control,58528.62125566701,weekly temperature
20250520,88,75,Control,76988.81022776976,weekly temperature
20250520,88,76,Control,51125.31168904811,weekly temperature
20250520,88,77,Control,54030.37569661367,weekly temperature
20250520,88,78,Control,85694.39658771596,weekly temperature
20250520,88,79,Control,52206.79347631729,weekly temperature
20250520,88,80,Control,32977.774975937224,weekly temperature
20250520,88,81,Control,74856.21223936565,weekly temperature
20250520,88,82,Control,81449.35509433625,weekly temperature
20250520,88,83,Control,46350.16805259246,weekly temperature
20250520,88,85,Control,79094.2364731062,weekly temperature
20250520,88,86,Control,38325.44306468042,weekly temperature
20250520,88,87,Control,88763.32287834259,weekly temperature
20250520,88,88,Control,71117.21247577146,weekly temperature
20250520,88,89,Control,75630.07162328377,weekly temperature
20250520,88,90,Control,39556.469700082016,weekly temperature
20250520,88,91,Control,60473.21616687165,weekly temperature
20250520,88,92,Control,63334.12865206668,weekly temperature
20250520,88,93,Control,52455.74391742882,weekly temperature
20250520,88,94,Control,84295.94371452795,weekly temperature
20250520,88,95,Control,54441.034509750876,weekly temperature
20250520,88,96,Control,101577.75466010456,weekly temperature
20250520,88,97,Control,83273.03626696892,weekly temperature
20250520,88,98,Control,57266.47297422223,weekly temperature
20250520,88,99,Control,68820.48866201392,weekly temperature
20250520,88,100,Control,49451.63028465222,weekly temperature
20250520,88,101,Control,67514.85573103196,weekly temperature
20250520,88,102,Control,42936.18206949132,weekly temperature
20250520,88,103,Control,30313.20101495509,weekly temperature
20250520,88,104,Control,77914.29682774913,weekly temperature
20250520,91,1,Treated,87139.6219346311,weekly temperature
20250520,91,2,Treated,61082.35430804261,weekly temperature
20250520,91,3,Treated,71493.95568398386,weekly temperature
20250520,91,4,Treated,29770.836366280313,weekly temperature
20250520,91,5,Treated,105236.936619652,weekly temperature
20250520,91,6,Treated,38632.32067134444,weekly temperature
20250520,91,7,Treated,39124.37375498452,weekly temperature
20250520,91,8,Treated,72382.87506799267,weekly temperature
20250520,91,9,Treated,48424.10712477835,weekly temperature
20250520,91,10,Treated,37233.74832187634,weekly temperature
20250520,91,11,Treated,43859.02160238469,weekly temperature
20250520,91,12,Treated,68737.4751220344,weekly temperature
20250520,91,13,Treated,53794.39671609527,weekly temperature
20250520,91,14,Treated,51030.771455189875,weekly temperature
20250520,91,15,Treated,50251.89842624289,weekly temperature
20250520,91,16,Treated,38105.959424012486,weekly temperature
20250520,91,17,Treated,48641.49988504317,weekly temperature
20250520,91,18,Treated,59051.22651061306,weekly temperature
20250520,91,19,Treated,43648.09140569971,weekly temperature
20250520,91,20,Treated,67649.7842741538,weekly temperature
20250520,91,21,Treated,68759.1443535398,weekly temperature
20250520,91,22,Treated,23048.666043502046,weekly temperature
20250520,91,23,Treated,81719.87184360457,weekly temperature
20250520,91,24,Treated,40218.722190851164,weekly temperature
20250520,91,25,Treated,58755.16479426455,weekly temperature
20250520,91,26,Treated,37302.61369798311,weekly temperature
20250520,91,27,Treated,31771.33010062135,weekly temperature
20250520,91,28,Treated,48818.25491658727,weekly temperature
20250520,91,29,Treated,45956.07769423849,weekly temperature
20250520,91,30,Treated,57237.45602870959,weekly temperature
20250520,91,31,Treated,31580.35876644319,weekly temperature
20250520,91,32,Treated,76395.53612756188,weekly temperature
20250520,91,33,Treated,49805.71596561083,weekly temperature
20250520,91,34,Treated,85006.65421419305,weekly temperature
20250520,91,35,Treated,51098.62005133123,weekly temperature
20250520,91,36,Treated,95946.53302687341,weekly temperature
20250520,91,37,Treated,69717.73789970839,weekly temperature
20250520,91,38,Treated,77012.69798804965,weekly temperature
20250520,91,39,Treated,123791.82780758076,weekly temperature
20250520,91,40,Treated,99182.81176462682,weekly temperature
20250520,91,41,Treated,69745.31554080843,weekly temperature
20250520,91,42,Treated,66743.6133582875,weekly temperature
20250520,91,43,Treated,48857.0948333061,weekly temperature
20250520,91,44,Treated,83371.21527843014,weekly temperature
20250520,91,45,Treated,33013.74926733111,weekly temperature
20250520,91,46,Treated,74856.11552513883,weekly temperature
20250520,91,47,Treated,101822.05958789041,weekly temperature
20250520,91,48,Treated,69611.55469237544,weekly temperature
20250520,91,49,Treated,61388.62360856839,weekly temperature
20250520,91,50,Treated,37812.09546549348,weekly temperature
20250520,91,51,Treated,59717.03552820098,weekly temperature
20250520,91,52,Treated,56476.056583469835,weekly temperature
20250520,91,53,Treated,43697.71582430188,weekly temperature
20250520,91,54,Treated,36149.27760615656,weekly temperature
20250520,91,55,Treated,39488.61620976706,weekly temperature
20250520,91,56,Treated,40502.10605995438,weekly temperature
20250520,91,57,Treated,52200.47017164927,weekly temperature
20250520,91,58,Treated,27819.004660452505,weekly temperature
20250520,91,59,Treated,55654.26410936212,weekly temperature
20250520,91,60,Treated,84914.5873314446,weekly temperature
20250520,91,61,Treated,43385.15043238318,weekly temperature
20250520,91,62,Treated,72606.37011638498,weekly temperature
20250520,91,63,Treated,61956.062140855516,weekly temperature
20250520,91,64,Treated,67638.2928260214,weekly temperature
20250520,91,65,Treated,43734.67275050868,weekly temperature
20250520,91,66,Treated,41598.935404107666,weekly temperature
20250520,91,67,Treated,53742.074722550686,weekly temperature
20250520,91,68,Treated,59741.911145466656,weekly temperature
20250520,91,69,Treated,56799.674844082365,weekly temperature
20250520,91,70,Treated,44756.9344519319,weekly temperature
20250520,91,71,Treated,28335.18551703899,weekly temperature
20250520,91,72,Treated,39391.60275620464,weekly temperature
20250520,91,73,Treated,45690.09942084821,weekly temperature
20250520,91,74,Treated,62141.31175478037,weekly temperature
20250520,91,75,Treated,111403.11285395481,weekly temperature
20250520,91,76,Treated,73905.2850968377,weekly temperature
20250520,91,77,Treated,54443.140051260736,weekly temperature
20250520,91,78,Treated,36295.62822499074,weekly temperature
20250520,91,79,Treated,74520.93238403671,weekly temperature
20250520,91,80,Treated,63503.125248178076,weekly temperature
20250520,91,81,Treated,81458.40679206498,weekly temperature
20250520,91,82,Treated,32351.888737744477,weekly temperature
20250520,91,83,Treated,46671.476245609265,weekly temperature
20250520,91,84,Treated,39584.71036899948,weekly temperature
20250520,91,85,Treated,66555.90097219277,weekly temperature
20250520,91,86,Treated,46036.235890881886,weekly temperature
20250520,91,87,Treated,100349.54733924942,weekly temperature
20250520,91,88,Treated,61999.7988040535,weekly temperature
20250520,91,89,Treated,86092.127275227,weekly temperature
20250520,91,90,Treated,41625.346058104216,weekly temperature
20250520,91,91,Treated,50399.5747036991,weekly temperature
20250520,91,92,Treated,22838.16649815839,weekly temperature
20250520,91,93,Treated,37765.967594403766,weekly temperature
20250520,91,94,Treated,50821.61813025262,weekly temperature
20250520,91,95,Treated,37765.671000623304,weekly temperature
20250520,94,1,Treated,89163.43607371855,weekly fresh water
20250520,94,2,Treated,100177.16519921331,weekly fresh water
20250520,94,3,Treated,114880.54365911912,weekly fresh water
20250520,94,4,Treated,34559.498199043774,weekly fresh water
20250520,94,5,Treated,68323.62488314035,weekly fresh water
20250520,94,6,Treated,48271.47498049315,weekly fresh water
20250520,94,7,Treated,73954.3461949753,weekly fresh water
20250520,94,8,Treated,76021.29476977611,weekly fresh water
20250520,94,9,Treated,81737.92696643631,weekly fresh water
20250520,94,10,Treated,34205.62230992577,weekly fresh water
20250520,94,11,Treated,39661.79247063152,weekly fresh water
20250520,94,12,Treated,59574.70735945977,weekly fresh water
20250520,94,13,Treated,57858.906702800356,weekly fresh water
20250520,94,14,Treated,60385.61278306265,weekly fresh water
20250520,94,15,Treated,20480.916903125264,weekly fresh water
20250520,94,16,Treated,34336.22481687237,weekly fresh water
20250520,94,17,Treated,43471.67084881599,weekly fresh water
20250520,94,18,Treated,36940.16122480499,weekly fresh water
20250520,94,19,Treated,49047.885210564964,weekly fresh water
20250520,94,20,Treated,111164.80090789859,weekly fresh water
20250520,94,21,Treated,108080.29015934249,weekly fresh water
20250520,94,22,Treated,31387.474773181904,weekly fresh water
20250520,94,23,Treated,76891.86509859096,weekly fresh water
20250520,94,24,Treated,75398.77668982318,weekly fresh water
20250520,94,25,Treated,43241.96438546794,weekly fresh water
20250520,94,26,Treated,87453.16358575104,weekly fresh water
20250520,94,27,Treated,53297.44279955815,weekly fresh water
20250520,94,28,Treated,36592.00018390184,weekly fresh water
20250520,94,29,Treated,55777.118017642846,weekly fresh water
20250520,94,30,Treated,39054.67549338029,weekly fresh water
20250520,94,31,Treated,63896.243533157554,weekly fresh water
20250520,94,32,Treated,69043.03432900032,weekly fresh water
20250520,94,33,Treated,44029.47555338507,weekly fresh water
20250520,94,34,Treated,37285.42472253971,weekly fresh water
20250520,94,35,Treated,91397.7047810516,weekly fresh water
20250520,94,36,Treated,79902.21689868573,weekly fresh water
20250520,94,37,Treated,108945.86014550047,weekly fresh water
20250520,94,38,Treated,49319.986706276926,weekly fresh water
20250520,94,39,Treated,71455.40140548295,weekly fresh water
20250520,94,40,Treated,47736.06742400899,weekly fresh water
20250520,94,41,Treated,111082.79265428057,weekly fresh water
20250520,94,42,Treated,45228.515451502804,weekly fresh water
20250520,94,43,Treated,71798.55735862404,weekly fresh water
20250520,94,44,Treated,73994.54170776818,weekly fresh water
20250520,94,45,Treated,72949.13494713423,weekly fresh water
20250520,94,46,Treated,68897.56941532194,weekly fresh water
20250520,94,47,Treated,37912.140538467516,weekly fresh water
20250520,94,48,Treated,42064.807957324825,weekly fresh water
20250520,94,49,Treated,46889.068640462574,weekly fresh water
20250520,94,50,Treated,42597.193966806735,weekly fresh water
20250520,94,51,Treated,69179.48377120557,weekly fresh water
20250520,94,52,Treated,39305.21043024322,weekly fresh water
20250520,94,53,Treated,54332.660499488826,weekly fresh water
20250520,94,54,Treated,78736.23746050245,weekly fresh water
20250520,94,55,Treated,62884.444197855504,weekly fresh water
20250520,94,56,Treated,73511.65793947439,weekly fresh water
20250520,94,57,Treated,41625.118539703515,weekly fresh water
20250520,94,58,Treated,49737.376547740154,weekly fresh water
20250520,94,59,Treated,38007.950690806654,weekly fresh water
20250520,94,60,Treated,35424.85756567411,weekly fresh water
20250520,94,61,Treated,44498.864442320395,weekly fresh water
20250520,94,62,Treated,34424.5289353272,weekly fresh water
20250520,94,63,Treated,40000.825962622825,weekly fresh water
20250520,94,64,Treated,22974.193689485735,weekly fresh water
20250520,94,65,Treated,65188.078820032664,weekly fresh water
20250520,94,66,Treated,65076.67195400338,weekly fresh water
20250520,94,67,Treated,40769.030995317684,weekly fresh water
20250520,94,68,Treated,38903.6118622342,weekly fresh water
20250520,94,69,Treated,48061.10186106714,weekly fresh water
20250520,94,70,Treated,52598.264115474216,weekly fresh water
20250520,94,71,Treated,36391.89966498149,weekly fresh water
20250520,94,72,Treated,42477.569165854395,weekly fresh water
20250520,94,73,Treated,40152.05954923932,weekly fresh water
20250520,94,74,Treated,25510.410464757286,weekly fresh water
20250520,94,75,Treated,24920.628543641138,weekly fresh water
20250520,94,76,Treated,76072.1435717597,weekly fresh water
20250520,94,77,Treated,77824.08845445115,weekly fresh water
20250520,94,78,Treated,66188.45641842858,weekly fresh water
20250520,94,79,Treated,37338.97793275059,weekly fresh water
20250520,94,80,Treated,128571.75587258715,weekly fresh water
20250520,94,81,Treated,117329.63313233739,weekly fresh water
20250520,94,82,Treated,48880.372256742456,weekly fresh water
20250520,94,83,Treated,39620.477719599665,weekly fresh water
20250520,94,84,Treated,26358.91739458123,weekly fresh water
20250520,94,85,Treated,46164.32257089929,weekly fresh water
20250520,94,86,Treated,104104.33626400548,weekly fresh water
20250520,94,87,Treated,56663.10047310037,weekly fresh water
20250520,94,88,Treated,55984.844080983225,weekly fresh water
20250520,94,89,Treated,48771.02334305237,weekly fresh water
20250520,94,90,Treated,48728.00006056467,weekly fresh water
20250520,94,91,Treated,38032.85072550422,weekly fresh water
20250520,94,92,Treated,44320.039329663465,weekly fresh water
20250520,94,93,Treated,45841.133179799326,weekly fresh water
20250520,94,94,Treated,59521.44091098623,weekly fresh water
20250520,94,95,Treated,43531.477027080044,weekly fresh water
20250520,94,96,Treated,43694.53697747617,weekly fresh water
20250520,94,97,Treated,52949.96031429433,weekly fresh water
20250520,94,98,Treated,76503.8769443792,weekly fresh water
20250520,94,99,Treated,57375.52949033313,weekly fresh water
20250520,94,100,Treated,79016.44237430209,weekly fresh water
20250520,94,101,Treated,66993.03668726413,weekly fresh water
20250520,94,102,Treated,64581.77945492376,weekly fresh water
20250520,94,103,Treated,42553.3571018754,weekly fresh water
20250520,94,104,Treated,54248.29827231626,weekly fresh water
20250520,94,105,Treated,51475.30864535237,weekly fresh water
20250520,94,106,Treated,57327.99831169093,weekly fresh water
20250520,95,1,Control,102513.11074338299,weekly fresh water
20250520,95,2,Control,67709.21229712866,weekly fresh water
20250520,95,3,Control,57793.72646908787,weekly fresh water
20250520,95,4,Control,52743.681688516284,weekly fresh water
20250520,95,5,Control,24777.436605937895,weekly fresh water
20250520,95,6,Control,48146.475277688616,weekly fresh water
20250520,95,7,Control,61552.08195842,weekly fresh water
20250520,95,8,Control,69832.5632355111,weekly fresh water
20250520,95,10,Control,80197.72202842418,weekly fresh water
20250520,95,11,Control,29992.08115681692,weekly fresh water
20250520,95,12,Control,79942.93908679551,weekly fresh water
20250520,95,13,Control,70693.67219168575,weekly fresh water
20250520,95,14,Control,59638.32820319069,weekly fresh water
20250520,95,15,Control,64930.4961193773,weekly fresh water
20250520,95,16,Control,51448.779937902946,weekly fresh water
20250520,95,17,Control,54453.79989434578,weekly fresh water
20250520,95,18,Control,68359.45096068147,weekly fresh water
20250520,95,19,Control,38977.74066104797,weekly fresh water
20250520,95,20,Control,46366.97129966601,weekly fresh water
20250520,95,21,Control,43187.03936061686,weekly fresh water
20250520,95,22,Control,66448.8580284447,weekly fresh water
20250520,95,23,Control,76237.42647185929,weekly fresh water
20250520,95,24,Control,75114.38340333902,weekly fresh water
20250520,95,25,Control,75358.44724865165,weekly fresh water
20250520,95,26,Control,32598.39098158627,weekly fresh water
20250520,95,27,Control,91785.22256685242,weekly fresh water
20250520,95,28,Control,60210.07623205629,weekly fresh water
20250520,95,29,Control,34520.53894618089,weekly fresh water
20250520,95,30,Control,32926.065011353756,weekly fresh water
20250520,95,31,Control,56009.96724191876,weekly fresh water
20250520,95,32,Control,55069.20670170238,weekly fresh water
20250520,95,33,Control,71653.94549006023,weekly fresh water
20250520,95,34,Control,73978.64054664655,weekly fresh water
20250520,95,35,Control,37143.35344957242,weekly fresh water
20250520,95,36,Control,71585.70534461625,weekly fresh water
20250520,95,37,Control,80113.62695004792,weekly fresh water
20250520,95,38,Control,81214.97358751154,weekly fresh water
20250520,95,39,Control,104471.82883079126,weekly fresh water
20250520,95,40,Control,91734.37292162942,weekly fresh water
20250520,95,41,Control,99552.51106461736,weekly fresh water
20250520,95,42,Control,62211.97341084526,weekly fresh water
20250520,95,43,Control,90627.71684414435,weekly fresh water
20250520,95,44,Control,87359.31717851882,weekly fresh water
20250520,95,45,Control,70828.82852955349,weekly fresh water
20250520,95,46,Control,67085.05500471963,weekly fresh water
20250520,95,47,Control,82082.01680540228,weekly fresh water
20250520,95,48,Control,80756.5580014967,weekly fresh water
20250520,95,49,Control,92993.12835769824,weekly fresh water
20250520,95,50,Control,69466.12801666556,weekly fresh water
20250520,95,51,Control,53371.609177085644,weekly fresh water
20250520,95,52,Control,75097.5040963053,weekly fresh water
20250520,95,53,Control,56049.66046892575,weekly fresh water
20250520,95,54,Control,46322.71889997335,weekly fresh water
20250520,95,55,Control,51333.064076328264,weekly fresh water
20250520,95,56,Control,37042.63940695145,weekly fresh water
20250520,95,57,Control,53809.86347358132,weekly fresh water
20250520,95,58,Control,78472.02003171932,weekly fresh water
20250520,95,59,Control,100204.50940018822,weekly fresh water
20250520,95,60,Control,91882.88203506224,weekly fresh water
20250520,95,61,Control,43783.446616141824,weekly fresh water
20250520,95,62,Control,80884.54607848846,weekly fresh water
20250520,95,63,Control,50796.85793909494,weekly fresh water
20250520,95,64,Control,38856.33821746886,weekly fresh water
20250520,95,65,Control,73467.26017079978,weekly fresh water
20250520,95,66,Control,34862.31736664244,weekly fresh water
20250520,95,67,Control,43088.171105916124,weekly fresh water
20250520,95,68,Control,53108.91439986451,weekly fresh water
20250520,95,69,Control,78465.69220152046,weekly fresh water
20250520,95,70,Control,44623.23471473334,weekly fresh water
20250520,95,71,Control,111871.61335899928,weekly fresh water
20250520,95,73,Control,50644.441697054644,weekly fresh water
20250520,95,74,Control,33492.74649219984,weekly fresh water
20250520,95,75,Control,46546.17442286821,weekly fresh water
20250520,95,76,Control,40936.87965215585,weekly fresh water
20250520,95,77,Control,53066.7094055517,weekly fresh water
20250520,95,78,Control,58034.6008962909,weekly fresh water
20250520,95,79,Control,67095.57492354678,weekly fresh water
20250520,95,80,Control,43083.73285112747,weekly fresh water
20250520,95,81,Control,72290.49138994669,weekly fresh water
20250520,95,82,Control,17315.24982889329,weekly fresh water
20250520,95,83,Control,21314.779735850003,weekly fresh water
20250520,95,84,Control,56464.51630537929,weekly fresh water
20250520,95,85,Control,79320.49103366799,weekly fresh water
20250520,95,86,Control,53103.37774351315,weekly fresh water
20250520,95,87,Control,52494.14942754844,weekly fresh water
20250520,95,88,Control,62980.35915798935,weekly fresh water
20250520,95,89,Control,44713.7326588877,weekly fresh water
20250520,95,90,Control,62672.47451503492,weekly fresh water
20250520,95,91,Control,25025.461643680588,weekly fresh water
20250520,95,92,Control,37706.835040224316,weekly fresh water
20250520,95,93,Control,49412.33572351366,weekly fresh water
20250520,95,94,Control,57147.69792296642,weekly fresh water
20250520,95,95,Control,35474.57476229813,weekly fresh water
20250520,95,96,Control,24999.687941830747,weekly fresh water
20250520,95,97,Control,33705.04776811856,weekly fresh water
20250520,95,98,Control,62879.90193956587,weekly fresh water
20250520,95,99,Control,58567.26099077773,weekly fresh water
20250520,95,100,Control,38929.99221340221,weekly fresh water
20250520,95,101,Control,75093.53944378415,weekly fresh water
20250520,95,102,Control,71329.51900023043,weekly fresh water
20250520,95,103,Control,25770.561872183007,weekly fresh water
20250520,95,104,Control,29858.914622808814,weekly fresh water
20250520,95,105,Control,42886.838455354504,weekly fresh water
20250520,96,1,Treated,109115.58167592259,weekly fresh water
20250520,96,2,Treated,83345.78278023149,weekly fresh water
20250520,96,3,Treated,63716.82226382128,weekly fresh water
20250520,96,4,Treated,89973.11786102195,weekly fresh water
20250520,96,5,Treated,87338.06312179091,weekly fresh water
20250520,96,6,Treated,44249.012608106896,weekly fresh water
20250520,96,7,Treated,54697.86850352715,weekly fresh water
20250520,96,8,Treated,67899.22702247233,weekly fresh water
20250520,96,9,Treated,77496.05613867233,weekly fresh water
20250520,96,10,Treated,52354.278616561955,weekly fresh water
20250520,96,11,Treated,67670.73753205015,weekly fresh water
20250520,96,12,Treated,58356.59961037754,weekly fresh water
20250520,96,13,Treated,61639.88003176196,weekly fresh water
20250520,96,14,Treated,62568.713791620765,weekly fresh water
20250520,96,15,Treated,76310.99292333338,weekly fresh water
20250520,96,16,Treated,92634.51819081353,weekly fresh water
20250520,96,17,Treated,92585.87938866018,weekly fresh water
20250520,96,18,Treated,67621.91679641597,weekly fresh water
20250520,96,19,Treated,56027.75319665014,weekly fresh water
20250520,96,20,Treated,29667.71850653503,weekly fresh water
20250520,96,21,Treated,72907.99455517698,weekly fresh water
20250520,96,22,Treated,56075.91603207269,weekly fresh water
20250520,96,23,Treated,43162.37012080776,weekly fresh water
20250520,96,24,Treated,20548.312430734513,weekly fresh water
20250520,96,25,Treated,47879.63857171488,weekly fresh water
20250520,96,26,Treated,116751.77253120046,weekly fresh water
20250520,96,27,Treated,104200.32484665365,weekly fresh water
20250520,96,28,Treated,67942.20939748392,weekly fresh water
20250520,96,29,Treated,92816.95129468289,weekly fresh water
20250520,96,30,Treated,86838.3528066855,weekly fresh water
20250520,96,31,Treated,51622.302738233106,weekly fresh water
20250520,96,32,Treated,48677.37872060506,weekly fresh water
20250520,96,33,Treated,38977.359524884465,weekly fresh water
20250520,96,34,Treated,86551.74289377598,weekly fresh water
20250520,96,35,Treated,52448.68265882315,weekly fresh water
20250520,96,36,Treated,77853.8974967392,weekly fresh water
20250520,96,37,Treated,74621.88325288775,weekly fresh water
20250520,96,38,Treated,104839.2035856342,weekly fresh water
20250520,96,39,Treated,115538.4425849118,weekly fresh water
20250520,96,40,Treated,33637.66618699019,weekly fresh water
20250520,96,41,Treated,130352.39245937018,weekly fresh water
20250520,96,42,Treated,121103.01949119872,weekly fresh water
20250520,96,43,Treated,68056.51173306773,weekly fresh water
20250520,96,44,Treated,105125.34457737693,weekly fresh water
20250520,96,45,Treated,88253.08350128068,weekly fresh water
20250520,96,46,Treated,78993.834528252,weekly fresh water
20250520,96,47,Treated,70698.16381204654,weekly fresh water
20250520,96,48,Treated,80020.18181672941,weekly fresh water
20250520,96,49,Treated,31327.947610732255,weekly fresh water
20250520,96,50,Treated,91686.41436173803,weekly fresh water
20250520,96,51,Treated,62935.35021701921,weekly fresh water
20250520,96,52,Treated,43526.22367342079,weekly fresh water
20250520,96,53,Treated,49915.6074271701,weekly fresh water
20250520,96,54,Treated,54720.60576610707,weekly fresh water
20250520,96,55,Treated,58072.5103342765,weekly fresh water
20250520,96,56,Treated,51275.86589028594,weekly fresh water
20250520,96,57,Treated,63773.87143628035,weekly fresh water
20250520,96,58,Treated,71272.19877724138,weekly fresh water
20250520,96,59,Treated,62184.80583041726,weekly fresh water
20250520,96,60,Treated,73327.99006650079,weekly fresh water
20250520,96,61,Treated,58938.06945590268,weekly fresh water
20250520,96,62,Treated,65950.7310033694,weekly fresh water
20250520,96,63,Treated,69496.26288908403,weekly fresh water
20250520,96,64,Treated,50274.28122780966,weekly fresh water
20250520,96,65,Treated,30998.24364308499,weekly fresh water
20250520,96,66,Treated,47159.28988030002,weekly fresh water
20250520,96,67,Treated,36421.6367308373,weekly fresh water
20250520,96,68,Treated,78450.69719935325,weekly fresh water
20250520,96,69,Treated,61074.24475643622,weekly fresh water
20250520,96,70,Treated,39430.68014736487,weekly fresh water
20250520,96,71,Treated,61367.17831528378,weekly fresh water
20250520,96,72,Treated,30676.893337739908,weekly fresh water
20250520,96,73,Treated,48901.88971512109,weekly fresh water
20250520,96,74,Treated,70219.09298373557,weekly fresh water
20250520,96,75,Treated,56485.32126192183,weekly fresh water
20250520,96,76,Treated,67545.72088594746,weekly fresh water
20250520,96,77,Treated,73875.68850638143,weekly fresh water
20250520,96,78,Treated,123041.4113002808,weekly fresh water
20250520,96,79,Treated,85683.41765998992,weekly fresh water
20250520,96,80,Treated,81601.71148890916,weekly fresh water
20250520,96,81,Treated,28580.504528829264,weekly fresh water
20250520,96,82,Treated,83864.11978318675,weekly fresh water
20250520,96,83,Treated,74628.30891739974,weekly fresh water
20250520,96,84,Treated,62837.336774869655,weekly fresh water
20250520,96,85,Treated,68803.55536109205,weekly fresh water
20250520,96,86,Treated,21945.145567752825,weekly fresh water
20250520,96,87,Treated,41186.331561608204,weekly fresh water
20250520,96,88,Treated,20108.93717978512,weekly fresh water
20250520,96,89,Treated,89409.10462459236,weekly fresh water
20250520,96,90,Treated,67750.5096363449,weekly fresh water
20250520,96,91,Treated,57462.12658451612,weekly fresh water
20250520,96,92,Treated,42842.97117296289,weekly fresh water
20250520,96,93,Treated,39809.41289690158,weekly fresh water
20250520,96,94,Treated,80746.4395817068,weekly fresh water
20250520,96,95,Treated,23949.377468926075,weekly fresh water
20250520,96,96,Treated,43558.5418830617,weekly fresh water
20250520,96,97,Treated,48489.04788125486,weekly fresh water
20250520,97,1,Control,108078.87922544281,weekly temperature
20250520,97,4,Control,80871.93648961063,weekly temperature
20250520,97,5,Control,94232.47527672653,weekly temperature
20250520,97,6,Control,134803.9661581667,weekly temperature
20250520,97,7,Control,91244.79883559496,weekly temperature
20250520,97,8,Control,100529.19169848398,weekly temperature
20250520,97,9,Control,34927.30875971325,weekly temperature
20250520,97,10,Control,59074.390046615255,weekly temperature
20250520,97,11,Control,77262.97183996574,weekly temperature
20250520,97,12,Control,91751.60276031529,weekly temperature
20250520,97,13,Control,59348.9478859072,weekly temperature
20250520,97,14,Control,107086.66715465524,weekly temperature
20250520,97,15,Control,57337.18829129871,weekly temperature
20250520,97,16,Control,91922.89387304011,weekly temperature
20250520,97,17,Control,42083.102061493715,weekly temperature
20250520,97,18,Control,59756.81980314626,weekly temperature
20250520,97,19,Control,25120.851628270826,weekly temperature
20250520,97,20,Control,125157.9615202883,weekly temperature
20250520,97,21,Control,62425.08523248479,weekly temperature
20250520,97,22,Control,22516.865577387434,weekly temperature
20250520,97,23,Control,59425.79983226359,weekly temperature
20250520,97,24,Control,42238.689393225686,weekly temperature
20250520,97,25,Control,104310.94980974654,weekly temperature
20250520,97,26,Control,142863.21341173386,weekly temperature
20250520,97,27,Control,61723.65436826195,weekly temperature
20250520,97,28,Control,82801.10938652011,weekly temperature
20250520,97,29,Control,69116.722246787,weekly temperature
20250520,97,30,Control,61396.26420307434,weekly temperature
20250520,97,31,Control,65245.291496022335,weekly temperature
20250520,97,32,Control,55967.9037529202,weekly temperature
20250520,97,33,Control,64280.452857712335,weekly temperature
20250520,97,34,Control,50538.058113753505,weekly temperature
20250520,97,35,Control,48498.80455309164,weekly temperature
20250520,97,36,Control,24985.61700286905,weekly temperature
20250520,97,37,Control,73927.12797590112,weekly temperature
20250520,97,38,Control,80039.75192336884,weekly temperature
20250520,97,39,Control,75312.42394382381,weekly temperature
20250520,97,40,Control,60380.873041470586,weekly temperature
20250520,97,41,Control,74537.61812836408,weekly temperature
20250520,97,42,Control,104066.70597955234,weekly temperature
20250520,97,43,Control,42080.50954237717,weekly temperature
20250520,97,44,Control,97460.49972256825,weekly temperature
20250520,97,45,Control,98016.08308842646,weekly temperature
20250520,97,46,Control,135935.1296463246,weekly temperature
20250520,97,47,Control,48439.22755339606,weekly temperature
20250520,97,48,Control,76607.34629870648,weekly temperature
20250520,97,49,Control,61309.34333779176,weekly temperature
20250520,97,50,Control,54468.67106802993,weekly temperature
20250520,97,51,Control,65607.2119894344,weekly temperature
20250520,97,52,Control,91475.72110770372,weekly temperature
20250520,97,53,Control,65664.87156802106,weekly temperature
20250520,97,54,Control,57843.08971512485,weekly temperature
20250520,97,55,Control,77444.2989500648,weekly temperature
20250520,97,56,Control,67504.71595225763,weekly temperature
20250520,97,57,Control,98822.42152828939,weekly temperature
20250520,97,58,Control,88851.03601362999,weekly temperature
20250520,97,59,Control,98766.20497728049,weekly temperature
20250520,97,60,Control,91914.91268591362,weekly temperature
20250520,97,61,Control,99867.26984212248,weekly temperature
20250520,97,62,Control,125548.54395044783,weekly temperature
20250520,97,63,Control,119415.71749924192,weekly temperature
20250520,97,64,Control,133347.6273950968,weekly temperature
20250520,97,65,Control,78476.46788503396,weekly temperature
20250520,97,66,Control,127134.96461540095,weekly temperature
20250520,97,67,Control,65253.28799664256,weekly temperature
20250520,97,68,Control,96284.93276105415,weekly temperature
20250520,97,69,Control,52475.07480307982,weekly temperature
20250520,97,70,Control,61665.13048017609,weekly temperature
20250520,97,71,Control,76624.59337281242,weekly temperature
20250520,97,72,Control,58845.60420587051,weekly temperature
20250520,97,73,Control,36839.57453223072,weekly temperature
20250520,97,74,Control,128938.65652785855,weekly temperature
20250520,97,75,Control,105287.3561643277,weekly temperature
20250520,97,76,Control,52754.55256801587,weekly temperature
20250520,97,77,Control,55195.82307419185,weekly temperature
20250520,97,78,Control,42976.49419758428,weekly temperature
20250520,97,79,Control,46692.81148976232,weekly temperature
20250520,97,80,Control,52841.544841897376,weekly temperature
20250520,97,81,Control,56478.47458183198,weekly temperature
20250520,97,82,Control,56662.8346115348,weekly temperature
20250520,97,83,Control,69267.33589307612,weekly temperature
20250520,97,84,Control,88247.82023003674,weekly temperature
20250520,97,85,Control,85604.06859050479,weekly temperature
20250520,97,86,Control,74436.16203585388,weekly temperature
20250520,97,87,Control,61043.3198589512,weekly temperature
20250520,97,88,Control,61600.40451866981,weekly temperature
20250520,97,89,Control,105014.05038915225,weekly temperature
20250520,97,90,Control,86725.06709103262,weekly temperature
20250520,97,91,Control,72345.10359448518,weekly temperature
20250520,97,92,Control,111865.8152744275,weekly temperature
20250520,97,93,Control,90779.52308295119,weekly temperature
20250520,97,94,Control,113505.30571806776,weekly temperature
20250520,97,95,Control,29691.052631142946,weekly temperature
20250825,321,1,Treated,36922.46545053472,weekly temperature
20250825,321,2,Treated,41808.61610468892,weekly temperature
20250825,321,3,Treated,64651.313585347445,weekly temperature
20250825,321,4,Treated,69354.6662648388,weekly temperature
20250825,321,5,Treated,76212.93511877715,weekly temperature
20250825,321,6,Treated,103874.7576480599,weekly temperature
20250825,321,7,Treated,79767.06220493469,weekly temperature
20250825,321,8,Treated,63204.34027688373,weekly temperature
20250825,321,9,Treated,120671.67262808594,weekly temperature
20250825,321,10,Treated,84037.260344593,weekly temperature
20250825,321,11,Treated,76566.74344337874,weekly temperature
20250825,321,12,Treated,122666.69911058995,weekly temperature
20250825,321,13,Treated,99338.49953627164,weekly temperature
20250825,321,14,Treated,48132.57862858884,weekly temperature
20250825,321,15,Treated,67233.64050985986,weekly temperature
20250825,321,16,Treated,97756.80921833875,weekly temperature
20250825,321,17,Treated,55054.41066794303,weekly temperature
20250825,321,18,Treated,73354.9198097573,weekly temperature
20250825,321,19,Treated,118658.59889653613,weekly temperature
20250825,321,20,Treated,125762.6873876144,weekly temperature
20250825,321,21,Treated,128365.89146329681,weekly temperature
20250825,321,22,Treated,133817.63515185556,weekly temperature
20250825,321,23,Treated,61749.62738045717,weekly temperature
20250825,321,24,Treated,72133.04292679398,weekly temperature
20250825,321,25,Treated,75283.28921890895,weekly temperature
20250825,321,26,Treated,65593.30777030111,weekly temperature
20250825,321,27,Treated,25456.163199091367,weekly temperature
20250825,321,28,Treated,123498.62492048802,weekly temperature
20250825,321,29,Treated,91806.60216874942,weekly temperature
20250825,321,30,Treated,90558.983393025,weekly temperature
20250825,321,31,Treated,113791.09316487626,weekly temperature
20250825,321,32,Treated,107508.49685234991,weekly temperature
20250825,321,33,Treated,66200.59314812734,weekly temperature
20250825,321,34,Treated,77105.82082386613,weekly temperature
20250825,321,35,Treated,107253.80790194242,weekly temperature
20250825,321,36,Treated,95654.93239486511,weekly temperature
20250825,321,37,Treated,93403.80438651859,weekly temperature
20250825,321,38,Treated,72997.83731947604,weekly temperature
20250825,321,39,Treated,30542.70672532806,weekly temperature
20250825,321,40,Treated,95264.59898993262,weekly temperature
20250825,321,41,Treated,75488.21262750524,weekly temperature
20250825,321,43,Treated,71211.65851741169,weekly temperature
20250825,321,44,Treated,83199.66555541806,weekly temperature
20250825,321,45,Treated,90159.6080329419,weekly temperature
20250825,321,46,Treated,99367.27747034427,weekly temperature
20250825,321,47,Treated,86846.20986545655,weekly temperature
20250825,321,48,Treated,160516.82107141605,weekly temperature
20250825,321,49,Treated,108500.43940693005,weekly temperature
20250825,321,50,Treated,67153.31108575047,weekly temperature
20250825,321,51,Treated,100790.66426564917,weekly temperature
20250825,321,52,Treated,88171.04567496144,weekly temperature
20250825,321,53,Treated,71075.49899564279,weekly temperature
20250825,321,54,Treated,105708.5715118742,weekly temperature
20250825,321,55,Treated,56896.831903229046,weekly temperature
20250825,321,56,Treated,64321.705370239164,weekly temperature
20250825,321,57,Treated,110319.43074550768,weekly temperature
20250825,321,58,Treated,57594.60933150647,weekly temperature
20250825,321,59,Treated,96304.76492152207,weekly temperature
20250825,321,60,Treated,72741.4821032278,weekly temperature
20250825,321,61,Treated,111372.5876096486,weekly temperature
20250825,321,62,Treated,60076.91865554262,weekly temperature
20250825,321,63,Treated,116155.42557906077,weekly temperature
20250825,321,64,Treated,164243.34426741692,weekly temperature
20250825,321,65,Treated,111025.52393086624,weekly temperature
20250825,321,66,Treated,121487.32448374967,weekly temperature
20250825,321,67,Treated,83348.23914104377,weekly temperature
20250825,321,68,Treated,55115.71812723691,weekly temperature
20250825,321,69,Treated,87597.42445243768,weekly temperature
20250825,321,70,Treated,109460.00397412576,weekly temperature
20250825,321,71,Treated,117353.26170174031,weekly temperature
20250825,321,72,Treated,65314.052500440695,weekly temperature
20250825,321,73,Treated,97664.50804331762,weekly temperature
20250825,321,74,Treated,115548.40504317403,weekly temperature
20250825,321,75,Treated,89740.80294754828,weekly temperature
20250825,321,76,Treated,64839.33890618808,weekly temperature
20250825,321,77,Treated,120864.88543571265,weekly temperature
20250825,322,1,Control,63707.713787570996,weekly fresh water
20250825,322,2,Control,41751.20721532969,weekly fresh water
20250825,322,3,Control,120518.85667867408,weekly fresh water
20250825,322,4,Control,76440.31029633738,weekly fresh water
20250825,322,5,Control,109246.20012932352,weekly fresh water
20250825,322,6,Control,81882.15826867649,weekly fresh water
20250825,322,7,Control,114662.70832539735,weekly fresh water
20250825,322,8,Control,68851.79327069304,weekly fresh water
20250825,322,9,Control,100074.60082016411,weekly fresh water
20250825,322,10,Control,70552.55689613323,weekly fresh water
20250825,322,11,Control,91440.84376947729,weekly fresh water
20250825,322,12,Control,79803.10625392296,weekly fresh water
20250825,322,13,Control,49048.54001256233,weekly fresh water
20250825,322,14,Control,67256.27766358023,weekly fresh water
20250825,322,15,Control,48713.49174457319,weekly fresh water
20250825,322,16,Control,65469.24603917338,weekly fresh water
20250825,322,17,Control,77996.31184196261,weekly fresh water
20250825,322,18,Control,61324.271991561436,weekly fresh water
20250825,322,19,Control,49947.844449007054,weekly fresh water
20250825,322,20,Control,71227.2217748417,weekly fresh water
20250825,322,21,Control,32451.11542113187,weekly fresh water
20250825,322,22,Control,83765.04799105579,weekly fresh water
20250825,322,23,Control,71457.71903100102,weekly fresh water
20250825,322,24,Control,93142.60780508777,weekly fresh water
20250825,322,25,Control,51413.15755712807,weekly fresh water
20250825,322,26,Control,56951.60706095478,weekly fresh water
20250825,322,27,Control,112010.13062403214,weekly fresh water
20250825,322,28,Control,64158.44322060243,weekly fresh water
20250825,322,29,Control,71477.83697913989,weekly fresh water
20250825,322,30,Control,40406.69235109628,weekly fresh water
20250825,322,32,Control,61294.831987711914,weekly fresh water
20250825,322,34,Control,56763.06910392111,weekly fresh water
20250825,322,35,Control,56309.91343101797,weekly fresh water
20250825,322,36,Control,77036.23690409391,weekly fresh water
20250825,322,37,Control,83369.77558102194,weekly fresh water
20250825,322,38,Control,77036.23690409391,weekly fresh water
20250825,322,39,Control,42668.447269103664,weekly fresh water
20250825,322,40,Control,35140.49297448723,weekly fresh water
20250825,322,42,Control,78897.66657700363,weekly fresh water
20250825,322,43,Control,84230.51561218049,weekly fresh water
20250825,322,44,Control,60437.95340786285,weekly fresh water
20250825,322,45,Control,66082.3708591627,weekly fresh water
20250825,322,46,Control,72778.96836581182,weekly fresh water
20250825,322,47,Control,101695.41451215134,weekly fresh water
20250825,322,48,Control,50741.63844648771,weekly fresh water
20250825,322,49,Control,89461.57688240912,weekly fresh water
20250825,322,50,Control,48091.01269819638,weekly fresh water
20250825,322,52,Control,57946.65474174298,weekly fresh water
20250825,322,53,Control,66543.6270945125,weekly fresh water
20250825,322,54,Control,46786.109818195306,weekly fresh water
20250825,322,55,Control,106073.65382532458,weekly fresh water
20250825,322,56,Control,53265.60541883999,weekly fresh water
20250825,322,57,Control,53369.614061548564,weekly fresh water
20250825,322,58,Control,77246.37645435653,weekly fresh water
20250825,322,59,Control,37441.87214957583,weekly fresh water
20250825,322,60,Control,54440.09200649936,weekly fresh water
20250825,322,61,Control,49934.94047457231,weekly fresh water
20250825,322,62,Control,51017.41280104791,weekly fresh water
20250825,322,63,Control,51526.975496937936,weekly fresh water
20250825,322,64,Control,63735.82721672364,weekly fresh water
20250825,322,65,Control,89002.00583277564,weekly fresh water
20250825,322,66,Control,87370.90885628205,weekly fresh water
20250825,322,67,Control,70334.78628593184,weekly fresh water
20250825,322,68,Control,59492.56353669371,weekly fresh water
20250825,322,69,Control,110300.6532367323,weekly fresh water
20250825,322,71,Control,67782.18055968519,weekly fresh water
20250825,322,72,Control,70214.60020833545,weekly fresh water
20250825,322,73,Control,53752.94251745847,weekly fresh water
20250825,322,74,Control,98596.0975779776,weekly fresh water
20250825,322,75,Control,46067.99777031613,weekly fresh water
20250825,322,76,Control,49388.59568054041,weekly fresh water
20250825,322,77,Control,49664.012080215674,weekly fresh water
20250825,322,78,Control,60345.054386909935,weekly fresh water
20250825,322,79,Control,51949.63260450165,weekly fresh water
20250825,322,80,Control,88884.32019884499,weekly fresh water
20250825,322,81,Control,37742.39262557596,weekly fresh water
20250825,322,82,Control,59865.16437950827,weekly fresh water
20250825,322,83,Control,45611.0701022077,weekly fresh water
20250825,322,84,Control,70965.9693529921,weekly fresh water
20250825,322,85,Control,99979.413204858,weekly fresh water
20250825,322,86,Control,68370.57823728785,weekly fresh water
20250825,322,87,Control,89467.70711336023,weekly fresh water
20250825,322,88,Control,89710.19208035909,weekly fresh water
20250825,337,1,Control,75715.48622137765,weekly fresh water
20250825,337,2,Control,100070.86380911079,weekly fresh water
20250825,337,3,Control,55073.04122304555,weekly fresh water
20250825,337,4,Control,75811.8231913275,weekly fresh water
20250825,337,5,Control,65563.35543477337,weekly fresh water
20250825,337,6,Control,35058.37939884517,weekly fresh water
20250825,337,7,Control,59455.31517648745,weekly fresh water
20250825,337,8,Control,40932.55326607958,weekly fresh water
20250825,337,9,Control,72303.06613584029,weekly fresh water
20250825,337,10,Control,35424.0256816779,weekly fresh water
20250825,337,11,Control,71697.34560083847,weekly fresh water
20250825,337,12,Control,67708.78759409125,weekly fresh water
20250825,337,13,Control,65704.88580915991,weekly fresh water
20250825,337,14,Control,80829.35452075262,weekly fresh water
20250825,337,15,Control,58620.666610913504,weekly fresh water
20250825,337,16,Control,65043.766960805675,weekly fresh water
20250825,337,17,Control,51208.90393290447,weekly fresh water
20250825,337,18,Control,99478.9156984067,weekly fresh water
20250825,337,19,Control,90353.34396839452,weekly fresh water
20250825,337,20,Control,86090.41106171296,weekly fresh water
20250825,337,21,Control,72578.03350854684,weekly fresh water
20250825,337,22,Control,76815.06736325166,weekly fresh water
20250825,337,23,Control,58113.756388346774,weekly fresh water
20250825,337,24,Control,79278.90899090724,weekly fresh water
20250825,337,25,Control,69516.5779566498,weekly fresh water
20250825,337,26,Control,40215.10797227271,weekly fresh water
20250825,337,27,Control,37333.204904288075,weekly fresh water
20250825,337,28,Control,74619.68121415497,weekly fresh water
20250825,337,29,Control,48433.96570698916,weekly fresh water
20250825,337,30,Control,38387.89989202582,weekly fresh water
20250825,337,31,Control,68165.72732334008,weekly fresh water
20250825,337,32,Control,51177.482659858426,weekly fresh water
20250825,337,33,Control,62210.31657990713,weekly fresh water
20250825,337,34,Control,84661.69470199247,weekly fresh water
20250825,337,35,Control,23450.321852806355,weekly fresh water
20250825,337,36,Control,130553.02851434241,weekly fresh water
20250825,337,37,Control,39386.88259256644,weekly fresh water
20250825,337,38,Control,66442.41224464834,weekly fresh water
20250825,337,39,Control,29190.236743622314,weekly fresh water
20250825,337,40,Control,57801.453899814886,weekly fresh water
20250825,337,41,Control,86642.53313245266,weekly fresh water
20250825,337,42,Control,126814.86295788507,weekly fresh water
20250825,337,43,Control,78401.7768742509,weekly fresh water
20250825,337,44,Control,29339.998073516657,weekly fresh water
20250825,337,45,Control,71942.76728769409,weekly fresh water
20250825,337,46,Control,41641.89636426112,weekly fresh water
20250825,337,47,Control,79344.31876163308,weekly fresh water
20250825,337,48,Control,41876.18325197715,weekly fresh water
20250825,337,49,Control,59746.38736264078,weekly fresh water
20250825,337,50,Control,82954.11033569503,weekly fresh water
20250825,337,51,Control,64638.38159705056,weekly fresh water
20250825,337,52,Control,41162.47296008751,weekly fresh water
20250825,337,53,Control,77929.50716339612,weekly fresh water
20250825,337,54,Control,84685.335797979,weekly fresh water
20250825,337,55,Control,45510.78538628102,weekly fresh water
20250825,337,56,Control,82842.83333304069,weekly fresh water
20250825,337,57,Control,66629.04734544976,weekly fresh water
20250825,337,58,Control,103067.3461744196,weekly fresh water
20250825,337,59,Control,61776.57603042791,weekly fresh water
20250825,337,60,Control,73241.54072178794,weekly fresh water
20250825,337,61,Control,107215.80271539521,weekly fresh water
20250825,337,62,Control,86356.44614264471,weekly fresh water
20250825,337,63,Control,107453.731395196,weekly fresh water
20250825,337,64,Control,62920.5556135093,weekly fresh water
20250825,337,65,Control,90326.1017578041,weekly fresh water
20250825,337,66,Control,93497.59496246703,weekly fresh water
20250825,337,67,Control,98101.40279003211,weekly fresh water
20250825,337,68,Control,84952.43374476362,weekly fresh water
20250825,337,69,Control,99794.94121995695,weekly fresh water
20250825,337,70,Control,107550.26025075837,weekly fresh water
20250825,337,71,Control,78372.60510103461,weekly fresh water
20250825,337,72,Control,82894.33670646088,weekly fresh water
20250825,337,73,Control,43350.32470083358,weekly fresh water
20250825,337,74,Control,43008.410930400445,weekly fresh water
20250825,337,75,Control,76665.97725734049,weekly fresh water
20250825,337,76,Control,51515.6618310911,weekly fresh water
20250825,339,1,Treated,40978.033956865016,weekly temperature
20250825,339,2,Treated,73401.5137111366,weekly temperature
20250825,339,3,Treated,88032.40452171992,weekly temperature
20250825,339,4,Treated,85291.33028161075,weekly temperature
20250825,339,5,Treated,60814.50015132955,weekly temperature
20250825,339,6,Treated,55539.238535105105,weekly temperature
20250825,339,7,Treated,96757.69027028355,weekly temperature
20250825,339,8,Treated,116111.93693710411,weekly temperature
20250825,339,9,Treated,57449.65030840995,weekly temperature
20250825,339,10,Treated,92155.00783102021,weekly temperature
20250825,339,11,Treated,77236.08143051618,weekly temperature
20250825,339,12,Treated,52956.543709232006,weekly temperature
20250825,339,13,Treated,63458.2428589689,weekly temperature
20250825,339,14,Treated,128860.07602350181,weekly temperature
20250825,339,15,Treated,39986.71563201427,weekly temperature
20250825,339,16,Treated,60068.571053162785,weekly temperature
20250825,339,17,Treated,38617.295204813556,weekly temperature
20250825,339,18,Treated,43620.51194404909,weekly temperature
20250825,339,19,Treated,33325.196983245856,weekly temperature
20250825,339,20,Treated,80152.10838300068,weekly temperature
20250825,339,21,Treated,29159.64353572904,weekly temperature
20250825,339,22,Treated,64101.03378790965,weekly temperature
20250825,339,23,Treated,52708.10453068937,weekly temperature
20250825,339,24,Treated,60116.39228168931,weekly temperature
20250825,339,25,Treated,82116.88362808825,weekly temperature
20250825,339,26,Treated,42042.75030472541,weekly temperature
20250825,339,27,Treated,53985.34501514099,weekly temperature
20250825,339,28,Treated,27212.947656011253,weekly temperature
20250825,339,30,Treated,61816.07989728748,weekly temperature
20250825,339,31,Treated,35237.28179256456,weekly temperature
20250825,339,32,Treated,65768.99968481217,weekly temperature
20250825,339,33,Treated,42623.74322558676,weekly temperature
20250825,339,34,Treated,52093.01774733415,weekly temperature
20250825,339,35,Treated,71687.76860980676,weekly temperature
20250825,339,36,Treated,58080.50603800582,weekly temperature
20250825,339,37,Treated,50361.652659720145,weekly temperature
20250825,339,38,Treated,41981.29327590452,weekly temperature
20250825,339,39,Treated,84619.46271885296,weekly temperature
20250825,339,40,Treated,51060.544910090655,weekly temperature
20250825,339,41,Treated,72653.24944542615,weekly temperature
20250825,339,42,Treated,53579.69412721325,weekly temperature
20250825,339,43,Treated,35794.55950431584,weekly temperature
20250825,339,44,Treated,98968.09455485025,weekly temperature
20250825,339,45,Treated,53543.855962461166,weekly temperature
20250825,339,46,Treated,54985.45454898158,weekly temperature
20250825,339,47,Treated,46887.66770772723,weekly temperature
20250825,339,48,Treated,27736.428412430352,weekly temperature
20250825,339,49,Treated,57587.175212658025,weekly temperature
20250825,339,50,Treated,65127.19237116686,weekly temperature
20250825,339,51,Treated,49879.787369338585,weekly temperature
20250825,339,52,Treated,43632.41531503934,weekly temperature
20250825,339,53,Treated,51731.51648804977,weekly temperature
20250825,339,54,Treated,52247.72737909976,weekly temperature
20250825,339,55,Treated,39944.17825822272,weekly temperature
20250825,339,56,Treated,41191.29081119365,weekly temperature
20250825,339,57,Treated,119205.31737867903,weekly temperature
20250825,339,58,Treated,40766.0541213851,weekly temperature
20250825,339,59,Treated,65152.921753686605,weekly temperature
20250825,339,60,Treated,58127.95192876389,weekly temperature
20250825,339,61,Treated,30225.647708327848,weekly temperature
20250825,339,62,Treated,128541.65077872566,weekly temperature
20250825,339,63,Treated,39603.68960427873,weekly temperature
20250825,339,64,Treated,65639.49128278451,weekly temperature
20250825,339,65,Treated,47732.35465195049,weekly temperature
20250825,339,66,Treated,96901.71389985166,weekly temperature
20250825,339,67,Treated,56966.026546184454,weekly temperature
20250825,339,68,Treated,101193.0582011124,weekly temperature
20250825,339,69,Treated,56830.378901434095,weekly temperature
20250825,339,70,Treated,34020.74513543053,weekly temperature
20250825,339,71,Treated,46546.75187305153,weekly temperature
20250825,339,72,Treated,52026.66856517988,weekly temperature
20250825,339,74,Treated,77142.49923075162,weekly temperature
20250825,339,75,Treated,68848.5793098371,weekly temperature
20250825,339,76,Treated,44185.508597540014,weekly temperature
20250825,339,77,Treated,40961.0679810658,weekly temperature
20250825,339,78,Treated,45205.527182266196,weekly temperature
20250825,339,79,Treated,39978.151788541814,weekly temperature
20250825,339,80,Treated,54238.63200191155,weekly temperature
20250825,339,81,Treated,55870.99592776144,weekly temperature
20250825,339,82,Treated,36214.871564679226,weekly temperature
20250825,339,83,Treated,147434.12177367494,weekly temperature
20250825,339,84,Treated,104281.44625592785,weekly temperature
20250825,339,85,Treated,57098.18199454194,weekly temperature
20250825,340,1,Control,88001.63608359633,weekly fresh water
20250825,340,2,Control,78642.04455538387,weekly fresh water
20250825,340,3,Control,109251.59799166501,weekly fresh water
20250825,340,4,Control,109657.60962235191,weekly fresh water
20250825,340,5,Control,54223.452126204844,weekly fresh water
20250825,340,6,Control,45194.21360745584,weekly fresh water
20250825,340,7,Control,76059.30955151787,weekly fresh water
20250825,340,8,Control,63538.22639236583,weekly fresh water
20250825,340,9,Control,90984.79103047706,weekly fresh water
20250825,340,10,Control,89642.24763363718,weekly fresh water
20250825,340,11,Control,51544.16736104301,weekly fresh water
20250825,340,12,Control,50833.25533436489,weekly fresh water
20250825,340,13,Control,100165.29433964645,weekly fresh water
20250825,340,14,Control,82468.56761025226,weekly fresh water
20250825,340,15,Control,85599.79281547025,weekly fresh water
20250825,340,16,Control,47465.88106891185,weekly fresh water
20250825,340,17,Control,39770.68843490949,weekly fresh water
20250825,340,18,Control,131708.31079679247,weekly fresh water
20250825,340,19,Control,65554.46679027412,weekly fresh water
20250825,340,20,Control,97364.65619985668,weekly fresh water
20250825,340,21,Control,94340.90718688513,weekly fresh water
20250825,340,22,Control,87103.57751976559,weekly fresh water
20250825,340,23,Control,86701.0864508492,weekly fresh water
20250825,340,24,Control,65934.10335271417,weekly fresh water
20250825,340,25,Control,59950.32568943815,weekly fresh water
20250825,340,26,Control,96030.48557621584,weekly fresh water
20250825,340,27,Control,74755.4763258796,weekly fresh water
20250825,340,28,Control,50939.20003049692,weekly fresh water
20250825,340,29,Control,44467.5192026413,weekly fresh water
20250825,340,30,Control,39186.1249971276,weekly fresh water
20250825,340,31,Control,52862.252452841996,weekly fresh water
20250825,340,32,Control,64310.989632180375,weekly fresh water
20250825,340,33,Control,53428.96082303909,weekly fresh water
20250825,340,34,Control,77849.2484116731,weekly fresh water
20250825,340,35,Control,100009.493851469,weekly fresh water
20250825,340,36,Control,55851.358671897455,weekly fresh water
20250825,340,37,Control,98243.39538518693,weekly fresh water
20250825,340,38,Control,59506.074903848326,weekly fresh water
20250825,340,40,Control,53670.22203727502,weekly fresh water
20250825,340,41,Control,52314.23748864508,weekly fresh water
20250825,340,42,Control,94787.9828463346,weekly fresh water
20250825,340,43,Control,42013.55609753584,weekly fresh water
20250825,340,45,Control,75119.25662677272,weekly fresh water
20250825,340,46,Control,102036.5642069569,weekly fresh water
20250825,340,47,Control,137411.65788732795,weekly fresh water
20250825,340,48,Control,72598.0866876707,weekly fresh water
20250825,340,49,Control,44357.742511668504,weekly fresh water
20250825,340,50,Control,91991.38750531239,weekly fresh water
20250825,340,51,Control,114399.92157491726,weekly fresh water
20250825,340,52,Control,80898.5943509232,weekly fresh water
20250825,340,53,Control,111635.37962077917,weekly fresh water
20250825,340,54,Control,65652.73101465033,weekly fresh water
20250825,340,55,Control,115779.76457110651,weekly fresh water
20250825,340,56,Control,137635.57446145164,weekly fresh water
20250825,340,57,Control,109339.25142206986,weekly fresh water
20250825,340,58,Control,95868.66776670869,weekly fresh water
20250825,340,59,Control,87522.14123836994,weekly fresh water
20250825,340,60,Control,45585.82888406707,weekly fresh water
20250825,340,61,Control,151838.7556423882,weekly fresh water
20250825,340,62,Control,138580.91758109492,weekly fresh water
20250825,340,65,Control,83200.49077123741,weekly fresh water
20250825,340,66,Control,86387.34536922403,weekly fresh water
20250825,340,67,Control,89938.03334957658,weekly fresh water
20250825,340,68,Control,108971.0890706552,weekly fresh water
20250825,340,69,Control,70878.74816699153,weekly fresh water
20250825,340,70,Control,93258.82186238412,weekly fresh water
20250825,340,71,Control,130825.54783251215,weekly fresh water
20250825,340,72,Control,118765.52820799158,weekly fresh water
20250825,340,73,Control,100769.77156970168,weekly fresh water
20250825,340,74,Control,68381.61797640845,weekly fresh water
20250825,340,75,Control,49668.94716443042,weekly fresh water
20250825,340,76,Control,81477.89542632675,weekly fresh water
20250825,340,77,Control,115796.61323506928,weekly fresh water
20250825,340,78,Control,74860.00522842741,weekly fresh water
20250825,340,79,Control,155192.5433272944,weekly fresh water
20250825,340,80,Control,78640.36313828919,weekly fresh water
20250825,340,81,Control,96706.672492247,weekly fresh water
20250825,340,82,Control,69157.73208489422,weekly fresh water
20250825,340,83,Control,55821.012804538375,weekly fresh water
20250825,340,84,Control,88070.4838556373,weekly fresh water
20250825,340,85,Control,89431.08435271095,weekly fresh water
20250825,340,86,Control,123548.14477390471,weekly fresh water
20250825,340,87,Control,118669.32157809209,weekly fresh water
20250825,340,88,Control,149204.60631881127,weekly fresh water
20250825,340,89,Control,73921.07370093816,weekly fresh water
20250825,340,90,Control,80763.24470367115,weekly fresh water
20250825,340,91,Control,131060.86828222597,weekly fresh water
20250825,340,92,Control,68493.3711750939,weekly fresh water
20250825,340,93,Control,63327.61988323766,weekly fresh water
20250825,340,94,Control,98969.80013670665,weekly fresh water
20250825,340,95,Control,139123.75030799248,weekly fresh water
20250825,340,96,Control,92328.90390268955,weekly fresh water
20250825,340,97,Control,122614.95620367622,weekly fresh water
20250825,340,98,Control,61147.645484187866,weekly fresh water
20250825,341,1,Control,175627.90859611458,weekly temperature
20250825,341,2,Control,122169.81314554693,weekly temperature
20250825,341,3,Control,99388.31718472441,weekly temperature
20250825,341,4,Control,61524.06473632142,weekly temperature
20250825,341,5,Control,129838.37291239343,weekly temperature
20250825,341,6,Control,77466.40414152542,weekly temperature
20250825,341,8,Control,97189.63272114054,weekly temperature
20250825,341,9,Control,109674.12471492175,weekly temperature
20250825,341,10,Control,105110.09073771804,weekly temperature
20250825,341,11,Control,103053.50152565184,weekly temperature
20250825,341,12,Control,86082.21254684265,weekly temperature
20250825,341,13,Control,93972.35746935164,weekly temperature
20250825,341,14,Control,106186.76729170833,weekly temperature
20250825,341,15,Control,78684.53693820378,weekly temperature
20250825,341,16,Control,133016.2102172165,weekly temperature
20250825,341,17,Control,85616.51209146043,weekly temperature
20250825,341,18,Control,148121.53279814054,weekly temperature
20250825,341,19,Control,115897.74482625804,weekly temperature
20250825,341,20,Control,102303.63991211052,weekly temperature
20250825,341,21,Control,86903.29593101537,weekly temperature
20250825,341,22,Control,85599.71346360214,weekly temperature
20250825,341,23,Control,155405.8067431265,weekly temperature
20250825,341,24,Control,138279.30175888733,weekly temperature
20250825,341,25,Control,77956.56389181642,weekly temperature
20250825,341,26,Control,139534.22818819268,weekly temperature
20250825,341,27,Control,97271.36244684551,weekly temperature
20250825,341,28,Control,84561.87835511417,weekly temperature
20250825,341,29,Control,127995.55764286256,weekly temperature
20250825,341,30,Control,155202.59796582477,weekly temperature
20250825,341,31,Control,130868.00935578487,weekly temperature
20250825,341,32,Control,87854.06773628338,weekly temperature
20250825,341,33,Control,77257.59621117538,weekly temperature
20250825,341,34,Control,112608.03161954769,weekly temperature
20250825,341,35,Control,90758.77525790302,weekly temperature
20250825,341,36,Control,53037.32760102625,weekly temperature
20250825,341,37,Control,85425.0965309982,weekly temperature
20250825,341,38,Control,72591.73991602616,weekly temperature
20250825,341,39,Control,55749.03447567981,weekly temperature
20250825,341,40,Control,63733.249232011054,weekly temperature
20250825,341,41,Control,101335.87297536818,weekly temperature
20250825,341,43,Control,59107.88738365908,weekly temperature
20250825,341,44,Control,84271.27918559863,weekly temperature
20250825,341,45,Control,84406.35645280336,weekly temperature
20250825,341,46,Control,101645.8945626987,weekly temperature
20250825,341,47,Control,110348.84837342308,weekly temperature
20250825,341,48,Control,157497.35145228027,weekly temperature
20250825,341,49,Control,69305.79664312176,weekly temperature
20250825,341,50,Control,113509.52078254163,weekly temperature
20250825,341,51,Control,117845.10451722522,weekly temperature
20250825,341,52,Control,90816.68574760067,weekly temperature
20250825,341,53,Control,139808.0578240835,weekly temperature
20250825,341,54,Control,126996.87762386336,weekly temperature
20250825,341,55,Control,127324.86791669199,weekly temperature
20250825,341,56,Control,156682.01632708166,weekly temperature
20250825,341,57,Control,67465.27893387397,weekly temperature
20250825,341,58,Control,76585.16519671457,weekly temperature
20250825,341,59,Control,110937.41470848703,weekly temperature
20250825,341,60,Control,80630.13463316117,weekly temperature
20250825,341,61,Control,72749.8637793935,weekly temperature
20250825,341,62,Control,103726.3055398152,weekly temperature
20250825,341,63,Control,83242.2191016433,weekly temperature
20250825,341,64,Control,88515.25315659054,weekly temperature
20250825,341,65,Control,65012.06776293801,weekly temperature
20250825,341,66,Control,87165.38865285904,weekly temperature
20250825,341,67,Control,90656.60771007948,weekly temperature
20250825,341,68,Control,96216.85411769539,weekly temperature
20250825,341,69,Control,146735.7594235031,weekly temperature
20250825,341,70,Control,108768.96036426266,weekly temperature
20250825,341,71,Control,72368.05510927348,weekly temperature
20250825,341,72,Control,97994.10940171094,weekly temperature
20250825,341,73,Control,151915.7301741244,weekly temperature
20250825,341,74,Control,90412.31554321434,weekly temperature
20250825,341,75,Control,94638.12532891978,weekly temperature
20250825,341,76,Control,174671.92601099517,weekly temperature
20250825,341,77,Control,97712.14982271667,weekly temperature
20250825,341,78,Control,173305.13700516085,weekly temperature
20250825,341,79,Control,129318.2516558176,weekly temperature
20250825,341,80,Control,177805.16011708783,weekly temperature
20250825,341,81,Control,165042.1126805178,weekly temperature
20250825,341,82,Control,76797.3221013833,weekly temperature
20250825,341,83,Control,96840.80769083505,weekly temperature
20250825,341,84,Control,154351.19960173243,weekly temperature
20250825,342,1,Treated,184360.37294053522,weekly fresh water
20250825,342,2,Treated,147216.3962311355,weekly fresh water
20250825,342,3,Treated,73044.43512536901,weekly fresh water
20250825,342,5,Treated,128919.88566877547,weekly fresh water
20250825,342,6,Treated,145053.2643537473,weekly fresh water
20250825,342,7,Treated,116165.00730078793,weekly fresh water
20250825,342,8,Treated,98887.87171746751,weekly fresh water
20250825,342,9,Treated,137951.76112997092,weekly fresh water
20250825,342,10,Treated,150499.14696331637,weekly fresh water
20250825,342,11,Treated,88904.58619490075,weekly fresh water
20250825,342,12,Treated,144056.12430697028,weekly fresh water
20250825,342,13,Treated,88277.93600597048,weekly fresh water
20250825,342,14,Treated,99801.12185497908,weekly fresh water
20250825,342,15,Treated,91106.34365730142,weekly fresh water
20250825,342,16,Treated,113328.85617505107,weekly fresh water
20250825,342,17,Treated,97743.36134280874,weekly fresh water
20250825,342,19,Treated,85936.1685408266,weekly fresh water
20250825,342,20,Treated,114653.30852326368,weekly fresh water
20250825,342,21,Treated,98779.85813334312,weekly fresh water
20250825,342,22,Treated,138342.48369568924,weekly fresh water
20250825,342,23,Treated,123297.60241917899,weekly fresh water
20250825,342,24,Treated,103319.84292134376,weekly fresh water
20250825,342,25,Treated,86192.90138135577,weekly fresh water
20250825,342,26,Treated,88533.84879334799,weekly fresh water
20250825,342,27,Treated,74258.14240380909,weekly fresh water
20250825,342,28,Treated,83479.30618243583,weekly fresh water
20250825,342,29,Treated,88636.3837929652,weekly fresh water
20250825,342,30,Treated,70242.39419055091,weekly fresh water
20250825,342,31,Treated,61199.26156584639,weekly fresh water
20250825,342,32,Treated,127989.92157494159,weekly fresh water
20250825,342,33,Treated,47264.579598152515,weekly fresh water
20250825,342,34,Treated,102612.26536960842,weekly fresh water
20250825,342,35,Treated,77003.11078666634,weekly fresh water
20250825,342,36,Treated,115976.91192581329,weekly fresh water
20250825,342,37,Treated,123724.68858271146,weekly fresh water
20250825,342,38,Treated,63785.282931651614,weekly fresh water
20250825,342,39,Treated,67958.49583641866,weekly fresh water
20250825,342,40,Treated,70294.94631291613,weekly fresh water
20250825,342,41,Treated,103427.4424337379,weekly fresh water
20250825,342,42,Treated,124890.2788044033,weekly fresh water
20250825,342,43,Treated,80939.11196668241,weekly fresh water
20250825,342,44,Treated,85837.16833054645,weekly fresh water
20250825,342,45,Treated,74512.42363777869,weekly fresh water
20250825,342,46,Treated,97565.84795868272,weekly fresh water
20250825,342,47,Treated,77126.97382077744,weekly fresh water
20250825,342,48,Treated,111858.19898642688,weekly fresh water
20250825,342,49,Treated,150608.95665059937,weekly fresh water
20250825,342,50,Treated,109186.56460576352,weekly fresh water
20250825,342,51,Treated,94066.44344838132,weekly fresh water
20250825,342,52,Treated,76353.52732550824,weekly fresh water
20250825,342,53,Treated,148152.52730189645,weekly fresh water
20250825,342,54,Treated,49389.09357592132,weekly fresh water
20250825,342,55,Treated,100527.47507473489,weekly fresh water
20250825,342,56,Treated,45444.14394148654,weekly fresh water
20250825,342,57,Treated,60719.87040332068,weekly fresh water
20250825,342,58,Treated,135018.56966241475,weekly fresh water
20250825,342,59,Treated,70203.71083162076,weekly fresh water
20250825,342,60,Treated,137301.8398270748,weekly fresh water
20250825,342,61,Treated,131474.754874534,weekly fresh water
20250825,342,62,Treated,92515.79624532377,weekly fresh water
20250825,342,63,Treated,114538.23285424372,weekly fresh water
20250825,342,64,Treated,72887.03559707593,weekly fresh water
20250825,342,65,Treated,92229.51331393393,weekly fresh water
20250825,342,66,Treated,150844.8396712868,weekly fresh water
20250825,342,67,Treated,83400.85945859451,weekly fresh water
20250825,342,68,Treated,105086.2147329481,weekly fresh water
20250825,342,69,Treated,113894.67934150562,weekly fresh water
20250825,342,70,Treated,123098.34942206631,weekly fresh water
20250825,342,71,Treated,167605.68441694608,weekly fresh water
20250825,342,72,Treated,97084.50134222257,weekly fresh water
20250825,342,73,Treated,149184.49101323713,weekly fresh water
20250825,342,74,Treated,75155.3850754931,weekly fresh water
20250825,342,75,Treated,161000.42211838788,weekly fresh water
20250825,342,76,Treated,178560.34477922844,weekly fresh water
20250825,342,77,Treated,80206.38112588807,weekly fresh water
20250825,342,78,Treated,81899.61738968038,weekly fresh water
20250825,342,79,Treated,112651.62409507381,weekly fresh water
20250825,342,80,Treated,117877.12124206281,weekly fresh water
20250825,342,81,Treated,134478.60474215576,weekly fresh water
20250825,342,82,Treated,195774.69283825293,weekly fresh water
20250825,342,83,Treated,99736.5502910687,weekly fresh water
20250825,342,84,Treated,200724.20919727965,weekly fresh water
20250825,342,85,Treated,96552.67303007196,weekly fresh water
20250825,342,86,Treated,76706.14622233543,weekly fresh water
20250825,343,1,Treated,81127.21538200727,weekly temperature
20250825,343,2,Treated,120360.33770613169,weekly temperature
20250825,343,3,Treated,103726.32217777961,weekly temperature
20250825,343,4,Treated,96945.8251738352,weekly temperature
20250825,343,5,Treated,106138.79859767703,weekly temperature
20250825,343,6,Treated,72032.9702040164,weekly temperature
20250825,343,7,Treated,108396.42283820348,weekly temperature
20250825,343,8,Treated,85699.51450238482,weekly temperature
20250825,343,9,Treated,78113.97517000773,weekly temperature
20250825,343,10,Treated,73971.25657472208,weekly temperature
20250825,343,11,Treated,41744.89733508597,weekly temperature
20250825,343,12,Treated,137891.752263973,weekly temperature
20250825,343,13,Treated,99224.32189797837,weekly temperature
20250825,343,14,Treated,103002.52843164405,weekly temperature
20250825,343,15,Treated,72273.16660769562,weekly temperature
20250825,343,16,Treated,68015.27254143791,weekly temperature
20250825,343,17,Treated,90376.86495069774,weekly temperature
20250825,343,18,Treated,75365.0144734514,weekly temperature
20250825,343,19,Treated,106228.28117550939,weekly temperature
20250825,343,20,Treated,77187.79031559912,weekly temperature
20250825,343,21,Treated,84766.45105929671,weekly temperature
20250825,343,22,Treated,81010.36895920751,weekly temperature
20250825,343,23,Treated,96094.68330011914,weekly temperature
20250825,343,24,Treated,155529.50745555668,weekly temperature
20250825,343,25,Treated,113398.66393815876,weekly temperature
20250825,343,26,Treated,117574.34728263433,weekly temperature
20250825,343,27,Treated,72068.09578635752,weekly temperature
20250825,343,28,Treated,111777.17734801977,weekly temperature
20250825,343,29,Treated,89180.8553721168,weekly temperature
20250825,343,30,Treated,41340.28914705436,weekly temperature
20250825,343,31,Treated,44642.73545175566,weekly temperature
20250825,343,32,Treated,56908.355711996315,weekly temperature
20250825,343,33,Treated,138892.34575838412,weekly temperature
20250825,343,34,Treated,79034.25995628358,weekly temperature
20250825,343,35,Treated,119224.04572286752,weekly temperature
20250825,343,36,Treated,148960.9729239492,weekly temperature
20250825,343,37,Treated,68373.04553312542,weekly temperature
20250825,343,38,Treated,76358.56552094819,weekly temperature
20250825,343,39,Treated,90706.32513752107,weekly temperature
20250825,343,40,Treated,163255.91327727167,weekly temperature
20250825,343,41,Treated,93830.47636795658,weekly temperature
20250825,343,42,Treated,118146.69924590237,weekly temperature
20250825,343,43,Treated,29761.78933741381,weekly temperature
20250825,343,44,Treated,79192.85087223355,weekly temperature
20250825,343,45,Treated,79994.05654821829,weekly temperature
20250825,343,46,Treated,56799.53912027291,weekly temperature
20250825,343,47,Treated,91752.90802272935,weekly temperature
20250825,343,48,Treated,60028.823810930255,weekly temperature
20250825,343,49,Treated,115928.81555082194,weekly temperature
20250825,343,50,Treated,102911.3718036639,weekly temperature
20250825,343,51,Treated,80503.7348983905,weekly temperature
20250825,343,52,Treated,85944.56134799516,weekly temperature
20250825,343,53,Treated,70887.57031377664,weekly temperature
20250825,343,54,Treated,30741.303950954316,weekly temperature
20250825,343,55,Treated,78263.6833004494,weekly temperature
20250825,343,56,Treated,85599.68120302999,weekly temperature
20250825,343,57,Treated,142796.59065669528,weekly temperature
20250825,343,58,Treated,126164.45764197559,weekly temperature
20250825,343,59,Treated,52260.62073389194,weekly temperature
20250825,343,60,Treated,101980.1169981563,weekly temperature
20250825,343,61,Treated,124186.80908462242,weekly temperature
20250825,343,62,Treated,102803.13404658374,weekly temperature
20250825,343,63,Treated,114206.46517539848,weekly temperature
20250825,343,64,Treated,113815.94844166907,weekly temperature
20250825,343,65,Treated,70121.9290521289,weekly temperature
20250825,343,66,Treated,63119.66700376111,weekly temperature
20250825,343,67,Treated,63208.19381392494,weekly temperature
20250825,343,68,Treated,35825.828793347144,weekly temperature
20250825,343,69,Treated,79788.2740631141,weekly temperature
20250825,343,70,Treated,134092.27965510305,weekly temperature
20250825,343,71,Treated,137509.0201947012,weekly temperature
20250825,343,72,Treated,105629.47333720268,weekly temperature
20250825,343,73,Treated,122164.97369589035,weekly temperature
20250825,343,74,Treated,95607.67021582065,weekly temperature
20250825,343,75,Treated,160774.41449225787,weekly temperature
20250825,343,76,Treated,113572.54389769159,weekly temperature
20250825,343,77,Treated,88244.74064499015,weekly temperature
20250825,343,79,Treated,104458.55508441509,weekly temperature
20250825,357,1,Control,112848.28726211782,weekly fresh water
20250825,357,2,Control,119689.06512110123,weekly fresh water
20250825,357,3,Control,114869.65877924791,weekly fresh water
20250825,357,4,Control,146198.9603128491,weekly fresh water
20250825,357,5,Control,116549.39602134498,weekly fresh water
20250825,357,6,Control,143701.53423315508,weekly fresh water
20250825,357,7,Control,82592.34701926642,weekly fresh water
20250825,357,8,Control,125912.75723674173,weekly fresh water
20250825,357,9,Control,85369.13196792868,weekly fresh water
20250825,357,10,Control,100922.81425994633,weekly fresh water
20250825,357,12,Control,75217.83662334371,weekly fresh water
20250825,357,13,Control,44037.279813847985,weekly fresh water
20250825,357,14,Control,137347.50441512992,weekly fresh water
20250825,357,15,Control,135732.66452551985,weekly fresh water
20250825,357,16,Control,78071.62666973771,weekly fresh water
20250825,357,17,Control,145579.95488219624,weekly fresh water
20250825,357,18,Control,121317.05179243929,weekly fresh water
20250825,357,19,Control,38296.41862015781,weekly fresh water
20250825,357,20,Control,111045.08037791304,weekly fresh water
20250825,357,21,Control,87730.65116575413,weekly fresh water
20250825,357,22,Control,63692.39709292608,weekly fresh water
20250825,357,23,Control,131939.89056225776,weekly fresh water
20250825,357,24,Control,67196.12283428937,weekly fresh water
20250825,357,25,Control,91065.55394588353,weekly fresh water
20250825,357,26,Control,43491.62305857751,weekly fresh water
20250825,357,27,Control,86371.3084656173,weekly fresh water
20250825,357,28,Control,62248.773928350754,weekly fresh water
20250825,357,29,Control,148271.19898720467,weekly fresh water
20250825,357,30,Control,71076.26979959867,weekly fresh water
20250825,357,31,Control,25306.789414084462,weekly fresh water
20250825,357,32,Control,90717.83822782755,weekly fresh water
20250825,357,33,Control,112732.37572459162,weekly fresh water
20250825,357,34,Control,111947.60454968312,weekly fresh water
20250825,357,35,Control,61219.26288921395,weekly fresh water
20250825,357,36,Control,80023.91260858132,weekly fresh water
20250825,357,37,Control,85855.03911842016,weekly fresh water
20250825,357,38,Control,123437.18252537258,weekly fresh water
20250825,357,39,Control,129654.70803902709,weekly fresh water
20250825,357,40,Control,70100.60910532513,weekly fresh water
20250825,357,41,Control,103968.09079021578,weekly fresh water
20250825,357,42,Control,60787.71889181582,weekly fresh water
20250825,357,43,Control,81454.6948489237,weekly fresh water
20250825,357,44,Control,104041.92535571435,weekly fresh water
20250825,357,45,Control,54574.91079367824,weekly fresh water
20250825,357,46,Control,92110.93010665601,weekly fresh water
20250825,357,47,Control,87858.6151033549,weekly fresh water
20250825,357,48,Control,79380.53438064981,weekly fresh water
20250825,357,49,Control,59270.26238449181,weekly fresh water
20250825,357,50,Control,70596.53161768218,weekly fresh water
20250825,357,51,Control,107941.17899051834,weekly fresh water
20250825,357,52,Control,56475.82634740055,weekly fresh water
20250825,357,53,Control,96194.15483372872,weekly fresh water
20250825,357,54,Control,101403.32994923332,weekly fresh water
20250825,357,55,Control,85864.8872906585,weekly fresh water
20250825,357,56,Control,53796.095442724574,weekly fresh water
20250825,357,57,Control,78823.35861477445,weekly fresh water
20250825,357,58,Control,83690.2437958382,weekly fresh water
20250825,357,59,Control,24014.959508006796,weekly fresh water
20250825,357,60,Control,139201.47913107043,weekly fresh water
20250825,357,61,Control,100534.3167045627,weekly fresh water
20250825,357,62,Control,100318.65700429317,weekly fresh water
20250825,357,63,Control,75685.74201226504,weekly fresh water
20250825,357,64,Control,49774.39280488397,weekly fresh water
20250825,357,65,Control,129668.49210311437,weekly fresh water
20250825,357,66,Control,85360.04772491788,weekly fresh water
20250825,357,67,Control,102057.04154624068,weekly fresh water
20250825,357,68,Control,90663.5410534381,weekly fresh water
20250825,357,69,Control,73204.42345855321,weekly fresh water
20250825,357,70,Control,101828.53195955856,weekly fresh water
20250825,357,71,Control,90820.88601894767,weekly fresh water
20250825,357,72,Control,140472.5485544086,weekly fresh water
20250825,357,73,Control,54255.128972353195,weekly fresh water
20250825,357,74,Control,87338.25502840208,weekly fresh water
20250825,357,76,Control,84208.94079020232,weekly fresh water
20250825,357,77,Control,139106.50741191785,weekly fresh water
20250825,357,78,Control,96685.2116142481,weekly fresh water
20250825,357,79,Control,79500.51852325544,weekly fresh water
20250825,357,80,Control,115072.92801403314,weekly fresh water
20250825,357,81,Control,162125.69648670914,weekly fresh water
20250825,357,82,Control,125029.01340503742,weekly fresh water
20250825,357,83,Control,111088.15733890446,weekly fresh water
20250825,357,84,Control,66819.63345584851,weekly fresh water
20250825,357,85,Control,133840.2208438333,weekly fresh water
20250825,358,1,Control,107657.84641602567,weekly temperature
20250825,358,2,Control,85094.41023901348,weekly temperature
20250825,358,3,Control,125561.19550228634,weekly temperature
20250825,358,4,Control,66121.64071943263,weekly temperature
20250825,358,5,Control,47354.90767584762,weekly temperature
20250825,358,6,Control,65886.26559741142,weekly temperature
20250825,358,7,Control,54586.03551644119,weekly temperature
20250825,358,8,Control,63815.250293047444,weekly temperature
20250825,358,9,Control,38150.20537586604,weekly temperature
20250825,358,10,Control,85127.84016709094,weekly temperature
20250825,358,11,Control,52686.06265556914,weekly temperature
20250825,358,12,Control,62366.700415107036,weekly temperature
20250825,358,13,Control,48460.71774079082,weekly temperature
20250825,358,14,Control,43575.01724608616,weekly temperature
20250825,358,15,Control,120696.23518418454,weekly temperature
20250825,358,16,Control,50386.58573286074,weekly temperature
20250825,358,17,Control,95162.92044889626,weekly temperature
20250825,358,18,Control,58843.13219360698,weekly temperature
20250825,358,19,Control,113626.78005312968,weekly temperature
20250825,358,20,Control,123213.13221410858,weekly temperature
20250825,358,21,Control,65130.518229214715,weekly temperature
20250825,358,22,Control,59305.55432121414,weekly temperature
20250825,358,23,Control,87240.27658561984,weekly temperature
20250825,358,24,Control,133520.19173763235,weekly temperature
20250825,358,25,Control,69244.19501620343,weekly temperature
20250825,358,26,Control,144022.43397502255,weekly temperature
20250825,358,27,Control,84756.24295055021,weekly temperature
20250825,358,28,Control,136237.28346695367,weekly temperature
20250825,358,29,Control,81818.56509275862,weekly temperature
20250825,358,30,Control,134319.03166033616,weekly temperature
20250825,358,31,Control,65017.08795321983,weekly temperature
20250825,358,32,Control,139543.04382592338,weekly temperature
20250825,358,33,Control,85768.10295822451,weekly temperature
20250825,358,34,Control,63925.211410909105,weekly temperature
20250825,358,35,Control,31686.164153178404,weekly temperature
20250825,358,36,Control,123831.26099500056,weekly temperature
20250825,358,37,Control,48460.71774079082,weekly temperature
20250825,358,38,Control,82481.64868504624,weekly temperature
20250825,358,40,Control,68023.57110827437,weekly temperature
20250825,358,41,Control,97791.82667618495,weekly temperature
20250825,358,42,Control,62568.40448191093,weekly temperature
20250825,358,43,Control,72164.74127166772,weekly temperature
20250825,358,44,Control,85653.69391722063,weekly temperature
20250825,358,45,Control,32892.78128430746,weekly temperature
20250825,358,46,Control,96818.55745289964,weekly temperature
20250825,358,47,Control,73979.63187405157,weekly temperature
20250825,358,48,Control,98077.44664644357,weekly temperature
20250825,358,49,Control,58639.72658183443,weekly temperature
20250825,358,50,Control,94882.32480128699,weekly temperature
20250825,358,51,Control,93022.63907447811,weekly temperature
20250825,358,52,Control,66209.88605795859,weekly temperature
20250825,358,53,Control,53056.2395775502,weekly temperature
20250825,358,54,Control,59210.149039562406,weekly temperature
20250825,358,55,Control,58131.07679864767,weekly temperature
20250825,358,56,Control,66100.96594334739,weekly temperature
20250825,358,57,Control,49838.89288081094,weekly temperature
20250825,358,58,Control,97412.0792280536,weekly temperature
20250825,358,60,Control,68628.01588218169,weekly temperature
20250825,358,61,Control,44263.28927657166,weekly temperature
20250825,358,62,Control,74371.84091716725,weekly temperature
20250825,358,63,Control,76127.71537009257,weekly temperature
20250825,358,64,Control,71996.60387966585,weekly temperature
20250825,358,65,Control,53688.93432877011,weekly temperature
20250825,358,66,Control,52049.221100085684,weekly temperature
20250825,358,67,Control,95919.01686038524,weekly temperature
20250825,358,68,Control,85787.05574748963,weekly temperature
20250825,358,69,Control,76834.72830968685,weekly temperature
20250825,358,70,Control,57184.011937218194,weekly temperature
20250825,358,71,Control,59961.0448829472,weekly temperature
20250825,358,72,Control,56702.49379950416,weekly temperature
20250825,358,73,Control,156858.3415900571,weekly temperature
20250825,358,74,Control,129892.66738260917,weekly temperature
20250825,358,75,Control,56804.35870697769,weekly temperature
20250825,358,76,Control,44815.481332397736,weekly temperature
20250825,358,77,Control,87652.90689359765,weekly temperature
20250825,358,78,Control,65160.088970790974,weekly temperature
20250825,358,79,Control,78315.57833900859,weekly temperature
20250825,358,80,Control,80581.34279356123,weekly temperature
20250825,358,81,Control,100167.01061276752,weekly temperature
20250825,358,82,Control,46516.38482923994,weekly temperature
20250825,358,83,Control,61522.11932067785,weekly temperature
20250825,358,84,Control,79272.85616184975,weekly temperature
20250825,358,85,Control,61883.82706500764,weekly temperature
20250825,358,86,Control,71371.93600002828,weekly temperature
20250825,359,2,Treated,182881.98187112302,weekly fresh water
20250825,359,3,Treated,138534.5337119792,weekly fresh water
20250825,359,4,Treated,157988.1978317128,weekly fresh water
20250825,359,5,Treated,100281.42273941057,weekly fresh water
20250825,359,6,Treated,173477.4354990241,weekly fresh water
20250825,359,8,Treated,123355.068752941,weekly fresh water
20250825,359,9,Treated,155332.46029921435,weekly fresh water
20250825,359,10,Treated,164047.9109272675,weekly fresh water
20250825,359,11,Treated,154378.53691658913,weekly fresh water
20250825,359,12,Treated,110236.63992782781,weekly fresh water
20250825,359,13,Treated,81026.53810965431,weekly fresh water
20250825,359,14,Treated,105259.34809140867,weekly fresh water
20250825,359,15,Treated,122433.66399607321,weekly fresh water
20250825,359,16,Treated,79243.55732093684,weekly fresh water
20250825,359,17,Treated,144076.59600494997,weekly fresh water
20250825,359,18,Treated,126313.86133651437,weekly fresh water
20250825,359,19,Treated,137299.14316459815,weekly fresh water
20250825,359,20,Treated,106217.31921076337,weekly fresh water
20250825,359,21,Treated,155526.9321141967,weekly fresh water
20250825,359,22,Treated,99124.47707749222,weekly fresh water
20250825,359,23,Treated,122694.56284270331,weekly fresh water
20250825,359,24,Treated,122304.4737386013,weekly fresh water
20250825,359,25,Treated,79719.99136443516,weekly fresh water
20250825,359,26,Treated,141841.871274537,weekly fresh water
20250825,359,27,Treated,74204.55711827672,weekly fresh water
20250825,359,28,Treated,92426.21231482211,weekly fresh water
20250825,359,30,Treated,101087.571247169,weekly fresh water
20250825,359,32,Treated,129200.57745248273,weekly fresh water
20250825,359,33,Treated,86775.52707972577,weekly fresh water
20250825,359,34,Treated,150287.38734348977,weekly fresh water
20250825,359,35,Treated,126275.29834170344,weekly fresh water
20250825,359,36,Treated,205604.6660248867,weekly fresh water
20250825,359,37,Treated,90754.92249984527,weekly fresh water
20250825,359,38,Treated,102375.11983109284,weekly fresh water
20250825,359,39,Treated,153155.12999830476,weekly fresh water
20250825,359,40,Treated,109806.93826858466,weekly fresh water
20250825,359,41,Treated,109865.88699858909,weekly fresh water
20250825,359,42,Treated,120137.0617156577,weekly fresh water
20250825,359,43,Treated,102732.91069092219,weekly fresh water
20250825,359,44,Treated,80836.84796438999,weekly fresh water
20250825,359,45,Treated,85875.87825682365,weekly fresh water
20250825,359,46,Treated,117518.38086756367,weekly fresh water
20250825,359,47,Treated,136033.15711188383,weekly fresh water
20250825,359,48,Treated,126996.75074156278,weekly fresh water
20250825,359,49,Treated,93573.96311847892,weekly fresh water
20250825,359,50,Treated,143038.65198511738,weekly fresh water
20250825,359,51,Treated,121953.31400456672,weekly fresh water
20250825,359,52,Treated,146050.9625587289,weekly fresh water
20250825,359,53,Treated,68666.92864964316,weekly fresh water
20250825,359,54,Treated,91226.04838037322,weekly fresh water
20250825,359,55,Treated,98286.2948264449,weekly fresh water
20250825,359,56,Treated,195453.2250393987,weekly fresh water
20250825,359,57,Treated,113519.44464197084,weekly fresh water
20250825,359,58,Treated,101112.91641832583,weekly fresh water
20250825,359,59,Treated,152304.3403167569,weekly fresh water
20250825,359,60,Treated,186435.50530205164,weekly fresh water
20250825,359,61,Treated,141863.04202305686,weekly fresh water
20250825,359,62,Treated,146208.94960301145,weekly fresh water
20250825,359,63,Treated,89970.74749375679,weekly fresh water
20250825,359,64,Treated,124228.22483458923,weekly fresh water
20250825,359,65,Treated,170395.04821114463,weekly fresh water
20250825,359,66,Treated,192922.93200285838,weekly fresh water
20250825,359,67,Treated,93234.52365445915,weekly fresh water
20250825,359,68,Treated,188546.5392685177,weekly fresh water
20250825,359,69,Treated,130071.74504345312,weekly fresh water
20250825,359,70,Treated,121220.71409373442,weekly fresh water
20250825,359,71,Treated,130939.48279696284,weekly fresh water
20250825,359,72,Treated,146382.35057652366,weekly fresh water
20250825,359,73,Treated,135582.57717606903,weekly fresh water
20250825,359,74,Treated,99620.54978316075,weekly fresh water
20250825,359,75,Treated,92222.38078469437,weekly fresh water
20250825,359,76,Treated,168723.10405808353,weekly fresh water
20250825,359,77,Treated,111241.39806754052,weekly fresh water
20250825,359,78,Treated,177135.54005191152,weekly fresh water
20250825,359,79,Treated,141869.80009957563,weekly fresh water
20250825,360,1,Control,99846.95975204076,weekly temperature
20250825,360,2,Control,95066.2623672642,weekly temperature
20250825,360,3,Control,37505.338789605776,weekly temperature
20250825,360,4,Control,135291.29133613541,weekly temperature
20250825,360,5,Control,111221.48625985184,weekly temperature
20250825,360,6,Control,118240.5103799358,weekly temperature
20250825,360,7,Control,81443.49858644295,weekly temperature
20250825,360,8,Control,72109.72926423662,weekly temperature
20250825,360,9,Control,137849.40778780697,weekly temperature
20250825,360,10,Control,112716.74753831311,weekly temperature
20250825,360,12,Control,97556.28992459059,weekly temperature
20250825,360,13,Control,148536.96137718757,weekly temperature
20250825,360,14,Control,94249.02234503857,weekly temperature
20250825,360,15,Control,139484.89604717685,weekly temperature
20250825,360,16,Control,106204.2872463921,weekly temperature
20250825,360,17,Control,94304.28932433404,weekly temperature
20250825,360,18,Control,90577.3589366176,weekly temperature
20250825,360,19,Control,177231.53703925217,weekly temperature
20250825,360,20,Control,142192.48172576068,weekly temperature
20250825,360,21,Control,69538.7858951483,weekly temperature
20250825,360,22,Control,45487.99616746193,weekly temperature
20250825,360,23,Control,68886.12184806616,weekly temperature
20250825,360,24,Control,115286.16489881756,weekly temperature
20250825,360,25,Control,141508.64079983192,weekly temperature
20250825,360,26,Control,104110.48441541941,weekly temperature
20250825,360,27,Control,163142.31981658534,weekly temperature
20250825,360,28,Control,113727.05310271258,weekly temperature
20250825,360,29,Control,33535.2541381687,weekly temperature
20250825,360,30,Control,119553.22209366383,weekly temperature
20250825,360,31,Control,116348.91703365248,weekly temperature
20250825,360,32,Control,53640.312038627766,weekly temperature
20250825,360,33,Control,100186.04657917577,weekly temperature
20250825,360,34,Control,76591.3269175159,weekly temperature
20250825,360,35,Control,44899.591020925625,weekly temperature
20250825,360,36,Control,69526.90798221088,weekly temperature
20250825,360,37,Control,103644.98391688972,weekly temperature
20250825,360,38,Control,98237.97523987746,weekly temperature
20250825,360,39,Control,56931.355977498206,weekly temperature
20250825,360,40,Control,132503.24952761905,weekly temperature
20250825,360,41,Control,44562.11956295497,weekly temperature
20250825,360,42,Control,90396.71787017769,weekly temperature
20250825,360,43,Control,91073.72466121012,weekly temperature
20250825,360,44,Control,96403.88938610064,weekly temperature
20250825,360,45,Control,91478.15527204418,weekly temperature
20250825,360,46,Control,136404.9909037103,weekly temperature
20250825,360,47,Control,44783.47750828828,weekly temperature
20250825,360,48,Control,117926.04943249417,weekly temperature
20250825,360,49,Control,125757.21548210843,weekly temperature
20250825,360,50,Control,146586.72901972942,weekly temperature
20250825,360,51,Control,108762.42154874535,weekly temperature
20250825,360,52,Control,74952.31826165957,weekly temperature
20250825,360,53,Control,144242.967359907,weekly temperature
20250825,360,54,Control,72217.74818045401,weekly temperature
20250825,360,55,Control,97002.92897444972,weekly temperature
20250825,360,56,Control,64096.295642767465,weekly temperature
20250825,360,57,Control,95556.87475452655,weekly temperature
20250825,360,58,Control,107081.73599888496,weekly temperature
20250825,360,59,Control,54478.2595192634,weekly temperature
20250825,360,60,Control,48194.35420769052,weekly temperature
20250825,360,61,Control,99485.21581436625,weekly temperature
20250825,360,62,Control,125795.21013544122,weekly temperature
20250825,360,63,Control,117858.34574747519,weekly temperature
20250825,360,64,Control,91515.63151177326,weekly temperature
20250825,360,65,Control,117655.85878660931,weekly temperature
20250825,360,66,Control,110136.99435309597,weekly temperature
20250825,360,67,Control,59118.89335894911,weekly temperature
20250825,360,68,Control,56184.4849045206,weekly temperature
20250825,360,69,Control,95405.69681050573,weekly temperature
20250825,360,70,Control,93170.47428597703,weekly temperature
20250825,360,71,Control,112979.58151882392,weekly temperature
20250825,360,72,Control,141860.18862889332,weekly temperature
20250825,361,1,Treated,86076.51113767007,weekly fresh water
20250825,361,2,Treated,94695.08493343931,weekly fresh water
20250825,361,3,Treated,67731.45441460336,weekly fresh water
20250825,361,4,Treated,72778.85938249312,weekly fresh water
20250825,361,5,Treated,161431.53534508857,weekly fresh water
20250825,361,6,Treated,85449.52724685025,weekly fresh water
20250825,361,7,Treated,97492.08805349418,weekly fresh water
20250825,361,8,Treated,95445.08240092441,weekly fresh water
20250825,361,9,Treated,100873.44057099408,weekly fresh water
20250825,361,10,Treated,93186.69059367113,weekly fresh water
20250825,361,11,Treated,104719.72678227587,weekly fresh water
20250825,361,12,Treated,137327.05497498528,weekly fresh water
20250825,361,13,Treated,79633.5245579353,weekly fresh water
20250825,361,14,Treated,82126.04682732557,weekly fresh water
20250825,361,15,Treated,78511.55421259375,weekly fresh water
20250825,361,16,Treated,51320.930042311404,weekly fresh water
20250825,361,17,Treated,43778.80856310422,weekly fresh water
20250825,361,18,Treated,64403.795697845926,weekly fresh water
20250825,361,19,Treated,63921.17631444978,weekly fresh water
20250825,361,20,Treated,58721.25985133513,weekly fresh water
20250825,361,21,Treated,50213.50905085607,weekly fresh water
20250825,361,22,Treated,72045.27964656973,weekly fresh water
20250825,361,23,Treated,68568.37634407969,weekly fresh water
20250825,361,24,Treated,127197.12659905096,weekly fresh water
20250825,361,25,Treated,89168.74048223166,weekly fresh water
20250825,361,26,Treated,92679.71435297985,weekly fresh water
20250825,361,27,Treated,83735.09695780856,weekly fresh water
20250825,361,28,Treated,68742.27664868695,weekly fresh water
20250825,361,29,Treated,105076.94724153039,weekly fresh water
20250825,361,30,Treated,116458.04017627102,weekly fresh water
20250825,361,31,Treated,90490.71977042762,weekly fresh water
20250825,361,32,Treated,63444.34930582841,weekly fresh water
20250825,361,33,Treated,81866.87027154809,weekly fresh water
20250825,361,34,Treated,67517.70029701378,weekly fresh water
20250825,361,35,Treated,49873.23281834924,weekly fresh water
20250825,361,36,Treated,67546.72346289126,weekly fresh water
20250825,361,37,Treated,59766.51173029096,weekly fresh water
20250825,361,38,Treated,85497.78697258711,weekly fresh water
20250825,361,39,Treated,101304.79397888343,weekly fresh water
20250825,361,40,Treated,81049.36375309761,weekly fresh water
20250825,361,41,Treated,89730.7501318851,weekly fresh water
20250825,361,42,Treated,80219.97205417369,weekly fresh water
20250825,361,43,Treated,69586.6179726908,weekly fresh water
20250825,361,44,Treated,151027.49483855773,weekly fresh water
20250825,361,45,Treated,104234.95168502076,weekly fresh water
20250825,361,46,Treated,70684.70317674431,weekly fresh water
20250825,361,47,Treated,114248.21812393625,weekly fresh water
20250825,361,48,Treated,72343.69525196376,weekly fresh water
20250825,361,49,Treated,90964.45617826849,weekly fresh water
20250825,361,50,Treated,60449.52478774623,weekly fresh water
20250825,361,51,Treated,117377.9389980013,weekly fresh water
20250825,361,52,Treated,117067.9965447234,weekly fresh water
20250825,361,53,Treated,74965.87604071552,weekly fresh water
20250825,361,54,Treated,145645.21415439295,weekly fresh water
20250825,361,55,Treated,98291.28624481204,weekly fresh water
20250825,361,56,Treated,147660.6868120419,weekly fresh water
20250825,361,57,Treated,129881.582540131,weekly fresh water
20250825,361,58,Treated,172292.45431116284,weekly fresh water
20250825,361,59,Treated,96004.75183488558,weekly fresh water
20250825,361,60,Treated,83602.28506245116,weekly fresh water
20250825,361,61,Treated,64570.06811098777,weekly fresh water
20250825,380,1,Control,102205.2077076446,weekly fresh water
20250825,380,2,Control,139628.27390046607,weekly fresh water
20250825,380,3,Control,101283.33629432064,weekly fresh water
20250825,380,4,Control,113736.99823640876,weekly fresh water
20250825,380,5,Control,108598.07811418684,weekly fresh water
20250825,380,6,Control,103481.43852850338,weekly fresh water
20250825,380,7,Control,86299.0924469007,weekly fresh water
20250825,380,8,Control,114123.33417033259,weekly fresh water
20250825,380,9,Control,72038.86811313512,weekly fresh water
20250825,380,10,Control,103301.53564845277,weekly fresh water
20250825,380,11,Control,67730.20389319393,weekly fresh water
20250825,380,12,Control,94108.92005473423,weekly fresh water
20250825,380,13,Control,78335.51306355694,weekly fresh water
20250825,380,14,Control,142270.34166429512,weekly fresh water
20250825,380,15,Control,86412.65081635707,weekly fresh water
20250825,380,16,Control,80815.97988053656,weekly fresh water
20250825,380,17,Control,85078.8908995066,weekly fresh water
20250825,380,18,Control,81300.74748635196,weekly fresh water
20250825,380,19,Control,70159.40803033771,weekly fresh water
20250825,380,20,Control,54303.61092963434,weekly fresh water
20250825,380,21,Control,101321.47326528064,weekly fresh water
20250825,380,22,Control,92028.84538971221,weekly fresh water
20250825,380,23,Control,102538.42574158839,weekly fresh water
20250825,380,24,Control,58120.008890272074,weekly fresh water
20250825,380,25,Control,124141.16360368878,weekly fresh water
20250825,380,26,Control,67177.07175586806,weekly fresh water
20250825,380,27,Control,78584.04389233705,weekly fresh water
20250825,380,28,Control,155319.73723330165,weekly fresh water
20250825,380,29,Control,45632.16615708348,weekly fresh water
20250825,380,30,Control,55763.36145079397,weekly fresh water
20250825,380,31,Control,69591.33783740405,weekly fresh water
20250825,380,32,Control,44175.91456208136,weekly fresh water
20250825,380,33,Control,61494.91560956213,weekly fresh water
20250825,380,34,Control,67914.75036996584,weekly fresh water
20250825,380,35,Control,67164.99402251717,weekly fresh water
20250825,380,36,Control,93116.10324949201,weekly fresh water
20250825,380,37,Control,84187.2060288606,weekly fresh water
20250825,380,38,Control,90142.13833868717,weekly fresh water
20250825,380,39,Control,43756.46545976654,weekly fresh water
20250825,380,40,Control,63886.3292624366,weekly fresh water
20250825,380,41,Control,79239.7168732776,weekly fresh water
20250825,380,42,Control,92059.71902653504,weekly fresh water
20250825,380,43,Control,78891.29216163741,weekly fresh water
20250825,380,44,Control,94389.29221736162,weekly fresh water
20250825,380,45,Control,87364.96163477923,weekly fresh water
20250825,380,46,Control,97173.67307775626,weekly fresh water
20250825,380,47,Control,88574.46581313528,weekly fresh water
20250825,380,48,Control,74940.7436916382,weekly fresh water
20250825,380,49,Control,47668.98841158521,weekly fresh water
20250825,380,50,Control,25829.265037411657,weekly fresh water
20250825,380,51,Control,81170.1233325153,weekly fresh water
20250825,380,52,Control,67903.93361635662,weekly fresh water
20250825,380,53,Control,66064.50330740391,weekly fresh water
20250825,380,54,Control,59380.727027039706,weekly fresh water
20250825,380,55,Control,138446.69697333555,weekly fresh water
20250825,380,56,Control,45529.43287502876,weekly fresh water
20250825,380,57,Control,56142.55684857522,weekly fresh water
20250825,380,58,Control,91976.19077573442,weekly fresh water
20250825,380,59,Control,88198.13786283862,weekly fresh water
20250825,380,60,Control,41804.64395200903,weekly fresh water
20250825,380,61,Control,83452.18805792993,weekly fresh water
20250825,380,62,Control,60161.05176673254,weekly fresh water
20250825,380,63,Control,84883.57835643388,weekly fresh water
20250825,380,64,Control,79512.63861628443,weekly fresh water
20250825,380,65,Control,73809.9492137255,weekly fresh water
20250825,380,66,Control,76035.04949960294,weekly fresh water
20250825,380,67,Control,67930.72044596291,weekly fresh water
20250825,380,68,Control,140742.10286512275,weekly fresh water
20250825,380,69,Control,102808.02597243384,weekly fresh water
20250825,380,70,Control,92753.01606217661,weekly fresh water
20250825,380,71,Control,66287.17367381572,weekly fresh water
20250825,380,72,Control,64052.02313478823,weekly fresh water
20250825,380,73,Control,95714.60970291588,weekly fresh water
20250825,380,74,Control,54701.226804603066,weekly fresh water
20250825,380,76,Control,31154.55840719699,weekly fresh water
20250825,380,77,Control,107137.37241076939,weekly fresh water
20250825,380,78,Control,80716.92386737162,weekly fresh water
20250825,380,79,Control,106432.98804939784,weekly fresh water
20250825,380,80,Control,69474.3742946355,weekly fresh water
20250825,380,81,Control,103267.94049155396,weekly fresh water
20250825,380,82,Control,111998.07256417797,weekly fresh water
20250825,380,83,Control,76880.46476696535,weekly fresh water
20250825,380,84,Control,117449.64483278582,weekly fresh water
20250825,380,85,Control,133139.70380143906,weekly fresh water
20250825,380,86,Control,68249.40471534508,weekly fresh water
20250825,380,87,Control,104889.59184591527,weekly fresh water
20251008,342,1,Treated,113372.81075395469,weekly fresh water
20251008,342,2,Treated,94906.24355642418,weekly fresh water
20251008,342,3,Treated,94328.96500253986,weekly fresh water
20251008,342,4,Treated,91658.04143634751,weekly fresh water
20251008,342,5,Treated,62594.63259268722,weekly fresh water
20251008,342,6,Treated,168520.92725846003,weekly fresh water
20251008,342,7,Treated,106198.46216317371,weekly fresh water
20251008,342,8,Treated,61268.89850558889,weekly fresh water
20251008,342,9,Treated,86843.36481013104,weekly fresh water
20251008,342,10,Treated,61830.60256792718,weekly fresh water
20251008,342,11,Treated,83725.99378780184,weekly fresh water
20251008,342,12,Treated,117658.22917688158,weekly fresh water
20251008,342,13,Treated,132342.55165160907,weekly fresh water
20251008,342,14,Treated,73446.93601168327,weekly fresh water
20251008,342,15,Treated,69888.56868834302,weekly fresh water
20251008,342,16,Treated,141785.6285416522,weekly fresh water
20251008,342,17,Treated,85058.4251116442,weekly fresh water
20251008,342,18,Treated,131891.63215950888,weekly fresh water
20251008,342,19,Treated,115638.29491124871,weekly fresh water
20251008,342,20,Treated,83895.78213196853,weekly fresh water
20251008,342,21,Treated,121339.97505166505,weekly fresh water
20251008,342,22,Treated,83104.25741674384,weekly fresh water
20251008,342,23,Treated,103085.37117183692,weekly fresh water
20251008,342,24,Treated,98551.71316554295,weekly fresh water
20251008,342,25,Treated,89406.58897059008,weekly fresh water
20251008,342,26,Treated,104614.9451164252,weekly fresh water
20251008,342,27,Treated,62465.250536881846,weekly fresh water
20251008,342,28,Treated,78946.44865276873,weekly fresh water
20251008,342,29,Treated,73461.49687834487,weekly fresh water
20251008,342,30,Treated,74508.84929724522,weekly fresh water
20251008,342,31,Treated,115724.0126760886,weekly fresh water
20251008,342,32,Treated,100774.78351011254,weekly fresh water
20251008,342,33,Treated,96326.76561250913,weekly fresh water
20251008,342,34,Treated,81389.16319498829,weekly fresh water
20251008,342,35,Treated,72026.54830817423,weekly fresh water
20251008,342,36,Treated,74223.7574542627,weekly fresh water
20251008,342,37,Treated,92102.89484361204,weekly fresh water
20251008,342,38,Treated,82172.99827263078,weekly fresh water
20251008,342,39,Treated,105507.43969877194,weekly fresh water
20251008,342,40,Treated,70215.43675064958,weekly fresh water
20251008,342,41,Treated,97235.80400671634,weekly fresh water
20251008,342,42,Treated,103322.31412622966,weekly fresh water
20251008,342,43,Treated,109737.85250778784,weekly fresh water
20251008,342,44,Treated,70753.24177965474,weekly fresh water
20251008,342,45,Treated,114771.98746402882,weekly fresh water
20251008,342,46,Treated,76604.04663875377,weekly fresh water
20251008,342,47,Treated,56810.909250910256,weekly fresh water
20251008,342,48,Treated,100875.52212165725,weekly fresh water
20251008,342,49,Treated,45857.65872168023,weekly fresh water
20251008,342,50,Treated,58194.92625953344,weekly fresh water
20251008,342,51,Treated,61941.67214973327,weekly fresh water
20251008,342,52,Treated,63331.21782258449,weekly fresh water
20251008,342,53,Treated,121185.63527691146,weekly fresh water
20251008,342,54,Treated,66425.76002399046,weekly fresh water
20251008,342,55,Treated,78721.87751178308,weekly fresh water
20251008,342,56,Treated,114605.75994981687,weekly fresh water
20251008,342,57,Treated,114865.37558704968,weekly fresh water
20251008,342,58,Treated,71277.33594835273,weekly fresh water
20251008,342,59,Treated,61578.96586197514,weekly fresh water
20251008,342,60,Treated,37544.716445678656,weekly fresh water
20251008,342,61,Treated,89000.31195529689,weekly fresh water
20251008,342,62,Treated,61688.48005730429,weekly fresh water
20251008,342,63,Treated,73708.70728057843,weekly fresh water
20251008,342,64,Treated,65510.14481962107,weekly fresh water
20251008,342,65,Treated,47317.36931776068,weekly fresh water
20251008,342,66,Treated,111889.94644017042,weekly fresh water
20251008,342,67,Treated,59495.29832203861,weekly fresh water
20251008,342,68,Treated,109180.22315380903,weekly fresh water
20251008,342,69,Treated,75999.74758600374,weekly fresh water
20251008,342,70,Treated,64418.90211185308,weekly fresh water
20251008,342,71,Treated,69144.01732852047,weekly fresh water
20251008,342,72,Treated,83827.1041600105,weekly fresh water
20251008,342,73,Treated,66907.79140258185,weekly fresh water
20251008,342,74,Treated,77511.1702273419,weekly fresh water
20251008,342,75,Treated,62643.84029922657,weekly fresh water
20251008,342,76,Treated,83305.45779863832,weekly fresh water
20251008,342,77,Treated,68264.1572190545,weekly fresh water
20251008,342,78,Treated,60206.09036866962,weekly fresh water
20251008,342,79,Treated,62665.27864830003,weekly fresh water
20251008,342,80,Treated,65569.55054235757,weekly fresh water
20251008,321,1,Treated,130853.09230596788,weekly temperature
20251008,321,2,Treated,203021.70472656135,weekly temperature
20251008,321,3,Treated,148581.09815104573,weekly temperature
20251008,321,4,Treated,143206.41166239692,weekly temperature
20251008,321,5,Treated,103195.46244458678,weekly temperature
20251008,321,6,Treated,158522.94605739915,weekly temperature
20251008,321,7,Treated,88481.37827819958,weekly temperature
20251008,321,8,Treated,81205.58340035874,weekly temperature
20251008,321,9,Treated,188632.67729948956,weekly temperature
20251008,321,10,Treated,185527.9855081355,weekly temperature
20251008,321,11,Treated,156235.28597846645,weekly temperature
20251008,321,12,Treated,134931.3649297056,weekly temperature
20251008,321,13,Treated,179510.2221205143,weekly temperature
20251008,321,14,Treated,117626.72390561008,weekly temperature
20251008,321,15,Treated,128248.02911366009,weekly temperature
20251008,321,16,Treated,78939.26989364787,weekly temperature
20251008,321,17,Treated,117836.13998523126,weekly temperature
20251008,321,18,Treated,112982.55613082313,weekly temperature
20251008,321,19,Treated,87978.66788063069,weekly temperature
20251008,321,20,Treated,132382.55806713866,weekly temperature
20251008,321,21,Treated,141373.7594304463,weekly temperature
20251008,321,22,Treated,177621.66060019378,weekly temperature
20251008,321,23,Treated,212219.34400966697,weekly temperature
20251008,321,24,Treated,167642.6905144165,weekly temperature
20251008,321,25,Treated,64451.953084146626,weekly temperature
20251008,321,26,Treated,179962.88076083447,weekly temperature
20251008,321,27,Treated,144287.63400648895,weekly temperature
20251008,321,28,Treated,133123.0590298641,weekly temperature
20251008,321,29,Treated,108144.51398507564,weekly temperature
20251008,321,30,Treated,159644.49009046936,weekly temperature
20251008,321,31,Treated,66726.64239554646,weekly temperature
20251008,321,32,Treated,184620.8228104489,weekly temperature
20251008,321,33,Treated,146200.767542753,weekly temperature
20251008,321,34,Treated,155244.73105548526,weekly temperature
20251008,321,35,Treated,141998.50741004047,weekly temperature
20251008,321,36,Treated,97661.3735538299,weekly temperature
20251008,321,37,Treated,152659.82265639334,weekly temperature
20251008,321,38,Treated,170745.85494086557,weekly temperature
20251008,321,39,Treated,113518.4316400241,weekly temperature
20251008,321,40,Treated,119832.12911173006,weekly temperature
20251008,321,41,Treated,145105.6535114459,weekly temperature
20251008,321,42,Treated,176399.45731493362,weekly temperature
20251008,321,43,Treated,105622.94765855244,weekly temperature
20251008,321,44,Treated,135847.21532450567,weekly temperature
20251008,321,45,Treated,145598.6530660503,weekly temperature
20251008,321,46,Treated,94616.23386835786,weekly temperature
20251008,321,47,Treated,225846.1259656086,weekly temperature
20251008,321,48,Treated,186155.07036429885,weekly temperature
20251008,321,49,Treated,117647.81476018344,weekly temperature
20251008,321,50,Treated,132575.74361129644,weekly temperature
20251008,321,51,Treated,114514.79604084097,weekly temperature
20251008,321,52,Treated,167616.27691471405,weekly temperature
20251008,321,53,Treated,120941.87934376413,weekly temperature
20251008,321,54,Treated,137320.30680562466,weekly temperature
20251008,321,55,Treated,163530.1209436521,weekly temperature
20251008,321,56,Treated,68586.16135634319,weekly temperature
20251008,321,57,Treated,93789.30040366041,weekly temperature
20251008,321,58,Treated,95291.27974613855,weekly temperature
20251008,321,59,Treated,108637.1378586889,weekly temperature
20251008,321,60,Treated,112425.4415427167,weekly temperature
20251008,321,61,Treated,148732.15449052228,weekly temperature
20251008,321,62,Treated,208036.6771257415,weekly temperature
20251008,321,63,Treated,92132.76236641158,weekly temperature
20251008,321,64,Treated,120136.78392006014,weekly temperature
20251008,321,65,Treated,146242.0332838163,weekly temperature
20251008,321,66,Treated,128672.80281698442,weekly temperature
20251008,321,67,Treated,181081.8376817097,weekly temperature
20251008,321,68,Treated,137698.63226807528,weekly temperature
20251008,321,69,Treated,176488.37485842433,weekly temperature
20251008,321,70,Treated,176648.37772875544,weekly temperature
20251008,321,71,Treated,61094.06408960421,weekly temperature
20251008,321,72,Treated,177473.03625631507,weekly temperature
20251008,322,1,Control,179197.38877093198,weekly fresh water
20251008,322,2,Control,140378.91288275746,weekly fresh water
20251008,322,3,Control,67046.81733877126,weekly fresh water
20251008,322,4,Control,92548.84006665525,weekly fresh water
20251008,322,5,Control,79555.56605439835,weekly fresh water
20251008,322,6,Control,95825.6422658691,weekly fresh water
20251008,322,7,Control,117787.82953300692,weekly fresh water
20251008,322,8,Control,141778.52233203506,weekly fresh water
20251008,322,9,Control,55658.939697543385,weekly fresh water
20251008,322,10,Control,179616.1327149074,weekly fresh water
20251008,322,11,Control,129868.34322425512,weekly fresh water
20251008,322,12,Control,140192.087767169,weekly fresh water
20251008,322,13,Control,75925.81557276068,weekly fresh water
20251008,322,14,Control,163460.90705680658,weekly fresh water
20251008,322,15,Control,118661.62529754186,weekly fresh water
20251008,322,16,Control,182501.64799078024,weekly fresh water
20251008,322,17,Control,116034.96262915719,weekly fresh water
20251008,322,18,Control,150141.2454272544,weekly fresh water
20251008,322,19,Control,93933.23181216294,weekly fresh water
20251008,322,20,Control,97568.32510182979,weekly fresh water
20251008,322,21,Control,105697.15576108517,weekly fresh water
20251008,322,22,Control,62512.61394209551,weekly fresh water
20251008,322,24,Control,96415.88594839131,weekly fresh water
20251008,322,25,Control,158440.0128818698,weekly fresh water
20251008,322,26,Control,96736.99053847375,weekly fresh water
20251008,322,27,Control,175587.49220155567,weekly fresh water
20251008,322,28,Control,132846.73831453043,weekly fresh water
20251008,322,29,Control,122984.5835106978,weekly fresh water
20251008,322,30,Control,205472.315134548,weekly fresh water
20251008,322,31,Control,88382.66376533253,weekly fresh water
20251008,322,32,Control,141442.1437866033,weekly fresh water
20251008,322,33,Control,208749.19985313973,weekly fresh water
20251008,322,34,Control,95598.75599381294,weekly fresh water
20251008,322,35,Control,169713.7580586501,weekly fresh water
20251008,322,36,Control,160271.9503112189,weekly fresh water
20251008,322,37,Control,151140.65330854646,weekly fresh water
20251008,322,38,Control,106754.04739559116,weekly fresh water
20251008,322,39,Control,121925.05395703488,weekly fresh water
20251008,322,40,Control,55463.37748107267,weekly fresh water
20251008,322,41,Control,133129.47629842628,weekly fresh water
20251008,322,42,Control,91221.92649946365,weekly fresh water
20251008,322,43,Control,151222.49496466378,weekly fresh water
20251008,322,44,Control,81750.79521350516,weekly fresh water
20251008,322,45,Control,192491.36693338264,weekly fresh water
20251008,322,46,Control,119613.4638603748,weekly fresh water
20251008,322,47,Control,149692.49803249256,weekly fresh water
20251008,322,48,Control,71420.60074570974,weekly fresh water
20251008,322,49,Control,158621.07757085274,weekly fresh water
20251008,322,50,Control,110209.94311454018,weekly fresh water
20251008,322,51,Control,224153.4038714077,weekly fresh water
20251008,322,52,Control,155156.95882643893,weekly fresh water
20251008,322,53,Control,157947.4065466275,weekly fresh water
20251008,322,54,Control,113112.58020388022,weekly fresh water
20251008,322,55,Control,95195.78795555915,weekly fresh water
20251008,322,56,Control,225277.67089645512,weekly fresh water
20251008,322,57,Control,187366.25010136305,weekly fresh water
20251008,322,58,Control,201049.35082237318,weekly fresh water
20251008,322,59,Control,130639.36233179075,weekly fresh water
20251008,322,61,Control,222307.03978312635,weekly fresh water
20251008,322,62,Control,144289.064497635,weekly fresh water
20251008,322,63,Control,119355.65142862283,weekly fresh water
20251008,322,64,Control,141499.22099092382,weekly fresh water
20251008,322,65,Control,90589.84104426937,weekly fresh water
20251008,322,66,Control,70727.4293369593,weekly fresh water
20251008,322,67,Control,134300.60426757022,weekly fresh water
20251008,322,68,Control,118501.86611953891,weekly fresh water
20251008,322,69,Control,88986.5117911827,weekly fresh water
20251008,322,70,Control,142489.13964142543,weekly fresh water
20251008,322,71,Control,197208.83573023663,weekly fresh water
20251008,322,72,Control,118439.7245537624,weekly fresh water
20251008,322,73,Control,215771.04037268524,weekly fresh water
20251008,322,74,Control,140298.9857199273,weekly fresh water
20251008,322,75,Control,195004.93839193444,weekly fresh water
20251008,322,77,Control,219663.30071996877,weekly fresh water
20251008,322,78,Control,201305.5071794107,weekly fresh water
20251008,322,79,Control,208985.279738067,weekly fresh water
20251008,322,80,Control,165136.50871601398,weekly fresh water
20251008,337,1,Control,155827.40719708666,weekly fresh water
20251008,337,2,Control,97247.4362990841,weekly fresh water
20251008,337,3,Control,124523.27616842178,weekly fresh water
20251008,337,4,Control,85958.59607908048,weekly fresh water
20251008,337,5,Control,120726.80107919639,weekly fresh water
20251008,337,6,Control,116553.90228115067,weekly fresh water
20251008,337,7,Control,96117.54874253257,weekly fresh water
20251008,337,8,Control,102398.28929640913,weekly fresh water
20251008,337,9,Control,95922.84781765175,weekly fresh water
20251008,337,10,Control,73284.71523893048,weekly fresh water
20251008,337,11,Control,79532.6299482717,weekly fresh water
20251008,337,12,Control,131741.06187483348,weekly fresh water
20251008,337,13,Control,123155.61996570823,weekly fresh water
20251008,337,14,Control,92087.78755703212,weekly fresh water
20251008,337,15,Control,114889.11975765086,weekly fresh water
20251008,337,16,Control,81312.0053346014,weekly fresh water
20251008,337,17,Control,124150.1883369941,weekly fresh water
20251008,337,18,Control,92026.42002087443,weekly fresh water
20251008,337,19,Control,106134.71571641404,weekly fresh water
20251008,337,20,Control,117985.2860347382,weekly fresh water
20251008,337,21,Control,140334.91069142846,weekly fresh water
20251008,337,22,Control,95033.29679294665,weekly fresh water
20251008,337,23,Control,108756.31465469374,weekly fresh water
20251008,337,24,Control,125771.29553363533,weekly fresh water
20251008,337,26,Control,126159.53027226518,weekly fresh water
20251008,337,27,Control,76422.56539659583,weekly fresh water
20251008,337,28,Control,92661.6788478065,weekly fresh water
20251008,337,29,Control,104439.02667127828,weekly fresh water
20251008,337,30,Control,98632.7953566385,weekly fresh water
20251008,337,31,Control,110829.37986018904,weekly fresh water
20251008,337,32,Control,72208.95161872594,weekly fresh water
20251008,337,33,Control,56478.32607903018,weekly fresh water
20251008,337,34,Control,102455.31723907849,weekly fresh water
20251008,337,35,Control,62372.824746753504,weekly fresh water
20251008,337,36,Control,77922.35728112535,weekly fresh water
20251008,337,37,Control,160372.72853806138,weekly fresh water
20251008,337,38,Control,174040.9685373282,weekly fresh water
20251008,337,39,Control,147814.61591307417,weekly fresh water
20251008,337,40,Control,107800.63828978762,weekly fresh water
20251008,337,41,Control,112071.83919600576,weekly fresh water
20251008,337,42,Control,67371.92122140399,weekly fresh water
20251008,337,43,Control,116277.0627380002,weekly fresh water
20251008,337,44,Control,175755.38329455585,weekly fresh water
20251008,337,45,Control,64484.2447100761,weekly fresh water
20251008,337,46,Control,73456.78660336901,weekly fresh water
20251008,337,47,Control,85589.30628806975,weekly fresh water
20251008,337,48,Control,85579.78055344125,weekly fresh water
20251008,337,49,Control,76938.78926250307,weekly fresh water
20251008,337,50,Control,98848.8551691098,weekly fresh water
20251008,337,51,Control,90062.13459629248,weekly fresh water
20251008,337,52,Control,127834.2704449011,weekly fresh water
20251008,337,53,Control,113458.61058042379,weekly fresh water
20251008,337,54,Control,92086.08521196606,weekly fresh water
20251008,337,55,Control,143899.99171394424,weekly fresh water
20251008,337,56,Control,73247.52725448148,weekly fresh water
20251008,337,57,Control,115526.10379086022,weekly fresh water
20251008,337,58,Control,131805.09095280024,weekly fresh water
20251008,337,59,Control,55869.94380664665,weekly fresh water
20251008,337,60,Control,128156.68658945839,weekly fresh water
20251008,337,61,Control,84942.64004807344,weekly fresh water
20251008,337,62,Control,136103.02326456312,weekly fresh water
20251008,337,63,Control,99028.95645933243,weekly fresh water
20251008,337,64,Control,169445.62416882775,weekly fresh water
20251008,337,65,Control,157553.8405511703,weekly fresh water
20251008,337,66,Control,96327.8594985658,weekly fresh water
20251008,337,67,Control,143009.08407010182,weekly fresh water
20251008,337,68,Control,198583.66009689204,weekly fresh water
20251008,337,69,Control,98457.2027764514,weekly fresh water
20251008,337,70,Control,100035.0024798909,weekly fresh water
20251008,337,71,Control,118667.11165928692,weekly fresh water
20251008,337,72,Control,147570.44383550563,weekly fresh water
20251008,337,73,Control,157095.24434866235,weekly fresh water
20251008,337,74,Control,177175.68366658155,weekly fresh water
20251008,337,75,Control,152641.8396627972,weekly fresh water
20251008,339,1,Treated,133713.98221386125,weekly temperature
20251008,339,2,Treated,170090.0936464064,weekly temperature
20251008,339,3,Treated,98381.59011373564,weekly temperature
20251008,339,4,Treated,110643.91849760115,weekly temperature
20251008,339,5,Treated,79563.58894601684,weekly temperature
20251008,339,6,Treated,83173.13281594559,weekly temperature
20251008,339,7,Treated,96364.79874233506,weekly temperature
20251008,339,8,Treated,98380.23666894822,weekly temperature
20251008,339,9,Treated,122601.31898149423,weekly temperature
20251008,339,10,Treated,97580.22347962305,weekly temperature
20251008,339,11,Treated,94492.08886404194,weekly temperature
20251008,339,12,Treated,195220.48450577992,weekly temperature
20251008,339,13,Treated,135493.1017075045,weekly temperature
20251008,339,14,Treated,101675.32837493779,weekly temperature
20251008,339,15,Treated,72637.7571026258,weekly temperature
20251008,339,16,Treated,142141.93699533876,weekly temperature
20251008,339,17,Treated,55357.065274444474,weekly temperature
20251008,339,18,Treated,107336.3910140552,weekly temperature
20251008,339,19,Treated,120500.92844668278,weekly temperature
20251008,339,20,Treated,95107.67836315463,weekly temperature
20251008,339,21,Treated,114068.35025558852,weekly temperature
20251008,339,22,Treated,138322.3202251388,weekly temperature
20251008,339,23,Treated,67951.14648976194,weekly temperature
20251008,339,24,Treated,170377.70121831872,weekly temperature
20251008,339,25,Treated,115502.27371352662,weekly temperature
20251008,339,26,Treated,150322.15823236352,weekly temperature
20251008,339,27,Treated,102375.55794076365,weekly temperature
20251008,339,28,Treated,112927.6902153969,weekly temperature
20251008,339,29,Treated,131759.90138333186,weekly temperature
20251008,339,30,Treated,149976.22417619696,weekly temperature
20251008,339,31,Treated,128057.15090429017,weekly temperature
20251008,339,32,Treated,141517.05450763338,weekly temperature
20251008,339,33,Treated,145795.3325076327,weekly temperature
20251008,339,34,Treated,86899.51084948757,weekly temperature
20251008,339,35,Treated,134456.3592219362,weekly temperature
20251008,339,36,Treated,134726.8936762181,weekly temperature
20251008,339,37,Treated,103141.17804084349,weekly temperature
20251008,339,38,Treated,103737.05361659735,weekly temperature
20251008,339,39,Treated,102097.2167647628,weekly temperature
20251008,339,40,Treated,160244.78342226663,weekly temperature
20251008,339,41,Treated,91929.35654269216,weekly temperature
20251008,339,42,Treated,132158.35400654766,weekly temperature
20251008,339,43,Treated,140989.25700273045,weekly temperature
20251008,339,44,Treated,165556.38527859258,weekly temperature
20251008,339,45,Treated,51644.99511131784,weekly temperature
20251008,339,46,Treated,68091.08057374095,weekly temperature
20251008,339,48,Treated,180934.20978222182,weekly temperature
20251008,339,50,Treated,63031.43349082515,weekly temperature
20251008,339,51,Treated,89729.93641344018,weekly temperature
20251008,339,52,Treated,101702.42375609431,weekly temperature
20251008,339,53,Treated,105668.06798779615,weekly temperature
20251008,339,54,Treated,96391.62901775716,weekly temperature
20251008,339,55,Treated,118550.90836021506,weekly temperature
20251008,339,56,Treated,106453.01426778,weekly temperature
20251008,339,57,Treated,71646.61425287966,weekly temperature
20251008,339,58,Treated,117600.78045528819,weekly temperature
20251008,339,59,Treated,107588.40960836987,weekly temperature
20251008,339,60,Treated,48530.9583287686,weekly temperature
20251008,339,61,Treated,171727.54367557538,weekly temperature
20251008,339,62,Treated,181591.5963126745,weekly temperature
20251008,339,63,Treated,145780.80829645443,weekly temperature
20251008,339,64,Treated,123953.59285767846,weekly temperature
20251008,339,65,Treated,97757.04798618596,weekly temperature
20251008,339,66,Treated,125559.40761106317,weekly temperature
20251008,339,67,Treated,151625.93810218474,weekly temperature
20251008,339,68,Treated,116778.81049038874,weekly temperature
20251008,339,69,Treated,145849.45205221142,weekly temperature
20251008,339,70,Treated,149837.3242704939,weekly temperature
20251008,339,71,Treated,109341.36894843032,weekly temperature
20251008,339,72,Treated,129066.46936033425,weekly temperature
20251008,339,73,Treated,91588.23094791007,weekly temperature
20251008,339,74,Treated,124268.91989821556,weekly temperature
20251008,339,75,Treated,168639.96306909423,weekly temperature
20251008,339,76,Treated,65524.12625590104,weekly temperature
20251008,339,77,Treated,73627.37197668356,weekly temperature
20251008,339,78,Treated,60367.42234195157,weekly temperature
20251008,339,79,Treated,160475.29010467255,weekly temperature
20251008,339,80,Treated,175458.87613951231,weekly temperature
20251008,339,81,Treated,159387.39559900673,weekly temperature
20251008,339,82,Treated,177586.64568174214,weekly temperature
20251008,339,83,Treated,92162.98845918749,weekly temperature
20251008,339,84,Treated,107974.83600390362,weekly temperature
20251008,340,1,Control,105048.03149320265,weekly fresh water
20251008,340,2,Control,108535.49188610993,weekly fresh water
20251008,340,3,Control,54197.88786437774,weekly fresh water
20251008,340,4,Control,97275.306701927,weekly fresh water
20251008,340,5,Control,75283.71563764848,weekly fresh water
20251008,340,6,Control,110117.78820481789,weekly fresh water
20251008,340,7,Control,62000.653907540545,weekly fresh water
20251008,340,8,Control,70785.81932728387,weekly fresh water
20251008,340,9,Control,87291.30321271029,weekly fresh water
20251008,340,10,Control,68373.11665977711,weekly fresh water
20251008,340,11,Control,119564.14532102615,weekly fresh water
20251008,340,12,Control,184089.18551927534,weekly fresh water
20251008,340,14,Control,135718.94723868908,weekly fresh water
20251008,340,15,Control,84711.38984035731,weekly fresh water
20251008,340,16,Control,63639.0548102625,weekly fresh water
20251008,340,17,Control,114083.4524715814,weekly fresh water
20251008,340,18,Control,80858.77658974256,weekly fresh water
20251008,340,20,Control,84408.24294882262,weekly fresh water
20251008,340,21,Control,94705.46257020978,weekly fresh water
20251008,340,22,Control,199478.87024822296,weekly fresh water
20251008,340,23,Control,95580.28136783607,weekly fresh water
20251008,340,24,Control,94472.43390048863,weekly fresh water
20251008,340,25,Control,139699.57898654995,weekly fresh water
20251008,340,26,Control,85860.70245279181,weekly fresh water
20251008,340,27,Control,100564.9604094831,weekly fresh water
20251008,340,28,Control,84991.17375731801,weekly fresh water
20251008,340,30,Control,152900.27683278764,weekly fresh water
20251008,340,31,Control,79539.80176519541,weekly fresh water
20251008,340,32,Control,95443.86715487848,weekly fresh water
20251008,340,33,Control,104690.20879905332,weekly fresh water
20251008,340,34,Control,87843.95374360852,weekly fresh water
20251008,340,35,Control,75638.32437254785,weekly fresh water
20251008,340,36,Control,92406.89764347745,weekly fresh water
20251008,340,37,Control,94344.86540931658,weekly fresh water
20251008,340,38,Control,59899.5007634526,weekly fresh water
20251008,340,39,Control,77775.26868290124,weekly fresh water
20251008,340,40,Control,159983.05661126712,weekly fresh water
20251008,340,41,Control,158236.39419819647,weekly fresh water
20251008,340,43,Control,129143.3210314837,weekly fresh water
20251008,340,44,Control,87887.33448182976,weekly fresh water
20251008,340,45,Control,83364.80732578973,weekly fresh water
20251008,340,46,Control,96581.08323274663,weekly fresh water
20251008,340,47,Control,83230.37787551207,weekly fresh water
20251008,340,48,Control,105628.42897407724,weekly fresh water
20251008,340,49,Control,126770.39494207111,weekly fresh water
20251008,340,51,Control,99561.27169458961,weekly fresh water
20251008,340,52,Control,52537.176320953855,weekly fresh water
20251008,340,53,Control,173729.77173198137,weekly fresh water
20251008,340,54,Control,90284.84698445776,weekly fresh water
20251008,340,55,Control,159081.1864608777,weekly fresh water
20251008,340,56,Control,90356.68195651971,weekly fresh water
20251008,340,57,Control,147386.16307254144,weekly fresh water
20251008,340,58,Control,86720.29991228008,weekly fresh water
20251008,340,59,Control,89621.99080801485,weekly fresh water
20251008,340,60,Control,129811.07677229871,weekly fresh water
20251008,340,61,Control,140431.23927587533,weekly fresh water
20251008,340,62,Control,131085.9250511953,weekly fresh water
20251008,340,63,Control,117333.36070147667,weekly fresh water
20251008,340,64,Control,105295.1037429762,weekly fresh water
20251008,340,65,Control,83800.91250168238,weekly fresh water
20251008,340,66,Control,141846.41843044656,weekly fresh water
20251008,340,67,Control,165617.73843075315,weekly fresh water
20251008,340,68,Control,130360.32428518488,weekly fresh water
20251008,340,69,Control,151053.0125304351,weekly fresh water
20251008,340,70,Control,176721.6433211147,weekly fresh water
20251008,340,71,Control,142394.9685369162,weekly fresh water
20251008,340,72,Control,141075.88171747283,weekly fresh water
20251008,340,73,Control,191214.89971529902,weekly fresh water
20251008,340,74,Control,122164.52513072846,weekly fresh water
20251008,340,75,Control,99826.27826658404,weekly fresh water
20251008,340,76,Control,105818.44567275536,weekly fresh water
20251008,340,77,Control,170036.33889526,weekly fresh water
20251008,340,78,Control,96949.36896382987,weekly fresh water
20251008,340,79,Control,128892.98274674705,weekly fresh water
20251008,340,80,Control,102433.98756222035,weekly fresh water
20251008,340,81,Control,135172.48861577362,weekly fresh water
20251008,340,82,Control,171193.2002243166,weekly fresh water
20251008,340,83,Control,75807.61212241436,weekly fresh water
20251008,340,84,Control,81067.71393090504,weekly fresh water
20251008,340,85,Control,156995.2258876605,weekly fresh water
20251008,340,86,Control,136775.59718371654,weekly fresh water
20251008,340,87,Control,195726.67659000066,weekly fresh water
20251008,340,89,Control,180667.647502531,weekly fresh water
20251008,340,90,Control,155512.29434595897,weekly fresh water
20251008,340,91,Control,166095.82494055846,weekly fresh water
20251008,340,92,Control,165339.98360427716,weekly fresh water
20251008,340,93,Control,196144.11747434555,weekly fresh water
20251008,340,94,Control,174065.8143216328,weekly fresh water
20251008,340,96,Control,169619.81088060423,weekly fresh water
20251008,340,97,Control,195112.2390059814,weekly fresh water
20251008,341,1,Control,93327.60946446804,weekly temperature
20251008,341,2,Control,108406.89680640653,weekly temperature
20251008,341,3,Control,98514.39868887709,weekly temperature
20251008,341,4,Control,88145.45608343506,weekly temperature
20251008,341,5,Control,111228.5150798754,weekly temperature
20251008,341,6,Control,153133.63311661067,weekly temperature
20251008,341,7,Control,101063.6054873728,weekly temperature
20251008,341,8,Control,107179.61585879387,weekly temperature
20251008,341,9,Control,155428.61278264082,weekly temperature
20251008,341,10,Control,149600.84191475756,weekly temperature
20251008,341,11,Control,94019.08413052122,weekly temperature
20251008,341,12,Control,113200.99194225277,weekly temperature
20251008,341,13,Control,139074.08229073865,weekly temperature
20251008,341,14,Control,85719.86183250493,weekly temperature
20251008,341,15,Control,87340.15188404113,weekly temperature
20251008,341,16,Control,77113.52101221688,weekly temperature
20251008,341,17,Control,139472.19184235937,weekly temperature
20251008,341,18,Control,94235.29599790782,weekly temperature
20251008,341,19,Control,73243.01826610856,weekly temperature
20251008,341,20,Control,108355.7268879587,weekly temperature
20251008,341,21,Control,85027.09582918556,weekly temperature
20251008,341,22,Control,75388.73148725618,weekly temperature
20251008,341,23,Control,130924.5932687285,weekly temperature
20251008,341,24,Control,84199.3840396532,weekly temperature
20251008,341,25,Control,116322.01525947913,weekly temperature
20251008,341,26,Control,104708.90845621417,weekly temperature
20251008,341,27,Control,147851.09420648526,weekly temperature
20251008,341,28,Control,72333.44312246743,weekly temperature
20251008,341,29,Control,112989.84696508783,weekly temperature
20251008,341,30,Control,156651.11395960496,weekly temperature
20251008,341,31,Control,89964.79638417653,weekly temperature
20251008,341,32,Control,74220.67747254962,weekly temperature
20251008,341,33,Control,65988.01674152244,weekly temperature
20251008,341,34,Control,78957.80450221995,weekly temperature
20251008,341,35,Control,130939.58445243536,weekly temperature
20251008,341,36,Control,116498.34849542438,weekly temperature
20251008,341,37,Control,128773.02885732488,weekly temperature
20251008,341,38,Control,125248.82270486384,weekly temperature
20251008,341,39,Control,126883.29514615677,weekly temperature
20251008,341,40,Control,104690.28020713599,weekly temperature
20251008,341,41,Control,103307.58137308629,weekly temperature
20251008,341,42,Control,71343.69118688679,weekly temperature
20251008,341,43,Control,102568.08609792992,weekly temperature
20251008,341,44,Control,137348.23173530173,weekly temperature
20251008,341,45,Control,95510.65356092471,weekly temperature
20251008,341,46,Control,105798.07636833609,weekly temperature
20251008,341,47,Control,156537.57750486943,weekly temperature
20251008,341,48,Control,135051.1176141216,weekly temperature
20251008,341,49,Control,58591.78731203149,weekly temperature
20251008,341,50,Control,105119.5614088149,weekly temperature
20251008,341,51,Control,126247.89494217982,weekly temperature
20251008,341,52,Control,106421.76976981218,weekly temperature
20251008,341,53,Control,159357.7548651449,weekly temperature
20251008,341,54,Control,106930.20649588517,weekly temperature
20251008,341,55,Control,98510.20076479112,weekly temperature
20251008,341,56,Control,170608.04219648516,weekly temperature
20251008,341,57,Control,125142.81504884317,weekly temperature
20251008,341,58,Control,195165.01865090564,weekly temperature
20251008,341,59,Control,146337.3942677566,weekly temperature
20251008,341,60,Control,196807.00406323725,weekly temperature
20251008,341,61,Control,120933.35599975483,weekly temperature
20251008,341,62,Control,190610.60662250346,weekly temperature
20251008,341,63,Control,132578.7450471512,weekly temperature
20251008,341,64,Control,206477.9977439197,weekly temperature
20251008,341,65,Control,75558.92496337161,weekly temperature
20251008,341,66,Control,134350.9792432886,weekly temperature
20251008,341,67,Control,118739.000291512,weekly temperature
20251008,341,68,Control,105524.6623510213,weekly temperature
20251008,341,69,Control,139291.18487643765,weekly temperature
20251008,341,71,Control,130646.9435468025,weekly temperature
20251008,341,72,Control,100636.6929466564,weekly temperature
20251008,341,73,Control,167880.47480258424,weekly temperature
20251008,341,74,Control,133523.45815062776,weekly temperature
20251008,341,75,Control,130323.01229781947,weekly temperature
20251008,341,76,Control,109471.16992251108,weekly temperature
20251008,341,77,Control,157966.0407054629,weekly temperature
20251008,341,78,Control,109088.17634591597,weekly temperature
20251008,343,1,Treated,155514.9297850799,weekly temperature
20251008,343,2,Treated,141868.9859035126,weekly temperature
20251008,343,3,Treated,104307.33639453212,weekly temperature
20251008,343,4,Treated,104045.89902091358,weekly temperature
20251008,343,5,Treated,81990.4120919042,weekly temperature
20251008,343,6,Treated,106017.7144295016,weekly temperature
20251008,343,7,Treated,101858.57525445243,weekly temperature
20251008,343,8,Treated,114566.15442510117,weekly temperature
20251008,343,9,Treated,62529.62560579268,weekly temperature
20251008,343,10,Treated,94871.06886261042,weekly temperature
20251008,343,11,Treated,136175.96683309454,weekly temperature
20251008,343,12,Treated,101499.42154601942,weekly temperature
20251008,343,13,Treated,79377.29046278518,weekly temperature
20251008,343,14,Treated,81052.44147205325,weekly temperature
20251008,343,15,Treated,83659.03553307746,weekly temperature
20251008,343,16,Treated,133814.64491096867,weekly temperature
20251008,343,17,Treated,88990.37630273496,weekly temperature
20251008,343,18,Treated,132403.1835322264,weekly temperature
20251008,343,19,Treated,138867.45867896345,weekly temperature
20251008,343,20,Treated,95172.32567780107,weekly temperature
20251008,343,21,Treated,77394.94142194757,weekly temperature
20251008,343,22,Treated,98279.3139610328,weekly temperature
20251008,343,23,Treated,129004.22774525726,weekly temperature
20251008,343,24,Treated,106479.62605284128,weekly temperature
20251008,343,25,Treated,117897.43237465023,weekly temperature
20251008,343,26,Treated,135688.4688295752,weekly temperature
20251008,343,27,Treated,75426.47666364336,weekly temperature
20251008,343,28,Treated,101362.48624607337,weekly temperature
20251008,343,29,Treated,151128.0122239474,weekly temperature
20251008,343,30,Treated,102789.23055483513,weekly temperature
20251008,343,31,Treated,110498.50496511866,weekly temperature
20251008,343,32,Treated,151115.0522196871,weekly temperature
20251008,343,34,Treated,182069.22722414436,weekly temperature
20251008,343,35,Treated,104380.85420366113,weekly temperature
20251008,343,36,Treated,83717.89602770755,weekly temperature
20251008,343,37,Treated,97854.48155261323,weekly temperature
20251008,343,38,Treated,119160.14077195729,weekly temperature
20251008,343,39,Treated,72131.42651239701,weekly temperature
20251008,343,40,Treated,67335.32449777285,weekly temperature
20251008,343,41,Treated,105080.07594782494,weekly temperature
20251008,343,42,Treated,65634.62014205825,weekly temperature
20251008,343,43,Treated,94597.38590834766,weekly temperature
20251008,343,44,Treated,126229.32099770234,weekly temperature
20251008,343,45,Treated,184741.052893009,weekly temperature
20251008,343,46,Treated,121425.39128783676,weekly temperature
20251008,343,48,Treated,88874.11831273894,weekly temperature
20251008,343,49,Treated,102314.17165248003,weekly temperature
20251008,343,50,Treated,94139.90314688622,weekly temperature
20251008,343,51,Treated,75354.89114482848,weekly temperature
20251008,343,52,Treated,104351.38708955071,weekly temperature
20251008,343,53,Treated,68943.11468511145,weekly temperature
20251008,343,54,Treated,80837.0041802052,weekly temperature
20251008,343,55,Treated,184117.6773184866,weekly temperature
20251008,343,56,Treated,106640.210727386,weekly temperature
20251008,343,57,Treated,178414.26217535656,weekly temperature
20251008,343,58,Treated,108481.54728610917,weekly temperature
20251008,343,59,Treated,152403.3129464363,weekly temperature
20251008,343,60,Treated,138063.31792205694,weekly temperature
20251008,343,61,Treated,82115.51853067277,weekly temperature
20251008,343,62,Treated,119005.80273134049,weekly temperature
20251008,343,63,Treated,114632.72025574847,weekly temperature
20251008,343,64,Treated,100053.50256060695,weekly temperature
20251008,343,65,Treated,126917.62581817921,weekly temperature
20251008,343,66,Treated,140815.50545537318,weekly temperature
20251008,343,67,Treated,177178.37278751915,weekly temperature
20251008,343,68,Treated,139288.33207145616,weekly temperature
20251008,343,69,Treated,139091.51077984925,weekly temperature
20251008,343,70,Treated,55589.66182588821,weekly temperature
20251008,343,71,Treated,201248.54818678668,weekly temperature
20251008,343,72,Treated,73954.41589722257,weekly temperature
20251008,343,73,Treated,121599.55525258988,weekly temperature
20251008,343,74,Treated,125511.09035650404,weekly temperature
20251008,357,1,Control,166931.98776983598,weekly fresh water
20251008,357,2,Control,127252.09631776673,weekly fresh water
20251008,357,3,Control,64719.28970708483,weekly fresh water
20251008,357,4,Control,153260.58768809802,weekly fresh water
20251008,357,5,Control,148629.47528697064,weekly fresh water
20251008,357,7,Control,71272.60409382597,weekly fresh water
20251008,357,8,Control,81742.6116161621,weekly fresh water
20251008,357,9,Control,149008.26994602827,weekly fresh water
20251008,357,10,Control,161115.39797633296,weekly fresh water
20251008,357,11,Control,102564.60073439263,weekly fresh water
20251008,357,12,Control,108663.52005817268,weekly fresh water
20251008,357,13,Control,95285.95829081272,weekly fresh water
20251008,357,14,Control,137959.28794182115,weekly fresh water
20251008,357,15,Control,104348.147176634,weekly fresh water
20251008,357,16,Control,72438.55418898845,weekly fresh water
20251008,357,17,Control,123316.06865584059,weekly fresh water
20251008,357,18,Control,117899.17754694374,weekly fresh water
20251008,357,19,Control,60253.24128617592,weekly fresh water
20251008,357,20,Control,109100.13534127621,weekly fresh water
20251008,357,21,Control,152021.2310169097,weekly fresh water
20251008,357,22,Control,131692.57911786778,weekly fresh water
20251008,357,23,Control,157656.9603105678,weekly fresh water
20251008,357,24,Control,162273.398686981,weekly fresh water
20251008,357,25,Control,136208.35462295372,weekly fresh water
20251008,357,26,Control,150705.92475945814,weekly fresh water
20251008,357,27,Control,124933.95836602975,weekly fresh water
20251008,357,28,Control,118405.84076343819,weekly fresh water
20251008,357,29,Control,113114.01940086573,weekly fresh water
20251008,357,30,Control,90651.44232421547,weekly fresh water
20251008,357,31,Control,163807.6993333316,weekly fresh water
20251008,357,32,Control,107995.28264156712,weekly fresh water
20251008,357,33,Control,161900.11611746607,weekly fresh water
20251008,357,34,Control,157278.30329110374,weekly fresh water
20251008,357,35,Control,101095.94231409438,weekly fresh water
20251008,357,36,Control,162662.9951790284,weekly fresh water
20251008,357,37,Control,143084.14450497951,weekly fresh water
20251008,357,38,Control,158440.91778599867,weekly fresh water
20251008,357,39,Control,128250.30495416438,weekly fresh water
20251008,357,40,Control,121326.09871657539,weekly fresh water
20251008,357,41,Control,60219.43850061916,weekly fresh water
20251008,357,42,Control,94183.24935491548,weekly fresh water
20251008,357,43,Control,139390.37177537574,weekly fresh water
20251008,357,44,Control,138604.91348700083,weekly fresh water
20251008,357,45,Control,128571.57062440815,weekly fresh water
20251008,357,46,Control,88025.31516362495,weekly fresh water
20251008,357,47,Control,139339.54556412998,weekly fresh water
20251008,357,48,Control,121664.63791446769,weekly fresh water
20251008,357,49,Control,67261.79836150959,weekly fresh water
20251008,357,50,Control,153347.24465820348,weekly fresh water
20251008,357,51,Control,84266.18157867664,weekly fresh water
20251008,357,52,Control,60594.353780451995,weekly fresh water
20251008,357,53,Control,76545.948259981,weekly fresh water
20251008,357,54,Control,76094.89642404932,weekly fresh water
20251008,357,55,Control,70566.36369001947,weekly fresh water
20251008,357,56,Control,120202.90013058754,weekly fresh water
20251008,357,57,Control,167713.31550420861,weekly fresh water
20251008,357,58,Control,82324.61986003087,weekly fresh water
20251008,357,59,Control,162204.6695920035,weekly fresh water
20251008,357,60,Control,114851.97113761133,weekly fresh water
20251008,357,61,Control,144220.93812898203,weekly fresh water
20251008,357,62,Control,120086.73517729824,weekly fresh water
20251008,357,63,Control,145364.96838589292,weekly fresh water
20251008,357,64,Control,135317.2674079452,weekly fresh water
20251008,357,65,Control,172182.72068034054,weekly fresh water
20251008,357,66,Control,158312.66964258556,weekly fresh water
20251008,357,67,Control,84965.5201168002,weekly fresh water
20251008,357,68,Control,165052.057033042,weekly fresh water
20251008,357,69,Control,178706.96968031878,weekly fresh water
20251008,357,70,Control,166124.39218622202,weekly fresh water
20251008,357,71,Control,93908.42964660839,weekly fresh water
20251008,357,72,Control,199317.27662600868,weekly fresh water
20251008,357,74,Control,193200.44948437522,weekly fresh water
20251008,357,75,Control,191952.00006139665,weekly fresh water
20251008,357,76,Control,126993.52757081573,weekly fresh water
20251008,357,77,Control,212745.13718048256,weekly fresh water
20251008,357,78,Control,185812.20814006077,weekly fresh water
20251008,357,79,Control,179296.42996198148,weekly fresh water
20251008,357,80,Control,202759.38233916656,weekly fresh water
20251008,357,81,Control,148068.03240586008,weekly fresh water
20251008,358,1,Control,56947.99824978621,weekly temperature
20251008,358,2,Control,105158.13725754175,weekly temperature
20251008,358,4,Control,130385.48511743246,weekly temperature
20251008,358,5,Control,85587.95417991135,weekly temperature
20251008,358,6,Control,97841.85215439551,weekly temperature
20251008,358,7,Control,148413.5836819944,weekly temperature
20251008,358,8,Control,101745.06363435312,weekly temperature
20251008,358,9,Control,83830.26875338012,weekly temperature
20251008,358,10,Control,90593.53249338182,weekly temperature
20251008,358,11,Control,56643.63842367281,weekly temperature
20251008,358,12,Control,88623.93244915831,weekly temperature
20251008,358,13,Control,77634.16100764401,weekly temperature
20251008,358,14,Control,84406.36074365793,weekly temperature
20251008,358,15,Control,129165.67987005059,weekly temperature
20251008,358,16,Control,86174.30715988996,weekly temperature
20251008,358,17,Control,79168.37405921207,weekly temperature
20251008,358,18,Control,64965.46113189533,weekly temperature
20251008,358,19,Control,40510.614350323,weekly temperature
20251008,358,20,Control,94968.991796606555,weekly temperature
20251008,358,21,Control,61962.397164619106,weekly temperature
20251008,358,22,Control,66655.94310676974,weekly temperature
20251008,358,23,Control,117453.51719280177,weekly temperature
20251008,358,24,Control,67981.43041246575,weekly temperature
20251008,358,25,Control,90058.32828260362,weekly temperature
20251008,358,26,Control,52811.35383602043,weekly temperature
20251008,358,27,Control,147184.11802809304,weekly temperature
20251008,358,28,Control,81779.4241490222,weekly temperature
20251008,358,29,Control,105388.49603204396,weekly temperature
20251008,358,30,Control,87376.63584241203,weekly temperature
20251008,358,31,Control,66726.34312311871,weekly temperature
20251008,358,32,Control,119075.32308442878,weekly temperature
20251008,358,34,Control,91154.14360458204,weekly temperature
20251008,358,35,Control,166176.62343919437,weekly temperature
20251008,358,36,Control,74151.75166645285,weekly temperature
20251008,358,37,Control,52083.4564208309,weekly temperature
20251008,358,38,Control,44434.808412896076,weekly temperature
20251008,358,39,Control,81184.4037634108,weekly temperature
20251008,358,40,Control,120269.87494698954,weekly temperature
20251008,358,41,Control,97466.1335416447,weekly temperature
20251008,358,42,Control,84341.25059461722,weekly temperature
20251008,358,43,Control,154059.85656341934,weekly temperature
20251008,358,44,Control,177433.523047543,weekly temperature
20251008,358,45,Control,92655.67443962742,weekly temperature
20251008,358,46,Control,115662.36071461809,weekly temperature
20251008,358,47,Control,173118.06932059984,weekly temperature
20251008,358,48,Control,176099.8652307567,weekly temperature
20251008,358,49,Control,99779.60315428267,weekly temperature
20251008,358,50,Control,61835.12679695405,weekly temperature
20251008,358,51,Control,157512.8586973127,weekly temperature
20251008,358,52,Control,76418.1843299041,weekly temperature
20251008,358,53,Control,167628.61370245082,weekly temperature
20251008,358,55,Control,143716.10533251442,weekly temperature
20251008,358,56,Control,80424.26968835025,weekly temperature
20251008,358,57,Control,72139.87014925214,weekly temperature
20251008,358,58,Control,126466.55772084423,weekly temperature
20251008,358,59,Control,118970.54155450864,weekly temperature
20251008,358,60,Control,78348.39849185625,weekly temperature
20251008,358,61,Control,95976.42291828089,weekly temperature
20251008,358,62,Control,50386.754109445006,weekly temperature
20251008,358,63,Control,93180.98856067455,weekly temperature
20251008,358,64,Control,121497.58309769367,weekly temperature
20251008,358,65,Control,98111.8951063256,weekly temperature
20251008,358,66,Control,122557.24019689183,weekly temperature
20251008,358,67,Control,95162.71950314536,weekly temperature
20251008,358,68,Control,147253.59047843452,weekly temperature
20251008,358,69,Control,117725.59100399191,weekly temperature
20251008,358,70,Control,109508.94522411529,weekly temperature
20251008,358,71,Control,171116.6602237408,weekly temperature
20251008,358,72,Control,94401.50245030814,weekly temperature
20251008,358,73,Control,107980.18340797909,weekly temperature
20251008,358,74,Control,99182.2206099896,weekly temperature
20251008,358,75,Control,145725.87613014516,weekly temperature
20251008,358,76,Control,120417.48645796422,weekly temperature
20251008,358,77,Control,171093.3298797065,weekly temperature
20251008,358,78,Control,147435.24231318454,weekly temperature
20251008,358,79,Control,96875.95104420318,weekly temperature
20251008,358,80,Control,163256.20961642425,weekly temperature
20251008,358,81,Control,103032.58913500456,weekly temperature
20251008,358,82,Control,134804.34898413363,weekly temperature
20251008,358,83,Control,116259.50750362493,weekly temperature
20251008,358,84,Control,180930.78672375166,weekly temperature
20251008,358,85,Control,160221.59621138882,weekly temperature
20251008,358,86,Control,89756.78128542799,weekly temperature
20251008,359,1,Treated,51691.26878934257,weekly fresh water
20251008,359,2,Treated,62575.470562562456,weekly fresh water
20251008,359,3,Treated,150051.10761649007,weekly fresh water
20251008,359,4,Treated,77301.07857576179,weekly fresh water
20251008,359,5,Treated,138338.87182589568,weekly fresh water
20251008,359,6,Treated,64709.816821144675,weekly fresh water
20251008,359,7,Treated,144500.3182126117,weekly fresh water
20251008,359,8,Treated,124084.4113525861,weekly fresh water
20251008,359,9,Treated,126287.96736065451,weekly fresh water
20251008,359,10,Treated,106121.59658553338,weekly fresh water
20251008,359,11,Treated,97426.6470147354,weekly fresh water
20251008,359,12,Treated,106696.26653709268,weekly fresh water
20251008,359,13,Treated,62452.82947709117,weekly fresh water
20251008,359,14,Treated,95153.98952003937,weekly fresh water
20251008,359,15,Treated,91802.41464338091,weekly fresh water
20251008,359,16,Treated,72527.97013461558,weekly fresh water
20251008,359,17,Treated,71576.22009273992,weekly fresh water
20251008,359,18,Treated,105300.91831200643,weekly fresh water
20251008,359,19,Treated,129031.9858265732,weekly fresh water
20251008,359,20,Treated,140417.15478877182,weekly fresh water
20251008,359,21,Treated,137400.60169326465,weekly fresh water
20251008,359,22,Treated,46813.95569208227,weekly fresh water
20251008,359,23,Treated,81386.79975494,weekly fresh water
20251008,359,24,Treated,71721.46124639153,weekly fresh water
20251008,359,25,Treated,98079.89238396911,weekly fresh water
20251008,359,26,Treated,148208.87308007735,weekly fresh water
20251008,359,27,Treated,103557.59170542088,weekly fresh water
20251008,359,28,Treated,134612.71538877682,weekly fresh water
20251008,359,29,Treated,124561.48363216169,weekly fresh water
20251008,359,30,Treated,110627.82179339028,weekly fresh water
20251008,359,31,Treated,101942.90019151426,weekly fresh water
20251008,359,32,Treated,48516.78844881699,weekly fresh water
20251008,359,33,Treated,71139.35855978078,weekly fresh water
20251008,359,34,Treated,103624.32739787026,weekly fresh water
20251008,359,35,Treated,78705.2869740919,weekly fresh water
20251008,359,36,Treated,87170.88820034277,weekly fresh water
20251008,359,37,Treated,146397.71129124367,weekly fresh water
20251008,359,38,Treated,96404.14935717192,weekly fresh water
20251008,359,39,Treated,110062.96777023142,weekly fresh water
20251008,359,40,Treated,154324.2075002657,weekly fresh water
20251008,359,41,Treated,104907.94182725289,weekly fresh water
20251008,359,42,Treated,100712.6768179426,weekly fresh water
20251008,359,43,Treated,44527.21911451179,weekly fresh water
20251008,359,44,Treated,168218.26904443646,weekly fresh water
20251008,359,45,Treated,131460.8746352171,weekly fresh water
20251008,359,46,Treated,100534.51025861608,weekly fresh water
20251008,359,47,Treated,137982.5115615397,weekly fresh water
20251008,359,48,Treated,132122.02141646808,weekly fresh water
20251008,359,49,Treated,72847.49653450769,weekly fresh water
20251008,359,50,Treated,157424.7106365752,weekly fresh water
20251008,359,51,Treated,105201.67041201064,weekly fresh water
20251008,359,52,Treated,92082.02895397725,weekly fresh water
20251008,359,53,Treated,116889.58837720117,weekly fresh water
20251008,359,54,Treated,121141.31773383635,weekly fresh water
20251008,359,55,Treated,105771.11790102499,weekly fresh water
20251008,359,56,Treated,148872.23595930825,weekly fresh water
20251008,359,57,Treated,90128.35893598417,weekly fresh water
20251008,359,58,Treated,107246.11855295289,weekly fresh water
20251008,359,59,Treated,183003.07150063248,weekly fresh water
20251008,359,60,Treated,78878.90420738095,weekly fresh water
20251008,359,61,Treated,170810.92027185325,weekly fresh water
20251008,359,62,Treated,135126.06574860154,weekly fresh water
20251008,359,63,Treated,115105.64654713903,weekly fresh water
20251008,359,64,Treated,85097.29586936125,weekly fresh water
20251008,359,66,Treated,147463.4771898806,weekly fresh water
20251008,359,67,Treated,171978.94850042096,weekly fresh water
20251008,359,68,Treated,142349.06229290858,weekly fresh water
20251008,359,70,Treated,113637.03577008875,weekly fresh water
20251008,359,71,Treated,140392.85639908406,weekly fresh water
20251008,359,72,Treated,91626.01221586308,weekly fresh water
20251008,359,73,Treated,179823.18941129578,weekly fresh water
20251008,360,1,Control,120552.8115935256,weekly temperature
20251008,360,2,Control,63345.51415247874,weekly temperature
20251008,360,3,Control,101917.93294732693,weekly temperature
20251008,360,4,Control,118178.15331239632,weekly temperature
20251008,360,5,Control,104378.74752798452,weekly temperature
20251008,360,6,Control,69269.16067013366,weekly temperature
20251008,360,7,Control,143887.6209714004,weekly temperature
20251008,360,8,Control,76478.66408454241,weekly temperature
20251008,360,9,Control,135769.51904063392,weekly temperature
20251008,360,10,Control,74739.59914433038,weekly temperature
20251008,360,11,Control,59828.001700529494,weekly temperature
20251008,360,13,Control,100251.9846315794,weekly temperature
20251008,360,14,Control,120455.94360124404,weekly temperature
20251008,360,15,Control,131624.51603999754,weekly temperature
20251008,360,16,Control,167414.39492340162,weekly temperature
20251008,360,17,Control,64327.27614250842,weekly temperature
20251008,360,18,Control,90793.88295091705,weekly temperature
20251008,360,19,Control,119696.56347623425,weekly temperature
20251008,360,20,Control,51514.0303100278,weekly temperature
20251008,360,21,Control,130438.7944902166,weekly temperature
20251008,360,22,Control,102233.66490785762,weekly temperature
20251008,360,23,Control,108433.05666195598,weekly temperature
20251008,360,24,Control,55298.51135815568,weekly temperature
20251008,360,25,Control,128011.64154027415,weekly temperature
20251008,360,26,Control,112451.38103171394,weekly temperature
20251008,360,27,Control,88175.4342731325,weekly temperature
20251008,360,28,Control,150244.0813321843,weekly temperature
20251008,360,29,Control,80483.35999735071,weekly temperature
20251008,360,30,Control,133249.26569911375,weekly temperature
20251008,360,31,Control,141456.51688622474,weekly temperature
20251008,360,32,Control,124697.39776310656,weekly temperature
20251008,360,34,Control,106557.8855810203,weekly temperature
20251008,360,35,Control,138272.46306783767,weekly temperature
20251008,360,36,Control,134293.3535761509,weekly temperature
20251008,360,37,Control,97397.32275406919,weekly temperature
20251008,360,38,Control,92452.98754464666,weekly temperature
20251008,360,39,Control,127022.89878352854,weekly temperature
20251008,360,40,Control,109967.92968480868,weekly temperature
20251008,360,41,Control,82257.53913316688,weekly temperature
20251008,360,42,Control,127890.10125796746,weekly temperature
20251008,360,43,Control,72118.74536713028,weekly temperature
20251008,360,44,Control,77968.06838625134,weekly temperature
20251008,360,45,Control,180127.9661189229,weekly temperature
20251008,360,46,Control,85537.45629324159,weekly temperature
20251008,360,47,Control,84715.21117989744,weekly temperature
20251008,360,48,Control,132723.17448567168,weekly temperature
20251008,360,49,Control,134176.0396663665,weekly temperature
20251008,360,50,Control,97898.72330590094,weekly temperature
20251008,360,51,Control,104601.61988305612,weekly temperature
20251008,360,52,Control,100210.84894771011,weekly temperature
20251008,360,53,Control,109746.68827044292,weekly temperature
20251008,360,54,Control,98901.34477535867,weekly temperature
20251008,360,55,Control,147586.5337948278,weekly temperature
20251008,360,56,Control,78471.49402837186,weekly temperature
20251008,360,58,Control,115980.37686512283,weekly temperature
20251008,360,59,Control,120494.9854168055,weekly temperature
20251008,360,60,Control,137207.47517439805,weekly temperature
20251008,360,61,Control,144870.72466196353,weekly temperature
20251008,360,62,Control,135718.17335265852,weekly temperature
20251008,360,63,Control,141036.07791469223,weekly temperature
20251008,360,64,Control,60579.672384791564,weekly temperature
20251008,360,65,Control,197332.16632138405,weekly temperature
20251008,360,66,Control,143895.85834120374,weekly temperature
20251008,360,67,Control,162957.77720976702,weekly temperature
20251008,360,68,Control,181128.41304856626,weekly temperature
20251008,360,69,Control,149722.33899439266,weekly temperature
20251008,360,70,Control,66636.1449501315,weekly temperature
20251008,360,72,Control,162894.33128478314,weekly temperature
20251008,360,73,Control,75758.28816774547,weekly temperature
20251008,361,1,Treated,90458.92998953907,weekly fresh water
20251008,361,2,Treated,184981.10147215155,weekly fresh water
20251008,361,3,Treated,151406.66148863133,weekly fresh water
20251008,361,4,Treated,114236.87870396733,weekly fresh water
20251008,361,5,Treated,88672.0086327265,weekly fresh water
20251008,361,6,Treated,86425.7487372491,weekly fresh water
20251008,361,7,Treated,91437.5423088313,weekly fresh water
20251008,361,8,Treated,90535.48110160515,weekly fresh water
20251008,361,9,Treated,106631.37149697849,weekly fresh water
20251008,361,10,Treated,135942.7388153774,weekly fresh water
20251008,361,11,Treated,80899.61709891711,weekly fresh water
20251008,361,12,Treated,58040.68021208061,weekly fresh water
20251008,361,13,Treated,125423.9250083164,weekly fresh water
20251008,361,14,Treated,110600.09294185214,weekly fresh water
20251008,361,15,Treated,129842.0614071121,weekly fresh water
20251008,361,16,Treated,99656.61059726201,weekly fresh water
20251008,361,17,Treated,98335.9053274249,weekly fresh water
20251008,361,18,Treated,127642.71293072723,weekly fresh water
20251008,361,19,Treated,129380.41266862971,weekly fresh water
20251008,361,20,Treated,80623.26140182676,weekly fresh water
20251008,361,21,Treated,102997.77294809732,weekly fresh water
20251008,361,22,Treated,127218.72783383488,weekly fresh water
20251008,361,23,Treated,120614.96680193867,weekly fresh water
20251008,361,24,Treated,111090.6703078443,weekly fresh water
20251008,361,25,Treated,37559.63684887249,weekly fresh water
20251008,361,26,Treated,68461.3730531196,weekly fresh water
20251008,361,27,Treated,142885.33295414195,weekly fresh water
20251008,361,28,Treated,92348.55830838575,weekly fresh water
20251008,361,29,Treated,140157.40957817904,weekly fresh water
20251008,361,30,Treated,80886.90269370438,weekly fresh water
20251008,361,31,Treated,129523.96289676786,weekly fresh water
20251008,361,32,Treated,84479.67924128051,weekly fresh water
20251008,361,33,Treated,125082.40825079184,weekly fresh water
20251008,361,34,Treated,72557.08436299577,weekly fresh water
20251008,361,35,Treated,184054.01761800222,weekly fresh water
20251008,361,36,Treated,78692.65250100754,weekly fresh water
20251008,361,37,Treated,127479.15898536777,weekly fresh water
20251008,361,38,Treated,105306.6046901,weekly fresh water
20251008,361,39,Treated,151030.0744482989,weekly fresh water
20251008,361,40,Treated,99716.137414969,weekly fresh water
20251008,361,41,Treated,77950.64069568104,weekly fresh water
20251008,361,42,Treated,77089.7156596758,weekly fresh water
20251008,361,43,Treated,168324.06861734483,weekly fresh water
20251008,361,44,Treated,97644.34214932071,weekly fresh water
20251008,361,45,Treated,120662.77837975557,weekly fresh water
20251008,361,46,Treated,66896.3540915435,weekly fresh water
20251008,361,47,Treated,100115.0402130543,weekly fresh water
20251008,361,48,Treated,52153.63086682109,weekly fresh water
20251008,361,49,Treated,97648.58317929915,weekly fresh water
20251008,361,50,Treated,181764.3248860084,weekly fresh water
20251008,361,51,Treated,142874.5435620578,weekly fresh water
20251008,361,52,Treated,131964.2412925204,weekly fresh water
20251008,361,53,Treated,110778.97580431282,weekly fresh water
20251008,361,54,Treated,134672.1216352705,weekly fresh water
20251008,361,55,Treated,162321.9336686426,weekly fresh water
20251008,361,56,Treated,143467.8615191302,weekly fresh water
20251008,361,57,Treated,136261.41774462047,weekly fresh water
20251008,361,58,Treated,93002.43897712749,weekly fresh water
20251008,361,59,Treated,74423.20402342224,weekly fresh water
20251008,361,60,Treated,179901.02856072094,weekly fresh water
20251008,361,61,Treated,161882.91935074868,weekly fresh water
20251008,361,62,Treated,120938.39901373288,weekly fresh water
20251008,361,63,Treated,169064.75194393992,weekly fresh water
20251008,361,65,Treated,78849.17890888677,weekly fresh water
20251008,361,66,Treated,110155.96070427669,weekly fresh water
20251008,380,1,Control,54870.1396650211,weekly fresh water
20251008,380,2,Control,72240.7820367018,weekly fresh water
20251008,380,3,Control,75925.1630528102,weekly fresh water
20251008,380,4,Control,70714.78262959952,weekly fresh water
20251008,380,5,Control,75940.32780369639,weekly fresh water
20251008,380,6,Control,74837.29904044584,weekly fresh water
20251008,380,7,Control,108568.58050911709,weekly fresh water
20251008,380,8,Control,85578.77828740847,weekly fresh water
20251008,380,9,Control,61223.82995040567,weekly fresh water
20251008,380,10,Control,140366.56980620892,weekly fresh water
20251008,380,11,Control,131041.96728034707,weekly fresh water
20251008,380,12,Control,104972.40396307514,weekly fresh water
20251008,380,13,Control,44827.4920474514,weekly fresh water
20251008,380,14,Control,87820.77595041026,weekly fresh water
20251008,380,15,Control,93480.4479724284,weekly fresh water
20251008,380,16,Control,93408.33778481548,weekly fresh water
20251008,380,17,Control,98433.10601466706,weekly fresh water
20251008,380,18,Control,78827.76232712761,weekly fresh water
20251008,380,19,Control,121653.52595848175,weekly fresh water
20251008,380,20,Control,107181.46002935775,weekly fresh water
20251008,380,21,Control,81838.64991355597,weekly fresh water
20251008,380,22,Control,58053.319697966566,weekly fresh water
20251008,380,23,Control,124331.88185532409,weekly fresh water
20251008,380,24,Control,94475.99735085444,weekly fresh water
20251008,380,25,Control,136419.39182236601,weekly fresh water
20251008,380,26,Control,80003.99062471783,weekly fresh water
20251008,380,27,Control,96826.14302449243,weekly fresh water
20251008,380,28,Control,131279.9118413019,weekly fresh water
20251008,380,29,Control,69240.83094498905,weekly fresh water
20251008,380,30,Control,91732.89990772166,weekly fresh water
20251008,380,31,Control,85049.24398054522,weekly fresh water
20251008,380,32,Control,92031.80759012346,weekly fresh water
20251008,380,33,Control,90628.7042482574,weekly fresh water
20251008,380,34,Control,101261.89015714811,weekly fresh water
20251008,380,35,Control,119152.85589546387,weekly fresh water
20251008,380,36,Control,114243.54823100482,weekly fresh water
20251008,380,37,Control,76213.5048308647,weekly fresh water
20251008,380,38,Control,94725.48716724393,weekly fresh water
20251008,380,39,Control,64666.04623046566,weekly fresh water
20251008,380,40,Control,110617.92798480074,weekly fresh water
20251008,380,41,Control,148097.19068812946,weekly fresh water
20251008,380,42,Control,84272.5606096056,weekly fresh water
20251008,380,43,Control,102558.09694041661,weekly fresh water
20251008,380,44,Control,141519.67508360077,weekly fresh water
20251008,380,45,Control,125018.74264958371,weekly fresh water
20251008,380,46,Control,106445.45118544227,weekly fresh water
20251008,380,47,Control,75883.26266788176,weekly fresh water
20251008,380,48,Control,126498.27989994454,weekly fresh water
20251008,380,49,Control,134898.83247857462,weekly fresh water
20251008,380,50,Control,83204.33695972526,weekly fresh water
20251008,380,51,Control,116390.61953125305,weekly fresh water
20251008,380,52,Control,77483.47068640421,weekly fresh water
20251008,380,53,Control,95574.2567107678,weekly fresh water
20251008,380,54,Control,69897.51598814105,weekly fresh water
20251008,380,55,Control,62417.52784549035,weekly fresh water
20251008,380,56,Control,116694.24239336893,weekly fresh water
20251008,380,57,Control,108117.57424091012,weekly fresh water
20251008,380,59,Control,105018.22200532946,weekly fresh water
20251008,380,60,Control,188166.3628932957,weekly fresh water
20251008,380,61,Control,68160.45666429706,weekly fresh water
20251008,380,62,Control,106038.27999875898,weekly fresh water
20251008,380,63,Control,93145.97775233061,weekly fresh water
20251008,380,64,Control,116166.79959229035,weekly fresh water
20251008,380,65,Control,124481.63212920266,weekly fresh water
20251008,380,66,Control,130487.17797268847,weekly fresh water
20251008,380,67,Control,104937.04504963763,weekly fresh water
20251008,380,68,Control,133213.2814616307,weekly fresh water
20251008,380,69,Control,155729.45112933152,weekly fresh water
20251008,380,70,Control,68204.13091052326,weekly fresh water
20251008,380,71,Control,128695.13250402464,weekly fresh water
20251008,380,72,Control,142082.53222354635,weekly fresh water
20251008,380,73,Control,143349.84088691516,weekly fresh water
20251008,380,74,Control,141023.15109367677,weekly fresh water
20251008,380,75,Control,216268.26299256424,weekly fresh water
20251008,380,76,Control,85370.65626842545,weekly fresh water
20251008,380,77,Control,139339.8480985717,weekly fresh water
20251008,380,78,Control,155249.53109589542,weekly fresh water
20251008,380,79,Control,106513.8273644279,weekly fresh water
20251008,380,80,Control,163506.20620273965,weekly fresh water
20251008,380,81,Control,153246.6343645828,weekly fresh water
20251008,380,82,Control,153427.31516755055,weekly fresh water
20251008,380,83,Control,132111.12771385722,weekly fresh water
20251008,380,84,Control,149269.4906620464,weekly fresh water
20251008,380,85,Control,75585.60124824205,weekly fresh water
20251008,380,86,Control,149349.41232683,weekly fresh water
20251008,380,87,Control,118719.89438761992,weekly fresh water
20260522,380,1,Control,80200.11937299126,weekly fresh water
20260522,380,2,Control,76606.76014406882,weekly fresh water
20260522,380,3,Control,60936.34036945448,weekly fresh water
20260522,380,4,Control,83822.39467182918,weekly fresh water
20260522,380,5,Control,73552.05152596929,weekly fresh water
20260522,380,6,Control,123969.11387381988,weekly fresh water
20260522,380,7,Control,110408.69303888017,weekly fresh water
20260522,380,8,Control,202570.280608144,weekly fresh water
20260522,380,9,Control,109440.4130239241,weekly fresh water
20260522,380,10,Control,104282.2919126122,weekly fresh water
20260522,380,11,Control,142208.01703498964,weekly fresh water
20260522,380,12,Control,89095.89233828596,weekly fresh water
20260522,380,13,Control,104243.80019959986,weekly fresh water
20260522,380,14,Control,91344.65685172383,weekly fresh water
20260522,380,15,Control,95493.71154577911,weekly fresh water
20260522,380,16,Control,112517.91554623036,weekly fresh water
20260522,380,17,Control,106854.78755788457,weekly fresh water
20260522,380,18,Control,87206.27923813104,weekly fresh water
20260522,380,19,Control,117388.16167941147,weekly fresh water
20260522,380,20,Control,81170.98021324916,weekly fresh water
20260522,380,21,Control,101827.35394669136,weekly fresh water
20260522,380,22,Control,86774.282689155,weekly fresh water
20260522,380,23,Control,117885.24465270688,weekly fresh water
20260522,380,24,Control,136091.74600380013,weekly fresh water
20260522,380,25,Control,97612.56164705814,weekly fresh water
20260522,380,26,Control,138473.93463914347,weekly fresh water
20260522,380,27,Control,65015.31102116569,weekly fresh water
20260522,380,29,Control,64220.98949725346,weekly fresh water
20260522,380,30,Control,71701.6046244215,weekly fresh water
20260522,380,31,Control,125104.58905526924,weekly fresh water
20260522,380,32,Control,114293.20689961457,weekly fresh water
20260522,380,33,Control,87832.79400805097,weekly fresh water
20260522,380,34,Control,81869.05851916267,weekly fresh water
20260522,380,35,Control,152122.63676737854,weekly fresh water
20260522,380,36,Control,120571.93001868308,weekly fresh water
20260522,380,37,Control,109981.34915707816,weekly fresh water
20260522,380,38,Control,60335.5025843747,weekly fresh water
20260522,380,39,Control,101589.16880882485,weekly fresh water
20260522,380,40,Control,102044.5845644317,weekly fresh water
20260522,380,41,Control,128238.35577496032,weekly fresh water
20260522,380,42,Control,85069.69392209833,weekly fresh water
20260522,380,43,Control,62478.48232420171,weekly fresh water
20260522,380,44,Control,57482.190341575326,weekly fresh water
20260522,380,45,Control,129544.20463495108,weekly fresh water
20260522,380,46,Control,103271.46377416849,weekly fresh water
20260522,380,47,Control,55815.31447515525,weekly fresh water
20260522,380,48,Control,86300.30244570825,weekly fresh water
20260522,380,49,Control,84367.97437257768,weekly fresh water
20260522,380,50,Control,88854.29656370083,weekly fresh water
20260522,380,51,Control,98172.28911797437,weekly fresh water
20260522,380,52,Control,85237.44650829391,weekly fresh water
20260522,380,53,Control,65446.390007916976,weekly fresh water
20260522,380,54,Control,105144.3628855972,weekly fresh water
20260522,380,55,Control,81152.10865462958,weekly fresh water
20260522,380,56,Control,92055.11913798623,weekly fresh water
20260522,380,57,Control,104043.52690572666,weekly fresh water
20260522,380,58,Control,121672.24791287014,weekly fresh water
20260522,380,59,Control,120259.64395546021,weekly fresh water
20260522,380,60,Control,132512.62171569525,weekly fresh water
20260522,380,61,Control,126147.62793379647,weekly fresh water
20260522,380,62,Control,101685.67967216783,weekly fresh water
20260522,380,63,Control,78092.96119750805,weekly fresh water
20260522,380,64,Control,155330.3440332298,weekly fresh water
20260522,380,65,Control,107689.93906990274,weekly fresh water
20260522,380,66,Control,75838.62210158294,weekly fresh water
20260522,380,67,Control,105641.03266190148,weekly fresh water
20260522,380,68,Control,68318.41396845346,weekly fresh water
20260522,380,69,Control,87637.05289704783,weekly fresh water
20260522,380,70,Control,105316.5932809081,weekly fresh water
20260522,380,71,Control,45297.15607373343,weekly fresh water
20260522,380,72,Control,89114.12745079052,weekly fresh water
20260522,380,73,Control,83917.42236525194,weekly fresh water
20260522,380,74,Control,77354.21775516069,weekly fresh water
20260522,380,75,Control,104139.75174287269,weekly fresh water
20260522,380,76,Control,68838.7868442804,weekly fresh water
20260522,380,77,Control,104406.77873671509,weekly fresh water
20260522,380,78,Control,100643.5200869079,weekly fresh water
20260522,380,79,Control,103009.4917570748,weekly fresh water
20260522,380,80,Control,86863.40835798046,weekly fresh water
20260522,380,81,Control,70041.42080203097,weekly fresh water
20260522,380,82,Control,77305.89120682707,weekly fresh water
20260522,380,83,Control,75766.53231775798,weekly fresh water
20260522,321,1,Treated,144428.5821814299,weekly temperature
20260522,321,2,Treated,151078.20239623837,weekly temperature
20260522,321,3,Treated,112778.28449363518,weekly temperature
20260522,321,4,Treated,132819.59172259696,weekly temperature
20260522,321,5,Treated,156264.51742509156,weekly temperature
20260522,321,6,Treated,130486.42992478587,weekly temperature
20260522,321,7,Treated,206300.0963371241,weekly temperature
20260522,321,8,Treated,146878.32753686502,weekly temperature
20260522,321,9,Treated,105083.85848515222,weekly temperature
20260522,321,10,Treated,145941.50465801917,weekly temperature
20260522,321,11,Treated,86163.65514729965,weekly temperature
20260522,321,12,Treated,153528.48065760994,weekly temperature
20260522,321,13,Treated,127133.57499700571,weekly temperature
20260522,321,15,Treated,224793.04842041497,weekly temperature
20260522,321,16,Treated,167868.88444651675,weekly temperature
20260522,321,17,Treated,142388.92198865005,weekly temperature
20260522,321,18,Treated,114184.23877446688,weekly temperature
20260522,321,19,Treated,120487.77941310238,weekly temperature
20260522,321,20,Treated,178628.6307195714,weekly temperature
20260522,321,21,Treated,105869.90990938932,weekly temperature
20260522,321,23,Treated,81673.6522110395,weekly temperature
20260522,321,24,Treated,114063.13357499396,weekly temperature
20260522,321,25,Treated,155679.8455013706,weekly temperature
20260522,321,26,Treated,118217.74256751216,weekly temperature
20260522,321,27,Treated,121341.36471423173,weekly temperature
20260522,321,28,Treated,148696.10133879242,weekly temperature
20260522,321,29,Treated,121260.59671761307,weekly temperature
20260522,321,30,Treated,149782.46209794085,weekly temperature
20260522,321,31,Treated,88193.07789419773,weekly temperature
20260522,321,32,Treated,82207.75540094504,weekly temperature
20260522,321,33,Treated,132452.41238387433,weekly temperature
20260522,321,34,Treated,156107.71462905852,weekly temperature
20260522,321,35,Treated,113186.46860377645,weekly temperature
20260522,321,36,Treated,146623.30809378027,weekly temperature
20260522,321,37,Treated,151704.1702290918,weekly temperature
20260522,321,38,Treated,95763.37138473129,weekly temperature
20260522,321,39,Treated,95292.21785902708,weekly temperature
20260522,321,40,Treated,154351.13370960462,weekly temperature
20260522,321,41,Treated,235153.94111614767,weekly temperature
20260522,321,42,Treated,138722.68504829612,weekly temperature
20260522,321,43,Treated,136086.0362901604,weekly temperature
20260522,321,44,Treated,131184.94264117422,weekly temperature
20260522,321,45,Treated,86572.7805317081,weekly temperature
20260522,321,46,Treated,174786.41302890217,weekly temperature
20260522,321,47,Treated,121194.12839713282,weekly temperature
20260522,321,48,Treated,147059.82111171025,weekly temperature
20260522,321,49,Treated,173933.93004850304,weekly temperature
20260522,321,50,Treated,150601.54886950343,weekly temperature
20260522,321,51,Treated,156211.31020960852,weekly temperature
20260522,321,52,Treated,101590.85168312953,weekly temperature
20260522,321,53,Treated,164857.4397050063,weekly temperature
20260522,321,54,Treated,134106.0773090686,weekly temperature
20260522,321,55,Treated,112889.42418114914,weekly temperature
20260522,321,56,Treated,129703.01852482671,weekly temperature
20260522,321,57,Treated,98535.79203991703,weekly temperature
20260522,321,58,Treated,119625.03405005473,weekly temperature
20260522,321,59,Treated,92747.1075689458,weekly temperature
20260522,321,60,Treated,87007.52960623123,weekly temperature
20260522,321,61,Treated,166240.35715246564,weekly temperature
20260522,321,62,Treated,75809.42229622365,weekly temperature
20260522,321,63,Treated,124616.36707773026,weekly temperature
20260522,321,64,Treated,80298.48252268328,weekly temperature
20260522,321,65,Treated,175541.9906706267,weekly temperature
20260522,321,66,Treated,177906.96713825827,weekly temperature
20260522,321,67,Treated,93646.97429208981,weekly temperature
20260522,321,68,Treated,110700.03137491443,weekly temperature
20260522,321,69,Treated,145132.558768022,weekly temperature
20260522,321,70,Treated,141561.3935498405,weekly temperature
20260522,321,71,Treated,110093.8989974241,weekly temperature
20260522,322,1,Control,111405.94530522532,weekly fresh water
20260522,322,2,Control,102998.6120821367,weekly fresh water
20260522,322,3,Control,113098.39159817804,weekly fresh water
20260522,322,4,Control,140011.70185969633,weekly fresh water
20260522,322,5,Control,156473.39883702828,weekly fresh water
20260522,322,6,Control,134086.27683701104,weekly fresh water
20260522,322,7,Control,146806.0202593233,weekly fresh water
20260522,322,8,Control,101432.07732857711,weekly fresh water
20260522,322,9,Control,120518.61208035314,weekly fresh water
20260522,322,10,Control,110285.95879806289,weekly fresh water
20260522,322,11,Control,110337.94286271509,weekly fresh water
20260522,322,12,Control,159121.24738408782,weekly fresh water
20260522,322,13,Control,52956.69357593806,weekly fresh water
20260522,322,14,Control,94828.519260388,weekly fresh water
20260522,322,15,Control,159513.71067544064,weekly fresh water
20260522,322,16,Control,87992.02488789184,weekly fresh water
20260522,322,17,Control,83903.09388142836,weekly fresh water
20260522,322,18,Control,129429.48703203315,weekly fresh water
20260522,322,19,Control,141845.3920116614,weekly fresh water
20260522,322,20,Control,150197.71344710502,weekly fresh water
20260522,322,21,Control,146471.52359893022,weekly fresh water
20260522,322,22,Control,103318.7234891288,weekly fresh water
20260522,322,23,Control,89835.46921329605,weekly fresh water
20260522,322,24,Control,130400.13261724765,weekly fresh water
20260522,322,25,Control,90794.27724305766,weekly fresh water
20260522,322,26,Control,162107.68570065955,weekly fresh water
20260522,322,27,Control,203989.94303106898,weekly fresh water
20260522,322,28,Control,138176.37239887856,weekly fresh water
20260522,322,29,Control,129628.78199614104,weekly fresh water
20260522,322,30,Control,139349.5894570769,weekly fresh water
20260522,322,31,Control,171472.19715678223,weekly fresh water
20260522,322,32,Control,78714.43077569762,weekly fresh water
20260522,322,33,Control,124211.07046572166,weekly fresh water
20260522,322,34,Control,135439.25207911784,weekly fresh water
20260522,322,35,Control,136103.45880404752,weekly fresh water
20260522,322,36,Control,108855.83352864596,weekly fresh water
20260522,322,37,Control,76015.00694159628,weekly fresh water
20260522,322,38,Control,94150.58209338716,weekly fresh water
20260522,322,39,Control,113631.3640561348,weekly fresh water
20260522,322,40,Control,187765.01527756217,weekly fresh water
20260522,322,41,Control,82168.08844698938,weekly fresh water
20260522,322,42,Control,175335.78621160518,weekly fresh water
20260522,322,43,Control,118270.79209277783,weekly fresh water
20260522,322,44,Control,188370.8255988096,weekly fresh water
20260522,322,45,Control,59585.144993802365,weekly fresh water
20260522,322,46,Control,112813.94469467057,weekly fresh water
20260522,322,47,Control,181576.47166769335,weekly fresh water
20260522,322,48,Control,95904.61673565913,weekly fresh water
20260522,322,49,Control,112234.87898963579,weekly fresh water
20260522,322,50,Control,99206.21236787587,weekly fresh water
20260522,322,51,Control,88090.34020040391,weekly fresh water
20260522,322,52,Control,158081.40309568436,weekly fresh water
20260522,322,53,Control,114297.43781821369,weekly fresh water
20260522,322,54,Control,87544.7039365918,weekly fresh water
20260522,322,55,Control,168877.4486577266,weekly fresh water
20260522,322,56,Control,138083.21386256654,weekly fresh water
20260522,322,57,Control,180757.40292969107,weekly fresh water
20260522,322,58,Control,97833.05071070505,weekly fresh water
20260522,322,59,Control,130181.02175246566,weekly fresh water
20260522,322,60,Control,135643.9011299325,weekly fresh water
20260522,322,61,Control,147090.76842254645,weekly fresh water
20260522,322,62,Control,118353.24402777602,weekly fresh water
20260522,322,63,Control,115798.62771467271,weekly fresh water
20260522,322,64,Control,62890.42510520867,weekly fresh water
20260522,322,65,Control,101219.26982310385,weekly fresh water
20260522,322,66,Control,103777.58203628281,weekly fresh water
20260522,322,67,Control,162131.51464870546,weekly fresh water
20260522,322,68,Control,157036.2673265455,weekly fresh water
20260522,322,69,Control,58172.859734745645,weekly fresh water
20260522,322,70,Control,138931.4640232566,weekly fresh water
20260522,322,71,Control,71576.37730512685,weekly fresh water
20260522,322,72,Control,178859.43307476025,weekly fresh water
20260522,322,73,Control,114375.2274674595,weekly fresh water
20260522,322,74,Control,154943.4330548338,weekly fresh water
20260522,322,75,Control,145648.60963742476,weekly fresh water
20260522,322,76,Control,204957.032949236,weekly fresh water
20260522,322,77,Control,114437.40372815868,weekly fresh water
20260522,322,78,Control,57397.94525693252,weekly fresh water
20260522,322,79,Control,118271.50538882425,weekly fresh water
20260522,337,1,Control,150725.7620939485,weekly fresh water
20260522,337,2,Control,204695.8693553826,weekly fresh water
20260522,337,3,Control,115986.31253351158,weekly fresh water
20260522,337,4,Control,100901.26654454444,weekly fresh water
20260522,337,5,Control,206582.6419985674,weekly fresh water
20260522,337,6,Control,99781.73677812677,weekly fresh water
20260522,337,7,Control,114057.04294942683,weekly fresh water
20260522,337,8,Control,149184.2848646766,weekly fresh water
20260522,337,9,Control,143475.29383262858,weekly fresh water
20260522,337,10,Control,126494.85613227368,weekly fresh water
20260522,337,11,Control,193652.56821092748,weekly fresh water
20260522,337,12,Control,124926.0266946556,weekly fresh water
20260522,337,13,Control,133585.15324671255,weekly fresh water
20260522,337,14,Control,127705.6065391481,weekly fresh water
20260522,337,15,Control,101121.35251769284,weekly fresh water
20260522,337,16,Control,101857.3529832083,weekly fresh water
20260522,337,17,Control,120090.0043132417,weekly fresh water
20260522,337,18,Control,106600.85875113067,weekly fresh water
20260522,337,19,Control,118339.12875788122,weekly fresh water
20260522,337,20,Control,178474.02837087953,weekly fresh water
20260522,337,21,Control,169550.27225294034,weekly fresh water
20260522,337,22,Control,140709.75414394346,weekly fresh water
20260522,337,23,Control,86963.63927565979,weekly fresh water
20260522,337,24,Control,152187.84526692395,weekly fresh water
20260522,337,25,Control,109390.5132148171,weekly fresh water
20260522,337,26,Control,143124.4783582224,weekly fresh water
20260522,337,27,Control,59628.88318481683,weekly fresh water
20260522,337,28,Control,143547.86621669182,weekly fresh water
20260522,337,29,Control,160015.29346242105,weekly fresh water
20260522,337,30,Control,125036.92689300007,weekly fresh water
20260522,337,31,Control,115320.41849371236,weekly fresh water
20260522,337,32,Control,165118.81877301485,weekly fresh water
20260522,337,33,Control,116278.81555598197,weekly fresh water
20260522,337,34,Control,121064.22733506678,weekly fresh water
20260522,337,35,Control,120408.6542912861,weekly fresh water
20260522,337,36,Control,136844.40469767852,weekly fresh water
20260522,337,37,Control,136034.24455162362,weekly fresh water
20260522,337,38,Control,143599.07832393478,weekly fresh water
20260522,337,39,Control,138636.63227364628,weekly fresh water
20260522,337,40,Control,146072.32859104226,weekly fresh water
20260522,337,41,Control,122149.73826442946,weekly fresh water
20260522,337,42,Control,125736.78097520674,weekly fresh water
20260522,337,43,Control,138661.2571931339,weekly fresh water
20260522,337,44,Control,115642.13832633308,weekly fresh water
20260522,337,45,Control,94849.50518019272,weekly fresh water
20260522,337,46,Control,191304.19448479926,weekly fresh water
20260522,337,47,Control,148509.67308941978,weekly fresh water
20260522,337,48,Control,81110.74591781381,weekly fresh water
20260522,337,49,Control,155610.52647851524,weekly fresh water
20260522,337,50,Control,57926.98944876269,weekly fresh water
20260522,337,51,Control,119183.67648263281,weekly fresh water
20260522,337,52,Control,63262.05983534281,weekly fresh water
20260522,337,53,Control,66969.22096983287,weekly fresh water
20260522,337,54,Control,125899.69282947086,weekly fresh water
20260522,337,55,Control,111044.91668149174,weekly fresh water
20260522,337,56,Control,80895.31783843553,weekly fresh water
20260522,337,57,Control,145100.49672581285,weekly fresh water
20260522,337,58,Control,81487.44706516842,weekly fresh water
20260522,337,59,Control,73791.74641686906,weekly fresh water
20260522,337,60,Control,97624.5933258439,weekly fresh water
20260522,337,61,Control,78296.54700578036,weekly fresh water
20260522,337,62,Control,166387.32947589539,weekly fresh water
20260522,337,63,Control,119781.60828628947,weekly fresh water
20260522,337,64,Control,145006.4535501805,weekly fresh water
20260522,337,65,Control,101828.39059860283,weekly fresh water
20260522,337,66,Control,129644.94279599351,weekly fresh water
20260522,337,68,Control,149349.08756189613,weekly fresh water
20260522,337,69,Control,148892.19038899834,weekly fresh water
20260522,337,70,Control,132453.97250094794,weekly fresh water
20260522,337,71,Control,122596.18062271895,weekly fresh water
20260522,337,72,Control,127231.3025094286,weekly fresh water
20260522,337,73,Control,167463.9890414318,weekly fresh water
20260522,337,74,Control,135485.54464875895,weekly fresh water
20260522,339,1,Treated,130990.87601601162,weekly temperature
20260522,339,2,Treated,213214.93122775506,weekly temperature
20260522,339,3,Treated,164786.60373540613,weekly temperature
20260522,339,4,Treated,63163.190111585,weekly temperature
20260522,339,5,Treated,71795.46860372412,weekly temperature
20260522,339,6,Treated,177928.42716109453,weekly temperature
20260522,339,7,Treated,99594.85601153751,weekly temperature
20260522,339,8,Treated,153083.50868152376,weekly temperature
20260522,339,9,Treated,237699.40270600762,weekly temperature
20260522,339,10,Treated,126056.73783414552,weekly temperature
20260522,339,11,Treated,68446.58420838884,weekly temperature
20260522,339,12,Treated,90413.6234203467,weekly temperature
20260522,339,13,Treated,106851.0599573307,weekly temperature
20260522,339,14,Treated,156817.06229197397,weekly temperature
20260522,339,16,Treated,121742.22416563246,weekly temperature
20260522,339,17,Treated,97974.10164413565,weekly temperature
20260522,339,18,Treated,61527.46381910801,weekly temperature
20260522,339,19,Treated,226406.85164212127,weekly temperature
20260522,339,20,Treated,227817.84668606662,weekly temperature
20260522,339,21,Treated,154415.00557331523,weekly temperature
20260522,339,22,Treated,128558.95860816096,weekly temperature
20260522,339,23,Treated,129030.4893305581,weekly temperature
20260522,339,24,Treated,118404.48688433743,weekly temperature
20260522,339,25,Treated,136859.96329458803,weekly temperature
20260522,339,26,Treated,122617.43812374063,weekly temperature
20260522,339,27,Treated,191740.92709747492,weekly temperature
20260522,339,29,Treated,119898.13102741868,weekly temperature
20260522,339,30,Treated,168373.41161371992,weekly temperature
20260522,339,31,Treated,161985.88585446493,weekly temperature
20260522,339,32,Treated,102229.48984829237,weekly temperature
20260522,339,33,Treated,95663.62729859896,weekly temperature
20260522,339,34,Treated,90313.15857813811,weekly temperature
20260522,339,35,Treated,190917.30687522027,weekly temperature
20260522,339,36,Treated,170947.1849181583,weekly temperature
20260522,339,37,Treated,82278.141515041425,weekly temperature
20260522,339,38,Treated,105681.96257313016,weekly temperature
20260522,339,39,Treated,88888.7928622681,weekly temperature
20260522,339,40,Treated,138260.6872137931,weekly temperature
20260522,339,41,Treated,121745.94746582738,weekly temperature
20260522,339,43,Treated,157974.49737079145,weekly temperature
20260522,339,44,Treated,123680.2383505951,weekly temperature
20260522,339,45,Treated,87140.39461698463,weekly temperature
20260522,339,46,Treated,169093.16526960456,weekly temperature
20260522,339,47,Treated,192185.05599423804,weekly temperature
20260522,339,48,Treated,148738.99453787206,weekly temperature
20260522,339,49,Treated,93513.64152288386,weekly temperature
20260522,339,50,Treated,136614.25510617238,weekly temperature
20260522,339,51,Treated,147800.7257742963,weekly temperature
20260522,339,52,Treated,102071.58353194733,weekly temperature
20260522,339,53,Treated,71025.20758983195,weekly temperature
20260522,339,54,Treated,91791.33839331151,weekly temperature
20260522,339,55,Treated,193630.47188440297,weekly temperature
20260522,339,56,Treated,124478.63135105779,weekly temperature
20260522,339,57,Treated,84109.06396394645,weekly temperature
20260522,339,58,Treated,131406.96804743673,weekly temperature
20260522,339,59,Treated,188892.89834180244,weekly temperature
20260522,339,60,Treated,149350.5331821235,weekly temperature
20260522,339,61,Treated,177322.3125259821,weekly temperature
20260522,339,62,Treated,136321.78544604158,weekly temperature
20260522,339,63,Treated,203901.09097240338,weekly temperature
20260522,339,64,Treated,141488.19913142823,weekly temperature
20260522,339,65,Treated,174084.3504044417,weekly temperature
20260522,339,66,Treated,154185.14397865033,weekly temperature
20260522,339,67,Treated,123554.39706964092,weekly temperature
20260522,339,68,Treated,106111.79773397242,weekly temperature
20260522,339,69,Treated,151812.12383366757,weekly temperature
20260522,339,70,Treated,124604.44553545788,weekly temperature
20260522,339,71,Treated,161285.04944636585,weekly temperature
20260522,339,72,Treated,100999.21935512574,weekly temperature
20260522,339,73,Treated,144320.01064147838,weekly temperature
20260522,339,74,Treated,166452.03984184485,weekly temperature
20260522,339,76,Treated,137104.64433779143,weekly temperature
20260522,339,77,Treated,119556.07694466536,weekly temperature
20260522,339,78,Treated,152856.49527788308,weekly temperature
20260522,339,79,Treated,132095.4945047684,weekly temperature
20260522,339,80,Treated,164596.93814102563,weekly temperature
20260522,339,81,Treated,149962.32839413013,weekly temperature
20260522,339,82,Treated,148889.45434953453,weekly temperature
20260522,340,2,Control,65061.75223743449,weekly fresh water
20260522,340,3,Control,115332.26261872363,weekly fresh water
20260522,340,4,Control,138423.27217487324,weekly fresh water
20260522,340,5,Control,146956.213790816,weekly fresh water
20260522,340,6,Control,153892.50060246696,weekly fresh water
20260522,340,7,Control,82393.6569183393,weekly fresh water
20260522,340,8,Control,91799.32106454806,weekly fresh water
20260522,340,9,Control,93333.55252262391,weekly fresh water
20260522,340,10,Control,92699.17423510994,weekly fresh water
20260522,340,11,Control,87032.7326049375,weekly fresh water
20260522,340,12,Control,88413.0060783895,weekly fresh water
20260522,340,13,Control,105054.21854889907,weekly fresh water
20260522,340,14,Control,161015.22131577646,weekly fresh water
20260522,340,15,Control,161235.49985365852,weekly fresh water
20260522,340,16,Control,121418.62959116054,weekly fresh water
20260522,340,17,Control,129668.11264525888,weekly fresh water
20260522,340,19,Control,121715.11307369085,weekly fresh water
20260522,340,20,Control,102078.17652412552,weekly fresh water
20260522,340,21,Control,127574.85164730283,weekly fresh water
20260522,340,22,Control,98766.01371537634,weekly fresh water
20260522,340,23,Control,204291.72386866584,weekly fresh water
20260522,340,25,Control,131644.12524771978,weekly fresh water
20260522,340,26,Control,154428.9296890315,weekly fresh water
20260522,340,27,Control,92644.92860585783,weekly fresh water
20260522,340,28,Control,92717.06856776237,weekly fresh water
20260522,340,29,Control,176671.4427417659,weekly fresh water
20260522,340,30,Control,114521.54415123392,weekly fresh water
20260522,340,31,Control,116183.47692982265,weekly fresh water
20260522,340,32,Control,141504.73855060333,weekly fresh water
20260522,340,33,Control,99658.17372505776,weekly fresh water
20260522,340,34,Control,212863.5385297387,weekly fresh water
20260522,340,35,Control,110972.60850934836,weekly fresh water
20260522,340,36,Control,131810.7540791463,weekly fresh water
20260522,340,37,Control,111680.71688153084,weekly fresh water
20260522,340,38,Control,116985.94108961523,weekly fresh water
20260522,340,39,Control,103191.11763646413,weekly fresh water
20260522,340,40,Control,106159.5839482975,weekly fresh water
20260522,340,41,Control,191125.8251554611,weekly fresh water
20260522,340,42,Control,116777.88878595048,weekly fresh water
20260522,340,43,Control,143848.49626397438,weekly fresh water
20260522,340,44,Control,111198.01153739718,weekly fresh water
20260522,340,45,Control,174307.75685309293,weekly fresh water
20260522,340,46,Control,136060.6202291552,weekly fresh water
20260522,340,47,Control,107934.28311754263,weekly fresh water
20260522,340,48,Control,75296.0589070761,weekly fresh water
20260522,340,49,Control,80401.20974936629,weekly fresh water
20260522,340,50,Control,184104.20312081728,weekly fresh water
20260522,340,51,Control,176241.81802978145,weekly fresh water
20260522,340,52,Control,162441.62121558166,weekly fresh water
20260522,340,53,Control,189744.6989067736,weekly fresh water
20260522,340,54,Control,92993.95633660644,weekly fresh water
20260522,340,55,Control,142738.49410201478,weekly fresh water
20260522,340,56,Control,86531.86128367543,weekly fresh water
20260522,340,57,Control,70517.03407307577,weekly fresh water
20260522,340,58,Control,77089.30639377605,weekly fresh water
20260522,340,59,Control,102845.70225914913,weekly fresh water
20260522,340,60,Control,73740.02212874203,weekly fresh water
20260522,340,61,Control,103770.52155891074,weekly fresh water
20260522,340,63,Control,127105.50883193623,weekly fresh water
20260522,340,64,Control,109319.22521901697,weekly fresh water
20260522,340,65,Control,83815.76494993526,weekly fresh water
20260522,340,66,Control,97040.04070829893,weekly fresh water
20260522,340,67,Control,122380.73583564525,weekly fresh water
20260522,340,68,Control,108983.403036533,weekly fresh water
20260522,340,69,Control,138408.03336516215,weekly fresh water
20260522,340,70,Control,117105.81293555966,weekly fresh water
20260522,340,71,Control,182336.51242017696,weekly fresh water
20260522,340,72,Control,121663.48257061928,weekly fresh water
20260522,340,73,Control,96669.16171251147,weekly fresh water
20260522,340,74,Control,57773.51379568478,weekly fresh water
20260522,340,75,Control,169878.36121077999,weekly fresh water
20260522,340,76,Control,73622.18698091149,weekly fresh water
20260522,340,77,Control,191720.1018392944,weekly fresh water
20260522,340,78,Control,108622.58131253297,weekly fresh water
20260522,340,79,Control,127232.96178696776,weekly fresh water
20260522,340,80,Control,136002.72023095915,weekly fresh water
20260522,340,81,Control,151019.73836374894,weekly fresh water
20260522,340,82,Control,65516.648399896854,weekly fresh water
20260522,340,83,Control,113427.77051675011,weekly fresh water
20260522,340,85,Control,137023.25404669298,weekly fresh water
20260522,340,86,Control,186480.68757358898,weekly fresh water
20260522,340,87,Control,191099.34517358406,weekly fresh water
20260522,340,88,Control,128878.2504928561,weekly fresh water
20260522,340,89,Control,92375.43254317746,weekly fresh water
20260522,340,90,Control,116292.20988372223,weekly fresh water
20260522,340,91,Control,146616.84552079914,weekly fresh water
20260522,340,92,Control,121380.10306806416,weekly fresh water
20260522,340,93,Control,63377.60158761225,weekly fresh water
20260522,340,94,Control,121477.86332275762,weekly fresh water
20260522,340,95,Control,155101.67642124902,weekly fresh water
20260522,340,96,Control,127755.83308864711,weekly fresh water
20260522,340,97,Control,134738.18481911582,weekly fresh water
20260522,341,2,Control,210957.02950753726,weekly temperature
20260522,341,3,Control,116450.2282227956,weekly temperature
20260522,341,4,Control,215004.6111947913,weekly temperature
20260522,341,5,Control,191988.12846843334,weekly temperature
20260522,341,6,Control,103057.35526282781,weekly temperature
20260522,341,7,Control,142944.12601727725,weekly temperature
20260522,341,8,Control,92234.26252054567,weekly temperature
20260522,341,9,Control,143212.57120280823,weekly temperature
20260522,341,10,Control,129045.77432120546,weekly temperature
20260522,341,11,Control,126346.72406289502,weekly temperature
20260522,341,12,Control,125136.58180734924,weekly temperature
20260522,341,13,Control,195189.70947864934,weekly temperature
20260522,341,14,Control,105877.75438705162,weekly temperature
20260522,341,15,Control,161498.288011126,weekly temperature
20260522,341,16,Control,96756.74563506484,weekly temperature
20260522,341,17,Control,134251.72844609685,weekly temperature
20260522,341,18,Control,164599.94680177982,weekly temperature
20260522,341,19,Control,173652.3873239704,weekly temperature
20260522,341,20,Control,63759.55814318464,weekly temperature
20260522,341,21,Control,175283.91715590522,weekly temperature
20260522,341,22,Control,130637.63675850938,weekly temperature
20260522,341,23,Control,152178.2873776135,weekly temperature
20260522,341,24,Control,207867.46697770068,weekly temperature
20260522,341,25,Control,99142.49215512534,weekly temperature
20260522,341,26,Control,190978.80979147897,weekly temperature
20260522,341,27,Control,203155.03164923532,weekly temperature
20260522,341,28,Control,161661.73213243808,weekly temperature
20260522,341,29,Control,93454.03087043538,weekly temperature
20260522,341,30,Control,141998.91493646454,weekly temperature
20260522,341,31,Control,159843.2960450644,weekly temperature
20260522,341,32,Control,214518.7768880936,weekly temperature
20260522,341,33,Control,138975.24767748915,weekly temperature
20260522,341,34,Control,151975.8395027748,weekly temperature
20260522,341,35,Control,111896.21317701806,weekly temperature
20260522,341,36,Control,145646.6156132063,weekly temperature
20260522,341,37,Control,138564.40172829313,weekly temperature
20260522,341,38,Control,151868.88496321972,weekly temperature
20260522,341,39,Control,172462.08287674346,weekly temperature
20260522,341,40,Control,176929.15230042895,weekly temperature
20260522,341,41,Control,156199.23191313213,weekly temperature
20260522,341,42,Control,126274.83652080876,weekly temperature
20260522,341,43,Control,89097.89526149892,weekly temperature
20260522,341,44,Control,112136.04152701428,weekly temperature
20260522,341,45,Control,75919.23839725902,weekly temperature
20260522,341,46,Control,130780.52933417441,weekly temperature
20260522,341,47,Control,163326.45876701805,weekly temperature
20260522,341,48,Control,143085.4349488507,weekly temperature
20260522,341,49,Control,99390.9950505421,weekly temperature
20260522,341,50,Control,114518.10347173887,weekly temperature
20260522,341,51,Control,117406.82892419715,weekly temperature
20260522,341,52,Control,107081.00823345901,weekly temperature
20260522,341,53,Control,88169.41437499733,weekly temperature
20260522,341,54,Control,125059.52074903922,weekly temperature
20260522,341,55,Control,152078.05835188006,weekly temperature
20260522,341,56,Control,147127.57201063237,weekly temperature
20260522,341,57,Control,92732.84703486576,weekly temperature
20260522,341,58,Control,227191.44314407094,weekly temperature
20260522,341,59,Control,182850.2212451122,weekly temperature
20260522,341,60,Control,152265.3164261055,weekly temperature
20260522,341,61,Control,189534.572028372,weekly temperature
20260522,341,62,Control,142008.61564825848,weekly temperature
20260522,341,63,Control,143635.3212470561,weekly temperature
20260522,341,64,Control,129200.41888495577,weekly temperature
20260522,341,65,Control,164105.25760250326,weekly temperature
20260522,341,66,Control,166376.79381243375,weekly temperature
20260522,341,67,Control,127525.10181972597,weekly temperature
20260522,341,68,Control,161626.2483520516,weekly temperature
20260522,341,69,Control,170411.2161596406,weekly temperature
20260522,341,70,Control,89655.88380263923,weekly temperature
20260522,341,71,Control,127718.08328237005,weekly temperature
20260522,341,72,Control,140544.1867543047,weekly temperature
20260522,341,73,Control,136787.1733677042,weekly temperature
20260522,341,74,Control,174816.58630746513,weekly temperature
20260522,341,75,Control,132578.09118019167,weekly temperature
20260522,341,76,Control,142549.39305145163,weekly temperature
20260522,341,77,Control,95947.58633154635,weekly temperature
20260522,342,1,Treated,131289.3191106848,weekly fresh water
20260522,342,2,Treated,92925.4084247427,weekly fresh water
20260522,342,3,Treated,73380.86130278924,weekly fresh water
20260522,342,4,Treated,145191.05157061067,weekly fresh water
20260522,342,5,Treated,93231.36910598668,weekly fresh water
20260522,342,6,Treated,196382.85981849738,weekly fresh water
20260522,342,7,Treated,113710.03299386712,weekly fresh water
20260522,342,8,Treated,70716.98168613052,weekly fresh water
20260522,342,9,Treated,144561.1490017805,weekly fresh water
20260522,342,10,Treated,80572.1587711751,weekly fresh water
20260522,342,11,Treated,117635.61088342084,weekly fresh water
20260522,342,12,Treated,126252.27093836026,weekly fresh water
20260522,342,13,Treated,72547.53387482069,weekly fresh water
20260522,342,14,Treated,108543.4927670562,weekly fresh water
20260522,342,15,Treated,215164.75596307984,weekly fresh water
20260522,342,16,Treated,79162.65893241091,weekly fresh water
20260522,342,18,Treated,128086.13630858301,weekly fresh water
20260522,342,19,Treated,102777.96250055236,weekly fresh water
20260522,342,20,Treated,190602.39248372108,weekly fresh water
20260522,342,21,Treated,74726.14511519352,weekly fresh water
20260522,342,22,Treated,167789.01561041892,weekly fresh water
20260522,342,23,Treated,127354.28209676957,weekly fresh water
20260522,342,24,Treated,99889.18564003208,weekly fresh water
20260522,342,25,Treated,119708.22459659322,weekly fresh water
20260522,342,26,Treated,158940.86472209505,weekly fresh water
20260522,342,27,Treated,81314.34184506416,weekly fresh water
20260522,342,28,Treated,163580.7481778303,weekly fresh water
20260522,342,30,Treated,162841.76200228356,weekly fresh water
20260522,342,31,Treated,124526.55549253167,weekly fresh water
20260522,342,32,Treated,93364.37422327188,weekly fresh water
20260522,342,33,Treated,80172.25763800579,weekly fresh water
20260522,342,34,Treated,115000.68936445082,weekly fresh water
20260522,342,35,Treated,136408.49679704095,weekly fresh water
20260522,342,36,Treated,181705.034788444,weekly fresh water
20260522,342,37,Treated,57294.8293127015,weekly fresh water
20260522,342,38,Treated,111984.54264729928,weekly fresh water
20260522,342,39,Treated,86773.29573562376,weekly fresh water
20260522,342,40,Treated,115685.6300832039,weekly fresh water
20260522,342,41,Treated,110811.65221039127,weekly fresh water
20260522,342,42,Treated,170724.6169924846,weekly fresh water
20260522,342,43,Treated,138993.99639119615,weekly fresh water
20260522,342,44,Treated,149448.8472810707,weekly fresh water
20260522,342,45,Treated,177327.00573132213,weekly fresh water
20260522,342,46,Treated,186314.31045231153,weekly fresh water
20260522,342,48,Treated,66959.16567850954,weekly fresh water
20260522,342,49,Treated,106925.81436953542,weekly fresh water
20260522,342,50,Treated,111081.0065102954,weekly fresh water
20260522,342,51,Treated,108488.90556701446,weekly fresh water
20260522,342,52,Treated,133218.57631123703,weekly fresh water
20260522,342,53,Treated,174761.2430297682,weekly fresh water
20260522,342,54,Treated,128048.12267188843,weekly fresh water
20260522,342,55,Treated,119285.10165916037,weekly fresh water
20260522,342,56,Treated,168768.00671901312,weekly fresh water
20260522,342,57,Treated,54774.30047523161,weekly fresh water
20260522,342,58,Treated,130425.68197074208,weekly fresh water
20260522,342,59,Treated,63480.1430338262,weekly fresh water
20260522,342,60,Treated,128478.08522281382,weekly fresh water
20260522,342,61,Treated,61796.457830485,weekly fresh water
20260522,342,62,Treated,107813.8845862453,weekly fresh water
20260522,342,63,Treated,119733.59823379279,weekly fresh water
20260522,342,64,Treated,113538.71668893922,weekly fresh water
20260522,342,65,Treated,107565.61366258386,weekly fresh water
20260522,342,66,Treated,168396.63974711977,weekly fresh water
20260522,342,67,Treated,93662.0525047447,weekly fresh water
20260522,342,68,Treated,126946.7522311268,weekly fresh water
20260522,342,69,Treated,94491.053651964,weekly fresh water
20260522,342,70,Treated,150901.3568398243,weekly fresh water
20260522,342,71,Treated,189072.5312934207,weekly fresh water
20260522,342,72,Treated,146419.95573464155,weekly fresh water
20260522,342,73,Treated,120168.62979565773,weekly fresh water
20260522,342,74,Treated,146739.8789226797,weekly fresh water
20260522,342,75,Treated,126116.22075388508,weekly fresh water
20260522,342,76,Treated,156487.57179834045,weekly fresh water
20260522,342,77,Treated,131896.01764707884,weekly fresh water
20260522,342,78,Treated,67522.71062830462,weekly fresh water
20260522,342,79,Treated,107497.71228453305,weekly fresh water
20260522,342,81,Treated,148725.60268810496,weekly fresh water
20260522,342,82,Treated,121743.70566868031,weekly fresh water
20260522,343,1,Treated,105621.7850023831,weekly temperature
20260522,343,2,Treated,193568.4361641524,weekly temperature
20260522,343,3,Treated,126956.68650420534,weekly temperature
20260522,343,4,Treated,133712.05443596336,weekly temperature
20260522,343,5,Treated,201567.9518922511,weekly temperature
20260522,343,6,Treated,105129.02013489512,weekly temperature
20260522,343,7,Treated,126761.27624351907,weekly temperature
20260522,343,8,Treated,162844.36217716403,weekly temperature
20260522,343,9,Treated,100628.6171397418,weekly temperature
20260522,343,10,Treated,95650.46514412088,weekly temperature
20260522,343,11,Treated,131015.24621799393,weekly temperature
20260522,343,12,Treated,86689.79699123162,weekly temperature
20260522,343,13,Treated,137120.98896334972,weekly temperature
20260522,343,14,Treated,129608.43728775569,weekly temperature
20260522,343,16,Treated,136894.6299017083,weekly temperature
20260522,343,18,Treated,103270.2225027101,weekly temperature
20260522,343,19,Treated,110137.96891051716,weekly temperature
20260522,343,20,Treated,146430.17919373218,weekly temperature
20260522,343,21,Treated,102078.11440446587,weekly temperature
20260522,343,22,Treated,123711.95919337956,weekly temperature
20260522,343,23,Treated,108714.90971417827,weekly temperature
20260522,343,24,Treated,125181.88041769927,weekly temperature
20260522,343,25,Treated,240515.51537723368,weekly temperature
20260522,343,26,Treated,158838.05821176645,weekly temperature
20260522,343,27,Treated,80257.83898340579,weekly temperature
20260522,343,28,Treated,212291.5918883382,weekly temperature
20260522,343,29,Treated,82772.28243310175,weekly temperature
20260522,343,30,Treated,103441.62338797386,weekly temperature
20260522,343,31,Treated,104300.22050131905,weekly temperature
20260522,343,32,Treated,107516.78196585657,weekly temperature
20260522,343,33,Treated,142879.95592996883,weekly temperature
20260522,343,34,Treated,210881.27771729295,weekly temperature
20260522,343,35,Treated,110450.9615172683,weekly temperature
20260522,343,36,Treated,130588.4139221629,weekly temperature
20260522,343,37,Treated,115221.50311642847,weekly temperature
20260522,343,38,Treated,148505.0299351898,weekly temperature
20260522,343,39,Treated,118123.22300033538,weekly temperature
20260522,343,40,Treated,85128.03174702144,weekly temperature
20260522,343,41,Treated,104622.14279240686,weekly temperature
20260522,343,42,Treated,120877.76047724522,weekly temperature
20260522,343,43,Treated,156255.58502417922,weekly temperature
20260522,343,44,Treated,70815.36332382185,weekly temperature
20260522,343,45,Treated,108035.65634078142,weekly temperature
20260522,343,46,Treated,86197.07005502624,weekly temperature
20260522,343,47,Treated,113796.95788964588,weekly temperature
20260522,343,48,Treated,143542.74555657775,weekly temperature
20260522,343,49,Treated,76913.89152314492,weekly temperature
20260522,343,50,Treated,141645.95976269254,weekly temperature
20260522,343,52,Treated,113830.6621647524,weekly temperature
20260522,343,53,Treated,110859.73188565744,weekly temperature
20260522,343,54,Treated,134466.00566257237,weekly temperature
20260522,343,55,Treated,177982.1780624913,weekly temperature
20260522,343,56,Treated,138875.51832931003,weekly temperature
20260522,343,57,Treated,141633.9246987499,weekly temperature
20260522,343,58,Treated,134045.06648037708,weekly temperature
20260522,343,59,Treated,80988.23505947793,weekly temperature
20260522,343,60,Treated,120822.11503098193,weekly temperature
20260522,343,61,Treated,114645.53764060586,weekly temperature
20260522,343,62,Treated,191181.69459397742,weekly temperature
20260522,343,63,Treated,147634.72546046833,weekly temperature
20260522,343,64,Treated,92995.437612666,weekly temperature
20260522,343,65,Treated,117588.99374044557,weekly temperature
20260522,343,66,Treated,130461.38235009235,weekly temperature
20260522,343,67,Treated,148852.53725185242,weekly temperature
20260522,343,68,Treated,158705.21452373045,weekly temperature
20260522,343,69,Treated,152753.11144156326,weekly temperature
20260522,343,70,Treated,169111.40482460993,weekly temperature
20260522,343,71,Treated,154452.97410341186,weekly temperature
20260522,343,72,Treated,136950.03481060598,weekly temperature
20260522,343,73,Treated,120651.11102979239,weekly temperature
20260522,357,1,Control,77458.96469829403,weekly fresh water
20260522,357,2,Control,94019.40163926165,weekly fresh water
20260522,357,3,Control,131707.3156934096,weekly fresh water
20260522,357,4,Control,131649.82237569615,weekly fresh water
20260522,357,5,Control,122202.13365404714,weekly fresh water
20260522,357,7,Control,110625.7532851285,weekly fresh water
20260522,357,8,Control,133430.25728392546,weekly fresh water
20260522,357,9,Control,118869.83027580637,weekly fresh water
20260522,357,10,Control,173476.47655674044,weekly fresh water
20260522,357,11,Control,76705.72475825324,weekly fresh water
20260522,357,12,Control,136702.09437603032,weekly fresh water
20260522,357,13,Control,75274.12376517087,weekly fresh water
20260522,357,14,Control,166422.34493302068,weekly fresh water
20260522,357,15,Control,94202.94446056033,weekly fresh water
20260522,357,16,Control,127117.4766178082,weekly fresh water
20260522,357,17,Control,59515.61138990481,weekly fresh water
20260522,357,18,Control,122981.19033627705,weekly fresh water
20260522,357,19,Control,58078.427433618876,weekly fresh water
20260522,357,20,Control,92570.72001130432,weekly fresh water
20260522,357,21,Control,188350.20528683424,weekly fresh water
20260522,357,22,Control,105418.42410998292,weekly fresh water
20260522,357,23,Control,94112.27098577943,weekly fresh water
20260522,357,24,Control,50568.944030901825,weekly fresh water
20260522,357,25,Control,118230.18989010189,weekly fresh water
20260522,357,26,Control,173755.9712695756,weekly fresh water
20260522,357,27,Control,153584.18081496636,weekly fresh water
20260522,357,28,Control,129359.3637372842,weekly fresh water
20260522,357,29,Control,162470.69442688694,weekly fresh water
20260522,357,30,Control,106131.19831728959,weekly fresh water
20260522,357,31,Control,96101.71518405194,weekly fresh water
20260522,357,32,Control,198695.56196727758,weekly fresh water
20260522,357,33,Control,182403.70358464276,weekly fresh water
20260522,357,34,Control,104338.14890845683,weekly fresh water
20260522,357,35,Control,136035.72638473415,weekly fresh water
20260522,357,36,Control,130430.2274823819,weekly fresh water
20260522,357,37,Control,109112.68894474128,weekly fresh water
20260522,357,38,Control,90325.98731729566,weekly fresh water
20260522,357,39,Control,122502.23850606964,weekly fresh water
20260522,357,40,Control,123217.54523139974,weekly fresh water
20260522,357,41,Control,58858.30133056766,weekly fresh water
20260522,357,42,Control,78559.58998468367,weekly fresh water
20260522,357,43,Control,60180.926073907125,weekly fresh water
20260522,357,44,Control,127053.17155357121,weekly fresh water
20260522,357,45,Control,116597.74144023945,weekly fresh water
20260522,357,46,Control,158979.48025469613,weekly fresh water
20260522,357,47,Control,128660.98831943721,weekly fresh water
20260522,357,48,Control,117172.99216725581,weekly fresh water
20260522,357,49,Control,100384.23941853152,weekly fresh water
20260522,357,50,Control,135629.0077134074,weekly fresh water
20260522,357,51,Control,150667.71049260267,weekly fresh water
20260522,357,52,Control,93246.66120287824,weekly fresh water
20260522,357,53,Control,131973.71093931963,weekly fresh water
20260522,357,54,Control,179691.47627503812,weekly fresh water
20260522,357,55,Control,133070.0211527677,weekly fresh water
20260522,357,56,Control,134137.07479758246,weekly fresh water
20260522,357,57,Control,147776.80944345368,weekly fresh water
20260522,357,58,Control,119811.43116337607,weekly fresh water
20260522,357,59,Control,148886.59670547792,weekly fresh water
20260522,357,60,Control,118243.8549067247,weekly fresh water
20260522,357,61,Control,141227.12019919703,weekly fresh water
20260522,357,62,Control,172841.84068366696,weekly fresh water
20260522,357,63,Control,60498.71210956972,weekly fresh water
20260522,357,64,Control,130914.85649853334,weekly fresh water
20260522,357,65,Control,119582.4171663702,weekly fresh water
20260522,357,66,Control,116104.749164966,weekly fresh water
20260522,357,67,Control,136847.06815317515,weekly fresh water
20260522,357,68,Control,127615.46395267989,weekly fresh water
20260522,357,69,Control,167596.9970786218,weekly fresh water
20260522,357,70,Control,172664.14050389806,weekly fresh water
20260522,357,71,Control,86409.91331494768,weekly fresh water
20260522,357,72,Control,177870.90211270654,weekly fresh water
20260522,357,73,Control,105153.09076865949,weekly fresh water
20260522,357,74,Control,139361.86472022743,weekly fresh water
20260522,357,75,Control,79477.04659830239,weekly fresh water
20260522,357,76,Control,88628.66197627707,weekly fresh water
20260522,358,1,Control,150066.69994883574,weekly temperature
20260522,358,2,Control,83190.68566430084,weekly temperature
20260522,358,3,Control,79231.33108119467,weekly temperature
20260522,358,4,Control,130110.05096520891,weekly temperature
20260522,358,5,Control,120366.749718268,weekly temperature
20260522,358,6,Control,114056.6403516632,weekly temperature
20260522,358,7,Control,104246.08825892536,weekly temperature
20260522,358,8,Control,64511.567670903525,weekly temperature
20260522,358,9,Control,71322.57646587859,weekly temperature
20260522,358,10,Control,113023.43932159618,weekly temperature
20260522,358,11,Control,117178.9107568642,weekly temperature
20260522,358,12,Control,87911.29184923621,weekly temperature
20260522,358,13,Control,92231.9304984885,weekly temperature
20260522,358,14,Control,110355.24323047834,weekly temperature
20260522,358,15,Control,102869.56932450198,weekly temperature
20260522,358,16,Control,109179.64259907654,weekly temperature
20260522,358,17,Control,163404.71820395853,weekly temperature
20260522,358,18,Control,138519.74678519918,weekly temperature
20260522,358,19,Control,147970.26780130746,weekly temperature
20260522,358,20,Control,76140.44038923118,weekly temperature
20260522,358,21,Control,125369.28658381596,weekly temperature
20260522,358,22,Control,126718.22737110418,weekly temperature
20260522,358,23,Control,100541.86943137676,weekly temperature
20260522,358,24,Control,117409.19436439904,weekly temperature
20260522,358,25,Control,134314.98748150285,weekly temperature
20260522,358,26,Control,167184.08597761212,weekly temperature
20260522,358,27,Control,98770.43663491333,weekly temperature
20260522,358,28,Control,94741.41068223864,weekly temperature
20260522,358,29,Control,112325.07659280789,weekly temperature
20260522,358,30,Control,189804.49417733095,weekly temperature
20260522,358,31,Control,184838.06757074498,weekly temperature
20260522,358,32,Control,150141.1528821517,weekly temperature
20260522,358,33,Control,113342.71225031285,weekly temperature
20260522,358,34,Control,169064.5935001374,weekly temperature
20260522,358,35,Control,93904.80496804508,weekly temperature
20260522,358,36,Control,143932.4729698645,weekly temperature
20260522,358,37,Control,97540.041892131,weekly temperature
20260522,358,38,Control,129439.89883189654,weekly temperature
20260522,358,39,Control,122178.80807498458,weekly temperature
20260522,358,40,Control,68841.34740478006,weekly temperature
20260522,358,41,Control,128701.33782459346,weekly temperature
20260522,358,42,Control,124497.50223098048,weekly temperature
20260522,358,43,Control,66505.6844467415,weekly temperature
20260522,358,44,Control,83044.96138147052,weekly temperature
20260522,358,45,Control,132851.5848483234,weekly temperature
20260522,358,46,Control,121559.74921694635,weekly temperature
20260522,358,47,Control,155632.5369856395,weekly temperature
20260522,358,48,Control,94069.04916735309,weekly temperature
20260522,358,49,Control,86988.39291350028,weekly temperature
20260522,358,50,Control,154519.2877512959,weekly temperature
20260522,358,51,Control,79625.28653823819,weekly temperature
20260522,358,52,Control,83869.62502565919,weekly temperature
20260522,358,53,Control,90925.56058252325,weekly temperature
20260522,358,54,Control,119060.9737631042,weekly temperature
20260522,358,56,Control,114490.7421372603,weekly temperature
20260522,358,57,Control,178759.1636469268,weekly temperature
20260522,358,58,Control,93882.37853253853,weekly temperature
20260522,358,59,Control,106193.49461549701,weekly temperature
20260522,358,60,Control,129904.94468008472,weekly temperature
20260522,358,61,Control,157469.97996618407,weekly temperature
20260522,358,62,Control,159315.74526195464,weekly temperature
20260522,358,63,Control,110635.29615926032,weekly temperature
20260522,358,64,Control,129906.7194817635,weekly temperature
20260522,358,65,Control,104976.94695355496,weekly temperature
20260522,358,66,Control,150761.71936592433,weekly temperature
20260522,358,67,Control,123571.26434990541,weekly temperature
20260522,358,68,Control,106940.04378986551,weekly temperature
20260522,358,69,Control,121110.75245007573,weekly temperature
20260522,358,70,Control,93028.6924252969,weekly temperature
20260522,358,71,Control,143802.98856979125,weekly temperature
20260522,358,72,Control,119085.9100682173,weekly temperature
20260522,358,73,Control,80456.68805268095,weekly temperature
20260522,358,74,Control,99971.49053665537,weekly temperature
20260522,358,75,Control,163670.16407189428,weekly temperature
20260522,358,76,Control,147940.1347103865,weekly temperature
20260522,358,77,Control,135801.93041540054,weekly temperature
20260522,358,78,Control,122133.90355895557,weekly temperature
20260522,358,79,Control,73057.1734699482,weekly temperature
20260522,358,80,Control,126989.00033921625,weekly temperature
20260522,358,81,Control,162271.06694805055,weekly temperature
20260522,358,82,Control,188085.14654806355,weekly temperature
20260522,358,83,Control,157011.52380491342,weekly temperature
20260522,358,84,Control,84232.58650639853,weekly temperature
20260522,358,85,Control,87942.98841577162,weekly temperature
20260522,359,1,Treated,135756.43921839117,weekly fresh water
20260522,359,2,Treated,180351.79811006674,weekly fresh water
20260522,359,3,Treated,86002.77127655655,weekly fresh water
20260522,359,4,Treated,172065.1207755828,weekly fresh water
20260522,359,5,Treated,175837.68294905487,weekly fresh water
20260522,359,6,Treated,125399.40303696788,weekly fresh water
20260522,359,7,Treated,159064.6237707862,weekly fresh water
20260522,359,8,Treated,103588.3460792186,weekly fresh water
20260522,359,9,Treated,126603.67753222784,weekly fresh water
20260522,359,10,Treated,129761.52740210673,weekly fresh water
20260522,359,11,Treated,121375.84410668442,weekly fresh water
20260522,359,12,Treated,149734.42740806562,weekly fresh water
20260522,359,13,Treated,168254.42448250184,weekly fresh water
20260522,359,14,Treated,108029.45748009253,weekly fresh water
20260522,359,15,Treated,110340.88751687687,weekly fresh water
20260522,359,17,Treated,200759.51460812645,weekly fresh water
20260522,359,18,Treated,138902.51038467197,weekly fresh water
20260522,359,19,Treated,119253.3118776589,weekly fresh water
20260522,359,20,Treated,99046.21736528532,weekly fresh water
20260522,359,21,Treated,148057.1785148592,weekly fresh water
20260522,359,22,Treated,155649.52510071057,weekly fresh water
20260522,359,23,Treated,212866.12340379978,weekly fresh water
20260522,359,24,Treated,149182.55356944937,weekly fresh water
20260522,359,25,Treated,179430.91198635468,weekly fresh water
20260522,359,26,Treated,105214.64189870359,weekly fresh water
20260522,359,27,Treated,94964.62889091118,weekly fresh water
20260522,359,28,Treated,115945.98112579707,weekly fresh water
20260522,359,29,Treated,159820.07932377813,weekly fresh water
20260522,359,30,Treated,128416.04046386473,weekly fresh water
20260522,359,31,Treated,158551.30065650446,weekly fresh water
20260522,359,32,Treated,65594.2237232589,weekly fresh water
20260522,359,33,Treated,102166.75627583844,weekly fresh water
20260522,359,34,Treated,92424.9859637508,weekly fresh water
20260522,359,35,Treated,160698.32978608788,weekly fresh water
20260522,359,36,Treated,181745.94925147624,weekly fresh water
20260522,359,37,Treated,113072.76791223859,weekly fresh water
20260522,359,38,Treated,94043.78005346679,weekly fresh water
20260522,359,39,Treated,85715.7563554325,weekly fresh water
20260522,359,40,Treated,81857.962879599,weekly fresh water
20260522,359,41,Treated,179955.32403106336,weekly fresh water
20260522,359,42,Treated,162199.1672918248,weekly fresh water
20260522,359,43,Treated,153874.0951434154,weekly fresh water
20260522,359,44,Treated,104207.7243680205,weekly fresh water
20260522,359,45,Treated,55776.29754062491,weekly fresh water
20260522,359,46,Treated,113911.59109030657,weekly fresh water
20260522,359,47,Treated,138193.54957581556,weekly fresh water
20260522,359,48,Treated,93049.20487554996,weekly fresh water
20260522,359,49,Treated,92521.22205988991,weekly fresh water
20260522,359,50,Treated,121826.17111098407,weekly fresh water
20260522,359,51,Treated,97871.34383220313,weekly fresh water
20260522,359,52,Treated,77815.90624340651,weekly fresh water
20260522,359,53,Treated,106261.87459994717,weekly fresh water
20260522,359,54,Treated,195628.54137735398,weekly fresh water
20260522,359,55,Treated,170516.217662949,weekly fresh water
20260522,359,56,Treated,102773.32994837685,weekly fresh water
20260522,359,57,Treated,146418.10643332856,weekly fresh water
20260522,359,58,Treated,215310.53192202476,weekly fresh water
20260522,359,59,Treated,123958.37175417684,weekly fresh water
20260522,359,60,Treated,139990.69002969554,weekly fresh water
20260522,359,61,Treated,129558.45511643385,weekly fresh water
20260522,359,62,Treated,150589.793855829,weekly fresh water
20260522,359,63,Treated,118051.12635276321,weekly fresh water
20260522,359,64,Treated,133138.0515570218,weekly fresh water
20260522,359,65,Treated,124683.83056982596,weekly fresh water
20260522,359,66,Treated,188435.0197326034,weekly fresh water
20260522,359,67,Treated,99790.28261788175,weekly fresh water
20260522,359,69,Treated,109440.81306063736,weekly fresh water
20260522,359,70,Treated,132860.46702794053,weekly fresh water
20260522,359,71,Treated,164667.32730700367,weekly fresh water
20260522,359,72,Treated,172345.23260534235,weekly fresh water
20260522,360,1,Control,82505.79320199403,weekly temperature
20260522,360,2,Control,103274.51571999653,weekly temperature
20260522,360,4,Control,130475.1295532432,weekly temperature
20260522,360,5,Control,67130.15590159978,weekly temperature
20260522,360,6,Control,69432.02821157282,weekly temperature
20260522,360,8,Control,77560.44547142845,weekly temperature
20260522,360,9,Control,118460.8582660295,weekly temperature
20260522,360,10,Control,101724.13910135956,weekly temperature
20260522,360,11,Control,133777.5715001671,weekly temperature
20260522,360,12,Control,206989.30147901914,weekly temperature
20260522,360,13,Control,61652.90288080385,weekly temperature
20260522,360,14,Control,144317.62395373525,weekly temperature
20260522,360,15,Control,119460.88557397098,weekly temperature
20260522,360,16,Control,151401.21405247142,weekly temperature
20260522,360,17,Control,143677.9018909928,weekly temperature
20260522,360,18,Control,145163.7586802095,weekly temperature
20260522,360,19,Control,140044.42271432147,weekly temperature
20260522,360,20,Control,142827.1054381109,weekly temperature
20260522,360,22,Control,63059.53036096253,weekly temperature
20260522,360,23,Control,156375.34621926417,weekly temperature
20260522,360,24,Control,115190.41579647717,weekly temperature
20260522,360,25,Control,162934.54077923685,weekly temperature
20260522,360,26,Control,91857.9822319922,weekly temperature
20260522,360,27,Control,173056.6049664449,weekly temperature
20260522,360,28,Control,163770.1483466133,weekly temperature
20260522,360,29,Control,110584.1054261663,weekly temperature
20260522,360,30,Control,118348.22963856015,weekly temperature
20260522,360,31,Control,100542.90601742375,weekly temperature
20260522,360,32,Control,126096.4311403845,weekly temperature
20260522,360,33,Control,157017.92605398496,weekly temperature
20260522,360,34,Control,129779.66537865628,weekly temperature
20260522,360,35,Control,85859.85219244893,weekly temperature
20260522,360,36,Control,159649.3803235386,weekly temperature
20260522,360,37,Control,97228.88437746179,weekly temperature
20260522,360,38,Control,112849.04601390903,weekly temperature
20260522,360,39,Control,124428.06952003296,weekly temperature
20260522,360,41,Control,98296.33510462563,weekly temperature
20260522,360,42,Control,155365.47231733054,weekly temperature
20260522,360,43,Control,104867.44179160774,weekly temperature
20260522,360,44,Control,92706.33459414767,weekly temperature
20260522,360,45,Control,187873.73131442108,weekly temperature
20260522,360,46,Control,188280.02129375335,weekly temperature
20260522,360,47,Control,107025.49345779221,weekly temperature
20260522,360,48,Control,182156.27114419272,weekly temperature
20260522,360,49,Control,154803.04916462098,weekly temperature
20260522,360,50,Control,142438.80597132773,weekly temperature
20260522,360,51,Control,149838.2080603255,weekly temperature
20260522,360,52,Control,132377.3514257382,weekly temperature
20260522,360,53,Control,203726.3478230861,weekly temperature
20260522,360,54,Control,124262.7205288063,weekly temperature
20260522,360,55,Control,73818.23369604697,weekly temperature
20260522,360,56,Control,226365.41406424812,weekly temperature
20260522,360,57,Control,162315.72546737405,weekly temperature
20260522,360,58,Control,171645.80308905,weekly temperature
20260522,360,59,Control,134484.49423865738,weekly temperature
20260522,360,60,Control,149051.303498914,weekly temperature
20260522,360,61,Control,128595.0598647054,weekly temperature
20260522,360,62,Control,221901.8816080965,weekly temperature
20260522,360,63,Control,104272.51561629616,weekly temperature
20260522,360,64,Control,124149.27562694084,weekly temperature
20260522,360,65,Control,160158.6861353699,weekly temperature
20260522,360,66,Control,189061.49063521915,weekly temperature
20260522,360,67,Control,80042.26749981701,weekly temperature
20260522,360,68,Control,86283.0093458563,weekly temperature
20260522,360,69,Control,128609.07741248872,weekly temperature
20260522,360,70,Control,151050.21762120494,weekly temperature
20260522,360,71,Control,166987.12855927198,weekly temperature
20260522,360,72,Control,106740.99025391451,weekly temperature
20260522,361,1,Treated,117998.13602528862,weekly fresh water
20260522,361,2,Treated,87380.6779482196,weekly fresh water
20260522,361,3,Treated,136664.17816103308,weekly fresh water
20260522,361,4,Treated,69174.09031584507,weekly fresh water
20260522,361,5,Treated,72741.24146700073,weekly fresh water
20260522,361,6,Treated,62695.52219201021,weekly fresh water
20260522,361,7,Treated,94839.20631793674,weekly fresh water
20260522,361,8,Treated,90298.96613531343,weekly fresh water
20260522,361,9,Treated,120500.62405675689,weekly fresh water
20260522,361,10,Treated,95761.21857085548,weekly fresh water
20260522,361,11,Treated,70924.17760175781,weekly fresh water
20260522,361,12,Treated,154086.87691814496,weekly fresh water
20260522,361,13,Treated,97054.53740203941,weekly fresh water
20260522,361,14,Treated,106288.94200970637,weekly fresh water
20260522,361,16,Treated,112931.07054575814,weekly fresh water
20260522,361,17,Treated,85964.2550621693,weekly fresh water
20260522,361,18,Treated,120152.2500358556,weekly fresh water
20260522,361,19,Treated,88016.70913784936,weekly fresh water
20260522,361,20,Treated,157062.38157399063,weekly fresh water
20260522,361,21,Treated,67194.99467307169,weekly fresh water
20260522,361,22,Treated,104128.04184212613,weekly fresh water
20260522,361,23,Treated,172551.03521591958,weekly fresh water
20260522,361,24,Treated,100369.40779563031,weekly fresh water
20260522,361,25,Treated,128488.6655398874,weekly fresh water
20260522,361,26,Treated,131440.2987465181,weekly fresh water
20260522,361,27,Treated,146595.08970725923,weekly fresh water
20260522,361,28,Treated,111533.42123472675,weekly fresh water
20260522,361,29,Treated,128525.31011367899,weekly fresh water
20260522,361,30,Treated,72127.19177307973,weekly fresh water
20260522,361,31,Treated,123149.59920173445,weekly fresh water
20260522,361,32,Treated,108036.06637387567,weekly fresh water
20260522,361,33,Treated,183373.73869013842,weekly fresh water
20260522,361,34,Treated,73889.28205353448,weekly fresh water
20260522,361,35,Treated,174078.25034575045,weekly fresh water
20260522,361,36,Treated,99997.1043576672,weekly fresh water
20260522,361,37,Treated,98093.54387841665,weekly fresh water
20260522,361,38,Treated,93725.21034922698,weekly fresh water
20260522,361,39,Treated,127779.57781563439,weekly fresh water
20260522,361,40,Treated,127161.67938604482,weekly fresh water
20260522,361,41,Treated,89580.16921932485,weekly fresh water
20260522,361,42,Treated,118186.78393126445,weekly fresh water
20260522,361,43,Treated,137575.4305093258,weekly fresh water
20260522,361,44,Treated,84454.68530409297,weekly fresh water
20260522,361,45,Treated,112308.41838425312,weekly fresh water
20260522,361,46,Treated,96183.03827825467,weekly fresh water
20260522,361,47,Treated,116696.00439516429,weekly fresh water
20260522,361,48,Treated,78444.37874468717,weekly fresh water
20260522,361,49,Treated,99195.0088426865,weekly fresh water
20260522,361,50,Treated,197987.65582001334,weekly fresh water
20260522,361,51,Treated,127907.65639935306,weekly fresh water
20260522,361,52,Treated,190216.89099755665,weekly fresh water
20260522,361,53,Treated,140973.75669522688,weekly fresh water
20260522,361,54,Treated,90954.45944198343,weekly fresh water
20260522,361,55,Treated,69383.59652785744,weekly fresh water
20260522,361,56,Treated,107379.04698272035,weekly fresh water
20260522,361,57,Treated,97169.00776678171,weekly fresh water
20260522,361,58,Treated,174538.80393288005,weekly fresh water
20260522,361,59,Treated,156411.71858453416,weekly fresh water
20260522,361,60,Treated,121558.79681356283,weekly fresh water
20260522,361,61,Treated,169084.0666748189,weekly fresh water
