experiment,treatment,date,bag_tag_num,vol
Daily Temperature,Treated,2024-06-10,67,1030.890149624472
Daily Temperature,Treated,2024-06-10,67,1289.9901147488547
Daily Temperature,Treated,2024-06-10,67,809.0242562088475
Daily Temperature,Treated,2024-06-10,67,1155.5648450390802
Daily Temperature,Treated,2024-06-10,67,1030.890149624472
Daily Temperature,Treated,2024-06-10,67,1434.6238583957274
Daily Temperature,Treated,2024-06-10,67,1434.6238583957274
Daily Temperature,Treated,2024-06-10,67,915.5208437732942
Daily Temperature,Treated,2024-06-10,67,710.9800347641703
Daily Temperature,Treated,2024-06-10,67,1289.9901147488547
Daily Temperature,Treated,2024-06-10,67,1155.5648450390802
Daily Temperature,Treated,2024-06-10,67,710.9800347641703
Daily Temperature,Treated,2024-06-10,67,809.0242562088475
Daily Temperature,Treated,2024-06-10,67,1030.890149624472
Daily Temperature,Treated,2024-06-10,67,1756.413191952636
Daily Temperature,Control,2024-06-10,53,1030.890149624472
Daily Temperature,Control,2024-06-10,53,1589.936898175632
Daily Temperature,Control,2024-06-10,53,1030.890149624472
Daily Temperature,Control,2024-06-10,53,809.0242562088475
Daily Temperature,Control,2024-06-10,53,1434.6238583957274
Daily Temperature,Control,2024-06-10,53,1434.6238583957274
Daily Temperature,Control,2024-06-10,53,710.9800347641703
Daily Temperature,Control,2024-06-10,53,1030.890149624472
Daily Temperature,Control,2024-06-10,53,1434.6238583957274
Daily Temperature,Control,2024-06-10,53,1289.9901147488547
Daily Temperature,Control,2024-06-10,53,1434.6238583957274
Daily Temperature,Control,2024-06-10,53,1030.890149624472
Daily Temperature,Control,2024-06-10,53,1289.9901147488547
Daily Temperature,Control,2024-06-10,53,809.0242562088475
Daily Temperature,Control,2024-06-10,53,1289.9901147488547
Daily Temperature,Control,2024-06-10,78,809.0242562088475
Daily Temperature,Control,2024-06-10,78,710.9800347641703
Daily Temperature,Control,2024-06-10,78,1434.6238583957274
Daily Temperature,Control,2024-06-10,78,620.9799603208343
Daily Temperature,Control,2024-06-10,78,1155.5648450390802
Daily Temperature,Control,2024-06-10,78,538.6277705087124
Daily Temperature,Control,2024-06-10,78,915.5208437732942
Daily Temperature,Control,2024-06-10,78,2124.8583639276226
Daily Temperature,Control,2024-06-10,78,1434.6238583957274
Daily Temperature,Control,2024-06-10,78,1155.5648450390802
Daily Temperature,Control,2024-06-10,78,1289.9901147488547
Daily Temperature,Control,2024-06-10,78,710.9800347641703
Daily Temperature,Control,2024-06-10,78,1589.936898175632
Daily Temperature,Control,2024-06-10,78,1434.6238583957274
Daily Temperature,Control,2024-06-10,78,1030.890149624472
Daily Temperature,Treated,2024-06-10,77,538.6277705087124
Daily Temperature,Treated,2024-06-10,77,1289.9901147488547
Daily Temperature,Treated,2024-06-10,77,1434.6238583957274
Daily Temperature,Treated,2024-06-10,77,809.0242562088475
Daily Temperature,Treated,2024-06-10,77,1289.9901147488547
Daily Temperature,Treated,2024-06-10,77,1589.936898175632
Daily Temperature,Treated,2024-06-10,77,2124.8583639276226
Daily Temperature,Treated,2024-06-10,77,1756.413191952636
Daily Temperature,Treated,2024-06-10,77,1155.5648450390802
Daily Temperature,Treated,2024-06-10,77,1155.5648450390802
Daily Temperature,Treated,2024-06-10,77,915.5208437732942
Daily Temperature,Treated,2024-06-10,77,1289.9901147488547
Daily Temperature,Treated,2024-06-10,77,1434.6238583957274
Daily Temperature,Treated,2024-06-10,77,2124.8583639276226
Daily Temperature,Treated,2024-06-10,77,809.0242562088475
Daily Temperature,Treated,2024-06-10,72,1155.5648450390802
Daily Temperature,Treated,2024-06-10,72,2124.8583639276226
Daily Temperature,Treated,2024-06-10,72,1434.6238583957274
Daily Temperature,Treated,2024-06-10,72,1289.9901147488547
Daily Temperature,Treated,2024-06-10,72,915.5208437732942
Daily Temperature,Treated,2024-06-10,72,915.5208437732942
Daily Temperature,Treated,2024-06-10,72,1155.5648450390802
Daily Temperature,Treated,2024-06-10,72,1934.5500512848248
Daily Temperature,Treated,2024-06-10,72,1289.9901147488547
Daily Temperature,Treated,2024-06-10,72,1756.413191952636
Daily Temperature,Treated,2024-06-10,72,2544.1021448909123
Daily Temperature,Treated,2024-06-10,72,1934.5500512848248
Daily Temperature,Treated,2024-06-10,72,1434.6238583957274
Daily Temperature,Treated,2024-06-10,72,1289.9901147488547
Daily Temperature,Treated,2024-06-10,72,1030.890149624472
Daily Temperature,Control,2024-06-10,73,620.9799603208343
Daily Temperature,Control,2024-06-10,73,1030.890149624472
Daily Temperature,Control,2024-06-10,73,710.9800347641703
Daily Temperature,Control,2024-06-10,73,1155.5648450390802
Daily Temperature,Control,2024-06-10,73,1289.9901147488547
Daily Temperature,Control,2024-06-10,73,1434.6238583957274
Daily Temperature,Control,2024-06-10,73,710.9800347641703
Daily Temperature,Control,2024-06-10,73,809.0242562088475
Daily Temperature,Control,2024-06-10,73,915.5208437732942
Daily Temperature,Control,2024-06-10,73,710.9800347641703
Daily Temperature,Control,2024-06-10,73,915.5208437732942
Daily Temperature,Control,2024-06-10,73,710.9800347641703
Daily Temperature,Control,2024-06-10,73,809.0242562088475
Daily Temperature,Control,2024-06-10,73,538.6277705087124
Daily Temperature,Control,2024-06-10,73,710.9800347641703
Daily Temperature,Control,2024-06-10,36,915.5208437732942
Daily Temperature,Control,2024-06-10,36,1030.890149624472
Daily Temperature,Control,2024-06-10,36,1155.5648450390802
Daily Temperature,Control,2024-06-10,36,1434.6238583957274
Daily Temperature,Control,2024-06-10,36,620.9799603208343
Daily Temperature,Control,2024-06-10,36,809.0242562088475
Daily Temperature,Control,2024-06-10,36,809.0242562088475
Daily Temperature,Control,2024-06-10,36,710.9800347641703
Daily Temperature,Control,2024-06-10,36,710.9800347641703
Daily Temperature,Control,2024-06-10,36,915.5208437732942
Daily Temperature,Control,2024-06-10,36,915.5208437732942
Daily Temperature,Control,2024-06-10,36,809.0242562088475
Daily Temperature,Control,2024-06-10,36,1589.936898175632
Daily Temperature,Control,2024-06-10,36,1030.890149624472
Daily Temperature,Control,2024-06-10,36,1030.890149624472
Daily Temperature,Treated,2024-06-10,95,1756.413191952636
Daily Temperature,Treated,2024-06-10,95,809.0242562088475
Daily Temperature,Treated,2024-06-10,95,1434.6238583957274
Daily Temperature,Treated,2024-06-10,95,2544.1021448909123
Daily Temperature,Treated,2024-06-10,95,1589.936898175632
Daily Temperature,Treated,2024-06-10,95,809.0242562088475
Daily Temperature,Treated,2024-06-10,95,809.0242562088475
Daily Temperature,Treated,2024-06-10,95,915.5208437732942
Daily Temperature,Treated,2024-06-10,95,1434.6238583957274
Daily Temperature,Treated,2024-06-10,95,1155.5648450390802
Daily Temperature,Treated,2024-06-10,95,915.5208437732942
Daily Temperature,Treated,2024-06-10,95,809.0242562088475
Daily Temperature,Treated,2024-06-10,95,1155.5648450390802
Daily Temperature,Treated,2024-06-10,95,710.9800347641703
Daily Temperature,Treated,2024-06-10,95,1434.6238583957274
Daily Temperature,Treated,2024-06-10,62,1155.5648450390802
Daily Temperature,Treated,2024-06-10,62,915.5208437732942
Daily Temperature,Treated,2024-06-10,62,1289.9901147488547
Daily Temperature,Treated,2024-06-10,62,1155.5648450390802
Daily Temperature,Treated,2024-06-10,62,1030.890149624472
Daily Temperature,Treated,2024-06-10,62,1155.5648450390802
Daily Temperature,Treated,2024-06-10,62,809.0242562088475
Daily Temperature,Treated,2024-06-10,62,1155.5648450390802
Daily Temperature,Treated,2024-06-10,62,1155.5648450390802
Daily Temperature,Treated,2024-06-10,62,710.9800347641703
Daily Temperature,Treated,2024-06-10,62,915.5208437732942
Daily Temperature,Treated,2024-06-10,62,1934.5500512848248
Daily Temperature,Treated,2024-06-10,62,1289.9901147488547
Daily Temperature,Treated,2024-06-10,62,1289.9901147488547
Daily Temperature,Treated,2024-06-10,62,1030.890149624472
Daily Temperature,Control,2024-06-10,59,915.5208437732942
Daily Temperature,Control,2024-06-10,59,710.9800347641703
Daily Temperature,Control,2024-06-10,59,538.6277705087124
Daily Temperature,Control,2024-06-10,59,1030.890149624472
Daily Temperature,Control,2024-06-10,59,1289.9901147488547
Daily Temperature,Control,2024-06-10,59,1289.9901147488547
Daily Temperature,Control,2024-06-10,59,538.6277705087124
Daily Temperature,Control,2024-06-10,59,710.9800347641703
Daily Temperature,Control,2024-06-10,59,1289.9901147488547
Daily Temperature,Control,2024-06-10,59,1155.5648450390802
Daily Temperature,Control,2024-06-10,59,1289.9901147488547
Daily Temperature,Control,2024-06-10,59,915.5208437732942
Daily Temperature,Control,2024-06-10,59,915.5208437732942
Daily Temperature,Control,2024-06-10,59,1934.5500512848248
Daily Temperature,Control,2024-06-10,59,1155.5648450390802
Daily Temperature,Treated,2024-07-05,67,1934.5500512848248
Daily Temperature,Treated,2024-07-05,67,1434.6238583957274
Daily Temperature,Treated,2024-07-05,67,1155.5648450390802
Daily Temperature,Treated,2024-07-05,67,1289.9901147488547
Daily Temperature,Treated,2024-07-05,67,1589.936898175632
Daily Temperature,Treated,2024-07-05,67,1030.890149624472
Daily Temperature,Treated,2024-07-05,67,1589.936898175632
Daily Temperature,Treated,2024-07-05,67,2124.8583639276226
Daily Temperature,Treated,2024-07-05,67,1589.936898175632
Daily Temperature,Treated,2024-07-05,67,1030.890149624472
Daily Temperature,Treated,2024-07-05,67,1589.936898175632
Daily Temperature,Treated,2024-07-05,67,1756.413191952636
Daily Temperature,Treated,2024-07-05,67,1434.6238583957274
Daily Temperature,Treated,2024-07-05,67,1289.9901147488547
Daily Temperature,Treated,2024-07-05,67,2544.1021448909123
Daily Temperature,Control,2024-07-05,53,1030.890149624472
Daily Temperature,Control,2024-07-05,53,1289.9901147488547
Daily Temperature,Control,2024-07-05,53,1155.5648450390802
Daily Temperature,Control,2024-07-05,53,1934.5500512848248
Daily Temperature,Control,2024-07-05,53,1289.9901147488547
Daily Temperature,Control,2024-07-05,53,1934.5500512848248
Daily Temperature,Control,2024-07-05,53,1289.9901147488547
Daily Temperature,Control,2024-07-05,53,1155.5648450390802
Daily Temperature,Control,2024-07-05,53,1589.936898175632
Daily Temperature,Control,2024-07-05,53,1589.936898175632
Daily Temperature,Control,2024-07-05,53,1289.9901147488547
Daily Temperature,Control,2024-07-05,53,1756.413191952636
Daily Temperature,Control,2024-07-05,53,2124.8583639276226
Daily Temperature,Control,2024-07-05,53,1934.5500512848248
Daily Temperature,Control,2024-07-05,53,809.0242562088475
Daily Temperature,Control,2024-07-05,78,1030.890149624472
Daily Temperature,Control,2024-07-05,78,1289.9901147488547
Daily Temperature,Control,2024-07-05,78,1756.413191952636
Daily Temperature,Control,2024-07-05,78,1589.936898175632
Daily Temperature,Control,2024-07-05,78,1434.6238583957274
Daily Temperature,Control,2024-07-05,78,1289.9901147488547
Daily Temperature,Control,2024-07-05,78,1289.9901147488547
Daily Temperature,Control,2024-07-05,78,1155.5648450390802
Daily Temperature,Control,2024-07-05,78,1030.890149624472
Daily Temperature,Control,2024-07-05,78,2327.8628204771035
Daily Temperature,Control,2024-07-05,78,1434.6238583957274
Daily Temperature,Control,2024-07-05,78,1934.5500512848248
Daily Temperature,Control,2024-07-05,78,1589.936898175632
Daily Temperature,Control,2024-07-05,78,710.9800347641703
Daily Temperature,Control,2024-07-05,78,2774.129328682985
Daily Temperature,Control,2024-07-05,78,1155.5648450390802
Daily Temperature,Control,2024-07-05,78,1289.9901147488547
Daily Temperature,Treated,2024-07-05,77,809.0242562088475
Daily Temperature,Treated,2024-07-05,77,2327.8628204771035
Daily Temperature,Treated,2024-07-05,77,2544.1021448909123
Daily Temperature,Treated,2024-07-05,77,1934.5500512848248
Daily Temperature,Treated,2024-07-05,77,1434.6238583957274
Daily Temperature,Treated,2024-07-05,77,2327.8628204771035
Daily Temperature,Treated,2024-07-05,77,2544.1021448909123
Daily Temperature,Treated,2024-07-05,77,2327.8628204771035
Daily Temperature,Treated,2024-07-05,77,2124.8583639276226
Daily Temperature,Treated,2024-07-05,77,1289.9901147488547
Daily Temperature,Treated,2024-07-05,77,1434.6238583957274
Daily Temperature,Treated,2024-07-05,77,1934.5500512848248
Daily Temperature,Treated,2024-07-05,77,2124.8583639276226
Daily Temperature,Treated,2024-07-05,77,2774.129328682985
Daily Temperature,Treated,2024-07-05,77,1756.413191952636
Daily Temperature,Treated,2024-07-05,77,1289.9901147488547
Daily Temperature,Control,2024-07-05,59,1030.890149624472
Daily Temperature,Control,2024-07-05,59,1756.413191952636
Daily Temperature,Control,2024-07-05,59,1589.936898175632
Daily Temperature,Control,2024-07-05,59,1434.6238583957274
Daily Temperature,Control,2024-07-05,59,915.5208437732942
Daily Temperature,Control,2024-07-05,59,1756.413191952636
Daily Temperature,Control,2024-07-05,59,1589.936898175632
Daily Temperature,Control,2024-07-05,59,1589.936898175632
Daily Temperature,Control,2024-07-05,59,1934.5500512848248
Daily Temperature,Control,2024-07-05,59,1030.890149624472
Daily Temperature,Control,2024-07-05,59,2544.1021448909123
Daily Temperature,Control,2024-07-05,59,1030.890149624472
Daily Temperature,Control,2024-07-05,59,2327.8628204771035
Daily Temperature,Control,2024-07-05,59,1434.6238583957274
Daily Temperature,Control,2024-07-05,59,1756.413191952636
Daily Temperature,Treated,2024-07-05,62,2124.8583639276226
Daily Temperature,Treated,2024-07-05,62,915.5208437732942
Daily Temperature,Treated,2024-07-05,62,1434.6238583957274
Daily Temperature,Treated,2024-07-05,62,809.0242562088475
Daily Temperature,Treated,2024-07-05,62,1934.5500512848248
Daily Temperature,Treated,2024-07-05,62,1934.5500512848248
Daily Temperature,Treated,2024-07-05,62,1756.413191952636
Daily Temperature,Treated,2024-07-05,62,1589.936898175632
Daily Temperature,Treated,2024-07-05,62,1434.6238583957274
Daily Temperature,Treated,2024-07-05,62,1434.6238583957274
Daily Temperature,Treated,2024-07-05,62,915.5208437732942
Daily Temperature,Treated,2024-07-05,62,1756.413191952636
Daily Temperature,Treated,2024-07-05,62,1589.936898175632
Daily Temperature,Treated,2024-07-05,62,1434.6238583957274
Daily Temperature,Treated,2024-07-05,62,1289.9901147488547
Daily Temperature,Treated,2024-07-05,95,1589.936898175632
Daily Temperature,Treated,2024-07-05,95,2327.8628204771035
Daily Temperature,Treated,2024-07-05,95,2124.8583639276226
Daily Temperature,Treated,2024-07-05,95,NA
Daily Temperature,Treated,2024-07-05,95,1756.413191952636
Daily Temperature,Treated,2024-07-05,95,1155.5648450390802
Daily Temperature,Treated,2024-07-05,95,1756.413191952636
Daily Temperature,Treated,2024-07-05,95,1155.5648450390802
Daily Temperature,Treated,2024-07-05,95,1434.6238583957274
Daily Temperature,Treated,2024-07-05,95,1434.6238583957274
Daily Temperature,Treated,2024-07-05,95,1589.936898175632
Daily Temperature,Treated,2024-07-05,95,809.0242562088475
Daily Temperature,Treated,2024-07-05,95,1434.6238583957274
Daily Temperature,Treated,2024-07-05,95,1289.9901147488547
Daily Temperature,Treated,2024-07-05,95,1934.5500512848248
Daily Temperature,Control,2024-07-05,36,1289.9901147488547
Daily Temperature,Control,2024-07-05,36,1030.890149624472
Daily Temperature,Control,2024-07-05,36,1289.9901147488547
Daily Temperature,Control,2024-07-05,36,1030.890149624472
Daily Temperature,Control,2024-07-05,36,2544.1021448909123
Daily Temperature,Control,2024-07-05,36,1589.936898175632
Daily Temperature,Control,2024-07-05,36,1589.936898175632
Daily Temperature,Control,2024-07-05,36,2124.8583639276226
Daily Temperature,Control,2024-07-05,36,1289.9901147488547
Daily Temperature,Control,2024-07-05,36,915.5208437732942
Daily Temperature,Control,2024-07-05,36,1289.9901147488547
Daily Temperature,Control,2024-07-05,36,1030.890149624472
Daily Temperature,Control,2024-07-05,36,1289.9901147488547
Daily Temperature,Control,2024-07-05,36,1030.890149624472
Daily Temperature,Control,2024-07-05,36,1289.9901147488547
Daily Temperature,Control,2024-07-05,73,1589.936898175632
Daily Temperature,Control,2024-07-05,73,1030.890149624472
Daily Temperature,Control,2024-07-05,73,1155.5648450390802
Daily Temperature,Control,2024-07-05,73,915.5208437732942
Daily Temperature,Control,2024-07-05,73,1155.5648450390802
Daily Temperature,Control,2024-07-05,73,1934.5500512848248
Daily Temperature,Control,2024-07-05,73,1434.6238583957274
Daily Temperature,Control,2024-07-05,73,710.9800347641703
Daily Temperature,Control,2024-07-05,73,915.5208437732942
Daily Temperature,Control,2024-07-05,73,710.9800347641703
Daily Temperature,Control,2024-07-05,73,1155.5648450390802
Daily Temperature,Control,2024-07-05,73,710.9800347641703
Daily Temperature,Control,2024-07-05,73,1756.413191952636
Daily Temperature,Control,2024-07-05,73,1289.9901147488547
Daily Temperature,Control,2024-07-05,73,1155.5648450390802
Daily Temperature,Treated,2024-07-05,72,1030.890149624472
Daily Temperature,Treated,2024-07-05,72,3018.5118686339833
Daily Temperature,Treated,2024-07-05,72,2327.8628204771035
Daily Temperature,Treated,2024-07-05,72,1030.890149624472
Daily Temperature,Treated,2024-07-05,72,1289.9901147488547
Daily Temperature,Treated,2024-07-05,72,2327.8628204771035
Daily Temperature,Treated,2024-07-05,72,1934.5500512848248
Daily Temperature,Treated,2024-07-05,72,1589.936898175632
Daily Temperature,Treated,2024-07-05,72,1434.6238583957274
Daily Temperature,Treated,2024-07-05,72,1289.9901147488547
Daily Temperature,Treated,2024-07-05,72,3018.5118686339833
Daily Temperature,Treated,2024-07-05,72,1589.936898175632
Daily Temperature,Treated,2024-07-05,72,1434.6238583957274
Daily Temperature,Treated,2024-07-05,72,1589.936898175632
Daily Temperature,Treated,2024-07-05,72,1289.9901147488547
Daily Temperature,Treated,2024-08-02,67,3277.832007895303
Daily Temperature,Treated,2024-08-02,67,3018.5118686339833
Daily Temperature,Treated,2024-08-02,67,1289.9901147488547
Daily Temperature,Treated,2024-08-02,67,2124.8583639276226
Daily Temperature,Treated,2024-08-02,67,5563.445316352044
Daily Temperature,Treated,2024-08-02,67,3552.686980392725
Daily Temperature,Treated,2024-08-02,67,4819.9385143228255
Daily Temperature,Treated,2024-08-02,67,2544.1021448909123
Daily Temperature,Treated,2024-08-02,67,2774.129328682985
Daily Temperature,Treated,2024-08-02,67,3277.832007895303
Daily Temperature,Treated,2024-08-02,67,4151.466803636096
Daily Temperature,Treated,2024-08-02,67,3552.686980392725
Daily Temperature,Treated,2024-08-02,67,4476.6633206243905
Daily Temperature,Treated,2024-08-02,67,4819.9385143228255
Daily Temperature,Treated,2024-08-02,67,2544.1021448909123
Daily Temperature,Control,2024-08-02,53,4819.9385143228255
Daily Temperature,Control,2024-08-02,53,2124.8583639276226
Daily Temperature,Control,2024-08-02,53,1934.5500512848248
Daily Temperature,Control,2024-08-02,53,3277.832007895303
Daily Temperature,Control,2024-08-02,53,1155.5648450390802
Daily Temperature,Control,2024-08-02,53,3277.832007895303
Daily Temperature,Control,2024-08-02,53,3018.5118686339833
Daily Temperature,Control,2024-08-02,53,3018.5118686339833
Daily Temperature,Control,2024-08-02,53,3018.5118686339833
Daily Temperature,Control,2024-08-02,53,3018.5118686339833
Daily Temperature,Control,2024-08-02,53,1155.5648450390802
Daily Temperature,Control,2024-08-02,53,4151.466803636096
Daily Temperature,Control,2024-08-02,53,3552.686980392725
Daily Temperature,Control,2024-08-02,53,2124.8583639276226
Daily Temperature,Control,2024-08-02,53,2544.1021448909123
Daily Temperature,Control,2024-08-02,78,3277.832007895303
Daily Temperature,Control,2024-08-02,78,1756.413191952636
Daily Temperature,Control,2024-08-02,78,2774.129328682985
Daily Temperature,Control,2024-08-02,78,1756.413191952636
Daily Temperature,Control,2024-08-02,78,3843.6892584582033
Daily Temperature,Control,2024-08-02,78,5181.968349969133
Daily Temperature,Control,2024-08-02,78,2327.8628204771035
Daily Temperature,Control,2024-08-02,78,2327.8628204771035
Daily Temperature,Control,2024-08-02,78,2774.129328682985
Daily Temperature,Control,2024-08-02,78,2544.1021448909123
Daily Temperature,Control,2024-08-02,78,3843.6892584582033
Daily Temperature,Control,2024-08-02,78,2774.129328682985
Daily Temperature,Control,2024-08-02,78,2327.8628204771035
Daily Temperature,Control,2024-08-02,78,2327.8628204771035
Daily Temperature,Control,2024-08-02,78,1756.413191952636
Daily Temperature,Control,2024-08-02,78,2774.129328682985
Daily Temperature,Treated,2024-08-02,77,2544.1021448909123
Daily Temperature,Treated,2024-08-02,77,2774.129328682985
Daily Temperature,Treated,2024-08-02,77,5181.968349969133
Daily Temperature,Treated,2024-08-02,77,3552.686980392725
Daily Temperature,Treated,2024-08-02,77,2327.8628204771035
Daily Temperature,Treated,2024-08-02,77,5965.0786920957435
Daily Temperature,Treated,2024-08-02,77,4151.466803636096
Daily Temperature,Treated,2024-08-02,77,4476.6633206243905
Daily Temperature,Treated,2024-08-02,77,2774.129328682985
Daily Temperature,Treated,2024-08-02,77,5563.445316352044
Daily Temperature,Treated,2024-08-02,77,5965.0786920957435
Daily Temperature,Treated,2024-08-02,77,6387.594815015549
Daily Temperature,Treated,2024-08-02,77,3552.686980392725
Daily Temperature,Treated,2024-08-02,77,5563.445316352044
Daily Temperature,Treated,2024-08-02,77,3018.5118686339833
Daily Temperature,Treated,2024-08-02,77,2774.129328682985
Daily Temperature,Control,2024-08-02,59,2774.129328682985
Daily Temperature,Control,2024-08-02,59,2774.129328682985
Daily Temperature,Control,2024-08-02,59,2327.8628204771035
Daily Temperature,Control,2024-08-02,59,1756.413191952636
Daily Temperature,Control,2024-08-02,59,2327.8628204771035
Daily Temperature,Control,2024-08-02,59,3277.832007895303
Daily Temperature,Control,2024-08-02,59,4151.466803636096
Daily Temperature,Control,2024-08-02,59,2544.1021448909123
Daily Temperature,Control,2024-08-02,59,4819.9385143228255
Daily Temperature,Control,2024-08-02,59,4151.466803636096
Daily Temperature,Control,2024-08-02,59,2327.8628204771035
Daily Temperature,Control,2024-08-02,59,3277.832007895303
Daily Temperature,Control,2024-08-02,59,2124.8583639276226
Daily Temperature,Control,2024-08-02,59,3552.686980392725
Daily Temperature,Control,2024-08-02,59,2124.8583639276226
Daily Temperature,Treated,2024-08-02,62,4819.9385143228255
Daily Temperature,Treated,2024-08-02,62,3843.6892584582033
Daily Temperature,Treated,2024-08-02,62,2124.8583639276226
Daily Temperature,Treated,2024-08-02,62,2327.8628204771035
Daily Temperature,Treated,2024-08-02,62,4151.466803636096
Daily Temperature,Treated,2024-08-02,62,2544.1021448909123
Daily Temperature,Treated,2024-08-02,62,3018.5118686339833
Daily Temperature,Treated,2024-08-02,62,3018.5118686339833
Daily Temperature,Treated,2024-08-02,62,3843.6892584582033
Daily Temperature,Treated,2024-08-02,62,1155.5648450390802
Daily Temperature,Treated,2024-08-02,62,2774.129328682985
Daily Temperature,Treated,2024-08-02,62,3277.832007895303
Daily Temperature,Treated,2024-08-02,62,2774.129328682985
Daily Temperature,Treated,2024-08-02,62,2544.1021448909123
Daily Temperature,Treated,2024-08-02,62,2544.1021448909123
Daily Temperature,Treated,2024-08-02,95,4476.6633206243905
Daily Temperature,Treated,2024-08-02,95,3552.686980392725
Daily Temperature,Treated,2024-08-02,95,4151.466803636096
Daily Temperature,Treated,2024-08-02,95,4151.466803636096
Daily Temperature,Treated,2024-08-02,95,1756.413191952636
Daily Temperature,Treated,2024-08-02,95,3552.686980392725
Daily Temperature,Treated,2024-08-02,95,3552.686980392725
Daily Temperature,Treated,2024-08-02,95,1934.5500512848248
Daily Temperature,Treated,2024-08-02,95,5563.445316352044
Daily Temperature,Treated,2024-08-02,95,3843.6892584582033
Daily Temperature,Treated,2024-08-02,95,2544.1021448909123
Daily Temperature,Treated,2024-08-02,95,3277.832007895303
Daily Temperature,Treated,2024-08-02,95,3552.686980392725
Daily Temperature,Treated,2024-08-02,95,3843.6892584582033
Daily Temperature,Treated,2024-08-02,95,3843.6892584582033
Daily Temperature,Control,2024-08-02,36,1934.5500512848248
Daily Temperature,Control,2024-08-02,36,3018.5118686339833
Daily Temperature,Control,2024-08-02,36,3018.5118686339833
Daily Temperature,Control,2024-08-02,36,4819.9385143228255
Daily Temperature,Control,2024-08-02,36,2327.8628204771035
Daily Temperature,Control,2024-08-02,36,3018.5118686339833
Daily Temperature,Control,2024-08-02,36,3277.832007895303
Daily Temperature,Control,2024-08-02,36,2327.8628204771035
Daily Temperature,Control,2024-08-02,36,2124.8583639276226
Daily Temperature,Control,2024-08-02,36,3843.6892584582033
Daily Temperature,Control,2024-08-02,36,2544.1021448909123
Daily Temperature,Control,2024-08-02,36,3552.686980392725
Daily Temperature,Control,2024-08-02,36,3843.6892584582033
Daily Temperature,Control,2024-08-02,36,3552.686980392725
Daily Temperature,Control,2024-08-02,36,3277.832007895303
Daily Temperature,Control,2024-08-02,36,2124.8583639276226
Daily Temperature,Control,2024-08-02,73,3277.832007895303
Daily Temperature,Control,2024-08-02,73,4819.9385143228255
Daily Temperature,Control,2024-08-02,73,1934.5500512848248
Daily Temperature,Control,2024-08-02,73,3277.832007895303
Daily Temperature,Control,2024-08-02,73,1934.5500512848248
Daily Temperature,Control,2024-08-02,73,620.9799603208343
Daily Temperature,Control,2024-08-02,73,3552.686980392725
Daily Temperature,Control,2024-08-02,73,3018.5118686339833
Daily Temperature,Control,2024-08-02,73,4151.466803636096
Daily Temperature,Control,2024-08-02,73,3018.5118686339833
Daily Temperature,Control,2024-08-02,73,2544.1021448909123
Daily Temperature,Control,2024-08-02,73,4819.9385143228255
Daily Temperature,Control,2024-08-02,73,3843.6892584582033
Daily Temperature,Control,2024-08-02,73,1756.413191952636
Daily Temperature,Control,2024-08-02,73,3277.832007895303
Daily Temperature,Treated,2024-08-02,72,5181.968349969133
Daily Temperature,Treated,2024-08-02,72,2327.8628204771035
Daily Temperature,Treated,2024-08-02,72,4476.6633206243905
Daily Temperature,Treated,2024-08-02,72,6387.594815015549
Daily Temperature,Treated,2024-08-02,72,4819.9385143228255
Daily Temperature,Treated,2024-08-02,72,3018.5118686339833
Daily Temperature,Treated,2024-08-02,72,2327.8628204771035
Daily Temperature,Treated,2024-08-02,72,2544.1021448909123
Daily Temperature,Treated,2024-08-02,72,7298.2675872665905
Daily Temperature,Treated,2024-08-02,72,3843.6892584582033
Daily Temperature,Treated,2024-08-02,72,4151.466803636096
Daily Temperature,Treated,2024-08-02,72,1934.5500512848248
Daily Temperature,Treated,2024-08-02,72,1934.5500512848248
Daily Temperature,Treated,2024-08-02,72,3277.832007895303
Daily Temperature,Treated,2024-08-02,72,3552.686980392725
Daily Temperature,Control,2024-09-13,53,1155.5648450390802
Daily Temperature,Control,2024-09-13,53,5563.445316352044
Daily Temperature,Control,2024-09-13,53,8840.067189718897
Daily Temperature,Control,2024-09-13,53,7298.2675872665905
Daily Temperature,Control,2024-09-13,53,9404.122920058626
Daily Temperature,Control,2024-09-13,53,3018.5118686339833
Daily Temperature,Control,2024-09-13,53,6387.594815015549
Daily Temperature,Control,2024-09-13,53,4819.9385143228255
Daily Temperature,Control,2024-09-13,53,915.5208437732942
Daily Temperature,Control,2024-09-13,53,11258.609510533694
Daily Temperature,Control,2024-09-13,53,9994.646693605337
Daily Temperature,Control,2024-09-13,53,4476.6633206243905
Daily Temperature,Control,2024-09-13,53,9994.646693605337
Daily Temperature,Control,2024-09-13,53,8301.625948952476
Daily Temperature,Control,2024-09-13,53,10612.511389633435
Daily Temperature,Control,2024-09-13,78,11258.609510533694
Daily Temperature,Control,2024-09-13,78,8301.625948952476
Daily Temperature,Control,2024-09-13,78,5563.445316352044
Daily Temperature,Control,2024-09-13,78,4151.466803636096
Daily Temperature,Control,2024-09-13,78,7787.96467548103
Daily Temperature,Control,2024-09-13,78,7787.96467548103
Daily Temperature,Control,2024-09-13,78,5965.0786920957435
Daily Temperature,Control,2024-09-13,78,7787.96467548103
Daily Temperature,Control,2024-09-13,78,5563.445316352044
Daily Temperature,Control,2024-09-13,78,8301.625948952476
Daily Temperature,Control,2024-09-13,78,7298.2675872665905
Daily Temperature,Control,2024-09-13,78,5181.968349969133
Daily Temperature,Control,2024-09-13,78,7787.96467548103
Daily Temperature,Control,2024-09-13,78,6387.594815015549
Daily Temperature,Control,2024-09-13,78,5965.0786920957435
Daily Temperature,Control,2024-09-13,78,3843.6892584582033
Daily Temperature,Control,2024-09-13,78,4476.6633206243905
Daily Temperature,Control,2024-09-13,78,4151.466803636096
Daily Temperature,Control,2024-09-13,59,9404.122920058626
Daily Temperature,Control,2024-09-13,59,14143.890028815054
Daily Temperature,Control,2024-09-13,59,5181.968349969133
Daily Temperature,Control,2024-09-13,59,6387.594815015549
Daily Temperature,Control,2024-09-13,59,9404.122920058626
Daily Temperature,Control,2024-09-13,59,6387.594815015549
Daily Temperature,Control,2024-09-13,59,11933.853482499095
Daily Temperature,Control,2024-09-13,59,6387.594815015549
Daily Temperature,Control,2024-09-13,59,5965.0786920957435
Daily Temperature,Control,2024-09-13,59,7787.96467548103
Daily Temperature,Control,2024-09-13,59,9994.646693605337
Daily Temperature,Control,2024-09-13,59,6831.737354548571
Daily Temperature,Control,2024-09-13,59,7787.96467548103
Daily Temperature,Control,2024-09-13,59,3843.6892584582033
Daily Temperature,Control,2024-09-13,59,8301.625948952476
Daily Temperature,Control,2024-09-13,36,10612.511389633435
Daily Temperature,Control,2024-09-13,36,8840.067189718897
Daily Temperature,Control,2024-09-13,36,7787.96467548103
Daily Temperature,Control,2024-09-13,36,10612.511389633435
Daily Temperature,Control,2024-09-13,36,7298.2675872665905
Daily Temperature,Control,2024-09-13,36,8301.625948952476
Daily Temperature,Control,2024-09-13,36,6387.594815015549
Daily Temperature,Control,2024-09-13,36,11933.853482499095
Daily Temperature,Control,2024-09-13,36,8301.625948952476
Daily Temperature,Control,2024-09-13,36,4819.9385143228255
Daily Temperature,Control,2024-09-13,36,6831.737354548571
Daily Temperature,Control,2024-09-13,36,10612.511389633435
Daily Temperature,Control,2024-09-13,36,7298.2675872665905
Daily Temperature,Control,2024-09-13,36,10612.511389633435
Daily Temperature,Control,2024-09-13,36,6387.594815015549
Daily Temperature,Control,2024-09-13,73,5563.445316352044
Daily Temperature,Control,2024-09-13,73,11258.609510533694
Daily Temperature,Control,2024-09-13,73,6831.737354548571
Daily Temperature,Control,2024-09-13,73,11258.609510533694
Daily Temperature,Control,2024-09-13,73,7298.2675872665905
Daily Temperature,Control,2024-09-13,73,5563.445316352044
Daily Temperature,Control,2024-09-13,73,9404.122920058626
Daily Temperature,Control,2024-09-13,73,2774.129328682985
Daily Temperature,Control,2024-09-13,73,11258.609510533694
Daily Temperature,Control,2024-09-13,73,11933.853482499095
Daily Temperature,Control,2024-09-13,73,12639.175959442438
Daily Temperature,Control,2024-09-13,73,11258.609510533694
Daily Temperature,Control,2024-09-13,73,9994.646693605337
Daily Temperature,Control,2024-09-13,73,6387.594815015549
Daily Temperature,Control,2024-09-13,73,4819.9385143228255
Daily Temperature,Treated,2024-09-13,67,8301.625948952476
Daily Temperature,Treated,2024-09-13,67,7787.96467548103
Daily Temperature,Treated,2024-09-13,67,10612.511389633435
Daily Temperature,Treated,2024-09-13,67,6387.594815015549
Daily Temperature,Treated,2024-09-13,67,5181.968349969133
Daily Temperature,Treated,2024-09-13,67,6831.737354548571
Daily Temperature,Treated,2024-09-13,67,7787.96467548103
Daily Temperature,Treated,2024-09-13,67,11933.853482499095
Daily Temperature,Treated,2024-09-13,67,5563.445316352044
Daily Temperature,Treated,2024-09-13,67,5965.0786920957435
Daily Temperature,Treated,2024-09-13,67,12639.175959442438
Daily Temperature,Treated,2024-09-13,67,8301.625948952476
Daily Temperature,Treated,2024-09-13,67,7298.2675872665905
Daily Temperature,Treated,2024-09-13,67,6387.594815015549
Daily Temperature,Treated,2024-09-13,67,8840.067189718897
Daily Temperature,Treated,2024-09-13,77,10612.511389633435
Daily Temperature,Treated,2024-09-13,77,11258.609510533694
Daily Temperature,Treated,2024-09-13,77,11933.853482499095
Daily Temperature,Treated,2024-09-13,77,9994.646693605337
Daily Temperature,Treated,2024-09-13,77,4819.9385143228255
Daily Temperature,Treated,2024-09-13,77,17557.614835225195
Daily Temperature,Treated,2024-09-13,77,5181.968349969133
Daily Temperature,Treated,2024-09-13,77,8301.625948952476
Daily Temperature,Treated,2024-09-13,77,7787.96467548103
Daily Temperature,Treated,2024-09-13,77,13375.530130167386
Daily Temperature,Treated,2024-09-13,77,14945.250848609618
Daily Temperature,Treated,2024-09-13,77,9994.646693605337
Daily Temperature,Treated,2024-09-13,77,6387.594815015549
Daily Temperature,Treated,2024-09-13,77,6387.594815015549
Daily Temperature,Treated,2024-09-13,77,12639.175959442438
Daily Temperature,Treated,2024-09-13,77,6831.737354548571
Daily Temperature,Treated,2024-09-13,62,9404.122920058626
Daily Temperature,Treated,2024-09-13,62,8840.067189718897
Daily Temperature,Treated,2024-09-13,62,6387.594815015549
Daily Temperature,Treated,2024-09-13,62,7298.2675872665905
Daily Temperature,Treated,2024-09-13,62,11258.609510533694
Daily Temperature,Treated,2024-09-13,62,6387.594815015549
Daily Temperature,Treated,2024-09-13,62,7787.96467548103
Daily Temperature,Treated,2024-09-13,62,5563.445316352044
Daily Temperature,Treated,2024-09-13,62,8840.067189718897
Daily Temperature,Treated,2024-09-13,62,6831.737354548571
Daily Temperature,Treated,2024-09-13,62,6387.594815015549
Daily Temperature,Treated,2024-09-13,62,9404.122920058626
Daily Temperature,Treated,2024-09-13,62,7787.96467548103
Daily Temperature,Treated,2024-09-13,62,5181.968349969133
Daily Temperature,Treated,2024-09-13,62,6387.594815015549
Daily Temperature,Treated,2024-09-13,95,6831.737354548571
Daily Temperature,Treated,2024-09-13,95,7298.2675872665905
Daily Temperature,Treated,2024-09-13,95,13375.530130167386
Daily Temperature,Treated,2024-09-13,95,5965.0786920957435
Daily Temperature,Treated,2024-09-13,95,6831.737354548571
Daily Temperature,Treated,2024-09-13,95,9994.646693605337
Daily Temperature,Treated,2024-09-13,95,11258.609510533694
Daily Temperature,Treated,2024-09-13,95,8840.067189718897
Daily Temperature,Treated,2024-09-13,95,4819.9385143228255
Daily Temperature,Treated,2024-09-13,95,11258.609510533694
Daily Temperature,Treated,2024-09-13,95,11258.609510533694
Daily Temperature,Treated,2024-09-13,95,7787.96467548103
Daily Temperature,Treated,2024-09-13,95,4476.6633206243905
Daily Temperature,Treated,2024-09-13,95,7298.2675872665905
Daily Temperature,Treated,2024-09-13,95,6831.737354548571
Daily Temperature,Treated,2024-09-13,72,10612.511389633435
Daily Temperature,Treated,2024-09-13,72,6387.594815015549
Daily Temperature,Treated,2024-09-13,72,9404.122920058626
Daily Temperature,Treated,2024-09-13,72,8301.625948952476
Daily Temperature,Treated,2024-09-13,72,5563.445316352044
Daily Temperature,Treated,2024-09-13,72,5965.0786920957435
Daily Temperature,Treated,2024-09-13,72,23817.634155675172
Daily Temperature,Treated,2024-09-13,72,4819.9385143228255
Daily Temperature,Treated,2024-09-13,72,7298.2675872665905
Daily Temperature,Treated,2024-09-13,72,6831.737354548571
Daily Temperature,Treated,2024-09-13,72,6387.594815015549
Daily Temperature,Treated,2024-09-13,72,7298.2675872665905
Daily Temperature,Treated,2024-09-13,72,9404.122920058626
Daily Temperature,Treated,2024-09-13,72,9404.122920058626
Daily Temperature,Treated,2024-09-13,72,6831.737354548571
Weekly Temperature,Control,2024-06-10,41,710.9800347641703
Weekly Temperature,Control,2024-06-10,41,710.9800347641703
Weekly Temperature,Control,2024-06-10,41,1756.413191952636
Weekly Temperature,Control,2024-06-10,41,1030.890149624472
Weekly Temperature,Control,2024-06-10,41,1155.5648450390802
Weekly Temperature,Control,2024-06-10,41,1289.9901147488547
Weekly Temperature,Control,2024-06-10,41,1756.413191952636
Weekly Temperature,Control,2024-06-10,41,1030.890149624472
Weekly Temperature,Control,2024-06-10,41,1434.6238583957274
Weekly Temperature,Control,2024-06-10,41,1589.936898175632
Weekly Temperature,Control,2024-06-10,41,710.9800347641703
Weekly Temperature,Control,2024-06-10,41,2124.8583639276226
Weekly Temperature,Control,2024-06-10,41,809.0242562088475
Weekly Temperature,Control,2024-06-10,41,1155.5648450390802
Weekly Temperature,Control,2024-06-10,41,2327.8628204771035
Weekly Temperature,Treated,2024-06-10,56,1589.936898175632
Weekly Temperature,Treated,2024-06-10,56,2124.8583639276226
Weekly Temperature,Treated,2024-06-10,56,915.5208437732942
Weekly Temperature,Treated,2024-06-10,56,1589.936898175632
Weekly Temperature,Treated,2024-06-10,56,3552.686980392725
Weekly Temperature,Treated,2024-06-10,56,4476.6633206243905
Weekly Temperature,Treated,2024-06-10,56,3552.686980392725
Weekly Temperature,Treated,2024-06-10,56,1934.5500512848248
Weekly Temperature,Treated,2024-06-10,56,2124.8583639276226
Weekly Temperature,Treated,2024-06-10,56,1030.890149624472
Weekly Temperature,Treated,2024-06-10,56,5965.0786920957435
Weekly Temperature,Treated,2024-06-10,56,4151.466803636096
Weekly Temperature,Treated,2024-06-10,56,5181.968349969133
Weekly Temperature,Treated,2024-06-10,56,1934.5500512848248
Weekly Temperature,Treated,2024-06-10,56,5563.445316352044
Weekly Temperature,Control,2024-06-10,58,1434.6238583957274
Weekly Temperature,Control,2024-06-10,58,710.9800347641703
Weekly Temperature,Control,2024-06-10,58,1934.5500512848248
Weekly Temperature,Control,2024-06-10,58,1589.936898175632
Weekly Temperature,Control,2024-06-10,58,1934.5500512848248
Weekly Temperature,Control,2024-06-10,58,2124.8583639276226
Weekly Temperature,Control,2024-06-10,58,1030.890149624472
Weekly Temperature,Control,2024-06-10,58,1934.5500512848248
Weekly Temperature,Control,2024-06-10,58,1289.9901147488547
Weekly Temperature,Control,2024-06-10,58,710.9800347641703
Weekly Temperature,Control,2024-06-10,58,915.5208437732942
Weekly Temperature,Control,2024-06-10,58,2124.8583639276226
Weekly Temperature,Control,2024-06-10,58,1030.890149624472
Weekly Temperature,Control,2024-06-10,58,710.9800347641703
Weekly Temperature,Control,2024-06-10,58,3018.5118686339833
Weekly Temperature,Treated,2024-06-10,57,915.5208437732942
Weekly Temperature,Treated,2024-06-10,57,3018.5118686339833
Weekly Temperature,Treated,2024-06-10,57,3843.6892584582033
Weekly Temperature,Treated,2024-06-10,57,4819.9385143228255
Weekly Temperature,Treated,2024-06-10,57,2544.1021448909123
Weekly Temperature,Treated,2024-06-10,57,2774.129328682985
Weekly Temperature,Treated,2024-06-10,57,2544.1021448909123
Weekly Temperature,Treated,2024-06-10,57,1155.5648450390802
Weekly Temperature,Treated,2024-06-10,57,1589.936898175632
Weekly Temperature,Treated,2024-06-10,57,2774.129328682985
Weekly Temperature,Treated,2024-06-10,57,1589.936898175632
Weekly Temperature,Treated,2024-06-10,57,2774.129328682985
Weekly Temperature,Treated,2024-06-10,57,2774.129328682985
Weekly Temperature,Treated,2024-06-10,57,3018.5118686339833
Weekly Temperature,Treated,2024-06-10,57,2774.129328682985
Weekly Temperature,Treated,2024-06-10,65,2774.129328682985
Weekly Temperature,Treated,2024-06-10,65,3018.5118686339833
Weekly Temperature,Treated,2024-06-10,65,2544.1021448909123
Weekly Temperature,Treated,2024-06-10,65,3018.5118686339833
Weekly Temperature,Treated,2024-06-10,65,2124.8583639276226
Weekly Temperature,Treated,2024-06-10,65,2327.8628204771035
Weekly Temperature,Treated,2024-06-10,65,3552.686980392725
Weekly Temperature,Treated,2024-06-10,65,4476.6633206243905
Weekly Temperature,Treated,2024-06-10,65,1434.6238583957274
Weekly Temperature,Treated,2024-06-10,65,3277.832007895303
Weekly Temperature,Treated,2024-06-10,65,3018.5118686339833
Weekly Temperature,Treated,2024-06-10,65,3018.5118686339833
Weekly Temperature,Treated,2024-06-10,65,1589.936898175632
Weekly Temperature,Treated,2024-06-10,65,1756.413191952636
Weekly Temperature,Treated,2024-06-10,65,3018.5118686339833
Weekly Temperature,Control,2024-06-10,66,1589.936898175632
Weekly Temperature,Control,2024-06-10,66,915.5208437732942
Weekly Temperature,Control,2024-06-10,66,1155.5648450390802
Weekly Temperature,Control,2024-06-10,66,333.6718746054324
Weekly Temperature,Control,2024-06-10,66,1289.9901147488547
Weekly Temperature,Control,2024-06-10,66,2544.1021448909123
Weekly Temperature,Control,2024-06-10,66,1289.9901147488547
Weekly Temperature,Control,2024-06-10,66,463.53899497346305
Weekly Temperature,Control,2024-06-10,66,1030.890149624472
Weekly Temperature,Control,2024-06-10,66,1030.890149624472
Weekly Temperature,Control,2024-06-10,66,1756.413191952636
Weekly Temperature,Control,2024-06-10,66,915.5208437732942
Weekly Temperature,Control,2024-06-10,66,1434.6238583957274
Weekly Temperature,Control,2024-06-10,66,620.9799603208343
Weekly Temperature,Control,2024-06-10,66,3552.686980392725
Weekly Temperature,Control,2024-06-10,79,1289.9901147488547
Weekly Temperature,Control,2024-06-10,79,710.9800347641703
Weekly Temperature,Control,2024-06-10,79,620.9799603208343
Weekly Temperature,Control,2024-06-10,79,538.6277705087124
Weekly Temperature,Control,2024-06-10,79,1934.5500512848248
Weekly Temperature,Control,2024-06-10,79,278.18226905155007
Weekly Temperature,Control,2024-06-10,79,1155.5648450390802
Weekly Temperature,Control,2024-06-10,79,1289.9901147488547
Weekly Temperature,Control,2024-06-10,79,915.5208437732942
Weekly Temperature,Control,2024-06-10,79,620.9799603208343
Weekly Temperature,Control,2024-06-10,79,710.9800347641703
Weekly Temperature,Control,2024-06-10,79,1934.5500512848248
Weekly Temperature,Control,2024-06-10,79,620.9799603208343
Weekly Temperature,Control,2024-06-10,79,2327.8628204771035
Weekly Temperature,Control,2024-06-10,79,1289.9901147488547
Weekly Temperature,Treated,2024-06-10,96,2124.8583639276226
Weekly Temperature,Treated,2024-06-10,96,1756.413191952636
Weekly Temperature,Treated,2024-06-10,96,1289.9901147488547
Weekly Temperature,Treated,2024-06-10,96,1756.413191952636
Weekly Temperature,Treated,2024-06-10,96,1434.6238583957274
Weekly Temperature,Treated,2024-06-10,96,915.5208437732942
Weekly Temperature,Treated,2024-06-10,96,1934.5500512848248
Weekly Temperature,Treated,2024-06-10,96,1934.5500512848248
Weekly Temperature,Treated,2024-06-10,96,1589.936898175632
Weekly Temperature,Treated,2024-06-10,96,3018.5118686339833
Weekly Temperature,Treated,2024-06-10,96,1934.5500512848248
Weekly Temperature,Treated,2024-06-10,96,2544.1021448909123
Weekly Temperature,Treated,2024-06-10,96,3277.832007895303
Weekly Temperature,Treated,2024-06-10,96,1756.413191952636
Weekly Temperature,Treated,2024-06-10,96,2327.8628204771035
Weekly Temperature,Control,2024-06-10,75,1030.890149624472
Weekly Temperature,Control,2024-06-10,75,1030.890149624472
Weekly Temperature,Control,2024-06-10,75,1434.6238583957274
Weekly Temperature,Control,2024-06-10,75,710.9800347641703
Weekly Temperature,Control,2024-06-10,75,1289.9901147488547
Weekly Temperature,Control,2024-06-10,75,2327.8628204771035
Weekly Temperature,Control,2024-06-10,75,1155.5648450390802
Weekly Temperature,Control,2024-06-10,75,538.6277705087124
Weekly Temperature,Control,2024-06-10,75,1030.890149624472
Weekly Temperature,Control,2024-06-10,75,620.9799603208343
Weekly Temperature,Control,2024-06-10,75,915.5208437732942
Weekly Temperature,Control,2024-06-10,75,915.5208437732942
Weekly Temperature,Control,2024-06-10,75,1434.6238583957274
Weekly Temperature,Control,2024-06-10,75,1756.413191952636
Weekly Temperature,Control,2024-06-10,75,710.9800347641703
Weekly Temperature,Treated,2024-06-10,74,3018.5118686339833
Weekly Temperature,Treated,2024-06-10,74,3277.832007895303
Weekly Temperature,Treated,2024-06-10,74,3843.6892584582033
Weekly Temperature,Treated,2024-06-10,74,2327.8628204771035
Weekly Temperature,Treated,2024-06-10,74,1434.6238583957274
Weekly Temperature,Treated,2024-06-10,74,1155.5648450390802
Weekly Temperature,Treated,2024-06-10,74,3552.686980392725
Weekly Temperature,Treated,2024-06-10,74,3552.686980392725
Weekly Temperature,Treated,2024-06-10,74,1756.413191952636
Weekly Temperature,Treated,2024-06-10,74,1030.890149624472
Weekly Temperature,Treated,2024-06-10,74,1934.5500512848248
Weekly Temperature,Treated,2024-06-10,74,4819.9385143228255
Weekly Temperature,Treated,2024-06-10,74,1289.9901147488547
Weekly Temperature,Treated,2024-06-10,74,2544.1021448909123
Weekly Temperature,Treated,2024-06-10,74,2774.129328682985
Weekly Temperature,Treated,2024-06-10,76,2774.129328682985
Weekly Temperature,Treated,2024-06-10,76,1934.5500512848248
Weekly Temperature,Treated,2024-06-10,76,2124.8583639276226
Weekly Temperature,Treated,2024-06-10,76,2544.1021448909123
Weekly Temperature,Treated,2024-06-10,76,3552.686980392725
Weekly Temperature,Treated,2024-06-10,76,NA
Weekly Temperature,Treated,2024-06-10,76,915.5208437732942
Weekly Temperature,Treated,2024-06-10,76,1155.5648450390802
Weekly Temperature,Treated,2024-06-10,76,2544.1021448909123
Weekly Temperature,Treated,2024-06-10,76,2327.8628204771035
Weekly Temperature,Treated,2024-06-10,76,3843.6892584582033
Weekly Temperature,Treated,2024-06-10,76,4151.466803636096
Weekly Temperature,Treated,2024-06-10,76,5181.968349969133
Weekly Temperature,Treated,2024-06-10,76,2774.129328682985
Weekly Temperature,Treated,2024-06-10,76,1934.5500512848248
Weekly Temperature,Control,2024-06-10,63,809.0242562088475
Weekly Temperature,Control,2024-06-10,63,620.9799603208343
Weekly Temperature,Control,2024-06-10,63,809.0242562088475
Weekly Temperature,Control,2024-06-10,63,3277.832007895303
Weekly Temperature,Control,2024-06-10,63,1434.6238583957274
Weekly Temperature,Control,2024-06-10,63,809.0242562088475
Weekly Temperature,Control,2024-06-10,63,809.0242562088475
Weekly Temperature,Control,2024-06-10,63,1434.6238583957274
Weekly Temperature,Control,2024-06-10,63,1434.6238583957274
Weekly Temperature,Control,2024-06-10,63,915.5208437732942
Weekly Temperature,Control,2024-06-10,63,710.9800347641703
Weekly Temperature,Control,2024-06-10,63,1155.5648450390802
Weekly Temperature,Control,2024-06-10,63,1030.890149624472
Weekly Temperature,Control,2024-06-10,63,809.0242562088475
Weekly Temperature,Control,2024-06-10,63,915.5208437732942
Weekly Temperature,Control,2024-06-10,92,1030.890149624472
Weekly Temperature,Control,2024-06-10,92,2327.8628204771035
Weekly Temperature,Control,2024-06-10,92,1434.6238583957274
Weekly Temperature,Control,2024-06-10,92,2544.1021448909123
Weekly Temperature,Control,2024-06-10,92,915.5208437732942
Weekly Temperature,Control,2024-06-10,92,2544.1021448909123
Weekly Temperature,Control,2024-06-10,92,915.5208437732942
Weekly Temperature,Control,2024-06-10,92,1289.9901147488547
Weekly Temperature,Control,2024-06-10,92,1289.9901147488547
Weekly Temperature,Control,2024-06-10,92,1289.9901147488547
Weekly Temperature,Control,2024-06-10,92,2327.8628204771035
Weekly Temperature,Control,2024-06-10,92,3277.832007895303
Weekly Temperature,Control,2024-06-10,92,2544.1021448909123
Weekly Temperature,Control,2024-06-10,92,1756.413191952636
Weekly Temperature,Control,2024-06-10,92,2327.8628204771035
Weekly Temperature,Control,2024-06-10,64,1289.9901147488547
Weekly Temperature,Control,2024-06-10,64,915.5208437732942
Weekly Temperature,Control,2024-06-10,64,1155.5648450390802
Weekly Temperature,Control,2024-06-10,64,620.9799603208343
Weekly Temperature,Control,2024-06-10,64,1934.5500512848248
Weekly Temperature,Control,2024-06-10,64,1289.9901147488547
Weekly Temperature,Control,2024-06-10,64,1756.413191952636
Weekly Temperature,Control,2024-06-10,64,1289.9901147488547
Weekly Temperature,Control,2024-06-10,64,2124.8583639276226
Weekly Temperature,Control,2024-06-10,64,2327.8628204771035
Weekly Temperature,Control,2024-06-10,64,3843.6892584582033
Weekly Temperature,Control,2024-06-10,64,1756.413191952636
Weekly Temperature,Control,2024-06-10,64,1589.936898175632
Weekly Temperature,Control,2024-06-10,64,538.6277705087124
Weekly Temperature,Control,2024-06-10,64,2774.129328682985
Weekly Temperature,Treated,2024-06-10,71,2774.129328682985
Weekly Temperature,Treated,2024-06-10,71,3018.5118686339833
Weekly Temperature,Treated,2024-06-10,71,2124.8583639276226
Weekly Temperature,Treated,2024-06-10,71,1434.6238583957274
Weekly Temperature,Treated,2024-06-10,71,3018.5118686339833
Weekly Temperature,Treated,2024-06-10,71,1756.413191952636
Weekly Temperature,Treated,2024-06-10,71,3277.832007895303
Weekly Temperature,Treated,2024-06-10,71,2774.129328682985
Weekly Temperature,Treated,2024-06-10,71,1434.6238583957274
Weekly Temperature,Treated,2024-06-10,71,2544.1021448909123
Weekly Temperature,Treated,2024-06-10,71,2327.8628204771035
Weekly Temperature,Treated,2024-06-10,71,5181.968349969133
Weekly Temperature,Treated,2024-06-10,71,3018.5118686339833
Weekly Temperature,Treated,2024-06-10,71,2124.8583639276226
Weekly Temperature,Treated,2024-06-10,71,2327.8628204771035
Weekly Temperature,Control,2024-06-10,43,3552.686980392725
Weekly Temperature,Control,2024-06-10,43,2124.8583639276226
Weekly Temperature,Control,2024-06-10,43,1289.9901147488547
Weekly Temperature,Control,2024-06-10,43,2774.129328682985
Weekly Temperature,Control,2024-06-10,43,1289.9901147488547
Weekly Temperature,Control,2024-06-10,43,4151.466803636096
Weekly Temperature,Control,2024-06-10,43,3277.832007895303
Weekly Temperature,Control,2024-06-10,43,2124.8583639276226
Weekly Temperature,Control,2024-06-10,43,2774.129328682985
Weekly Temperature,Control,2024-06-10,43,1756.413191952636
Weekly Temperature,Control,2024-06-10,43,1155.5648450390802
Weekly Temperature,Control,2024-06-10,43,1030.890149624472
Weekly Temperature,Control,2024-06-10,43,4819.9385143228255
Weekly Temperature,Control,2024-06-10,43,2544.1021448909123
Weekly Temperature,Control,2024-06-10,43,3552.686980392725
Weekly Temperature,Treated,2024-06-10,44,2544.1021448909123
Weekly Temperature,Treated,2024-06-10,44,2327.8628204771035
Weekly Temperature,Treated,2024-06-10,44,3018.5118686339833
Weekly Temperature,Treated,2024-06-10,44,2124.8583639276226
Weekly Temperature,Treated,2024-06-10,44,1434.6238583957274
Weekly Temperature,Treated,2024-06-10,44,2327.8628204771035
Weekly Temperature,Treated,2024-06-10,44,3018.5118686339833
Weekly Temperature,Treated,2024-06-10,44,1589.936898175632
Weekly Temperature,Treated,2024-06-10,44,1155.5648450390802
Weekly Temperature,Treated,2024-06-10,44,915.5208437732942
Weekly Temperature,Treated,2024-06-10,44,1589.936898175632
Weekly Temperature,Treated,2024-06-10,44,3018.5118686339833
Weekly Temperature,Treated,2024-06-10,44,3018.5118686339833
Weekly Temperature,Treated,2024-06-10,44,2544.1021448909123
Weekly Temperature,Treated,2024-06-10,44,1434.6238583957274
Weekly Temperature,Treated,2024-06-10,61,3843.6892584582033
Weekly Temperature,Treated,2024-06-10,61,3277.832007895303
Weekly Temperature,Treated,2024-06-10,61,1589.936898175632
Weekly Temperature,Treated,2024-06-10,61,2544.1021448909123
Weekly Temperature,Treated,2024-06-10,61,3843.6892584582033
Weekly Temperature,Treated,2024-06-10,61,3552.686980392725
Weekly Temperature,Treated,2024-06-10,61,2327.8628204771035
Weekly Temperature,Treated,2024-06-10,61,1756.413191952636
Weekly Temperature,Treated,2024-06-10,61,5181.968349969133
Weekly Temperature,Treated,2024-06-10,61,3552.686980392725
Weekly Temperature,Treated,2024-06-10,61,2327.8628204771035
Weekly Temperature,Treated,2024-06-10,61,3277.832007895303
Weekly Temperature,Treated,2024-06-10,61,2327.8628204771035
Weekly Temperature,Treated,2024-06-10,61,3018.5118686339833
Weekly Temperature,Treated,2024-06-10,61,1589.936898175632
Weekly Temperature,Control,2024-06-10,55,915.5208437732942
Weekly Temperature,Control,2024-06-10,55,1756.413191952636
Weekly Temperature,Control,2024-06-10,55,1589.936898175632
Weekly Temperature,Control,2024-06-10,55,2124.8583639276226
Weekly Temperature,Control,2024-06-10,55,3018.5118686339833
Weekly Temperature,Control,2024-06-10,55,3552.686980392725
Weekly Temperature,Control,2024-06-10,55,3018.5118686339833
Weekly Temperature,Control,2024-06-10,55,2124.8583639276226
Weekly Temperature,Control,2024-06-10,55,2544.1021448909123
Weekly Temperature,Control,2024-06-10,55,2124.8583639276226
Weekly Temperature,Control,2024-06-10,55,710.9800347641703
Weekly Temperature,Control,2024-06-10,55,2544.1021448909123
Weekly Temperature,Control,2024-06-10,55,2544.1021448909123
Weekly Temperature,Control,2024-06-10,55,2327.8628204771035
Weekly Temperature,Control,2024-06-10,55,2774.129328682985
Weekly Temperature,Treated,2024-06-10,80,4151.466803636096
Weekly Temperature,Treated,2024-06-10,80,2124.8583639276226
Weekly Temperature,Treated,2024-06-10,80,2124.8583639276226
Weekly Temperature,Treated,2024-06-10,80,1756.413191952636
Weekly Temperature,Treated,2024-06-10,80,1589.936898175632
Weekly Temperature,Treated,2024-06-10,80,1756.413191952636
Weekly Temperature,Treated,2024-06-10,80,2544.1021448909123
Weekly Temperature,Treated,2024-06-10,80,3277.832007895303
Weekly Temperature,Treated,2024-06-10,80,2774.129328682985
Weekly Temperature,Treated,2024-06-10,80,2124.8583639276226
Weekly Temperature,Treated,2024-06-10,80,1434.6238583957274
Weekly Temperature,Treated,2024-06-10,80,2124.8583639276226
Weekly Temperature,Treated,2024-06-10,80,2327.8628204771035
Weekly Temperature,Treated,2024-06-10,80,2544.1021448909123
Weekly Temperature,Treated,2024-06-10,80,2327.8628204771035
Weekly Temperature,Control,2024-06-10,42,1289.9901147488547
Weekly Temperature,Control,2024-06-10,42,2544.1021448909123
Weekly Temperature,Control,2024-06-10,42,1589.936898175632
Weekly Temperature,Control,2024-06-10,42,1934.5500512848248
Weekly Temperature,Control,2024-06-10,42,1155.5648450390802
Weekly Temperature,Control,2024-06-10,42,2327.8628204771035
Weekly Temperature,Control,2024-06-10,42,2124.8583639276226
Weekly Temperature,Control,2024-06-10,42,2124.8583639276226
Weekly Temperature,Control,2024-06-10,42,2327.8628204771035
Weekly Temperature,Control,2024-06-10,42,2327.8628204771035
Weekly Temperature,Control,2024-06-10,42,2544.1021448909123
Weekly Temperature,Control,2024-06-10,42,1289.9901147488547
Weekly Temperature,Control,2024-06-10,42,3018.5118686339833
Weekly Temperature,Control,2024-06-10,42,809.0242562088475
Weekly Temperature,Control,2024-06-10,42,463.53899497346305
Weekly Temperature,Treated,2024-06-10,93,1434.6238583957274
Weekly Temperature,Treated,2024-06-10,93,2124.8583639276226
Weekly Temperature,Treated,2024-06-10,93,1155.5648450390802
Weekly Temperature,Treated,2024-06-10,93,1756.413191952636
Weekly Temperature,Treated,2024-06-10,93,2774.129328682985
Weekly Temperature,Treated,2024-06-10,93,1289.9901147488547
Weekly Temperature,Treated,2024-06-10,93,809.0242562088475
Weekly Temperature,Treated,2024-06-10,93,1589.936898175632
Weekly Temperature,Treated,2024-06-10,93,3277.832007895303
Weekly Temperature,Treated,2024-06-10,93,3277.832007895303
Weekly Temperature,Treated,2024-06-10,93,1434.6238583957274
Weekly Temperature,Treated,2024-06-10,93,2327.8628204771035
Weekly Temperature,Treated,2024-06-10,93,1934.5500512848248
Weekly Temperature,Treated,2024-06-10,93,2327.8628204771035
Weekly Temperature,Treated,2024-06-10,93,1289.9901147488547
Weekly Temperature,Treated,2024-07-05,65,5563.445316352044
Weekly Temperature,Treated,2024-07-05,65,4476.6633206243905
Weekly Temperature,Treated,2024-07-05,65,3552.686980392725
Weekly Temperature,Treated,2024-07-05,65,6387.594815015549
Weekly Temperature,Treated,2024-07-05,65,4151.466803636096
Weekly Temperature,Treated,2024-07-05,65,3843.6892584582033
Weekly Temperature,Treated,2024-07-05,65,4819.9385143228255
Weekly Temperature,Treated,2024-07-05,65,4819.9385143228255
Weekly Temperature,Treated,2024-07-05,65,6387.594815015549
Weekly Temperature,Treated,2024-07-05,65,5965.0786920957435
Weekly Temperature,Treated,2024-07-05,65,3552.686980392725
Weekly Temperature,Treated,2024-07-05,65,4819.9385143228255
Weekly Temperature,Treated,2024-07-05,65,2327.8628204771035
Weekly Temperature,Treated,2024-07-05,65,4819.9385143228255
Weekly Temperature,Treated,2024-07-05,65,3018.5118686339833
Weekly Temperature,Control,2024-07-05,66,1934.5500512848248
Weekly Temperature,Control,2024-07-05,66,809.0242562088475
Weekly Temperature,Control,2024-07-05,66,1756.413191952636
Weekly Temperature,Control,2024-07-05,66,1934.5500512848248
Weekly Temperature,Control,2024-07-05,66,710.9800347641703
Weekly Temperature,Control,2024-07-05,66,2774.129328682985
Weekly Temperature,Control,2024-07-05,66,1934.5500512848248
Weekly Temperature,Control,2024-07-05,66,2124.8583639276226
Weekly Temperature,Control,2024-07-05,66,1934.5500512848248
Weekly Temperature,Control,2024-07-05,66,2544.1021448909123
Weekly Temperature,Control,2024-07-05,66,1289.9901147488547
Weekly Temperature,Control,2024-07-05,66,4476.6633206243905
Weekly Temperature,Control,2024-07-05,66,2124.8583639276226
Weekly Temperature,Control,2024-07-05,66,1589.936898175632
Weekly Temperature,Control,2024-07-05,66,3277.832007895303
Weekly Temperature,Control,2024-07-05,79,2327.8628204771035
Weekly Temperature,Control,2024-07-05,79,1289.9901147488547
Weekly Temperature,Control,2024-07-05,79,1030.890149624472
Weekly Temperature,Control,2024-07-05,79,2544.1021448909123
Weekly Temperature,Control,2024-07-05,79,3552.686980392725
Weekly Temperature,Control,2024-07-05,79,1030.890149624472
Weekly Temperature,Control,2024-07-05,79,2327.8628204771035
Weekly Temperature,Control,2024-07-05,79,538.6277705087124
Weekly Temperature,Control,2024-07-05,79,1289.9901147488547
Weekly Temperature,Control,2024-07-05,79,1756.413191952636
Weekly Temperature,Control,2024-07-05,79,5563.445316352044
Weekly Temperature,Control,2024-07-05,79,2544.1021448909123
Weekly Temperature,Control,2024-07-05,79,1289.9901147488547
Weekly Temperature,Control,2024-07-05,79,2124.8583639276226
Weekly Temperature,Control,2024-07-05,79,1289.9901147488547
Weekly Temperature,Treated,2024-07-05,96,4476.6633206243905
Weekly Temperature,Treated,2024-07-05,96,3277.832007895303
Weekly Temperature,Treated,2024-07-05,96,2544.1021448909123
Weekly Temperature,Treated,2024-07-05,96,2124.8583639276226
Weekly Temperature,Treated,2024-07-05,96,2774.129328682985
Weekly Temperature,Treated,2024-07-05,96,1434.6238583957274
Weekly Temperature,Treated,2024-07-05,96,3277.832007895303
Weekly Temperature,Treated,2024-07-05,96,2774.129328682985
Weekly Temperature,Treated,2024-07-05,96,3552.686980392725
Weekly Temperature,Treated,2024-07-05,96,4476.6633206243905
Weekly Temperature,Treated,2024-07-05,96,5181.968349969133
Weekly Temperature,Treated,2024-07-05,96,3277.832007895303
Weekly Temperature,Treated,2024-07-05,96,5181.968349969133
Weekly Temperature,Treated,2024-07-05,96,3552.686980392725
Weekly Temperature,Treated,2024-07-05,96,4819.9385143228255
Weekly Temperature,Treated,2024-07-05,93,4819.9385143228255
Weekly Temperature,Treated,2024-07-05,93,2774.129328682985
Weekly Temperature,Treated,2024-07-05,93,5181.968349969133
Weekly Temperature,Treated,2024-07-05,93,1756.413191952636
Weekly Temperature,Treated,2024-07-05,93,4476.6633206243905
Weekly Temperature,Treated,2024-07-05,93,4151.466803636096
Weekly Temperature,Treated,2024-07-05,93,4819.9385143228255
Weekly Temperature,Treated,2024-07-05,93,2544.1021448909123
Weekly Temperature,Treated,2024-07-05,93,3843.6892584582033
Weekly Temperature,Treated,2024-07-05,93,2544.1021448909123
Weekly Temperature,Treated,2024-07-05,93,2124.8583639276226
Weekly Temperature,Treated,2024-07-05,93,2327.8628204771035
Weekly Temperature,Treated,2024-07-05,93,3552.686980392725
Weekly Temperature,Treated,2024-07-05,93,3018.5118686339833
Weekly Temperature,Treated,2024-07-05,93,3018.5118686339833
Weekly Temperature,Control,2024-07-05,42,1934.5500512848248
Weekly Temperature,Control,2024-07-05,42,3018.5118686339833
Weekly Temperature,Control,2024-07-05,42,3277.832007895303
Weekly Temperature,Control,2024-07-05,42,1589.936898175632
Weekly Temperature,Control,2024-07-05,42,4151.466803636096
Weekly Temperature,Control,2024-07-05,42,2124.8583639276226
Weekly Temperature,Control,2024-07-05,42,3277.832007895303
Weekly Temperature,Control,2024-07-05,42,2544.1021448909123
Weekly Temperature,Control,2024-07-05,42,2774.129328682985
Weekly Temperature,Control,2024-07-05,42,3552.686980392725
Weekly Temperature,Control,2024-07-05,42,1756.413191952636
Weekly Temperature,Control,2024-07-05,42,1934.5500512848248
Weekly Temperature,Control,2024-07-05,42,1155.5648450390802
Weekly Temperature,Control,2024-07-05,42,1434.6238583957274
Weekly Temperature,Control,2024-07-05,42,3552.686980392725
Weekly Temperature,Control,2024-07-05,58,1030.890149624472
Weekly Temperature,Control,2024-07-05,58,1155.5648450390802
Weekly Temperature,Control,2024-07-05,58,3843.6892584582033
Weekly Temperature,Control,2024-07-05,58,2774.129328682985
Weekly Temperature,Control,2024-07-05,58,2124.8583639276226
Weekly Temperature,Control,2024-07-05,58,1756.413191952636
Weekly Temperature,Control,2024-07-05,58,1030.890149624472
Weekly Temperature,Control,2024-07-05,58,3277.832007895303
Weekly Temperature,Control,2024-07-05,58,4476.6633206243905
Weekly Temperature,Control,2024-07-05,58,4819.9385143228255
Weekly Temperature,Control,2024-07-05,58,2774.129328682985
Weekly Temperature,Control,2024-07-05,58,2544.1021448909123
Weekly Temperature,Control,2024-07-05,58,1756.413191952636
Weekly Temperature,Control,2024-07-05,58,2327.8628204771035
Weekly Temperature,Control,2024-07-05,58,1934.5500512848248
Weekly Temperature,Treated,2024-07-05,57,3277.832007895303
Weekly Temperature,Treated,2024-07-05,57,5181.968349969133
Weekly Temperature,Treated,2024-07-05,57,4819.9385143228255
Weekly Temperature,Treated,2024-07-05,57,2544.1021448909123
Weekly Temperature,Treated,2024-07-05,57,1589.936898175632
Weekly Temperature,Treated,2024-07-05,57,5181.968349969133
Weekly Temperature,Treated,2024-07-05,57,7298.2675872665905
Weekly Temperature,Treated,2024-07-05,57,4151.466803636096
Weekly Temperature,Treated,2024-07-05,57,4476.6633206243905
Weekly Temperature,Treated,2024-07-05,57,4819.9385143228255
Weekly Temperature,Treated,2024-07-05,57,7787.96467548103
Weekly Temperature,Treated,2024-07-05,57,2327.8628204771035
Weekly Temperature,Treated,2024-07-05,57,1756.413191952636
Weekly Temperature,Treated,2024-07-05,57,3843.6892584582033
Weekly Temperature,Treated,2024-07-05,57,3018.5118686339833
Weekly Temperature,Control,2024-07-05,75,2124.8583639276226
Weekly Temperature,Control,2024-07-05,75,1934.5500512848248
Weekly Temperature,Control,2024-07-05,75,1155.5648450390802
Weekly Temperature,Control,2024-07-05,75,1289.9901147488547
Weekly Temperature,Control,2024-07-05,75,1589.936898175632
Weekly Temperature,Control,2024-07-05,75,2124.8583639276226
Weekly Temperature,Control,2024-07-05,75,1756.413191952636
Weekly Temperature,Control,2024-07-05,75,2124.8583639276226
Weekly Temperature,Control,2024-07-05,75,1289.9901147488547
Weekly Temperature,Control,2024-07-05,75,1756.413191952636
Weekly Temperature,Control,2024-07-05,75,2124.8583639276226
Weekly Temperature,Control,2024-07-05,75,1934.5500512848248
Weekly Temperature,Control,2024-07-05,75,4151.466803636096
Weekly Temperature,Control,2024-07-05,75,1434.6238583957274
Weekly Temperature,Control,2024-07-05,75,1434.6238583957274
Weekly Temperature,Treated,2024-07-05,74,3843.6892584582033
Weekly Temperature,Treated,2024-07-05,74,8301.625948952476
Weekly Temperature,Treated,2024-07-05,74,6831.737354548571
Weekly Temperature,Treated,2024-07-05,74,3018.5118686339833
Weekly Temperature,Treated,2024-07-05,74,1756.413191952636
Weekly Temperature,Treated,2024-07-05,74,2327.8628204771035
Weekly Temperature,Treated,2024-07-05,74,3018.5118686339833
Weekly Temperature,Treated,2024-07-05,74,4819.9385143228255
Weekly Temperature,Treated,2024-07-05,74,4151.466803636096
Weekly Temperature,Treated,2024-07-05,74,4819.9385143228255
Weekly Temperature,Treated,2024-07-05,74,2327.8628204771035
Weekly Temperature,Treated,2024-07-05,74,7298.2675872665905
Weekly Temperature,Treated,2024-07-05,74,5181.968349969133
Weekly Temperature,Treated,2024-07-05,74,5181.968349969133
Weekly Temperature,Treated,2024-07-05,74,3018.5118686339833
Weekly Temperature,Treated,2024-07-05,76,5965.0786920957435
Weekly Temperature,Treated,2024-07-05,76,2544.1021448909123
Weekly Temperature,Treated,2024-07-05,76,3552.686980392725
Weekly Temperature,Treated,2024-07-05,76,2124.8583639276226
Weekly Temperature,Treated,2024-07-05,76,3277.832007895303
Weekly Temperature,Treated,2024-07-05,76,4151.466803636096
Weekly Temperature,Treated,2024-07-05,76,3018.5118686339833
Weekly Temperature,Treated,2024-07-05,76,3843.6892584582033
Weekly Temperature,Treated,2024-07-05,76,1589.936898175632
Weekly Temperature,Treated,2024-07-05,76,6387.594815015549
Weekly Temperature,Treated,2024-07-05,76,5965.0786920957435
Weekly Temperature,Treated,2024-07-05,76,4151.466803636096
Weekly Temperature,Treated,2024-07-05,76,5181.968349969133
Weekly Temperature,Treated,2024-07-05,76,4476.6633206243905
Weekly Temperature,Treated,2024-07-05,76,3552.686980392725
Weekly Temperature,Control,2024-07-05,63,1589.936898175632
Weekly Temperature,Control,2024-07-05,63,1155.5648450390802
Weekly Temperature,Control,2024-07-05,63,1155.5648450390802
Weekly Temperature,Control,2024-07-05,63,1155.5648450390802
Weekly Temperature,Control,2024-07-05,63,2124.8583639276226
Weekly Temperature,Control,2024-07-05,63,1434.6238583957274
Weekly Temperature,Control,2024-07-05,63,1934.5500512848248
Weekly Temperature,Control,2024-07-05,63,1434.6238583957274
Weekly Temperature,Control,2024-07-05,63,1934.5500512848248
Weekly Temperature,Control,2024-07-05,63,1434.6238583957274
Weekly Temperature,Control,2024-07-05,63,1155.5648450390802
Weekly Temperature,Control,2024-07-05,63,1434.6238583957274
Weekly Temperature,Control,2024-07-05,63,2544.1021448909123
Weekly Temperature,Control,2024-07-05,63,1589.936898175632
Weekly Temperature,Control,2024-07-05,63,1289.9901147488547
Weekly Temperature,Treated,2024-07-05,56,7298.2675872665905
Weekly Temperature,Treated,2024-07-05,56,3843.6892584582033
Weekly Temperature,Treated,2024-07-05,56,3277.832007895303
Weekly Temperature,Treated,2024-07-05,56,5181.968349969133
Weekly Temperature,Treated,2024-07-05,56,3018.5118686339833
Weekly Temperature,Treated,2024-07-05,56,3277.832007895303
Weekly Temperature,Treated,2024-07-05,56,3843.6892584582033
Weekly Temperature,Treated,2024-07-05,56,3843.6892584582033
Weekly Temperature,Treated,2024-07-05,56,3277.832007895303
Weekly Temperature,Treated,2024-07-05,56,2774.129328682985
Weekly Temperature,Treated,2024-07-05,56,5563.445316352044
Weekly Temperature,Treated,2024-07-05,56,6831.737354548571
Weekly Temperature,Treated,2024-07-05,56,2327.8628204771035
Weekly Temperature,Treated,2024-07-05,56,3552.686980392725
Weekly Temperature,Treated,2024-07-05,56,5181.968349969133
Weekly Temperature,Treated,2024-07-05,56,6831.737354548571
Weekly Temperature,Treated,2024-07-05,56,8301.625948952476
Weekly Temperature,Control,2024-07-05,41,3018.5118686339833
Weekly Temperature,Control,2024-07-05,41,2774.129328682985
Weekly Temperature,Control,2024-07-05,41,2124.8583639276226
Weekly Temperature,Control,2024-07-05,41,3277.832007895303
Weekly Temperature,Control,2024-07-05,41,1934.5500512848248
Weekly Temperature,Control,2024-07-05,41,4476.6633206243905
Weekly Temperature,Control,2024-07-05,41,5181.968349969133
Weekly Temperature,Control,2024-07-05,41,2544.1021448909123
Weekly Temperature,Control,2024-07-05,41,3552.686980392725
Weekly Temperature,Control,2024-07-05,41,2327.8628204771035
Weekly Temperature,Control,2024-07-05,41,3552.686980392725
Weekly Temperature,Control,2024-07-05,41,1589.936898175632
Weekly Temperature,Control,2024-07-05,41,3018.5118686339833
Weekly Temperature,Control,2024-07-05,41,3277.832007895303
Weekly Temperature,Control,2024-07-05,41,2124.8583639276226
Weekly Temperature,Control,2024-07-05,92,3552.686980392725
Weekly Temperature,Control,2024-07-05,92,1589.936898175632
Weekly Temperature,Control,2024-07-05,92,3552.686980392725
Weekly Temperature,Control,2024-07-05,92,5965.0786920957435
Weekly Temperature,Control,2024-07-05,92,4151.466803636096
Weekly Temperature,Control,2024-07-05,92,2327.8628204771035
Weekly Temperature,Control,2024-07-05,92,3018.5118686339833
Weekly Temperature,Control,2024-07-05,92,3552.686980392725
Weekly Temperature,Control,2024-07-05,92,1589.936898175632
Weekly Temperature,Control,2024-07-05,92,1756.413191952636
Weekly Temperature,Control,2024-07-05,92,4476.6633206243905
Weekly Temperature,Control,2024-07-05,92,2327.8628204771035
Weekly Temperature,Control,2024-07-05,92,3018.5118686339833
Weekly Temperature,Control,2024-07-05,92,3552.686980392725
Weekly Temperature,Control,2024-07-05,92,1756.413191952636
Weekly Temperature,Treated,2024-07-05,80,3277.832007895303
Weekly Temperature,Treated,2024-07-05,80,2774.129328682985
Weekly Temperature,Treated,2024-07-05,80,3277.832007895303
Weekly Temperature,Treated,2024-07-05,80,4151.466803636096
Weekly Temperature,Treated,2024-07-05,80,3277.832007895303
Weekly Temperature,Treated,2024-07-05,80,2774.129328682985
Weekly Temperature,Treated,2024-07-05,80,3277.832007895303
Weekly Temperature,Treated,2024-07-05,80,3277.832007895303
Weekly Temperature,Treated,2024-07-05,80,4476.6633206243905
Weekly Temperature,Treated,2024-07-05,80,3843.6892584582033
Weekly Temperature,Treated,2024-07-05,80,3843.6892584582033
Weekly Temperature,Treated,2024-07-05,80,3843.6892584582033
Weekly Temperature,Treated,2024-07-05,80,3018.5118686339833
Weekly Temperature,Treated,2024-07-05,80,2327.8628204771035
Weekly Temperature,Treated,2024-07-05,80,3018.5118686339833
Weekly Temperature,Control,2024-07-05,55,3277.832007895303
Weekly Temperature,Control,2024-07-05,55,4819.9385143228255
Weekly Temperature,Control,2024-07-05,55,5181.968349969133
Weekly Temperature,Control,2024-07-05,55,3843.6892584582033
Weekly Temperature,Control,2024-07-05,55,3552.686980392725
Weekly Temperature,Control,2024-07-05,55,2327.8628204771035
Weekly Temperature,Control,2024-07-05,55,3277.832007895303
Weekly Temperature,Control,2024-07-05,55,3552.686980392725
Weekly Temperature,Control,2024-07-05,55,4819.9385143228255
Weekly Temperature,Control,2024-07-05,55,4476.6633206243905
Weekly Temperature,Control,2024-07-05,55,4819.9385143228255
Weekly Temperature,Control,2024-07-05,55,3277.832007895303
Weekly Temperature,Control,2024-07-05,55,1030.890149624472
Weekly Temperature,Control,2024-07-05,55,3552.686980392725
Weekly Temperature,Control,2024-07-05,55,3552.686980392725
Weekly Temperature,Treated,2024-07-05,61,6831.737354548571
Weekly Temperature,Treated,2024-07-05,61,3277.832007895303
Weekly Temperature,Treated,2024-07-05,61,3552.686980392725
Weekly Temperature,Treated,2024-07-05,61,3277.832007895303
Weekly Temperature,Treated,2024-07-05,61,3277.832007895303
Weekly Temperature,Treated,2024-07-05,61,8301.625948952476
Weekly Temperature,Treated,2024-07-05,61,4476.6633206243905
Weekly Temperature,Treated,2024-07-05,61,3018.5118686339833
Weekly Temperature,Treated,2024-07-05,61,2327.8628204771035
Weekly Temperature,Treated,2024-07-05,61,3843.6892584582033
Weekly Temperature,Treated,2024-07-05,61,4476.6633206243905
Weekly Temperature,Treated,2024-07-05,61,5965.0786920957435
Weekly Temperature,Treated,2024-07-05,61,3843.6892584582033
Weekly Temperature,Treated,2024-07-05,61,3843.6892584582033
Weekly Temperature,Treated,2024-07-05,61,2544.1021448909123
Weekly Temperature,Treated,2024-07-05,44,3277.832007895303
Weekly Temperature,Treated,2024-07-05,44,809.0242562088475
Weekly Temperature,Treated,2024-07-05,44,2774.129328682985
Weekly Temperature,Treated,2024-07-05,44,1756.413191952636
Weekly Temperature,Treated,2024-07-05,44,2544.1021448909123
Weekly Temperature,Treated,2024-07-05,44,2124.8583639276226
Weekly Temperature,Treated,2024-07-05,44,1589.936898175632
Weekly Temperature,Treated,2024-07-05,44,2124.8583639276226
Weekly Temperature,Treated,2024-07-05,44,2774.129328682985
Weekly Temperature,Treated,2024-07-05,44,3277.832007895303
Weekly Temperature,Treated,2024-07-05,44,4151.466803636096
Weekly Temperature,Treated,2024-07-05,44,3552.686980392725
Weekly Temperature,Treated,2024-07-05,44,4476.6633206243905
Weekly Temperature,Treated,2024-07-05,44,4151.466803636096
Weekly Temperature,Treated,2024-07-05,44,3277.832007895303
Weekly Temperature,Control,2024-07-05,43,5965.0786920957435
Weekly Temperature,Control,2024-07-05,43,3018.5118686339833
Weekly Temperature,Control,2024-07-05,43,4151.466803636096
Weekly Temperature,Control,2024-07-05,43,2774.129328682985
Weekly Temperature,Control,2024-07-05,43,5563.445316352044
Weekly Temperature,Control,2024-07-05,43,3552.686980392725
Weekly Temperature,Control,2024-07-05,43,2774.129328682985
Weekly Temperature,Control,2024-07-05,43,9404.122920058626
Weekly Temperature,Control,2024-07-05,43,4151.466803636096
Weekly Temperature,Control,2024-07-05,43,1934.5500512848248
Weekly Temperature,Control,2024-07-05,43,2327.8628204771035
Weekly Temperature,Control,2024-07-05,43,2124.8583639276226
Weekly Temperature,Control,2024-07-05,43,3552.686980392725
Weekly Temperature,Control,2024-07-05,43,1589.936898175632
Weekly Temperature,Control,2024-07-05,43,1289.9901147488547
Weekly Temperature,Treated,2024-07-05,71,3277.832007895303
Weekly Temperature,Treated,2024-07-05,71,3843.6892584582033
Weekly Temperature,Treated,2024-07-05,71,3552.686980392725
Weekly Temperature,Treated,2024-07-05,71,2544.1021448909123
Weekly Temperature,Treated,2024-07-05,71,3277.832007895303
Weekly Temperature,Treated,2024-07-05,71,3018.5118686339833
Weekly Temperature,Treated,2024-07-05,71,2327.8628204771035
Weekly Temperature,Treated,2024-07-05,71,2774.129328682985
Weekly Temperature,Treated,2024-07-05,71,2327.8628204771035
Weekly Temperature,Treated,2024-07-05,71,3552.686980392725
Weekly Temperature,Treated,2024-07-05,71,5965.0786920957435
Weekly Temperature,Treated,2024-07-05,71,2774.129328682985
Weekly Temperature,Treated,2024-07-05,71,3277.832007895303
Weekly Temperature,Treated,2024-07-05,71,3552.686980392725
Weekly Temperature,Treated,2024-07-05,71,6387.594815015549
Weekly Temperature,Control,2024-07-05,64,1289.9901147488547
Weekly Temperature,Control,2024-07-05,64,3277.832007895303
Weekly Temperature,Control,2024-07-05,64,1934.5500512848248
Weekly Temperature,Control,2024-07-05,64,2124.8583639276226
Weekly Temperature,Control,2024-07-05,64,1756.413191952636
Weekly Temperature,Control,2024-07-05,64,1756.413191952636
Weekly Temperature,Control,2024-07-05,64,1289.9901147488547
Weekly Temperature,Control,2024-07-05,64,1934.5500512848248
Weekly Temperature,Control,2024-07-05,64,1030.890149624472
Weekly Temperature,Control,2024-07-05,64,1589.936898175632
Weekly Temperature,Control,2024-07-05,64,2774.129328682985
Weekly Temperature,Control,2024-07-05,64,2124.8583639276226
Weekly Temperature,Control,2024-07-05,64,3018.5118686339833
Weekly Temperature,Control,2024-07-05,64,2327.8628204771035
Weekly Temperature,Control,2024-07-05,64,4151.466803636096
Weekly Temperature,Treated,2024-08-02,41,4476.6633206243905
Weekly Temperature,Treated,2024-08-02,41,6831.737354548571
Weekly Temperature,Treated,2024-08-02,41,4151.466803636096
Weekly Temperature,Treated,2024-08-02,41,5563.445316352044
Weekly Temperature,Treated,2024-08-02,41,5181.968349969133
Weekly Temperature,Treated,2024-08-02,41,3277.832007895303
Weekly Temperature,Treated,2024-08-02,41,3552.686980392725
Weekly Temperature,Treated,2024-08-02,41,5965.0786920957435
Weekly Temperature,Treated,2024-08-02,41,8301.625948952476
Weekly Temperature,Treated,2024-08-02,41,7298.2675872665905
Weekly Temperature,Treated,2024-08-02,41,5965.0786920957435
Weekly Temperature,Treated,2024-08-02,41,2774.129328682985
Weekly Temperature,Treated,2024-08-02,41,5181.968349969133
Weekly Temperature,Treated,2024-08-02,41,11258.609510533694
Weekly Temperature,Treated,2024-08-02,41,4151.466803636096
Weekly Temperature,Control,2024-08-02,92,3843.6892584582033
Weekly Temperature,Control,2024-08-02,92,8301.625948952476
Weekly Temperature,Control,2024-08-02,92,3843.6892584582033
Weekly Temperature,Control,2024-08-02,92,2774.129328682985
Weekly Temperature,Control,2024-08-02,92,4151.466803636096
Weekly Temperature,Control,2024-08-02,92,4151.466803636096
Weekly Temperature,Control,2024-08-02,92,8301.625948952476
Weekly Temperature,Control,2024-08-02,92,5563.445316352044
Weekly Temperature,Control,2024-08-02,92,5965.0786920957435
Weekly Temperature,Control,2024-08-02,92,7298.2675872665905
Weekly Temperature,Control,2024-08-02,92,8840.067189718897
Weekly Temperature,Control,2024-08-02,92,7787.96467548103
Weekly Temperature,Control,2024-08-02,92,3552.686980392725
Weekly Temperature,Control,2024-08-02,92,5563.445316352044
Weekly Temperature,Control,2024-08-02,92,7787.96467548103
Weekly Temperature,Control,2024-08-02,43,7787.96467548103
Weekly Temperature,Control,2024-08-02,43,5563.445316352044
Weekly Temperature,Control,2024-08-02,43,17557.614835225195
Weekly Temperature,Control,2024-08-02,43,4819.9385143228255
Weekly Temperature,Control,2024-08-02,43,5563.445316352044
Weekly Temperature,Control,2024-08-02,43,6387.594815015549
Weekly Temperature,Control,2024-08-02,43,5181.968349969133
Weekly Temperature,Control,2024-08-02,43,3552.686980392725
Weekly Temperature,Control,2024-08-02,43,6387.594815015549
Weekly Temperature,Control,2024-08-02,43,11933.853482499095
Weekly Temperature,Control,2024-08-02,43,3552.686980392725
Weekly Temperature,Control,2024-08-02,43,4476.6633206243905
Weekly Temperature,Control,2024-08-02,43,7787.96467548103
Weekly Temperature,Control,2024-08-02,43,3018.5118686339833
Weekly Temperature,Control,2024-08-02,43,4151.466803636096
Weekly Temperature,Treated,2024-08-02,44,7298.2675872665905
Weekly Temperature,Treated,2024-08-02,44,7787.96467548103
Weekly Temperature,Treated,2024-08-02,44,7787.96467548103
Weekly Temperature,Treated,2024-08-02,44,4476.6633206243905
Weekly Temperature,Treated,2024-08-02,44,4476.6633206243905
Weekly Temperature,Treated,2024-08-02,44,4819.9385143228255
Weekly Temperature,Treated,2024-08-02,44,6387.594815015549
Weekly Temperature,Treated,2024-08-02,44,2774.129328682985
Weekly Temperature,Treated,2024-08-02,44,6387.594815015549
Weekly Temperature,Treated,2024-08-02,44,4151.466803636096
Weekly Temperature,Treated,2024-08-02,44,9404.122920058626
Weekly Temperature,Treated,2024-08-02,44,7787.96467548103
Weekly Temperature,Treated,2024-08-02,44,4819.9385143228255
Weekly Temperature,Treated,2024-08-02,44,7298.2675872665905
Weekly Temperature,Treated,2024-08-02,44,1289.9901147488547
Weekly Temperature,Treated,2024-08-02,80,4819.9385143228255
Weekly Temperature,Treated,2024-08-02,80,6831.737354548571
Weekly Temperature,Treated,2024-08-02,80,7298.2675872665905
Weekly Temperature,Treated,2024-08-02,80,5181.968349969133
Weekly Temperature,Treated,2024-08-02,80,6387.594815015549
Weekly Temperature,Treated,2024-08-02,80,7787.96467548103
Weekly Temperature,Treated,2024-08-02,80,10612.511389633435
Weekly Temperature,Treated,2024-08-02,80,4819.9385143228255
Weekly Temperature,Treated,2024-08-02,80,6831.737354548571
Weekly Temperature,Treated,2024-08-02,80,4476.6633206243905
Weekly Temperature,Treated,2024-08-02,80,3552.686980392725
Weekly Temperature,Treated,2024-08-02,80,8840.067189718897
Weekly Temperature,Treated,2024-08-02,80,4819.9385143228255
Weekly Temperature,Treated,2024-08-02,80,6831.737354548571
Weekly Temperature,Treated,2024-08-02,80,8840.067189718897
Weekly Temperature,Control,2024-08-02,42,2774.129328682985
Weekly Temperature,Control,2024-08-02,42,3277.832007895303
Weekly Temperature,Control,2024-08-02,42,4151.466803636096
Weekly Temperature,Control,2024-08-02,42,6387.594815015549
Weekly Temperature,Control,2024-08-02,42,6387.594815015549
Weekly Temperature,Control,2024-08-02,42,4819.9385143228255
Weekly Temperature,Control,2024-08-02,42,6831.737354548571
Weekly Temperature,Control,2024-08-02,42,4151.466803636096
Weekly Temperature,Control,2024-08-02,42,6387.594815015549
Weekly Temperature,Control,2024-08-02,42,6831.737354548571
Weekly Temperature,Control,2024-08-02,42,9404.122920058626
Weekly Temperature,Control,2024-08-02,42,4151.466803636096
Weekly Temperature,Control,2024-08-02,42,4476.6633206243905
Weekly Temperature,Control,2024-08-02,42,6387.594815015549
Weekly Temperature,Control,2024-08-02,42,1756.413191952636
Weekly Temperature,Control,2024-08-02,42,4476.6633206243905
Weekly Temperature,Treated,2024-08-02,93,6831.737354548571
Weekly Temperature,Treated,2024-08-02,93,8301.625948952476
Weekly Temperature,Treated,2024-08-02,93,4151.466803636096
Weekly Temperature,Treated,2024-08-02,93,6387.594815015549
Weekly Temperature,Treated,2024-08-02,93,4819.9385143228255
Weekly Temperature,Treated,2024-08-02,93,3018.5118686339833
Weekly Temperature,Treated,2024-08-02,93,4476.6633206243905
Weekly Temperature,Treated,2024-08-02,93,4476.6633206243905
Weekly Temperature,Treated,2024-08-02,93,7298.2675872665905
Weekly Temperature,Treated,2024-08-02,93,7298.2675872665905
Weekly Temperature,Treated,2024-08-02,93,3277.832007895303
Weekly Temperature,Treated,2024-08-02,93,5965.0786920957435
Weekly Temperature,Treated,2024-08-02,93,5965.0786920957435
Weekly Temperature,Treated,2024-08-02,93,4151.466803636096
Weekly Temperature,Treated,2024-08-02,93,5181.968349969133
Weekly Temperature,Treated,2024-08-02,93,7787.96467548103
Weekly Temperature,Treated,2024-08-02,61,6831.737354548571
Weekly Temperature,Treated,2024-08-02,61,5965.0786920957435
Weekly Temperature,Treated,2024-08-02,61,13375.530130167386
Weekly Temperature,Treated,2024-08-02,61,9994.646693605337
Weekly Temperature,Treated,2024-08-02,61,4819.9385143228255
Weekly Temperature,Treated,2024-08-02,61,7298.2675872665905
Weekly Temperature,Treated,2024-08-02,61,5965.0786920957435
Weekly Temperature,Treated,2024-08-02,61,6387.594815015549
Weekly Temperature,Treated,2024-08-02,61,7787.96467548103
Weekly Temperature,Treated,2024-08-02,61,11933.853482499095
Weekly Temperature,Treated,2024-08-02,61,7787.96467548103
Weekly Temperature,Treated,2024-08-02,61,4476.6633206243905
Weekly Temperature,Treated,2024-08-02,61,8301.625948952476
Weekly Temperature,Treated,2024-08-02,61,5563.445316352044
Weekly Temperature,Treated,2024-08-02,61,9994.646693605337
Weekly Temperature,Control,2024-08-02,55,6387.594815015549
Weekly Temperature,Control,2024-08-02,55,7298.2675872665905
Weekly Temperature,Control,2024-08-02,55,7298.2675872665905
Weekly Temperature,Control,2024-08-02,55,6387.594815015549
Weekly Temperature,Control,2024-08-02,55,7787.96467548103
Weekly Temperature,Control,2024-08-02,55,4476.6633206243905
Weekly Temperature,Control,2024-08-02,55,5965.0786920957435
Weekly Temperature,Control,2024-08-02,55,6831.737354548571
Weekly Temperature,Control,2024-08-02,55,8840.067189718897
Weekly Temperature,Control,2024-08-02,55,9994.646693605337
Weekly Temperature,Control,2024-08-02,55,6387.594815015549
Weekly Temperature,Control,2024-08-02,55,3277.832007895303
Weekly Temperature,Control,2024-08-02,55,8840.067189718897
Weekly Temperature,Treated,2024-08-02,55,6387.594815015549
Weekly Temperature,Treated,2024-08-02,55,3843.6892584582033
Weekly Temperature,Treated,2024-08-02,71,8301.625948952476
Weekly Temperature,Treated,2024-08-02,71,5181.968349969133
Weekly Temperature,Treated,2024-08-02,71,6387.594815015549
Weekly Temperature,Treated,2024-08-02,71,7298.2675872665905
Weekly Temperature,Treated,2024-08-02,71,11933.853482499095
Weekly Temperature,Treated,2024-08-02,71,5563.445316352044
Weekly Temperature,Treated,2024-08-02,71,6387.594815015549
Weekly Temperature,Treated,2024-08-02,71,6387.594815015549
Weekly Temperature,Treated,2024-08-02,71,7787.96467548103
Weekly Temperature,Treated,2024-08-02,71,7787.96467548103
Weekly Temperature,Treated,2024-08-02,71,3277.832007895303
Weekly Temperature,Treated,2024-08-02,71,8301.625948952476
Weekly Temperature,Treated,2024-08-02,71,5563.445316352044
Weekly Temperature,Treated,2024-08-02,71,3843.6892584582033
Weekly Temperature,Treated,2024-08-02,71,5563.445316352044
Weekly Temperature,Treated,2024-08-02,64,3277.832007895303
Weekly Temperature,Treated,2024-08-02,64,4819.9385143228255
Weekly Temperature,Treated,2024-08-02,64,2544.1021448909123
Weekly Temperature,Treated,2024-08-02,64,4151.466803636096
Weekly Temperature,Treated,2024-08-02,64,5181.968349969133
Weekly Temperature,Treated,2024-08-02,64,3277.832007895303
Weekly Temperature,Treated,2024-08-02,64,1934.5500512848248
Weekly Temperature,Treated,2024-08-02,64,3843.6892584582033
Weekly Temperature,Treated,2024-08-02,64,6387.594815015549
Weekly Temperature,Treated,2024-08-02,64,8840.067189718897
Weekly Temperature,Treated,2024-08-02,64,5181.968349969133
Weekly Temperature,Treated,2024-08-02,64,4819.9385143228255
Weekly Temperature,Treated,2024-08-02,64,6387.594815015549
Weekly Temperature,Control,2024-08-02,64,6387.594815015549
Weekly Temperature,Control,2024-08-02,64,13375.530130167386
Weekly Temperature,Control,2024-08-02,79,2544.1021448909123
Weekly Temperature,Control,2024-08-02,79,3552.686980392725
Weekly Temperature,Control,2024-08-02,79,1756.413191952636
Weekly Temperature,Control,2024-08-02,79,3018.5118686339833
Weekly Temperature,Control,2024-08-02,79,2124.8583639276226
Weekly Temperature,Control,2024-08-02,79,2544.1021448909123
Weekly Temperature,Control,2024-08-02,79,6831.737354548571
Weekly Temperature,Control,2024-08-02,79,5181.968349969133
Weekly Temperature,Control,2024-08-02,79,4151.466803636096
Weekly Temperature,Control,2024-08-02,79,3018.5118686339833
Weekly Temperature,Control,2024-08-02,79,7298.2675872665905
Weekly Temperature,Control,2024-08-02,79,1434.6238583957274
Weekly Temperature,Control,2024-08-02,79,2327.8628204771035
Weekly Temperature,Treated,2024-08-02,79,3018.5118686339833
Weekly Temperature,Treated,2024-08-02,79,4476.6633206243905
Weekly Temperature,Treated,2024-08-02,96,2774.129328682985
Weekly Temperature,Treated,2024-08-02,96,10612.511389633435
Weekly Temperature,Treated,2024-08-02,96,5563.445316352044
Weekly Temperature,Treated,2024-08-02,96,4476.6633206243905
Weekly Temperature,Treated,2024-08-02,96,4476.6633206243905
Weekly Temperature,Treated,2024-08-02,96,5965.0786920957435
Weekly Temperature,Treated,2024-08-02,96,7298.2675872665905
Weekly Temperature,Treated,2024-08-02,96,4476.6633206243905
Weekly Temperature,Treated,2024-08-02,96,8301.625948952476
Weekly Temperature,Treated,2024-08-02,96,7298.2675872665905
Weekly Temperature,Treated,2024-08-02,96,5563.445316352044
Weekly Temperature,Treated,2024-08-02,96,3843.6892584582033
Weekly Temperature,Treated,2024-08-02,96,5181.968349969133
Weekly Temperature,Treated,2024-08-02,96,4476.6633206243905
Weekly Temperature,Treated,2024-08-02,96,4151.466803636096
Weekly Temperature,Control,2024-08-02,75,4819.9385143228255
Weekly Temperature,Control,2024-08-02,75,3552.686980392725
Weekly Temperature,Control,2024-08-02,75,5181.968349969133
Weekly Temperature,Control,2024-08-02,75,3552.686980392725
Weekly Temperature,Control,2024-08-02,75,3552.686980392725
Weekly Temperature,Control,2024-08-02,75,6831.737354548571
Weekly Temperature,Control,2024-08-02,75,2774.129328682985
Weekly Temperature,Control,2024-08-02,75,2124.8583639276226
Weekly Temperature,Control,2024-08-02,75,4151.466803636096
Weekly Temperature,Control,2024-08-02,75,4819.9385143228255
Weekly Temperature,Control,2024-08-02,75,3277.832007895303
Weekly Temperature,Control,2024-08-02,75,4151.466803636096
Weekly Temperature,Control,2024-08-02,75,2124.8583639276226
Weekly Temperature,Control,2024-08-02,75,3277.832007895303
Weekly Temperature,Control,2024-08-02,75,5965.0786920957435
Weekly Temperature,Treated,2024-08-02,74,5563.445316352044
Weekly Temperature,Treated,2024-08-02,74,9994.646693605337
Weekly Temperature,Treated,2024-08-02,74,8301.625948952476
Weekly Temperature,Treated,2024-08-02,74,7787.96467548103
Weekly Temperature,Treated,2024-08-02,74,9404.122920058626
Weekly Temperature,Treated,2024-08-02,74,4151.466803636096
Weekly Temperature,Treated,2024-08-02,74,5181.968349969133
Weekly Temperature,Treated,2024-08-02,74,11258.609510533694
Weekly Temperature,Treated,2024-08-02,74,5181.968349969133
Weekly Temperature,Treated,2024-08-02,74,9404.122920058626
Weekly Temperature,Treated,2024-08-02,74,5563.445316352044
Weekly Temperature,Treated,2024-08-02,74,7787.96467548103
Weekly Temperature,Treated,2024-08-02,74,3552.686980392725
Weekly Temperature,Treated,2024-08-02,74,6387.594815015549
Weekly Temperature,Treated,2024-08-02,74,3843.6892584582033
Weekly Temperature,Treated,2024-08-02,76,7787.96467548103
Weekly Temperature,Treated,2024-08-02,76,5181.968349969133
Weekly Temperature,Treated,2024-08-02,76,5563.445316352044
Weekly Temperature,Treated,2024-08-02,76,9404.122920058626
Weekly Temperature,Treated,2024-08-02,76,5563.445316352044
Weekly Temperature,Treated,2024-08-02,76,11258.609510533694
Weekly Temperature,Treated,2024-08-02,76,9404.122920058626
Weekly Temperature,Treated,2024-08-02,76,4151.466803636096
Weekly Temperature,Treated,2024-08-02,76,6831.737354548571
Weekly Temperature,Treated,2024-08-02,76,5563.445316352044
Weekly Temperature,Treated,2024-08-02,76,7298.2675872665905
Weekly Temperature,Treated,2024-08-02,76,7787.96467548103
Weekly Temperature,Treated,2024-08-02,76,4151.466803636096
Weekly Temperature,Treated,2024-08-02,76,2774.129328682985
Weekly Temperature,Treated,2024-08-02,76,4151.466803636096
Weekly Temperature,Control,2024-08-02,63,1030.890149624472
Weekly Temperature,Control,2024-08-02,63,4151.466803636096
Weekly Temperature,Control,2024-08-02,63,3018.5118686339833
Weekly Temperature,Control,2024-08-02,63,2124.8583639276226
Weekly Temperature,Control,2024-08-02,63,3018.5118686339833
Weekly Temperature,Control,2024-08-02,63,2774.129328682985
Weekly Temperature,Control,2024-08-02,63,2774.129328682985
Weekly Temperature,Control,2024-08-02,63,4476.6633206243905
Weekly Temperature,Control,2024-08-02,63,3277.832007895303
Weekly Temperature,Control,2024-08-02,63,4476.6633206243905
Weekly Temperature,Control,2024-08-02,63,3843.6892584582033
Weekly Temperature,Control,2024-08-02,63,2544.1021448909123
Weekly Temperature,Control,2024-08-02,63,2544.1021448909123
Weekly Temperature,Control,2024-08-02,63,2327.8628204771035
Weekly Temperature,Control,2024-08-02,63,2544.1021448909123
Weekly Temperature,Treated,2024-08-02,66,3552.686980392725
Weekly Temperature,Treated,2024-08-02,66,5563.445316352044
Weekly Temperature,Treated,2024-08-02,66,1589.936898175632
Weekly Temperature,Treated,2024-08-02,66,4819.9385143228255
Weekly Temperature,Treated,2024-08-02,66,9404.122920058626
Weekly Temperature,Treated,2024-08-02,66,3552.686980392725
Weekly Temperature,Treated,2024-08-02,66,4819.9385143228255
Weekly Temperature,Treated,2024-08-02,66,6387.594815015549
Weekly Temperature,Treated,2024-08-02,66,4476.6633206243905
Weekly Temperature,Treated,2024-08-02,66,3843.6892584582033
Weekly Temperature,Treated,2024-08-02,66,3843.6892584582033
Weekly Temperature,Treated,2024-08-02,66,6831.737354548571
Weekly Temperature,Treated,2024-08-02,66,3018.5118686339833
Weekly Temperature,Treated,2024-08-02,66,2124.8583639276226
Weekly Temperature,Treated,2024-08-02,66,5563.445316352044
Weekly Temperature,Treated,2024-08-02,65,9404.122920058626
Weekly Temperature,Treated,2024-08-02,65,8301.625948952476
Weekly Temperature,Treated,2024-08-02,65,10612.511389633435
Weekly Temperature,Treated,2024-08-02,65,3552.686980392725
Weekly Temperature,Treated,2024-08-02,65,8840.067189718897
Weekly Temperature,Treated,2024-08-02,65,11258.609510533694
Weekly Temperature,Treated,2024-08-02,65,7298.2675872665905
Weekly Temperature,Treated,2024-08-02,65,6831.737354548571
Weekly Temperature,Treated,2024-08-02,65,5181.968349969133
Weekly Temperature,Treated,2024-08-02,65,8840.067189718897
Weekly Temperature,Treated,2024-08-02,65,6831.737354548571
Weekly Temperature,Treated,2024-08-02,65,11933.853482499095
Weekly Temperature,Treated,2024-08-02,65,8301.625948952476
Weekly Temperature,Treated,2024-08-02,65,9994.646693605337
Weekly Temperature,Treated,2024-08-02,65,9994.646693605337
Weekly Temperature,Control,2024-08-02,58,2124.8583639276226
Weekly Temperature,Control,2024-08-02,58,4476.6633206243905
Weekly Temperature,Control,2024-08-02,58,3552.686980392725
Weekly Temperature,Control,2024-08-02,58,2774.129328682985
Weekly Temperature,Control,2024-08-02,58,2544.1021448909123
Weekly Temperature,Control,2024-08-02,58,4151.466803636096
Weekly Temperature,Control,2024-08-02,58,6387.594815015549
Weekly Temperature,Control,2024-08-02,58,5563.445316352044
Weekly Temperature,Control,2024-08-02,58,3552.686980392725
Weekly Temperature,Control,2024-08-02,58,5563.445316352044
Weekly Temperature,Control,2024-08-02,58,3277.832007895303
Weekly Temperature,Control,2024-08-02,58,5563.445316352044
Weekly Temperature,Control,2024-08-02,58,3843.6892584582033
Weekly Temperature,Control,2024-08-02,58,3552.686980392725
Weekly Temperature,Control,2024-08-02,58,2544.1021448909123
Weekly Temperature,Treated,2024-08-02,57,9994.646693605337
Weekly Temperature,Treated,2024-08-02,57,8840.067189718897
Weekly Temperature,Treated,2024-08-02,57,10612.511389633435
Weekly Temperature,Treated,2024-08-02,57,10612.511389633435
Weekly Temperature,Treated,2024-08-02,57,6831.737354548571
Weekly Temperature,Treated,2024-08-02,57,3018.5118686339833
Weekly Temperature,Treated,2024-08-02,57,11933.853482499095
Weekly Temperature,Treated,2024-08-02,57,7298.2675872665905
Weekly Temperature,Treated,2024-08-02,57,5181.968349969133
Weekly Temperature,Treated,2024-08-02,57,7787.96467548103
Weekly Temperature,Treated,2024-08-02,57,5965.0786920957435
Weekly Temperature,Treated,2024-08-02,57,9994.646693605337
Weekly Temperature,Treated,2024-08-02,57,4476.6633206243905
Weekly Temperature,Treated,2024-08-02,57,4476.6633206243905
Weekly Temperature,Treated,2024-08-02,57,7787.96467548103
Weekly Temperature,Treated,2024-08-02,56,9404.122920058626
Weekly Temperature,Treated,2024-08-02,56,10612.511389633435
Weekly Temperature,Treated,2024-08-02,56,8301.625948952476
Weekly Temperature,Treated,2024-08-02,56,6387.594815015549
Weekly Temperature,Treated,2024-08-02,56,6387.594815015549
Weekly Temperature,Treated,2024-08-02,56,5181.968349969133
Weekly Temperature,Treated,2024-08-02,56,5181.968349969133
Weekly Temperature,Treated,2024-08-02,56,10612.511389633435
Weekly Temperature,Treated,2024-08-02,56,7787.96467548103
Weekly Temperature,Treated,2024-08-02,56,3552.686980392725
Weekly Temperature,Treated,2024-08-02,56,6831.737354548571
Weekly Temperature,Treated,2024-08-02,56,5181.968349969133
Weekly Temperature,Treated,2024-08-02,56,7787.96467548103
Weekly Temperature,Treated,2024-08-02,56,7298.2675872665905
Weekly Temperature,Treated,2024-08-02,56,4476.6633206243905
Weekly Temperature,Control,2024-09-13,41,11258.609510533694
Weekly Temperature,Control,2024-09-13,41,12639.175959442438
Weekly Temperature,Control,2024-09-13,41,15780.62925892583
Weekly Temperature,Control,2024-09-13,41,7298.2675872665905
Weekly Temperature,Control,2024-09-13,41,9404.122920058626
Weekly Temperature,Control,2024-09-13,41,8840.067189718897
Weekly Temperature,Control,2024-09-13,41,13375.530130167386
Weekly Temperature,Control,2024-09-13,41,19483.42189587645
Weekly Temperature,Control,2024-09-13,41,9404.122920058626
Weekly Temperature,Control,2024-09-13,41,5965.0786920957435
Weekly Temperature,Control,2024-09-13,41,14143.890028815054
Weekly Temperature,Control,2024-09-13,41,8301.625948952476
Weekly Temperature,Control,2024-09-13,41,22670.83048087869
Weekly Temperature,Control,2024-09-13,41,11258.609510533694
Weekly Temperature,Control,2024-09-13,41,11933.853482499095
Weekly Temperature,Control,2024-09-13,58,8840.067189718897
Weekly Temperature,Control,2024-09-13,58,7787.96467548103
Weekly Temperature,Control,2024-09-13,58,8301.625948952476
Weekly Temperature,Control,2024-09-13,58,4819.9385143228255
Weekly Temperature,Control,2024-09-13,58,5181.968349969133
Weekly Temperature,Control,2024-09-13,58,7787.96467548103
Weekly Temperature,Control,2024-09-13,58,15780.62925892583
Weekly Temperature,Control,2024-09-13,58,9994.646693605337
Weekly Temperature,Control,2024-09-13,58,8301.625948952476
Weekly Temperature,Control,2024-09-13,58,7298.2675872665905
Weekly Temperature,Control,2024-09-13,58,4151.466803636096
Weekly Temperature,Control,2024-09-13,58,13375.530130167386
Weekly Temperature,Control,2024-09-13,58,13375.530130167386
Weekly Temperature,Control,2024-09-13,58,9404.122920058626
Weekly Temperature,Control,2024-09-13,58,11258.609510533694
Weekly Temperature,Control,2024-09-13,66,6831.737354548571
Weekly Temperature,Control,2024-09-13,66,8840.067189718897
Weekly Temperature,Control,2024-09-13,66,12639.175959442438
Weekly Temperature,Control,2024-09-13,66,3552.686980392725
Weekly Temperature,Control,2024-09-13,66,18501.365621305493
Weekly Temperature,Control,2024-09-13,66,9404.122920058626
Weekly Temperature,Control,2024-09-13,66,5563.445316352044
Weekly Temperature,Control,2024-09-13,66,8840.067189718897
Weekly Temperature,Control,2024-09-13,66,9404.122920058626
Weekly Temperature,Control,2024-09-13,66,15780.62925892583
Weekly Temperature,Control,2024-09-13,66,4819.9385143228255
Weekly Temperature,Control,2024-09-13,66,8840.067189718897
Weekly Temperature,Control,2024-09-13,66,7298.2675872665905
Weekly Temperature,Control,2024-09-13,66,4476.6633206243905
Weekly Temperature,Control,2024-09-13,66,6387.594815015549
Weekly Temperature,Control,2024-09-13,79,8301.625948952476
Weekly Temperature,Control,2024-09-13,79,9404.122920058626
Weekly Temperature,Control,2024-09-13,79,5965.0786920957435
Weekly Temperature,Control,2024-09-13,79,5181.968349969133
Weekly Temperature,Control,2024-09-13,79,9994.646693605337
Weekly Temperature,Control,2024-09-13,79,5965.0786920957435
Weekly Temperature,Control,2024-09-13,79,19483.42189587645
Weekly Temperature,Control,2024-09-13,79,18501.365621305493
Weekly Temperature,Control,2024-09-13,79,4819.9385143228255
Weekly Temperature,Control,2024-09-13,79,5563.445316352044
Weekly Temperature,Control,2024-09-13,79,7787.96467548103
Weekly Temperature,Control,2024-09-13,79,16651.06372570236
Weekly Temperature,Control,2024-09-13,79,3277.832007895303
Weekly Temperature,Control,2024-09-13,79,4819.9385143228255
Weekly Temperature,Control,2024-09-13,79,14945.250848609618
Weekly Temperature,Control,2024-09-13,75,7298.2675872665905
Weekly Temperature,Control,2024-09-13,75,11258.609510533694
Weekly Temperature,Control,2024-09-13,75,15780.62925892583
Weekly Temperature,Control,2024-09-13,75,6831.737354548571
Weekly Temperature,Control,2024-09-13,75,9404.122920058626
Weekly Temperature,Control,2024-09-13,75,5965.0786920957435
Weekly Temperature,Control,2024-09-13,75,7298.2675872665905
Weekly Temperature,Control,2024-09-13,75,13375.530130167386
Weekly Temperature,Control,2024-09-13,75,7298.2675872665905
Weekly Temperature,Control,2024-09-13,75,10612.511389633435
Weekly Temperature,Control,2024-09-13,75,7298.2675872665905
Weekly Temperature,Control,2024-09-13,75,11258.609510533694
Weekly Temperature,Control,2024-09-13,75,8840.067189718897
Weekly Temperature,Control,2024-09-13,75,8840.067189718897
Weekly Temperature,Control,2024-09-13,75,11258.609510533694
Weekly Temperature,Control,2024-09-13,63,5965.0786920957435
Weekly Temperature,Control,2024-09-13,63,7298.2675872665905
Weekly Temperature,Control,2024-09-13,63,7787.96467548103
Weekly Temperature,Control,2024-09-13,63,6387.594815015549
Weekly Temperature,Control,2024-09-13,63,6831.737354548571
Weekly Temperature,Control,2024-09-13,63,5563.445316352044
Weekly Temperature,Control,2024-09-13,63,8840.067189718897
Weekly Temperature,Control,2024-09-13,63,1030.890149624472
Weekly Temperature,Control,2024-09-13,63,7787.96467548103
Weekly Temperature,Control,2024-09-13,63,7787.96467548103
Weekly Temperature,Control,2024-09-13,63,5563.445316352044
Weekly Temperature,Control,2024-09-13,63,11258.609510533694
Weekly Temperature,Control,2024-09-13,63,10612.511389633435
Weekly Temperature,Control,2024-09-13,63,11933.853482499095
Weekly Temperature,Control,2024-09-13,63,6387.594815015549
Weekly Temperature,Control,2024-09-13,63,11258.609510533694
Weekly Temperature,Control,2024-09-13,63,11933.853482499095
Weekly Temperature,Control,2024-09-13,63,5965.0786920957435
Weekly Temperature,Control,2024-09-13,63,14143.890028815054
Weekly Temperature,Control,2024-09-13,92,14143.890028815054
Weekly Temperature,Control,2024-09-13,92,6831.737354548571
Weekly Temperature,Control,2024-09-13,92,14143.890028815054
Weekly Temperature,Control,2024-09-13,92,7787.96467548103
Weekly Temperature,Control,2024-09-13,92,7298.2675872665905
Weekly Temperature,Control,2024-09-13,92,8301.625948952476
Weekly Temperature,Control,2024-09-13,92,9404.122920058626
Weekly Temperature,Control,2024-09-13,92,12639.175959442438
Weekly Temperature,Control,2024-09-13,92,14143.890028815054
Weekly Temperature,Control,2024-09-13,92,9994.646693605337
Weekly Temperature,Control,2024-09-13,92,23817.634155675172
Weekly Temperature,Control,2024-09-13,92,11933.853482499095
Weekly Temperature,Control,2024-09-13,92,10612.511389633435
Weekly Temperature,Control,2024-09-13,92,10612.511389633435
Weekly Temperature,Control,2024-09-13,92,18501.365621305493
Weekly Temperature,Control,2024-09-13,42,9994.646693605337
Weekly Temperature,Control,2024-09-13,42,12639.175959442438
Weekly Temperature,Control,2024-09-13,42,9994.646693605337
Weekly Temperature,Control,2024-09-13,42,13375.530130167386
Weekly Temperature,Control,2024-09-13,42,5965.0786920957435
Weekly Temperature,Control,2024-09-13,42,11933.853482499095
Weekly Temperature,Control,2024-09-13,42,11933.853482499095
Weekly Temperature,Control,2024-09-13,42,8301.625948952476
Weekly Temperature,Control,2024-09-13,42,22670.83048087869
Weekly Temperature,Control,2024-09-13,42,13375.530130167386
Weekly Temperature,Control,2024-09-13,42,3552.686980392725
Weekly Temperature,Control,2024-09-13,42,7298.2675872665905
Weekly Temperature,Control,2024-09-13,42,8301.625948952476
Weekly Temperature,Control,2024-09-13,42,11258.609510533694
Weekly Temperature,Control,2024-09-13,42,7298.2675872665905
Weekly Temperature,Control,2024-09-13,55,17557.614835225195
Weekly Temperature,Control,2024-09-13,55,9994.646693605337
Weekly Temperature,Control,2024-09-13,55,14143.890028815054
Weekly Temperature,Control,2024-09-13,55,9994.646693605337
Weekly Temperature,Control,2024-09-13,55,14945.250848609618
Weekly Temperature,Control,2024-09-13,55,12639.175959442438
Weekly Temperature,Control,2024-09-13,55,12639.175959442438
Weekly Temperature,Control,2024-09-13,55,14143.890028815054
Weekly Temperature,Control,2024-09-13,55,7298.2675872665905
Weekly Temperature,Control,2024-09-13,55,12639.175959442438
Weekly Temperature,Control,2024-09-13,55,14143.890028815054
Weekly Temperature,Control,2024-09-13,55,11258.609510533694
Weekly Temperature,Control,2024-09-13,55,9994.646693605337
Weekly Temperature,Control,2024-09-13,55,17557.614835225195
Weekly Temperature,Control,2024-09-13,55,11258.609510533694
Weekly Temperature,Control,2024-09-13,43,20504.912583034824
Weekly Temperature,Control,2024-09-13,43,17557.614835225195
Weekly Temperature,Control,2024-09-13,43,7298.2675872665905
Weekly Temperature,Control,2024-09-13,43,11258.609510533694
Weekly Temperature,Control,2024-09-13,43,12639.175959442438
Weekly Temperature,Control,2024-09-13,43,6387.594815015549
Weekly Temperature,Control,2024-09-13,43,14143.890028815054
Weekly Temperature,Control,2024-09-13,43,9404.122920058626
Weekly Temperature,Control,2024-09-13,43,4151.466803636096
Weekly Temperature,Control,2024-09-13,43,5181.968349969133
Weekly Temperature,Control,2024-09-13,43,18501.365621305493
Weekly Temperature,Control,2024-09-13,43,8301.625948952476
Weekly Temperature,Control,2024-09-13,43,14143.890028815054
Weekly Temperature,Control,2024-09-13,43,9994.646693605337
Weekly Temperature,Control,2024-09-13,43,20504.912583034824
Weekly Temperature,Control,2024-09-13,64,9404.122920058626
Weekly Temperature,Control,2024-09-13,64,13375.530130167386
Weekly Temperature,Control,2024-09-13,64,4819.9385143228255
Weekly Temperature,Control,2024-09-13,64,10612.511389633435
Weekly Temperature,Control,2024-09-13,64,8301.625948952476
Weekly Temperature,Control,2024-09-13,64,11933.853482499095
Weekly Temperature,Control,2024-09-13,64,8840.067189718897
Weekly Temperature,Control,2024-09-13,64,5181.968349969133
Weekly Temperature,Control,2024-09-13,64,7787.96467548103
Weekly Temperature,Control,2024-09-13,64,6831.737354548571
Weekly Temperature,Control,2024-09-13,64,11933.853482499095
Weekly Temperature,Control,2024-09-13,64,9994.646693605337
Weekly Temperature,Control,2024-09-13,64,9994.646693605337
Weekly Temperature,Control,2024-09-13,64,9994.646693605337
Weekly Temperature,Control,2024-09-13,64,8301.625948952476
Weekly Temperature,Treated,2024-09-13,56,9404.122920058626
Weekly Temperature,Treated,2024-09-13,56,22670.83048087869
Weekly Temperature,Treated,2024-09-13,56,14945.250848609618
Weekly Temperature,Treated,2024-09-13,56,9994.646693605337
Weekly Temperature,Treated,2024-09-13,56,11258.609510533694
Weekly Temperature,Treated,2024-09-13,56,7787.96467548103
Weekly Temperature,Treated,2024-09-13,56,22670.83048087869
Weekly Temperature,Treated,2024-09-13,56,6831.737354548571
Weekly Temperature,Treated,2024-09-13,56,23817.634155675172
Weekly Temperature,Treated,2024-09-13,56,14945.250848609618
Weekly Temperature,Treated,2024-09-13,56,20504.912583034824
Weekly Temperature,Treated,2024-09-13,56,13375.530130167386
Weekly Temperature,Treated,2024-09-13,56,14143.890028815054
Weekly Temperature,Treated,2024-09-13,56,10612.511389633435
Weekly Temperature,Treated,2024-09-13,56,10612.511389633435
Weekly Temperature,Treated,2024-09-13,57,18501.365621305493
Weekly Temperature,Treated,2024-09-13,57,17557.614835225195
Weekly Temperature,Treated,2024-09-13,57,6831.737354548571
Weekly Temperature,Treated,2024-09-13,57,13375.530130167386
Weekly Temperature,Treated,2024-09-13,57,8301.625948952476
Weekly Temperature,Treated,2024-09-13,57,17557.614835225195
Weekly Temperature,Treated,2024-09-13,57,15780.62925892583
Weekly Temperature,Treated,2024-09-13,57,17557.614835225195
Weekly Temperature,Treated,2024-09-13,57,11258.609510533694
Weekly Temperature,Treated,2024-09-13,57,19483.42189587645
Weekly Temperature,Treated,2024-09-13,57,9994.646693605337
Weekly Temperature,Treated,2024-09-13,57,6831.737354548571
Weekly Temperature,Treated,2024-09-13,57,9404.122920058626
Weekly Temperature,Treated,2024-09-13,57,3843.6892584582033
Weekly Temperature,Treated,2024-09-13,57,8840.067189718897
Weekly Temperature,Treated,2024-09-13,65,14143.890028815054
Weekly Temperature,Treated,2024-09-13,65,13375.530130167386
Weekly Temperature,Treated,2024-09-13,65,16651.06372570236
Weekly Temperature,Treated,2024-09-13,65,10612.511389633435
Weekly Temperature,Treated,2024-09-13,65,14945.250848609618
Weekly Temperature,Treated,2024-09-13,65,13375.530130167386
Weekly Temperature,Treated,2024-09-13,65,20504.912583034824
Weekly Temperature,Treated,2024-09-13,65,15780.62925892583
Weekly Temperature,Treated,2024-09-13,65,14945.250848609618
Weekly Temperature,Treated,2024-09-13,65,9994.646693605337
Weekly Temperature,Treated,2024-09-13,65,7787.96467548103
Weekly Temperature,Treated,2024-09-13,65,14945.250848609618
Weekly Temperature,Treated,2024-09-13,65,15780.62925892583
Weekly Temperature,Treated,2024-09-13,65,11933.853482499095
Weekly Temperature,Treated,2024-09-13,65,17557.614835225195
Weekly Temperature,Treated,2024-09-13,96,10612.511389633435
Weekly Temperature,Treated,2024-09-13,96,26245.055223370407
Weekly Temperature,Treated,2024-09-13,96,14945.250848609618
Weekly Temperature,Treated,2024-09-13,96,14945.250848609618
Weekly Temperature,Treated,2024-09-13,96,9404.122920058626
Weekly Temperature,Treated,2024-09-13,96,15780.62925892583
Weekly Temperature,Treated,2024-09-13,96,11258.609510533694
Weekly Temperature,Treated,2024-09-13,96,12639.175959442438
Weekly Temperature,Treated,2024-09-13,96,17557.614835225195
Weekly Temperature,Treated,2024-09-13,96,10612.511389633435
Weekly Temperature,Treated,2024-09-13,96,14143.890028815054
Weekly Temperature,Treated,2024-09-13,96,10612.511389633435
Weekly Temperature,Treated,2024-09-13,96,12639.175959442438
Weekly Temperature,Treated,2024-09-13,96,8301.625948952476
Weekly Temperature,Treated,2024-09-13,96,4819.9385143228255
Weekly Temperature,Treated,2024-09-13,74,8301.625948952476
Weekly Temperature,Treated,2024-09-13,74,15780.62925892583
Weekly Temperature,Treated,2024-09-13,74,12639.175959442438
Weekly Temperature,Treated,2024-09-13,74,12639.175959442438
Weekly Temperature,Treated,2024-09-13,74,12639.175959442438
Weekly Temperature,Treated,2024-09-13,74,9404.122920058626
Weekly Temperature,Treated,2024-09-13,74,18501.365621305493
Weekly Temperature,Treated,2024-09-13,74,7787.96467548103
Weekly Temperature,Treated,2024-09-13,74,8301.625948952476
Weekly Temperature,Treated,2024-09-13,74,8301.625948952476
Weekly Temperature,Treated,2024-09-13,74,9994.646693605337
Weekly Temperature,Treated,2024-09-13,74,18501.365621305493
Weekly Temperature,Treated,2024-09-13,74,15780.62925892583
Weekly Temperature,Treated,2024-09-13,74,4476.6633206243905
Weekly Temperature,Treated,2024-09-13,74,11933.853482499095
Weekly Temperature,Treated,2024-09-13,76,11258.609510533694
Weekly Temperature,Treated,2024-09-13,76,14143.890028815054
Weekly Temperature,Treated,2024-09-13,76,14143.890028815054
Weekly Temperature,Treated,2024-09-13,76,22670.83048087869
Weekly Temperature,Treated,2024-09-13,76,10612.511389633435
Weekly Temperature,Treated,2024-09-13,76,5181.968349969133
Weekly Temperature,Treated,2024-09-13,76,8840.067189718897
Weekly Temperature,Treated,2024-09-13,76,9994.646693605337
Weekly Temperature,Treated,2024-09-13,76,9994.646693605337
Weekly Temperature,Treated,2024-09-13,76,15780.62925892583
Weekly Temperature,Treated,2024-09-13,76,7298.2675872665905
Weekly Temperature,Treated,2024-09-13,76,8301.625948952476
Weekly Temperature,Treated,2024-09-13,76,8301.625948952476
Weekly Temperature,Treated,2024-09-13,76,7787.96467548103
Weekly Temperature,Treated,2024-09-13,76,5965.0786920957435
Weekly Temperature,Treated,2024-09-13,93,7787.96467548103
Weekly Temperature,Treated,2024-09-13,93,4151.466803636096
Weekly Temperature,Treated,2024-09-13,93,8301.625948952476
Weekly Temperature,Treated,2024-09-13,93,14143.890028815054
Weekly Temperature,Treated,2024-09-13,93,7787.96467548103
Weekly Temperature,Treated,2024-09-13,93,12639.175959442438
Weekly Temperature,Treated,2024-09-13,93,6831.737354548571
Weekly Temperature,Treated,2024-09-13,93,11933.853482499095
Weekly Temperature,Treated,2024-09-13,93,14143.890028815054
Weekly Temperature,Treated,2024-09-13,93,12639.175959442438
Weekly Temperature,Treated,2024-09-13,93,6387.594815015549
Weekly Temperature,Treated,2024-09-13,93,11258.609510533694
Weekly Temperature,Treated,2024-09-13,93,14143.890028815054
Weekly Temperature,Treated,2024-09-13,93,14945.250848609618
Weekly Temperature,Treated,2024-09-13,93,14143.890028815054
Weekly Temperature,Treated,2024-09-13,93,11933.853482499095
Weekly Temperature,Treated,2024-09-13,80,11258.609510533694
Weekly Temperature,Treated,2024-09-13,80,13375.530130167386
Weekly Temperature,Treated,2024-09-13,80,11258.609510533694
Weekly Temperature,Treated,2024-09-13,80,7787.96467548103
Weekly Temperature,Treated,2024-09-13,80,8840.067189718897
Weekly Temperature,Treated,2024-09-13,80,9994.646693605337
Weekly Temperature,Treated,2024-09-13,80,18501.365621305493
Weekly Temperature,Treated,2024-09-13,80,5181.968349969133
Weekly Temperature,Treated,2024-09-13,80,12639.175959442438
Weekly Temperature,Treated,2024-09-13,80,13375.530130167386
Weekly Temperature,Treated,2024-09-13,80,11258.609510533694
Weekly Temperature,Treated,2024-09-13,80,4819.9385143228255
Weekly Temperature,Treated,2024-09-13,80,14143.890028815054
Weekly Temperature,Treated,2024-09-13,80,11933.853482499095
Weekly Temperature,Treated,2024-09-13,80,11258.609510533694
Weekly Temperature,Treated,2024-09-13,61,20504.912583034824
Weekly Temperature,Treated,2024-09-13,61,15780.62925892583
Weekly Temperature,Treated,2024-09-13,61,12639.175959442438
Weekly Temperature,Treated,2024-09-13,61,19483.42189587645
Weekly Temperature,Treated,2024-09-13,61,9404.122920058626
Weekly Temperature,Treated,2024-09-13,61,18501.365621305493
Weekly Temperature,Treated,2024-09-13,61,12639.175959442438
Weekly Temperature,Treated,2024-09-13,61,7787.96467548103
Weekly Temperature,Treated,2024-09-13,61,12639.175959442438
Weekly Temperature,Treated,2024-09-13,61,17557.614835225195
Weekly Temperature,Treated,2024-09-13,61,13375.530130167386
Weekly Temperature,Treated,2024-09-13,61,25008.625863882262
Weekly Temperature,Treated,2024-09-13,61,12639.175959442438
Weekly Temperature,Treated,2024-09-13,61,11258.609510533694
Weekly Temperature,Treated,2024-09-13,61,7787.96467548103
Weekly Temperature,Treated,2024-09-13,44,12639.175959442438
Weekly Temperature,Treated,2024-09-13,44,16651.06372570236
Weekly Temperature,Treated,2024-09-13,44,8301.625948952476
Weekly Temperature,Treated,2024-09-13,44,11258.609510533694
Weekly Temperature,Treated,2024-09-13,44,11258.609510533694
Weekly Temperature,Treated,2024-09-13,44,15780.62925892583
Weekly Temperature,Treated,2024-09-13,44,8840.067189718897
Weekly Temperature,Treated,2024-09-13,44,7787.96467548103
Weekly Temperature,Treated,2024-09-13,44,15780.62925892583
Weekly Temperature,Treated,2024-09-13,44,12639.175959442438
Weekly Temperature,Treated,2024-09-13,44,10612.511389633435
Weekly Temperature,Treated,2024-09-13,44,7787.96467548103
Weekly Temperature,Treated,2024-09-13,44,14945.250848609618
Weekly Temperature,Treated,2024-09-13,44,8840.067189718897
Weekly Temperature,Treated,2024-09-13,44,5563.445316352044
Weekly Temperature,Treated,2024-09-13,71,13375.530130167386
Weekly Temperature,Treated,2024-09-13,71,10612.511389633435
Weekly Temperature,Treated,2024-09-13,71,5965.0786920957435
Weekly Temperature,Treated,2024-09-13,71,19483.42189587645
Weekly Temperature,Treated,2024-09-13,71,13375.530130167386
Weekly Temperature,Treated,2024-09-13,71,9404.122920058626
Weekly Temperature,Treated,2024-09-13,71,9404.122920058626
Weekly Temperature,Treated,2024-09-13,71,6831.737354548571
Weekly Temperature,Treated,2024-09-13,71,9404.122920058626
Weekly Temperature,Treated,2024-09-13,71,5181.968349969133
Weekly Temperature,Treated,2024-09-13,71,15780.62925892583
Weekly Temperature,Treated,2024-09-13,71,14945.250848609618
Weekly Temperature,Treated,2024-09-13,71,14143.890028815054
Weekly Temperature,Treated,2024-09-13,71,15780.62925892583
Weekly Temperature,Treated,2024-09-13,71,13375.530130167386
Daily Temperature,Control,2024-12-17,36,23480.5666181819
Daily Temperature,Control,2024-12-17,36,27619.799798153417
Daily Temperature,Control,2024-12-17,36,12856.779970133768
Daily Temperature,Control,2024-12-17,36,25154.573384797768
Daily Temperature,Control,2024-12-17,36,22919.398689880505
Daily Temperature,Control,2024-12-17,36,9508.438776721208
Daily Temperature,Control,2024-12-17,36,13062.419714190544
Daily Temperature,Control,2024-12-17,36,15746.548029969528
Daily Temperature,Control,2024-12-17,36,59841.61459493641
Daily Temperature,Control,2024-12-17,36,6536.139011270194
Daily Temperature,Control,2024-12-17,36,33762.48330525845
Daily Temperature,Control,2024-12-17,36,37997.794091851574
Daily Temperature,Control,2024-12-17,36,11714.547928136803
Daily Temperature,Control,2024-12-17,36,16072.590998984662
Daily Temperature,Control,2024-12-17,36,27777.381714389026
Daily Temperature,Control,2024-12-17,36,24241.23598447288
Daily Temperature,Control,2024-12-17,36,12156.238918486946
Daily Temperature,Control,2024-12-17,36,20861.406640083613
Daily Temperature,Control,2024-12-17,36,9422.02716413027
Daily Temperature,Control,2024-12-17,36,18109.858130316854
Daily Temperature,Control,2024-12-17,36,14961.621620424903
Daily Temperature,Control,2024-12-17,36,19613.96135798867
Daily Temperature,Control,2024-12-17,36,10796.933201540181
Daily Temperature,Control,2024-12-17,36,15763.581637801795
Daily Temperature,Control,2024-12-17,36,8160.529709129318
Daily Temperature,Control,2024-12-17,36,12871.386838863189
Daily Temperature,Control,2024-12-17,36,6827.1863934747935
Daily Temperature,Control,2024-12-17,36,13972.054427622541
Daily Temperature,Control,2024-12-17,36,7929.339500687709
Daily Temperature,Control,2024-12-17,36,6946.240938284198
Daily Temperature,Control,2024-12-17,36,6553.780525411107
Daily Temperature,Control,2024-12-17,36,19046.526112495285
Daily Temperature,Control,2024-12-17,36,9784.898434812454
Daily Temperature,Control,2024-12-17,36,9952.430325349267
Daily Temperature,Control,2024-12-17,36,15593.874774383838
Daily Temperature,Control,2024-12-17,36,19795.813146674405
Daily Temperature,Control,2024-12-17,36,11225.620056530674
Daily Temperature,Control,2024-12-17,36,9607.751231373328
Daily Temperature,Control,2024-12-17,36,19056.3714910925
Daily Temperature,Control,2024-12-17,36,21632.03092433654
Daily Temperature,Control,2024-12-17,36,20682.570295525733
Daily Temperature,Control,2024-12-17,36,23642.82682693452
Daily Temperature,Control,2024-12-17,36,15258.631581691423
Daily Temperature,Control,2024-12-17,36,4035.5935359880314
Daily Temperature,Control,2024-12-17,36,36738.36263763902
Daily Temperature,Control,2024-12-17,36,17281.79325188569
Daily Temperature,Control,2024-12-17,36,15208.821553874175
Daily Temperature,Control,2024-12-17,36,4858.831356869496
Daily Temperature,Control,2024-12-17,36,16272.41327611477
Daily Temperature,Control,2024-12-17,36,43190.86785778944
Daily Temperature,Control,2024-12-17,36,5528.29765780869
Weekly Temperature,Control,2024-12-17,41,32397.16449875183
Weekly Temperature,Control,2024-12-17,41,18164.854002445154
Weekly Temperature,Control,2024-12-17,41,9625.357146150634
Weekly Temperature,Control,2024-12-17,41,17431.242757077867
Weekly Temperature,Control,2024-12-17,41,15257.800400152264
Weekly Temperature,Control,2024-12-17,41,4351.322390414557
Weekly Temperature,Control,2024-12-17,41,11871.863831707482
Weekly Temperature,Control,2024-12-17,41,17022.836831566365
Weekly Temperature,Control,2024-12-17,41,13419.211183551073
Weekly Temperature,Control,2024-12-17,41,16568.6065431675
Weekly Temperature,Control,2024-12-17,41,4246.523830832577
Weekly Temperature,Control,2024-12-17,41,23979.334864112247
Weekly Temperature,Control,2024-12-17,41,12675.970899557899
Weekly Temperature,Control,2024-12-17,41,40743.42456033028
Weekly Temperature,Control,2024-12-17,41,25231.45848219113
Weekly Temperature,Control,2024-12-17,41,24320.709705746205
Weekly Temperature,Control,2024-12-17,41,6306.962962728486
Weekly Temperature,Control,2024-12-17,41,11052.639075824938
Weekly Temperature,Control,2024-12-17,41,10914.54154587994
Weekly Temperature,Control,2024-12-17,41,8423.243173617007
Weekly Temperature,Control,2024-12-17,41,6988.732833949757
Weekly Temperature,Control,2024-12-17,41,41330.04504000666
Weekly Temperature,Control,2024-12-17,41,53962.76486669072
Weekly Temperature,Control,2024-12-17,41,5646.48800167901
Weekly Temperature,Control,2024-12-17,41,41738.63275628061
Weekly Temperature,Control,2024-12-17,41,3218.9426249810917
Weekly Temperature,Control,2024-12-17,41,31556.091011129545
Weekly Temperature,Control,2024-12-17,41,7011.442595313285
Weekly Temperature,Control,2024-12-17,41,13541.788822843157
Weekly Temperature,Control,2024-12-17,41,13098.660714699921
Weekly Temperature,Control,2024-12-17,41,12839.997558334075
Weekly Temperature,Control,2024-12-17,41,8937.459626711021
Weekly Temperature,Control,2024-12-17,41,14654.507790539668
Weekly Temperature,Control,2024-12-17,41,32833.9192245652
Weekly Temperature,Control,2024-12-17,41,17389.88552929971
Weekly Temperature,Control,2024-12-17,41,20995.78049333577
Weekly Temperature,Control,2024-12-17,41,4725.781948242405
Weekly Temperature,Control,2024-12-17,41,20886.749397427113
Weekly Temperature,Control,2024-12-17,41,11829.301213888706
Weekly Temperature,Control,2024-12-17,41,10678.37466110477
Weekly Temperature,Control,2024-12-17,41,18065.385908331515
Weekly Temperature,Control,2024-12-17,41,16740.96784380333
Weekly Temperature,Control,2024-12-17,41,26987.36592622498
Weekly Temperature,Control,2024-12-17,41,9711.383970321978
Weekly Temperature,Control,2024-12-17,41,10436.078148748142
Weekly Temperature,Control,2024-12-17,41,10309.376647077752
Weekly Temperature,Control,2024-12-17,41,17480.970468659274
Weekly Temperature,Control,2024-12-17,41,27562.19343683189
Weekly Temperature,Control,2024-12-17,41,12732.401916642224
Weekly Temperature,Control,2024-12-17,41,11299.617634870048
Weekly Temperature,Control,2024-12-17,41,13124.593647968843
Weekly Temperature,Control,2024-12-17,41,17829.2960168788
Weekly Temperature,Control,2024-12-17,41,3597.8607069843392
Weekly Temperature,Control,2024-12-17,41,9497.38702783376
Weekly Temperature,Control,2024-12-17,41,19178.778091076467
Weekly Temperature,Control,2024-12-17,41,14867.675353411947
Weekly Temperature,Control,2024-12-17,41,20566.43707351546
Weekly Temperature,Control,2024-12-17,41,8453.05388839736
Weekly Temperature,Control,2024-12-17,41,10120.881225323199
Weekly Temperature,Control,2024-12-17,41,6857.264128094747
Weekly Temperature,Control,2024-12-17,41,11346.716438964875
Weekly Temperature,Control,2024-12-17,41,17428.48327563074
Weekly Temperature,Control,2024-12-17,41,7977.225363762733
Weekly Temperature,Control,2024-12-17,41,24231.75998215312
Weekly Temperature,Control,2024-12-17,41,21905.754249177702
Weekly Temperature,Control,2024-12-17,41,8974.744619811705
Weekly Temperature,Control,2024-12-17,41,32505.555481709674
Weekly Temperature,Control,2024-12-17,41,31220.41836758187
Weekly Temperature,Control,2024-12-17,41,18206.660071156417
Weekly Temperature,Control,2024-12-17,41,11643.254173306848
Weekly Temperature,Control,2024-12-17,41,17756.411650215807
Weekly Temperature,Control,2024-12-17,41,7872.562994738956
Weekly Temperature,Control,2024-12-17,41,12324.360707711521
Weekly Temperature,Control,2024-12-17,41,14379.198128682296
Weekly Temperature,Control,2024-12-17,41,24583.081904233164
Weekly Temperature,Control,2024-12-17,41,5406.942295289071
Weekly Temperature,Control,2024-12-17,41,5866.402889317846
Weekly Temperature,Control,2024-12-17,41,7451.441475288566
Weekly Temperature,Control,2024-12-17,41,10457.932962512032
Weekly Temperature,Control,2024-12-17,41,14732.047290937739
Weekly Temperature,Control,2024-12-17,41,12499.947229804922
Weekly Temperature,Control,2024-12-17,41,8594.649190927925
Weekly Temperature,Control,2024-12-17,41,13676.683074052542
Weekly Temperature,Control,2024-12-17,41,14118.013131235906
Weekly Temperature,Control,2024-12-17,41,41754.89716077261
Weekly Temperature,Control,2024-12-17,41,19928.970940836185
Weekly Temperature,Control,2024-12-17,41,46827.753219239145
Weekly Temperature,Control,2024-12-17,41,13986.832032236998
Weekly Temperature,Control,2024-12-17,42,18687.884787554085
Weekly Temperature,Control,2024-12-17,42,16707.099232484718
Weekly Temperature,Control,2024-12-17,42,12934.339316524158
Weekly Temperature,Control,2024-12-17,42,7789.469417609793
Weekly Temperature,Control,2024-12-17,42,13767.176096730193
Weekly Temperature,Control,2024-12-17,42,8928.572863123025
Weekly Temperature,Control,2024-12-17,42,27885.46224700368
Weekly Temperature,Control,2024-12-17,42,24691.042861579543
Weekly Temperature,Control,2024-12-17,42,7333.701757097894
Weekly Temperature,Control,2024-12-17,42,14268.2840346759
Weekly Temperature,Control,2024-12-17,42,4330.736510234661
Weekly Temperature,Control,2024-12-17,42,10310.61319138396
Weekly Temperature,Control,2024-12-17,42,7974.672850267243
Weekly Temperature,Control,2024-12-17,42,12531.422845058574
Weekly Temperature,Control,2024-12-17,42,3785.647018687485
Weekly Temperature,Control,2024-12-17,42,14575.67274809525
Weekly Temperature,Control,2024-12-17,42,9537.568265020709
Weekly Temperature,Control,2024-12-17,42,11794.37629221828
Weekly Temperature,Control,2024-12-17,42,17433.08259661444
Weekly Temperature,Control,2024-12-17,42,10045.483192727746
Weekly Temperature,Control,2024-12-17,42,7654.903805422124
Weekly Temperature,Control,2024-12-17,42,12252.39689125937
Weekly Temperature,Control,2024-12-17,42,9320.714555825118
Weekly Temperature,Control,2024-12-17,42,14283.298484692172
Weekly Temperature,Control,2024-12-17,42,8614.634156975626
Weekly Temperature,Control,2024-12-17,42,12918.945777425306
Weekly Temperature,Control,2024-12-17,42,18849.458069391847
Weekly Temperature,Control,2024-12-17,42,11647.996898794672
Weekly Temperature,Control,2024-12-17,42,4746.317887163309
Weekly Temperature,Control,2024-12-17,42,9196.923430149498
Weekly Temperature,Control,2024-12-17,42,13866.622962058133
Weekly Temperature,Control,2024-12-17,42,14563.634617040645
Weekly Temperature,Control,2024-12-17,42,15259.462797638393
Weekly Temperature,Control,2024-12-17,42,11345.387694216473
Weekly Temperature,Control,2024-12-17,42,38621.3052054189
Weekly Temperature,Control,2024-12-17,42,47051.61665629698
Weekly Temperature,Control,2024-12-17,42,12296.8075851296
Weekly Temperature,Control,2024-12-17,42,11080.676455228526
Weekly Temperature,Control,2024-12-17,42,10106.864188495063
Weekly Temperature,Control,2024-12-17,42,20695.15530790852
Weekly Temperature,Control,2024-12-17,42,8927.462481212971
Weekly Temperature,Control,2024-12-17,42,24788.52006831472
Weekly Temperature,Control,2024-12-17,42,25439.831534842055
Weekly Temperature,Control,2024-12-17,42,10563.314380709931
Weekly Temperature,Control,2024-12-17,42,10466.059201952497
Weekly Temperature,Control,2024-12-17,42,14474.786724674934
Weekly Temperature,Control,2024-12-17,42,6273.1252610411775
Weekly Temperature,Control,2024-12-17,42,5923.987750407312
Weekly Temperature,Control,2024-12-17,42,7688.630681709788
Weekly Temperature,Control,2024-12-17,42,5942.452880511571
Weekly Temperature,Control,2024-12-17,42,4093.860537167117
Weekly Temperature,Control,2024-12-17,42,12982.80926777977
Weekly Temperature,Control,2024-12-17,42,18389.947828819906
Weekly Temperature,Control,2024-12-17,42,3856.8739983854052
Weekly Temperature,Control,2024-12-17,42,4344.779533302282
Weekly Temperature,Control,2024-12-17,42,15960.477446896122
Weekly Temperature,Control,2024-12-17,42,10141.018060247789
Weekly Temperature,Control,2024-12-17,42,8441.333188570085
Weekly Temperature,Control,2024-12-17,42,9567.34902075269
Weekly Temperature,Control,2024-12-17,42,4911.519551083565
Weekly Temperature,Control,2024-12-17,42,10215.724087376702
Weekly Temperature,Control,2024-12-17,42,7766.920920475087
Weekly Temperature,Control,2024-12-17,42,8609.769767121437
Weekly Temperature,Control,2024-12-17,42,13335.708829338946
Weekly Temperature,Control,2024-12-17,42,12746.901921241526
Weekly Temperature,Control,2024-12-17,42,11024.655050260366
Weekly Temperature,Control,2024-12-17,42,34031.28296860299
Weekly Temperature,Control,2024-12-17,42,8891.984599717596
Weekly Temperature,Control,2024-12-17,42,5329.530325552567
Weekly Temperature,Control,2024-12-17,42,11919.367465272033
Weekly Temperature,Control,2024-12-17,42,10388.118149717877
Weekly Temperature,Control,2024-12-17,42,14507.556381021555
Weekly Temperature,Control,2024-12-17,42,7789.469417609793
Weekly Temperature,Control,2024-12-17,42,9119.96843848017
Weekly Temperature,Control,2024-12-17,42,10580.324703699336
Weekly Temperature,Control,2024-12-17,42,8130.454278286974
Weekly Temperature,Control,2024-12-17,42,24224.65485461281
Weekly Temperature,Control,2024-12-17,42,7065.421776476461
Weekly Temperature,Control,2024-12-17,42,11619.562352743347
Weekly Temperature,Control,2024-12-17,42,20062.814107001483
Weekly Temperature,Control,2024-12-17,42,15306.899016384512
Weekly Temperature,Control,2024-12-17,42,17850.831114963705
Weekly Temperature,Control,2024-12-17,42,8189.125820458292
Weekly Temperature,Control,2024-12-17,42,6151.739826919931
Weekly Temperature,Control,2024-12-17,42,14071.837820917048
Weekly Temperature,Control,2024-12-17,42,15747.399377675005
Weekly Temperature,Control,2024-12-17,42,7495.221404361452
Weekly Temperature,Control,2024-12-17,42,8946.352985303638
Weekly Temperature,Control,2024-12-17,42,10458.55788976622
Weekly Temperature,Control,2024-12-17,42,3000.6750134233944
Weekly Temperature,Control,2024-12-17,42,10466.684493423258
Weekly Temperature,Control,2024-12-17,42,33704.33436266651
Weekly Temperature,Control,2024-12-17,42,5531.025521574766
Weekly Temperature,Control,2024-12-17,42,13182.526692763833
Weekly Temperature,Control,2024-12-17,42,4358.855491082657
Weekly Temperature,Control,2024-12-17,42,22876.31505851245
Weekly Temperature,Control,2024-12-17,42,21046.74008213135
Weekly Temperature,Control,2024-12-17,43,20018.805132697275
Weekly Temperature,Control,2024-12-17,43,7647.478845231985
Weekly Temperature,Control,2024-12-17,43,8477.599940300895
Weekly Temperature,Control,2024-12-17,43,10959.134552079766
Weekly Temperature,Control,2024-12-17,43,7681.181476910349
Weekly Temperature,Control,2024-12-17,43,13324.454951639253
Weekly Temperature,Control,2024-12-17,43,8821.894572754492
Weekly Temperature,Control,2024-12-17,43,13726.475018151992
Weekly Temperature,Control,2024-12-17,43,10513.033886582627
Weekly Temperature,Control,2024-12-17,43,8387.679653618907
Weekly Temperature,Control,2024-12-17,43,8904.7223378819
Weekly Temperature,Control,2024-12-17,43,21230.125464145374
Weekly Temperature,Control,2024-12-17,43,17875.1990548787
Weekly Temperature,Control,2024-12-17,43,16871.581682471435
Weekly Temperature,Control,2024-12-17,43,7721.470843464737
Weekly Temperature,Control,2024-12-17,43,12504.235841183983
Weekly Temperature,Control,2024-12-17,43,6102.583228371114
Weekly Temperature,Control,2024-12-17,43,4289.776336018234
Weekly Temperature,Control,2024-12-17,43,9305.817206311507
Weekly Temperature,Control,2024-12-17,43,8691.65469327016
Weekly Temperature,Control,2024-12-17,43,7324.1124269866605
Weekly Temperature,Control,2024-12-17,43,14761.204738693521
Weekly Temperature,Control,2024-12-17,43,17692.126873813802
Weekly Temperature,Control,2024-12-17,43,16008.69928999423
Weekly Temperature,Control,2024-12-17,43,16327.475746293338
Weekly Temperature,Control,2024-12-17,43,14260.386500958195
Weekly Temperature,Control,2024-12-17,43,16454.745969452688
Weekly Temperature,Control,2024-12-17,43,18054.989576913318
Weekly Temperature,Control,2024-12-17,43,10041.845605665509
Weekly Temperature,Control,2024-12-17,43,10235.387201798823
Weekly Temperature,Control,2024-12-17,43,4408.877119973463
Weekly Temperature,Control,2024-12-17,43,9826.581973196027
Weekly Temperature,Control,2024-12-17,43,14958.34637716245
Weekly Temperature,Control,2024-12-17,43,5104.352362842157
Weekly Temperature,Control,2024-12-17,43,11340.738009401764
Weekly Temperature,Control,2024-12-17,43,3004.1861902317655
Weekly Temperature,Control,2024-12-17,43,11204.544989891308
Weekly Temperature,Control,2024-12-17,43,7023.5147884484095
Weekly Temperature,Control,2024-12-17,43,11767.721455384602
Weekly Temperature,Control,2024-12-17,43,8027.890181385406
Weekly Temperature,Control,2024-12-17,43,27073.703053266494
Weekly Temperature,Control,2024-12-17,43,9329.31727957987
Weekly Temperature,Control,2024-12-17,43,3125.056713219502
Weekly Temperature,Control,2024-12-17,43,9670.656102358085
Weekly Temperature,Control,2024-12-17,43,7761.416438500983
Weekly Temperature,Control,2024-12-17,43,3054.4116728156505
Weekly Temperature,Control,2024-12-17,43,2525.193501375661
Weekly Temperature,Control,2024-12-17,43,10288.372399468775
Weekly Temperature,Control,2024-12-17,43,10362.648547633848
Weekly Temperature,Control,2024-12-17,43,10362.648547633848
Weekly Temperature,Control,2024-12-17,43,12152.040671038216
Weekly Temperature,Control,2024-12-17,43,5557.967193577166
Weekly Temperature,Control,2024-12-17,43,6975.780250708792
Weekly Temperature,Control,2024-12-17,43,7379.859962715829
Weekly Temperature,Control,2024-12-17,43,6718.63291430629
Weekly Temperature,Control,2024-12-17,43,7344.260749820689
Weekly Temperature,Control,2024-12-17,43,5980.335225094183
Weekly Temperature,Control,2024-12-17,43,6537.460909788172
Weekly Temperature,Control,2024-12-17,43,19914.707673406192
Weekly Temperature,Control,2024-12-17,43,10167.30199209542
Weekly Temperature,Control,2024-12-17,43,25405.420219256717
Weekly Temperature,Control,2024-12-17,43,4790.742350467874
Weekly Temperature,Control,2024-12-17,43,9820.022918907083
Weekly Temperature,Control,2024-12-17,43,2853.8860476453806
Weekly Temperature,Control,2024-12-17,43,28095.960408181767
Weekly Temperature,Control,2024-12-17,43,21095.66540046139
Weekly Temperature,Control,2024-12-17,43,7674.233715286424
Weekly Temperature,Control,2024-12-17,43,6406.242586170637
Weekly Temperature,Control,2024-12-17,43,2999.4217292797453
Weekly Temperature,Control,2024-12-17,43,8857.715758449716
Weekly Temperature,Control,2024-12-17,43,12786.114240718016
Weekly Temperature,Control,2024-12-17,43,6712.789527996204
Weekly Temperature,Control,2024-12-17,43,11118.578962481506
Weekly Temperature,Control,2024-12-17,43,7707.525975874611
Weekly Temperature,Control,2024-12-17,43,14205.196523502109
Weekly Temperature,Control,2024-12-17,43,10513.033886582627
Weekly Temperature,Control,2024-12-17,43,10036.391075065374
Weekly Temperature,Control,2024-12-17,43,7023.5147884484095
Weekly Temperature,Control,2024-12-17,43,15135.164342131413
Weekly Temperature,Control,2024-12-17,43,11367.326957227162
Weekly Temperature,Control,2024-12-17,43,8894.752516721892
Weekly Temperature,Control,2024-12-17,43,13505.38155472644
Weekly Temperature,Control,2024-12-17,43,7121.584873984515
Weekly Temperature,Control,2024-12-17,43,5139.727963459856
Weekly Temperature,Control,2024-12-17,43,19477.41310531555
Weekly Temperature,Control,2024-12-17,43,10070.973945666248
Weekly Temperature,Control,2024-12-17,43,15917.515714419513
Weekly Temperature,Control,2024-12-17,43,7490.347583027459
Weekly Temperature,Control,2024-12-17,43,7231.101990730139
Weekly Temperature,Control,2024-12-17,43,17302.82174872073
Weekly Temperature,Control,2024-12-17,43,13233.9361640816
Weekly Temperature,Control,2024-12-17,43,9000.410358777941
Weekly Temperature,Control,2024-12-17,43,10391.849342394778
Weekly Temperature,Control,2024-12-17,43,14179.234627874044
Weekly Temperature,Control,2024-12-17,43,8046.372871083169
Weekly Temperature,Control,2024-12-17,43,2731.916218719735
Weekly Temperature,Control,2024-12-17,43,11341.40216230605
Weekly Temperature,Treated,2024-12-17,44,35332.11075216925
Weekly Temperature,Treated,2024-12-17,44,21215.153050295216
Weekly Temperature,Treated,2024-12-17,44,27127.933657470152
Weekly Temperature,Treated,2024-12-17,44,10587.260725108736
Weekly Temperature,Treated,2024-12-17,44,24870.581772459416
Weekly Temperature,Treated,2024-12-17,44,8292.688995152574
Weekly Temperature,Treated,2024-12-17,44,9361.486530844002
Weekly Temperature,Treated,2024-12-17,44,15085.660953620498
Weekly Temperature,Treated,2024-12-17,44,13828.784708233468
Weekly Temperature,Treated,2024-12-17,44,16906.6027834561
Weekly Temperature,Treated,2024-12-17,44,24530.433683645777
Weekly Temperature,Treated,2024-12-17,44,24401.574852556605
Weekly Temperature,Treated,2024-12-17,44,15398.75935259821
Weekly Temperature,Treated,2024-12-17,44,20781.310229595132
Weekly Temperature,Treated,2024-12-17,44,13074.245164319676
Weekly Temperature,Treated,2024-12-17,44,18760.753008238557
Weekly Temperature,Treated,2024-12-17,44,15052.727091959841
Weekly Temperature,Treated,2024-12-17,44,20744.50319046534
Weekly Temperature,Treated,2024-12-17,44,11671.05368996239
Weekly Temperature,Treated,2024-12-17,44,4576.698526641196
Weekly Temperature,Treated,2024-12-17,44,6383.696855379924
Weekly Temperature,Treated,2024-12-17,44,26834.545928483687
Weekly Temperature,Treated,2024-12-17,44,18457.12113193191
Weekly Temperature,Treated,2024-12-17,44,74670.3497737503
Weekly Temperature,Treated,2024-12-17,44,14906.016494350895
Weekly Temperature,Treated,2024-12-17,44,16604.920191232137
Weekly Temperature,Treated,2024-12-17,44,14379.992716544832
Weekly Temperature,Treated,2024-12-17,44,5434.979921553703
Weekly Temperature,Treated,2024-12-17,44,27142.150784581947
Weekly Temperature,Treated,2024-12-17,44,20914.23070831951
Weekly Temperature,Treated,2024-12-17,44,8768.091520530405
Weekly Temperature,Treated,2024-12-17,44,5674.237092247038
Weekly Temperature,Treated,2024-12-17,44,12044.659282658758
Weekly Temperature,Treated,2024-12-17,44,18393.781260670057
Weekly Temperature,Treated,2024-12-17,44,19621.009362536697
Weekly Temperature,Treated,2024-12-17,44,33432.98910614592
Weekly Temperature,Treated,2024-12-17,44,8458.918778007434
Weekly Temperature,Treated,2024-12-17,44,8779.051817482989
Weekly Temperature,Treated,2024-12-17,44,18764.645408546698
Weekly Temperature,Treated,2024-12-17,44,20230.312648576808
Weekly Temperature,Treated,2024-12-17,44,6865.027238406151
Weekly Temperature,Treated,2024-12-17,44,10592.938189273986
Weekly Temperature,Treated,2024-12-17,44,7557.814043864536
Weekly Temperature,Treated,2024-12-17,44,21289.02423000177
Weekly Temperature,Treated,2024-12-17,44,5820.145955082763
Weekly Temperature,Treated,2024-12-17,44,17191.501781911356
Weekly Temperature,Treated,2024-12-17,44,17233.410516210264
Weekly Temperature,Treated,2024-12-17,44,29635.94885644523
Weekly Temperature,Treated,2024-12-17,44,7337.5400898449725
Weekly Temperature,Treated,2024-12-17,44,22407.610934706387
Weekly Temperature,Treated,2024-12-17,44,20005.514672386842
Weekly Temperature,Treated,2024-12-17,44,20844.524583763006
Weekly Temperature,Treated,2024-12-17,44,17514.18237915168
Weekly Temperature,Treated,2024-12-17,44,4701.501106469412
Weekly Temperature,Treated,2024-12-17,44,29220.322431792287
Weekly Temperature,Treated,2024-12-17,44,32663.446782230036
Weekly Temperature,Treated,2024-12-17,44,13768.71377381708
Weekly Temperature,Treated,2024-12-17,44,5638.973285449567
Weekly Temperature,Treated,2024-12-17,44,26977.071262808167
Weekly Temperature,Treated,2024-12-17,44,11265.216140895118
Weekly Temperature,Treated,2024-12-17,44,19233.263606517405
Weekly Temperature,Treated,2024-12-17,44,18961.035473612952
Weekly Temperature,Treated,2024-12-17,44,26021.590360574944
Weekly Temperature,Treated,2024-12-17,44,12482.089965197567
Weekly Temperature,Treated,2024-12-17,44,14975.547480570043
Weekly Temperature,Treated,2024-12-17,44,19254.09839593782
Weekly Temperature,Treated,2024-12-17,44,14754.721523717071
Weekly Temperature,Treated,2024-12-17,44,24845.216854265393
Weekly Temperature,Treated,2024-12-17,44,22838.950916431873
Weekly Temperature,Treated,2024-12-17,44,37593.16571195953
Weekly Temperature,Treated,2024-12-17,44,18891.485108333167
Weekly Temperature,Treated,2024-12-17,44,21483.741175510044
Weekly Temperature,Treated,2024-12-17,44,13659.861433122054
Weekly Temperature,Treated,2024-12-17,44,39834.76925483412
Weekly Temperature,Treated,2024-12-17,44,17011.99873146314
Weekly Temperature,Treated,2024-12-17,44,13484.17822140057
Weekly Temperature,Treated,2024-12-17,44,11355.35613369585
Weekly Temperature,Treated,2024-12-17,44,9083.921105461344
Weekly Temperature,Treated,2024-12-17,44,53616.56819628286
Weekly Temperature,Treated,2024-12-17,44,20752.911814150943
Weekly Temperature,Treated,2024-12-17,44,20497.622446967565
Weekly Temperature,Treated,2024-12-17,44,27958.137471951082
Weekly Temperature,Treated,2024-12-17,44,21235.474720673923
Weekly Temperature,Treated,2024-12-17,44,29397.30156419097
Weekly Temperature,Treated,2024-12-17,44,27614.559009686265
Weekly Temperature,Treated,2024-12-17,44,29970.90060989618
Weekly Temperature,Treated,2024-12-17,44,13639.238106721345
Weekly Temperature,Treated,2024-12-17,44,30611.278542535503
Weekly Temperature,Treated,2024-12-17,44,23295.02915092381
Weekly Temperature,Treated,2024-12-17,44,18361.21655381557
Weekly Temperature,Treated,2024-12-17,44,3541.1047081640313
Weekly Temperature,Treated,2024-12-17,44,15280.254381876097
Daily Temperature,Control,2024-12-17,53,7897.872228852223
Daily Temperature,Control,2024-12-17,53,13077.942276713791
Daily Temperature,Control,2024-12-17,53,8915.809687638757
Daily Temperature,Control,2024-12-17,53,10673.93195106684
Daily Temperature,Control,2024-12-17,53,23734.768355899072
Daily Temperature,Control,2024-12-17,53,10812.943514525066
Daily Temperature,Control,2024-12-17,53,8350.643191787052
Daily Temperature,Control,2024-12-17,53,11920.056974977077
Daily Temperature,Control,2024-12-17,53,12642.779735998603
Daily Temperature,Control,2024-12-17,53,13448.64355812031
Daily Temperature,Control,2024-12-17,53,10866.225645640077
Daily Temperature,Control,2024-12-17,53,16285.510541957276
Daily Temperature,Control,2024-12-17,53,7174.772873592298
Daily Temperature,Control,2024-12-17,53,13072.027276186232
Daily Temperature,Control,2024-12-17,53,6339.64222808512
Daily Temperature,Control,2024-12-17,53,14741.761578220949
Daily Temperature,Control,2024-12-17,53,16051.848136961607
Daily Temperature,Control,2024-12-17,53,6615.3576969117275
Daily Temperature,Control,2024-12-17,53,15417.181588830774
Daily Temperature,Control,2024-12-17,53,12080.141087963377
Daily Temperature,Control,2024-12-17,53,9610.09729413884
Daily Temperature,Control,2024-12-17,53,15012.457569994367
Daily Temperature,Control,2024-12-17,53,12468.531327424915
Daily Temperature,Control,2024-12-17,53,33021.63511119669
Daily Temperature,Control,2024-12-17,53,41167.131600005254
Daily Temperature,Control,2024-12-17,53,14037.476574203749
Daily Temperature,Control,2024-12-17,53,21080.765853328416
Daily Temperature,Control,2024-12-17,53,12960.026013884519
Daily Temperature,Control,2024-12-17,53,13272.779616573545
Daily Temperature,Control,2024-12-17,53,18755.888376431005
Daily Temperature,Control,2024-12-17,53,14675.477413252689
Daily Temperature,Control,2024-12-17,53,7010.514600529874
Daily Temperature,Control,2024-12-17,53,13989.166420366326
Daily Temperature,Control,2024-12-17,53,5989.833440379577
Daily Temperature,Control,2024-12-17,53,18852.38786498239
Daily Temperature,Control,2024-12-17,53,9276.075867348998
Daily Temperature,Control,2024-12-17,53,13503.866194660259
Daily Temperature,Control,2024-12-17,53,31959.069656484542
Daily Temperature,Control,2024-12-17,53,10647.304820637859
Daily Temperature,Control,2024-12-17,53,5589.716771755889
Daily Temperature,Control,2024-12-17,53,6544.955388948972
Daily Temperature,Control,2024-12-17,53,17763.87647994985
Daily Temperature,Control,2024-12-17,53,9267.509843182419
Daily Temperature,Control,2024-12-17,53,11796.428546379506
Daily Temperature,Control,2024-12-17,53,18902.24771786073
Daily Temperature,Control,2024-12-17,53,19300.79124950883
Daily Temperature,Control,2024-12-17,53,13951.07502740311
Daily Temperature,Control,2024-12-17,53,13563.820848502566
Daily Temperature,Control,2024-12-17,53,8303.729802154165
Weekly Temperature,Control,2024-12-17,55,30235.62879015168
Weekly Temperature,Control,2024-12-17,55,18119.331087827497
Weekly Temperature,Control,2024-12-17,55,18278.08986566156
Weekly Temperature,Control,2024-12-17,55,8208.405067726162
Weekly Temperature,Control,2024-12-17,55,5373.665837202173
Weekly Temperature,Control,2024-12-17,55,29105.52493818801
Weekly Temperature,Control,2024-12-17,55,14763.636501719515
Weekly Temperature,Control,2024-12-17,55,23357.132806187594
Weekly Temperature,Control,2024-12-17,55,27715.5794652024
Weekly Temperature,Control,2024-12-17,55,20704.597922409233
Weekly Temperature,Control,2024-12-17,55,12308.105802220422
Weekly Temperature,Control,2024-12-17,55,10693.61734888126
Weekly Temperature,Control,2024-12-17,55,4141.667438487172
Weekly Temperature,Control,2024-12-17,55,11623.621227450005
Weekly Temperature,Control,2024-12-17,55,10565.203402461502
Weekly Temperature,Control,2024-12-17,55,4206.78089007085
Weekly Temperature,Control,2024-12-17,55,18698.558556354626
Weekly Temperature,Control,2024-12-17,55,9720.846410856346
Weekly Temperature,Control,2024-12-17,55,11322.816937747031
Weekly Temperature,Control,2024-12-17,55,17397.232446648097
Weekly Temperature,Control,2024-12-17,55,15309.39875990865
Weekly Temperature,Control,2024-12-17,55,16576.57264301075
Weekly Temperature,Control,2024-12-17,55,15766.137887417959
Weekly Temperature,Control,2024-12-17,55,13122.369305342427
Weekly Temperature,Control,2024-12-17,55,11440.019908995215
Weekly Temperature,Control,2024-12-17,55,4601.191600121869
Weekly Temperature,Control,2024-12-17,55,10416.126599164107
Weekly Temperature,Control,2024-12-17,55,8906.93898483973
Weekly Temperature,Control,2024-12-17,55,10717.148487042894
Weekly Temperature,Control,2024-12-17,55,19767.440592772055
Weekly Temperature,Control,2024-12-17,55,18200.004192233988
Weekly Temperature,Control,2024-12-17,55,12545.033068288601
Weekly Temperature,Control,2024-12-17,55,8816.943241343806
Weekly Temperature,Control,2024-12-17,55,12144.346723856937
Weekly Temperature,Control,2024-12-17,55,25790.89819018819
Weekly Temperature,Control,2024-12-17,55,6624.252681936336
Weekly Temperature,Control,2024-12-17,55,9691.889450067307
Weekly Temperature,Control,2024-12-17,55,28115.882038060463
Weekly Temperature,Control,2024-12-17,55,14245.390318398893
Weekly Temperature,Control,2024-12-17,55,9693.070102103862
Weekly Temperature,Control,2024-12-17,55,36739.99809148524
Weekly Temperature,Control,2024-12-17,55,14991.12332383921
Weekly Temperature,Control,2024-12-17,55,12996.052137851611
Weekly Temperature,Control,2024-12-17,55,16818.706196856507
Weekly Temperature,Control,2024-12-17,55,19980.99620680023
Weekly Temperature,Control,2024-12-17,55,11298.955323458602
Weekly Temperature,Control,2024-12-17,55,13716.50566622118
Weekly Temperature,Control,2024-12-17,55,5954.786409142796
Weekly Temperature,Control,2024-12-17,55,4652.180649366211
Weekly Temperature,Control,2024-12-17,55,25586.48127614569
Weekly Temperature,Control,2024-12-17,55,33263.128202393695
Weekly Temperature,Control,2024-12-17,55,21787.652645220584
Weekly Temperature,Control,2024-12-17,55,26192.19442381571
Weekly Temperature,Control,2024-12-17,55,17544.668920336113
Weekly Temperature,Control,2024-12-17,55,16900.312867381985
Weekly Temperature,Control,2024-12-17,55,10594.200158196032
Weekly Temperature,Control,2024-12-17,55,31330.07314934962
Weekly Temperature,Control,2024-12-17,55,25389.45575695912
Weekly Temperature,Control,2024-12-17,55,12749.07799723699
Weekly Temperature,Control,2024-12-17,55,20653.22810165712
Weekly Temperature,Control,2024-12-17,55,9886.959403610444
Weekly Temperature,Control,2024-12-17,55,30631.1494134954
Weekly Temperature,Control,2024-12-17,55,24485.034780793805
Weekly Temperature,Control,2024-12-17,55,20120.239259823327
Weekly Temperature,Control,2024-12-17,55,21878.37225833518
Weekly Temperature,Control,2024-12-17,55,17592.790507123827
Weekly Temperature,Control,2024-12-17,55,14827.78244871301
Weekly Temperature,Control,2024-12-17,55,17002.068429800012
Weekly Temperature,Control,2024-12-17,55,10017.015158596032
Weekly Temperature,Control,2024-12-17,55,34882.23078390139
Weekly Temperature,Control,2024-12-17,55,17508.643718940264
Weekly Temperature,Control,2024-12-17,55,5085.264880847216
Weekly Temperature,Control,2024-12-17,55,14541.183624031397
Weekly Temperature,Control,2024-12-17,55,15461.631229452496
Weekly Temperature,Control,2024-12-17,55,35167.42344096866
Weekly Temperature,Control,2024-12-17,55,26022.841660753693
Weekly Temperature,Control,2024-12-17,55,15856.66132052464
Weekly Temperature,Control,2024-12-17,55,17641.94112864669
Weekly Temperature,Control,2024-12-17,55,9174.80607635311
Weekly Temperature,Control,2024-12-17,55,27711.638257138693
Weekly Temperature,Control,2024-12-17,55,19248.143836736584
Weekly Temperature,Control,2024-12-17,55,15334.413262926277
Weekly Temperature,Control,2024-12-17,55,24082.889239282144
Weekly Temperature,Control,2024-12-17,55,33065.304226049244
Weekly Temperature,Control,2024-12-17,55,7662.829652521953
Weekly Temperature,Control,2024-12-17,55,18278.08986566156
Weekly Temperature,Control,2024-12-17,55,2234.9055505653732
Weekly Temperature,Control,2024-12-17,55,28292.999313585722
Weekly Temperature,Control,2024-12-17,55,30468.220641115095
Weekly Temperature,Control,2024-12-17,55,12517.823771552408
Weekly Temperature,Control,2024-12-17,55,45631.74213672083
Weekly Temperature,Treated,2024-12-17,56,24402.765590577434
Weekly Temperature,Treated,2024-12-17,56,95772.58368077377
Weekly Temperature,Treated,2024-12-17,56,47385.99233805034
Weekly Temperature,Treated,2024-12-17,56,10224.937643710458
Weekly Temperature,Treated,2024-12-17,56,13049.864034983679
Weekly Temperature,Treated,2024-12-17,56,25748.67311882117
Weekly Temperature,Treated,2024-12-17,56,8711.262264715138
Weekly Temperature,Treated,2024-12-17,56,57086.81144933724
Weekly Temperature,Treated,2024-12-17,56,26150.718680375172
Weekly Temperature,Treated,2024-12-17,56,15084.836940613788
Weekly Temperature,Treated,2024-12-17,56,26938.493318830217
Weekly Temperature,Treated,2024-12-17,56,25697.825680183334
Weekly Temperature,Treated,2024-12-17,56,27960.782967236795
Weekly Temperature,Treated,2024-12-17,56,13750.270230669252
Weekly Temperature,Treated,2024-12-17,56,45660.814089920095
Weekly Temperature,Treated,2024-12-17,56,30463.97934562254
Weekly Temperature,Treated,2024-12-17,56,13741.055478209464
Weekly Temperature,Treated,2024-12-17,56,6244.958324979437
Weekly Temperature,Treated,2024-12-17,56,25333.0282942578
Weekly Temperature,Treated,2024-12-17,56,19865.86442619193
Weekly Temperature,Treated,2024-12-17,56,13331.206415745932
Weekly Temperature,Treated,2024-12-17,56,17930.58977680761
Weekly Temperature,Treated,2024-12-17,56,13768.71377381708
Weekly Temperature,Treated,2024-12-17,56,44389.624261176985
Weekly Temperature,Treated,2024-12-17,56,30934.707338729375
Weekly Temperature,Treated,2024-12-17,56,20064.862839321162
Weekly Temperature,Treated,2024-12-17,56,45255.12621701832
Weekly Temperature,Treated,2024-12-17,56,7097.207172096942
Weekly Temperature,Treated,2024-12-17,56,16542.957839674014
Weekly Temperature,Treated,2024-12-17,56,37188.605858655406
Weekly Temperature,Treated,2024-12-17,56,15079.893580543336
Weekly Temperature,Treated,2024-12-17,56,31675.401949953895
Weekly Temperature,Treated,2024-12-17,56,23892.520958802594
Weekly Temperature,Treated,2024-12-17,56,19938.14431754087
Weekly Temperature,Treated,2024-12-17,56,11438.682951585652
Weekly Temperature,Treated,2024-12-17,56,12936.539524551761
Weekly Temperature,Treated,2024-12-17,56,39007.11147834551
Weekly Temperature,Treated,2024-12-17,56,22012.245836337883
Weekly Temperature,Treated,2024-12-17,56,30910.394317990955
Weekly Temperature,Treated,2024-12-17,56,9611.270486157311
Weekly Temperature,Treated,2024-12-17,56,19370.494455886837
Weekly Temperature,Treated,2024-12-17,56,9864.21065499764
Weekly Temperature,Treated,2024-12-17,56,24292.21845290041
Weekly Temperature,Treated,2024-12-17,56,14760.394218587797
Weekly Temperature,Treated,2024-12-17,56,26501.712377078282
Weekly Temperature,Treated,2024-12-17,56,15718.473191289415
Weekly Temperature,Treated,2024-12-17,56,23560.430153726233
Weekly Temperature,Treated,2024-12-17,56,25555.618488724886
Weekly Temperature,Treated,2024-12-17,56,18954.169702957515
Weekly Temperature,Treated,2024-12-17,56,33957.3898926414
Weekly Temperature,Treated,2024-12-17,56,22012.245836337883
Weekly Temperature,Treated,2024-12-17,56,45486.60008576997
Weekly Temperature,Treated,2024-12-17,56,21569.155661918736
Weekly Temperature,Treated,2024-12-17,56,10611.247784080108
Weekly Temperature,Treated,2024-12-17,56,25218.021048294428
Weekly Temperature,Treated,2024-12-17,56,49565.89894432226
Weekly Temperature,Treated,2024-12-17,56,46693.44243519369
Weekly Temperature,Treated,2024-12-17,57,17163.3028222883
Weekly Temperature,Treated,2024-12-17,57,10492.345581790254
Weekly Temperature,Treated,2024-12-17,57,18288.584219053606
Weekly Temperature,Treated,2024-12-17,57,22106.99347078638
Weekly Temperature,Treated,2024-12-17,57,14541.984992749763
Weekly Temperature,Treated,2024-12-17,57,4775.667300624137
Weekly Temperature,Treated,2024-12-17,57,13179.551072251435
Weekly Temperature,Treated,2024-12-17,57,10921.641425289756
Weekly Temperature,Treated,2024-12-17,57,20043.359146357187
Weekly Temperature,Treated,2024-12-17,57,11381.97085442643
Weekly Temperature,Treated,2024-12-17,57,3042.495893741983
Weekly Temperature,Treated,2024-12-17,57,12156.238918486946
Weekly Temperature,Treated,2024-12-17,57,10845.017624087046
Weekly Temperature,Treated,2024-12-17,57,11200.596729625777
Weekly Temperature,Treated,2024-12-17,57,12457.122151806958
Weekly Temperature,Treated,2024-12-17,57,11440.019908995215
Weekly Temperature,Treated,2024-12-17,57,19895.362896721403
Weekly Temperature,Treated,2024-12-17,57,16095.085451300027
Weekly Temperature,Treated,2024-12-17,57,15217.114632718689
Weekly Temperature,Treated,2024-12-17,57,26826.85847830934
Weekly Temperature,Treated,2024-12-17,57,36641.97131749653
Weekly Temperature,Treated,2024-12-17,57,10917.768333808111
Weekly Temperature,Treated,2024-12-17,57,9863.612533319956
Weekly Temperature,Treated,2024-12-17,57,16281.143895055138
Weekly Temperature,Treated,2024-12-17,57,11692.78557900327
Weekly Temperature,Treated,2024-12-17,57,31816.990190723434
Weekly Temperature,Treated,2024-12-17,57,16011.285728440002
Weekly Temperature,Treated,2024-12-17,57,14899.485046865735
Weekly Temperature,Treated,2024-12-17,57,7583.844364516546
Weekly Temperature,Treated,2024-12-17,57,26042.86878615276
Weekly Temperature,Treated,2024-12-17,57,9783.114959552751
Weekly Temperature,Treated,2024-12-17,57,14685.163377666648
Weekly Temperature,Treated,2024-12-17,57,14259.596929918363
Weekly Temperature,Treated,2024-12-17,57,6662.154764528848
Weekly Temperature,Treated,2024-12-17,57,8798.806080020484
Weekly Temperature,Treated,2024-12-17,57,17335.77510573026
Weekly Temperature,Treated,2024-12-17,57,10733.069897134312
Weekly Temperature,Treated,2024-12-17,57,7831.18622462773
Weekly Temperature,Treated,2024-12-17,57,26487.755341196742
Weekly Temperature,Treated,2024-12-17,57,14831.849425760773
Weekly Temperature,Treated,2024-12-17,57,5728.434999735341
Weekly Temperature,Treated,2024-12-17,57,12890.394510307511
Weekly Temperature,Treated,2024-12-17,57,19328.64944643864
Weekly Temperature,Treated,2024-12-17,57,15141.774106074434
Weekly Temperature,Treated,2024-12-17,57,15598.945671004063
Weekly Temperature,Treated,2024-12-17,57,9241.847212190223
Weekly Temperature,Treated,2024-12-17,57,18731.57968891341
Weekly Temperature,Treated,2024-12-17,57,6589.168780565669
Weekly Temperature,Treated,2024-12-17,57,12154.839381162605
Weekly Temperature,Treated,2024-12-17,57,17497.57040938087
Weekly Temperature,Treated,2024-12-17,57,24392.050561134904
Weekly Temperature,Treated,2024-12-17,57,28614.794745044084
Weekly Temperature,Treated,2024-12-17,57,22638.220061980694
Weekly Temperature,Treated,2024-12-17,57,7476.226776520443
Weekly Temperature,Treated,2024-12-17,57,11844.390895858172
Weekly Temperature,Treated,2024-12-17,57,20645.89754611014
Weekly Temperature,Treated,2024-12-17,57,24563.927024244058
Weekly Temperature,Treated,2024-12-17,57,11580.381555482316
Weekly Temperature,Treated,2024-12-17,57,7096.738975537387
Weekly Temperature,Treated,2024-12-17,57,14425.339302247505
Weekly Temperature,Treated,2024-12-17,57,13495.534014356756
Weekly Temperature,Treated,2024-12-17,57,11148.70880685706
Weekly Temperature,Treated,2024-12-17,57,19338.60625982011
Weekly Temperature,Treated,2024-12-17,57,7162.508998883614
Weekly Temperature,Treated,2024-12-17,57,7038.859296322561
Weekly Temperature,Treated,2024-12-17,57,19589.811492662488
Weekly Temperature,Treated,2024-12-17,57,21019.125200200007
Weekly Temperature,Treated,2024-12-17,57,8544.569160321103
Weekly Temperature,Treated,2024-12-17,57,5861.521085848624
Weekly Temperature,Treated,2024-12-17,57,3231.346643780133
Weekly Temperature,Treated,2024-12-17,57,13134.235760488236
Weekly Temperature,Treated,2024-12-17,57,9861.818331167453
Weekly Temperature,Treated,2024-12-17,57,13677.448066574596
Weekly Temperature,Treated,2024-12-17,57,13015.1987500705
Weekly Temperature,Treated,2024-12-17,57,29782.912442784644
Weekly Temperature,Treated,2024-12-17,57,17053.573379133933
Weekly Temperature,Treated,2024-12-17,57,8639.528568503469
Weekly Temperature,Treated,2024-12-17,57,20788.677647083325
Weekly Temperature,Treated,2024-12-17,57,12503.520995503446
Weekly Temperature,Treated,2024-12-17,57,9047.98020453
Weekly Temperature,Treated,2024-12-17,57,6277.828818252069
Weekly Temperature,Treated,2024-12-17,57,14975.547480570043
Weekly Temperature,Treated,2024-12-17,57,17257.132511775824
Weekly Temperature,Treated,2024-12-17,57,17305.566034776377
Weekly Temperature,Treated,2024-12-17,57,12692.591136756502
Weekly Temperature,Treated,2024-12-17,57,6542.30955624927
Weekly Temperature,Treated,2024-12-17,57,9914.549881868825
Weekly Temperature,Treated,2024-12-17,57,9134.078383964765
Weekly Temperature,Treated,2024-12-17,57,10911.315474472482
Weekly Temperature,Treated,2024-12-17,57,27196.487378877046
Weekly Temperature,Treated,2024-12-17,57,14718.293702247807
Weekly Temperature,Treated,2024-12-17,57,10329.174703127497
Weekly Temperature,Treated,2024-12-17,57,6086.262017975181
Weekly Temperature,Control,2024-12-17,58,8275.361217704734
Weekly Temperature,Control,2024-12-17,58,21189.50491973905
Weekly Temperature,Control,2024-12-17,58,7601.563189433413
Weekly Temperature,Control,2024-12-17,58,18441.75072294892
Weekly Temperature,Control,2024-12-17,58,15019.026590200754
Weekly Temperature,Control,2024-12-17,58,16399.356771355375
Weekly Temperature,Control,2024-12-17,58,19191.645808539655
Weekly Temperature,Control,2024-12-17,58,11279.09955518435
Weekly Temperature,Control,2024-12-17,58,12625.48868233408
Weekly Temperature,Control,2024-12-17,58,15671.766420847396
Weekly Temperature,Control,2024-12-17,58,5994.793424737033
Weekly Temperature,Control,2024-12-17,58,9290.937648522182
Weekly Temperature,Control,2024-12-17,58,26830.701990516918
Weekly Temperature,Control,2024-12-17,58,21129.75186726018
Weekly Temperature,Control,2024-12-17,58,23384.775319455777
Weekly Temperature,Control,2024-12-17,58,20291.204467343483
Weekly Temperature,Control,2024-12-17,58,14610.22390519268
Weekly Temperature,Control,2024-12-17,58,14740.951868627335
Weekly Temperature,Control,2024-12-17,58,29954.15338414698
Weekly Temperature,Control,2024-12-17,58,21922.19608197436
Weekly Temperature,Control,2024-12-17,58,8810.894427524403
Weekly Temperature,Control,2024-12-17,58,9708.428371287266
Weekly Temperature,Control,2024-12-17,58,6659.92081525941
Weekly Temperature,Control,2024-12-17,58,4332.041450021752
Weekly Temperature,Control,2024-12-17,58,17999.305421428733
Weekly Temperature,Control,2024-12-17,58,14017.202111530372
Weekly Temperature,Control,2024-12-17,58,13018.146274086253
Weekly Temperature,Control,2024-12-17,58,20056.66887213449
Weekly Temperature,Control,2024-12-17,58,16205.306860627496
Weekly Temperature,Control,2024-12-17,58,13463.756018597895
Weekly Temperature,Control,2024-12-17,58,21268.66321590426
Weekly Temperature,Control,2024-12-17,58,18550.514042785824
Weekly Temperature,Control,2024-12-17,58,6736.185584909896
Weekly Temperature,Control,2024-12-17,58,9613.617191500462
Weekly Temperature,Control,2024-12-17,58,23061.561912324647
Weekly Temperature,Control,2024-12-17,58,16256.707146620523
Weekly Temperature,Control,2024-12-17,58,12344.171142887455
Weekly Temperature,Control,2024-12-17,58,30991.973010910482
Weekly Temperature,Control,2024-12-17,58,24276.79643915529
Weekly Temperature,Control,2024-12-17,58,24518.48031564628
Weekly Temperature,Control,2024-12-17,58,7654.408641870228
Weekly Temperature,Control,2024-12-17,58,24707.869601197737
Weekly Temperature,Control,2024-12-17,58,25036.548388214724
Weekly Temperature,Control,2024-12-17,58,8835.108256538108
Weekly Temperature,Control,2024-12-17,58,10506.13438775901
Weekly Temperature,Control,2024-12-17,58,22379.747830299617
Weekly Temperature,Control,2024-12-17,58,18613.29882687702
Weekly Temperature,Control,2024-12-17,58,10630.846363986026
Daily Temperature,Control,2024-12-17,59,25046.26620741729
Daily Temperature,Control,2024-12-17,59,12761.41439534297
Daily Temperature,Control,2024-12-17,59,17284.53499290116
Daily Temperature,Control,2024-12-17,59,16841.991665386566
Daily Temperature,Control,2024-12-17,59,18405.28522164879
Daily Temperature,Control,2024-12-17,59,22492.478645039075
Daily Temperature,Control,2024-12-17,59,15997.495064448256
Daily Temperature,Control,2024-12-17,59,32576.97974379212
Daily Temperature,Control,2024-12-17,59,12514.962228831002
Daily Temperature,Control,2024-12-17,59,22093.754084258562
Daily Temperature,Control,2024-12-17,59,29461.988429269222
Daily Temperature,Control,2024-12-17,59,6681.389543248971
Daily Temperature,Control,2024-12-17,59,10926.161336556295
Daily Temperature,Control,2024-12-17,59,22985.278287587727
Daily Temperature,Control,2024-12-17,59,19641.15720873922
Daily Temperature,Control,2024-12-17,59,13959.619307222043
Daily Temperature,Control,2024-12-17,59,28841.733033483313
Daily Temperature,Control,2024-12-17,59,25270.58062394003
Daily Temperature,Control,2024-12-17,59,17495.725377612376
Daily Temperature,Control,2024-12-17,59,30756.281379612887
Daily Temperature,Control,2024-12-17,59,33267.66927926537
Daily Temperature,Control,2024-12-17,59,24951.641517299788
Daily Temperature,Control,2024-12-17,59,28311.693372997735
Daily Temperature,Control,2024-12-17,59,18622.972429228554
Daily Temperature,Control,2024-12-17,59,17458.855915204455
Daily Temperature,Control,2024-12-17,59,9110.382972278676
Daily Temperature,Control,2024-12-17,59,20398.881314599916
Daily Temperature,Control,2024-12-17,59,16247.986508684153
Daily Temperature,Control,2024-12-17,59,16317.851454933143
Daily Temperature,Control,2024-12-17,59,14576.475558523587
Daily Temperature,Control,2024-12-17,59,12184.255193905832
Daily Temperature,Control,2024-12-17,59,13688.161364071777
Daily Temperature,Control,2024-12-17,59,24019.303743075303
Daily Temperature,Control,2024-12-17,59,50896.8223368482
Daily Temperature,Control,2024-12-17,59,17832.103816880717
Daily Temperature,Control,2024-12-17,59,25678.00382602917
Daily Temperature,Control,2024-12-17,59,13945.639821845942
Daily Temperature,Control,2024-12-17,59,23320.315271217456
Daily Temperature,Control,2024-12-17,59,22541.725458062167
Daily Temperature,Control,2024-12-17,59,17673.52686871463
Daily Temperature,Control,2024-12-17,59,18499.440263284094
Daily Temperature,Control,2024-12-17,59,14952.616011653965
Daily Temperature,Control,2024-12-17,59,27674.87456030872
Daily Temperature,Control,2024-12-17,59,27455.08424066357
Daily Temperature,Control,2024-12-17,59,17784.417119035483
Daily Temperature,Control,2024-12-17,59,18112.69962012177
Daily Temperature,Control,2024-12-17,59,17828.360158582862
Weekly Temperature,Treated,2024-12-17,61,13325.204986556386
Weekly Temperature,Treated,2024-12-17,61,32131.099262023017
Weekly Temperature,Treated,2024-12-17,61,56605.431990212244
Weekly Temperature,Treated,2024-12-17,61,31871.12743079646
Weekly Temperature,Treated,2024-12-17,61,34728.57069842222
Weekly Temperature,Treated,2024-12-17,61,52398.106684426515
Weekly Temperature,Treated,2024-12-17,61,50846.17371174572
Weekly Temperature,Treated,2024-12-17,61,41290.61322360715
Weekly Temperature,Treated,2024-12-17,61,25575.367359259464
Weekly Temperature,Treated,2024-12-17,61,29072.78994450155
Weekly Temperature,Treated,2024-12-17,61,64156.953048105635
Weekly Temperature,Treated,2024-12-17,61,65051.36214122551
Weekly Temperature,Treated,2024-12-17,61,7084.1062960756135
Weekly Temperature,Treated,2024-12-17,61,8185.482185186907
Weekly Temperature,Treated,2024-12-17,61,13831.09908587288
Weekly Temperature,Treated,2024-12-17,61,26399.070894030418
Weekly Temperature,Treated,2024-12-17,61,23949.978698497867
Weekly Temperature,Treated,2024-12-17,61,37584.841235489854
Weekly Temperature,Treated,2024-12-17,61,37999.47313248608
Weekly Temperature,Treated,2024-12-17,61,17099.757540478586
Weekly Temperature,Treated,2024-12-17,61,12045.354248223493
Weekly Temperature,Treated,2024-12-17,61,27413.373007236758
Weekly Temperature,Treated,2024-12-17,61,29956.94408426153
Weekly Temperature,Treated,2024-12-17,61,57086.81144933724
Weekly Temperature,Treated,2024-12-17,61,13269.04092676883
Weekly Temperature,Treated,2024-12-17,61,18612.33167804362
Weekly Temperature,Treated,2024-12-17,61,9489.83083924631
Weekly Temperature,Treated,2024-12-17,61,45284.00981695557
Weekly Temperature,Treated,2024-12-17,61,11693.465191188303
Weekly Temperature,Treated,2024-12-17,61,33533.401229955096
Weekly Temperature,Treated,2024-12-17,61,34658.18935765255
Weekly Temperature,Treated,2024-12-17,61,15464.150156840897
Weekly Temperature,Treated,2024-12-17,61,14537.97848420534
Weekly Temperature,Treated,2024-12-17,61,30277.81539993056
Weekly Temperature,Treated,2024-12-17,61,23259.434548165827
Weekly Temperature,Treated,2024-12-17,61,42791.44358469042
Weekly Temperature,Treated,2024-12-17,61,9871.98870761537
Weekly Temperature,Treated,2024-12-17,61,11951.80692932856
Weekly Temperature,Treated,2024-12-17,61,34666.00401641992
Weekly Temperature,Treated,2024-12-17,61,37465.12820625844
Weekly Temperature,Treated,2024-12-17,61,80147.88647759291
Weekly Temperature,Treated,2024-12-17,61,35932.53897894393
Weekly Temperature,Treated,2024-12-17,61,41856.20938492109
Weekly Temperature,Treated,2024-12-17,61,14099.21612013367
Weekly Temperature,Treated,2024-12-17,61,31586.61294145985
Weekly Temperature,Treated,2024-12-17,61,23087.79370905291
Weekly Temperature,Treated,2024-12-17,61,59609.314046966945
Weekly Temperature,Treated,2024-12-17,61,30053.34680191873
Weekly Temperature,Treated,2024-12-17,61,16807.967338877104
Weekly Temperature,Treated,2024-12-17,61,10170.973571698776
Weekly Temperature,Treated,2024-12-17,61,11648.674549737649
Weekly Temperature,Treated,2024-12-17,61,36785.81385947191
Weekly Temperature,Treated,2024-12-17,61,18197.15224200947
Weekly Temperature,Treated,2024-12-17,61,7169.110695833756
Weekly Temperature,Treated,2024-12-17,61,26950.06221962973
Weekly Temperature,Treated,2024-12-17,61,18584.301075337236
Weekly Temperature,Treated,2024-12-17,61,23838.67776206176
Weekly Temperature,Treated,2024-12-17,61,15899.49805267518
Weekly Temperature,Treated,2024-12-17,61,48793.23939006493
Weekly Temperature,Treated,2024-12-17,61,19339.60215710977
Weekly Temperature,Treated,2024-12-17,61,14913.36697123361
Weekly Temperature,Treated,2024-12-17,61,38837.73910960856
Weekly Temperature,Treated,2024-12-17,61,27605.38948156751
Weekly Temperature,Treated,2024-12-17,61,16706.208659053173
Weekly Temperature,Treated,2024-12-17,61,27613.248932816223
Weekly Temperature,Treated,2024-12-17,61,11938.68510200274
Weekly Temperature,Treated,2024-12-17,61,13355.2325829244
Weekly Temperature,Treated,2024-12-17,61,12161.138256128059
Weekly Temperature,Treated,2024-12-17,61,31037.844776832168
Weekly Temperature,Treated,2024-12-17,61,15694.681988462398
Weekly Temperature,Treated,2024-12-17,61,16013.872484921583
Weekly Temperature,Treated,2024-12-17,61,21263.307540595357
Weekly Temperature,Treated,2024-12-17,61,27878.86266699569
Weekly Temperature,Treated,2024-12-17,61,37000.7585577477
Weekly Temperature,Treated,2024-12-17,61,16460.909109883116
Weekly Temperature,Treated,2024-12-17,61,22268.561766814804
Weekly Temperature,Treated,2024-12-17,61,25482.89626822175
Weekly Temperature,Treated,2024-12-17,61,8493.636790807119
Weekly Temperature,Treated,2024-12-17,61,25433.68401961018
Weekly Temperature,Treated,2024-12-17,61,18248.539631467927
Weekly Temperature,Treated,2024-12-17,61,21951.81528252179
Weekly Temperature,Treated,2024-12-17,61,27266.472305777126
Weekly Temperature,Treated,2024-12-17,61,12521.401394478235
Weekly Temperature,Treated,2024-12-17,61,8300.574171025355
Weekly Temperature,Treated,2024-12-17,61,21914.522046727172
Weekly Temperature,Treated,2024-12-17,61,33978.92912675779
Weekly Temperature,Treated,2024-12-17,61,44659.52049201886
Weekly Temperature,Treated,2024-12-17,61,31371.993849779345
Weekly Temperature,Treated,2024-12-17,61,53609.97005062052
Weekly Temperature,Treated,2024-12-17,61,62643.13554633594
Weekly Temperature,Treated,2024-12-17,61,44856.09401906455
Weekly Temperature,Treated,2024-12-17,61,25210.69386730747
Weekly Temperature,Treated,2024-12-17,61,34046.69309990783
Weekly Temperature,Treated,2024-12-17,61,11738.385411118006
Weekly Temperature,Treated,2024-12-17,61,43552.09395697469
Daily Temperature,Treated,2024-12-17,62,15528.909468467817
Daily Temperature,Treated,2024-12-17,62,14536.376115306586
Daily Temperature,Treated,2024-12-17,62,28064.10853352032
Daily Temperature,Treated,2024-12-17,62,13483.42142574136
Daily Temperature,Treated,2024-12-17,62,9003.762095880486
Daily Temperature,Treated,2024-12-17,62,16687.514973210047
Daily Temperature,Treated,2024-12-17,62,6997.995550436695
Daily Temperature,Treated,2024-12-17,62,8920.24750877731
Daily Temperature,Treated,2024-12-17,62,7156.382877848253
Daily Temperature,Treated,2024-12-17,62,18468.65536478743
Daily Temperature,Treated,2024-12-17,62,12366.132140166357
Daily Temperature,Treated,2024-12-17,62,22768.878638182283
Daily Temperature,Treated,2024-12-17,62,27146.029182869275
Daily Temperature,Treated,2024-12-17,62,25274.250723729085
Daily Temperature,Treated,2024-12-17,62,19526.526451814225
Daily Temperature,Treated,2024-12-17,62,14813.96105930832
Daily Temperature,Treated,2024-12-17,62,14428.525586350737
Daily Temperature,Treated,2024-12-17,62,22082.725919248063
Daily Temperature,Treated,2024-12-17,62,14906.016494350895
Daily Temperature,Treated,2024-12-17,62,20860.351204248353
Daily Temperature,Treated,2024-12-17,62,5110.603815239513
Daily Temperature,Treated,2024-12-17,62,21988.05829004917
Daily Temperature,Treated,2024-12-17,62,20382.287190297327
Daily Temperature,Treated,2024-12-17,62,12466.391506491022
Daily Temperature,Treated,2024-12-17,62,17232.498628861755
Daily Temperature,Treated,2024-12-17,62,13453.175947722735
Daily Temperature,Treated,2024-12-17,62,30662.395292538393
Daily Temperature,Treated,2024-12-17,62,12845.833040499614
Daily Temperature,Treated,2024-12-17,62,15153.346469635671
Daily Temperature,Treated,2024-12-17,62,16174.004820194643
Daily Temperature,Treated,2024-12-17,62,15278.59026335267
Daily Temperature,Treated,2024-12-17,62,10112.956764010647
Daily Temperature,Treated,2024-12-17,62,17084.352234275957
Daily Temperature,Treated,2024-12-17,62,19326.658554870188
Daily Temperature,Treated,2024-12-17,62,10256.310329108277
Daily Temperature,Treated,2024-12-17,62,8772.474414814058
Daily Temperature,Treated,2024-12-17,62,22334.110031491553
Daily Temperature,Treated,2024-12-17,62,18987.535560403117
Daily Temperature,Treated,2024-12-17,62,23085.511771874077
Daily Temperature,Treated,2024-12-17,62,9168.008732370015
Daily Temperature,Treated,2024-12-17,62,14189.457743521807
Daily Temperature,Treated,2024-12-17,62,9527.656764768712
Daily Temperature,Treated,2024-12-17,62,7325.550234546832
Daily Temperature,Treated,2024-12-17,62,9727.355838667232
Daily Temperature,Treated,2024-12-17,62,17219.736070727642
Daily Temperature,Treated,2024-12-17,62,10756.666167133635
Daily Temperature,Treated,2024-12-17,62,10777.744332505106
Weekly Temperature,Control,2024-12-17,63,10401.804103161168
Weekly Temperature,Control,2024-12-17,63,47768.4090655419
Weekly Temperature,Control,2024-12-17,63,14934.61714382764
Weekly Temperature,Control,2024-12-17,63,17184.221250147606
Weekly Temperature,Control,2024-12-17,63,12229.885468395132
Weekly Temperature,Control,2024-12-17,63,9171.973392645705
Weekly Temperature,Control,2024-12-17,63,11427.991524550656
Weekly Temperature,Control,2024-12-17,63,8454.653103517312
Weekly Temperature,Control,2024-12-17,63,14458.024028320975
Weekly Temperature,Control,2024-12-17,63,10394.337362474549
Weekly Temperature,Control,2024-12-17,63,9253.81649371695
Weekly Temperature,Control,2024-12-17,63,18575.608490403967
Weekly Temperature,Control,2024-12-17,63,10332.270722456205
Weekly Temperature,Control,2024-12-17,63,8854.956439593889
Weekly Temperature,Control,2024-12-17,63,19181.74697797839
Weekly Temperature,Control,2024-12-17,63,12432.192051135116
Weekly Temperature,Control,2024-12-17,63,2728.1652606911234
Weekly Temperature,Control,2024-12-17,63,26728.35392525613
Weekly Temperature,Control,2024-12-17,63,6914.956750124211
Weekly Temperature,Control,2024-12-17,63,3658.7316204742156
Weekly Temperature,Control,2024-12-17,63,9231.597032576326
Weekly Temperature,Control,2024-12-17,63,11745.884731243172
Weekly Temperature,Control,2024-12-17,63,10925.515548922358
Weekly Temperature,Control,2024-12-17,63,9277.218450506623
Weekly Temperature,Control,2024-12-17,63,27489.01076046275
Weekly Temperature,Control,2024-12-17,63,7527.936634719107
Weekly Temperature,Control,2024-12-17,63,13174.344958566562
Weekly Temperature,Control,2024-12-17,63,14482.77414078317
Weekly Temperature,Control,2024-12-17,63,6938.870568865267
Weekly Temperature,Control,2024-12-17,63,14710.207909824996
Weekly Temperature,Control,2024-12-17,63,25035.333865418266
Weekly Temperature,Control,2024-12-17,63,13846.535768633008
Weekly Temperature,Control,2024-12-17,63,15507.861157700896
Weekly Temperature,Control,2024-12-17,63,7469.416897327351
Weekly Temperature,Control,2024-12-17,63,12306.693096972538
Weekly Temperature,Control,2024-12-17,63,6885.607965349018
Weekly Temperature,Control,2024-12-17,63,6644.74460370527
Weekly Temperature,Control,2024-12-17,63,15269.440073186994
Weekly Temperature,Control,2024-12-17,63,9857.632809502058
Weekly Temperature,Control,2024-12-17,63,17375.198797849996
Weekly Temperature,Control,2024-12-17,63,15571.07125036987
Weekly Temperature,Control,2024-12-17,63,11501.647181835364
Weekly Temperature,Control,2024-12-17,63,7799.506544818309
Weekly Temperature,Control,2024-12-17,63,23148.32834326226
Weekly Temperature,Control,2024-12-17,63,29134.191483457373
Weekly Temperature,Control,2024-12-17,63,8207.883563803414
Weekly Temperature,Control,2024-12-17,63,17610.398504442437
Weekly Temperature,Control,2024-12-17,63,27897.344538364192
Weekly Temperature,Control,2024-12-17,63,25197.264969813314
Weekly Temperature,Control,2024-12-17,63,34808.47072573952
Weekly Temperature,Control,2024-12-17,63,3086.775762159581
Weekly Temperature,Control,2024-12-17,63,6373.310855661115
Weekly Temperature,Control,2024-12-17,63,4897.595354615169
Weekly Temperature,Control,2024-12-17,63,18410.080161770526
Weekly Temperature,Control,2024-12-17,63,18327.740115897115
Weekly Temperature,Control,2024-12-17,63,8760.42538266103
Weekly Temperature,Control,2024-12-17,63,14941.97832726678
Weekly Temperature,Control,2024-12-17,63,19940.18328509688
Weekly Temperature,Control,2024-12-17,63,11073.499019756331
Weekly Temperature,Control,2024-12-17,63,12551.483909623892
Weekly Temperature,Control,2024-12-17,63,11921.436084561932
Weekly Temperature,Control,2024-12-17,63,18442.71108670539
Weekly Temperature,Control,2024-12-17,63,24192.701652999647
Weekly Temperature,Control,2024-12-17,63,6162.280985046159
Weekly Temperature,Control,2024-12-17,63,6629.593902908557
Weekly Temperature,Control,2024-12-17,63,7054.228562161667
Weekly Temperature,Control,2024-12-17,63,7932.389652047324
Weekly Temperature,Control,2024-12-17,63,42341.900458702796
Weekly Temperature,Control,2024-12-17,63,22876.31505851245
Weekly Temperature,Control,2024-12-17,63,10825.764596885023
Weekly Temperature,Control,2024-12-17,63,9680.088845299637
Weekly Temperature,Control,2024-12-17,63,42283.4587449229
Weekly Temperature,Control,2024-12-17,63,11113.99935825802
Weekly Temperature,Control,2024-12-17,63,16832.137123671175
Weekly Temperature,Control,2024-12-17,63,23187.226168532292
Weekly Temperature,Control,2024-12-17,63,4581.793428793392
Weekly Temperature,Control,2024-12-17,63,14671.443026071604
Weekly Temperature,Control,2024-12-17,63,10794.373204500556
Weekly Temperature,Control,2024-12-17,63,19181.74697797839
Weekly Temperature,Control,2024-12-17,63,25102.200167270053
Weekly Temperature,Control,2024-12-17,63,15572.759530152649
Weekly Temperature,Control,2024-12-17,63,15060.132444481922
Weekly Temperature,Control,2024-12-17,63,21726.607747624752
Weekly Temperature,Control,2024-12-17,63,23184.93666913994
Weekly Temperature,Control,2024-12-17,64,41101.03592088452
Weekly Temperature,Control,2024-12-17,64,5534.144285907345
Weekly Temperature,Control,2024-12-17,64,18523.518253074573
Weekly Temperature,Control,2024-12-17,64,21846.64211337191
Weekly Temperature,Control,2024-12-17,64,21324.423669887972
Weekly Temperature,Control,2024-12-17,64,13892.924128355146
Weekly Temperature,Control,2024-12-17,64,64240.626015496666
Weekly Temperature,Control,2024-12-17,64,16705.318121802928
Weekly Temperature,Control,2024-12-17,64,13184.758741526668
Weekly Temperature,Control,2024-12-17,64,7140.849355500624
Weekly Temperature,Control,2024-12-17,64,30646.76926244332
Weekly Temperature,Control,2024-12-17,64,8517.734393245659
Weekly Temperature,Control,2024-12-17,64,8432.81664279772
Weekly Temperature,Control,2024-12-17,64,18067.27664170423
Weekly Temperature,Control,2024-12-17,64,10761.13470424294
Weekly Temperature,Control,2024-12-17,64,5779.790383504834
Weekly Temperature,Control,2024-12-17,64,10367.614544885531
Weekly Temperature,Control,2024-12-17,64,8670.450281711901
Weekly Temperature,Control,2024-12-17,64,33955.85178266657
Weekly Temperature,Control,2024-12-17,64,35971.13239989951
Weekly Temperature,Control,2024-12-17,64,20441.451054173256
Weekly Temperature,Control,2024-12-17,64,12083.623932960663
Weekly Temperature,Control,2024-12-17,64,17209.71340616142
Weekly Temperature,Control,2024-12-17,64,20532.00764532896
Weekly Temperature,Control,2024-12-17,64,11978.775258173195
Weekly Temperature,Control,2024-12-17,64,28275.649104286527
Weekly Temperature,Control,2024-12-17,64,29908.135936692146
Weekly Temperature,Control,2024-12-17,64,17260.784259545628
Weekly Temperature,Control,2024-12-17,64,17281.79325188569
Weekly Temperature,Control,2024-12-17,64,29966.71312277716
Weekly Temperature,Control,2024-12-17,64,23136.897372812684
Weekly Temperature,Control,2024-12-17,64,36782.53982750105
Weekly Temperature,Control,2024-12-17,64,55566.25924082744
Weekly Temperature,Control,2024-12-17,64,10633.37719049334
Weekly Temperature,Control,2024-12-17,64,25769.77897529205
Weekly Temperature,Control,2024-12-17,64,6174.102836005869
Weekly Temperature,Control,2024-12-17,64,35732.05308533097
Weekly Temperature,Control,2024-12-17,64,16793.65699328876
Weekly Temperature,Control,2024-12-17,64,4601.191600121869
Weekly Temperature,Control,2024-12-17,64,19181.74697797839
Weekly Temperature,Control,2024-12-17,64,18894.419900358957
Weekly Temperature,Control,2024-12-17,64,19506.46874590729
Weekly Temperature,Control,2024-12-17,64,26659.439801370514
Weekly Temperature,Control,2024-12-17,64,32603.795274215798
Weekly Temperature,Control,2024-12-17,64,22662.95569356197
Weekly Temperature,Control,2024-12-17,64,21244.03568377989
Weekly Temperature,Control,2024-12-17,64,14498.759003497094
Weekly Temperature,Control,2024-12-17,64,11486.887551175023
Weekly Temperature,Control,2024-12-17,64,17772.277277686942
Weekly Temperature,Control,2024-12-17,64,37135.801851771466
Weekly Temperature,Control,2024-12-17,64,25189.94244394798
Weekly Temperature,Control,2024-12-17,64,19019.96303405535
Weekly Temperature,Control,2024-12-17,64,36730.18622013693
Weekly Temperature,Control,2024-12-17,64,24137.15692659494
Weekly Temperature,Control,2024-12-17,64,10381.901727959605
Weekly Temperature,Control,2024-12-17,64,23408.983178636838
Weekly Temperature,Control,2024-12-17,64,22706.85632271323
Weekly Temperature,Control,2024-12-17,64,7352.908292098299
Weekly Temperature,Control,2024-12-17,64,32750.09215285806
Weekly Temperature,Control,2024-12-17,64,11222.984044328081
Weekly Temperature,Control,2024-12-17,64,7142.26046276341
Weekly Temperature,Control,2024-12-17,64,20851.90919277786
Weekly Temperature,Control,2024-12-17,64,20326.3584389372
Weekly Temperature,Control,2024-12-17,64,18651.047620438912
Weekly Temperature,Control,2024-12-17,64,14218.584889090633
Weekly Temperature,Control,2024-12-17,64,18516.774001940557
Weekly Temperature,Control,2024-12-17,64,10775.826855125442
Weekly Temperature,Control,2024-12-17,64,17799.367154479416
Weekly Temperature,Control,2024-12-17,64,29485.412960623617
Weekly Temperature,Control,2024-12-17,64,24075.81778459535
Weekly Temperature,Control,2024-12-17,64,14712.63329344809
Weekly Temperature,Control,2024-12-17,64,22526.047029857433
Weekly Temperature,Control,2024-12-17,64,36700.762868534344
Weekly Temperature,Control,2024-12-17,64,15278.59026335267
Weekly Temperature,Control,2024-12-17,64,17542.820098912773
Weekly Temperature,Control,2024-12-17,64,10720.33134956175
Weekly Temperature,Control,2024-12-17,64,22853.664513015683
Weekly Temperature,Control,2024-12-17,64,26447.18535587688
Weekly Temperature,Control,2024-12-17,64,13398.110324670219
Weekly Temperature,Control,2024-12-17,64,15839.55123841777
Weekly Temperature,Control,2024-12-17,64,35958.26433778041
Weekly Temperature,Control,2024-12-17,64,38284.064245125766
Weekly Temperature,Control,2024-12-17,64,8420.053815206613
Weekly Temperature,Control,2024-12-17,64,25738.745571574018
Weekly Temperature,Control,2024-12-17,64,34249.06793571567
Weekly Temperature,Control,2024-12-17,64,9683.627897584012
Weekly Temperature,Control,2024-12-17,64,11851.254634309915
Weekly Temperature,Control,2024-12-17,64,19489.432106005865
Weekly Temperature,Control,2024-12-17,64,48309.075686665376
Weekly Temperature,Control,2024-12-17,64,16687.514973210047
Weekly Temperature,Control,2024-12-17,64,24962.54565008746
Weekly Temperature,Control,2024-12-17,64,32569.534029176117
Weekly Temperature,Control,2024-12-17,64,20023.9186498227
Weekly Temperature,Control,2024-12-17,64,50450.79618176623
Weekly Temperature,Treated,2024-12-17,65,15897.782894650238
Weekly Temperature,Treated,2024-12-17,65,13225.730309574206
Weekly Temperature,Treated,2024-12-17,65,59237.211321104565
Weekly Temperature,Treated,2024-12-17,65,45449.88831916199
Weekly Temperature,Treated,2024-12-17,65,16588.970154162183
Weekly Temperature,Treated,2024-12-17,65,24579.48948705395
Weekly Temperature,Treated,2024-12-17,65,27104.68169239071
Weekly Temperature,Treated,2024-12-17,65,27680.124204745534
Weekly Temperature,Treated,2024-12-17,65,20378.140277311355
Weekly Temperature,Treated,2024-12-17,65,13835.728721284415
Weekly Temperature,Treated,2024-12-17,65,14966.535506428967
Weekly Temperature,Treated,2024-12-17,65,22355.250347440797
Weekly Temperature,Treated,2024-12-17,65,15190.588868642013
Weekly Temperature,Treated,2024-12-17,65,29463.365943372668
Weekly Temperature,Treated,2024-12-17,65,9703.109988833288
Weekly Temperature,Treated,2024-12-17,65,11404.630244366135
Weekly Temperature,Treated,2024-12-17,65,8466.387562360496
Weekly Temperature,Treated,2024-12-17,65,25567.96015241057
Weekly Temperature,Treated,2024-12-17,65,41601.48651362627
Weekly Temperature,Treated,2024-12-17,65,17991.76514091333
Weekly Temperature,Treated,2024-12-17,65,15444.846350672275
Weekly Temperature,Treated,2024-12-17,65,8596.80806153146
Weekly Temperature,Treated,2024-12-17,65,51548.210737580775
Weekly Temperature,Treated,2024-12-17,65,27856.433137714776
Weekly Temperature,Treated,2024-12-17,65,45285.935904207865
Weekly Temperature,Treated,2024-12-17,65,12543.599887959555
Weekly Temperature,Treated,2024-12-17,65,23620.75529491524
Weekly Temperature,Treated,2024-12-17,65,23798.940746582626
Weekly Temperature,Treated,2024-12-17,65,12016.191709877472
Weekly Temperature,Treated,2024-12-17,65,33480.12319938295
Weekly Temperature,Treated,2024-12-17,65,29979.27694571813
Weekly Temperature,Treated,2024-12-17,65,2529.8558026509445
Weekly Temperature,Treated,2024-12-17,65,19521.51054513704
Weekly Temperature,Treated,2024-12-17,65,14454.832804072323
Weekly Temperature,Treated,2024-12-17,65,57126.10825694717
Weekly Temperature,Treated,2024-12-17,65,4109.8563447778415
Weekly Temperature,Treated,2024-12-17,65,10060.043411745632
Weekly Temperature,Treated,2024-12-17,65,44107.79966715269
Weekly Temperature,Treated,2024-12-17,65,19338.60625982011
Weekly Temperature,Treated,2024-12-17,65,45554.287908065315
Weekly Temperature,Treated,2024-12-17,65,27698.504029386047
Weekly Temperature,Treated,2024-12-17,65,21499.93909674678
Weekly Temperature,Treated,2024-12-17,65,26996.37624861981
Weekly Temperature,Treated,2024-12-17,65,17854.578376392445
Weekly Temperature,Treated,2024-12-17,65,8858.819665465577
Weekly Temperature,Treated,2024-12-17,65,21975.972180879642
Weekly Temperature,Treated,2024-12-17,65,16163.581043562674
Weekly Temperature,Treated,2024-12-17,65,33579.12059579264
Weekly Temperature,Treated,2024-12-17,65,13642.29192586286
Weekly Temperature,Treated,2024-12-17,65,38128.93331235634
Weekly Temperature,Treated,2024-12-17,65,49460.53680601433
Weekly Temperature,Treated,2024-12-17,65,13366.506118854302
Weekly Temperature,Treated,2024-12-17,65,13516.750857904965
Weekly Temperature,Treated,2024-12-17,65,35422.62662274565
Weekly Temperature,Treated,2024-12-17,65,28726.739489571748
Weekly Temperature,Treated,2024-12-17,65,6330.6000048449605
Weekly Temperature,Treated,2024-12-17,65,18034.210627905668
Weekly Temperature,Treated,2024-12-17,65,25377.180672006343
Weekly Temperature,Treated,2024-12-17,65,49392.455171635746
Weekly Temperature,Treated,2024-12-17,65,16030.26266330896
Weekly Temperature,Treated,2024-12-17,65,17031.872603335465
Weekly Temperature,Treated,2024-12-17,65,11898.007568013494
Weekly Temperature,Treated,2024-12-17,65,18323.917210108775
Weekly Temperature,Treated,2024-12-17,65,11209.810964787546
Weekly Temperature,Treated,2024-12-17,65,15351.10684761428
Weekly Temperature,Treated,2024-12-17,65,26659.439801370514
Weekly Temperature,Treated,2024-12-17,65,23836.338876374626
Weekly Temperature,Treated,2024-12-17,65,12730.952601707226
Weekly Temperature,Treated,2024-12-17,65,20490.334299156464
Weekly Temperature,Treated,2024-12-17,65,28394.596359079165
Weekly Temperature,Treated,2024-12-17,65,17600.202761765202
Weekly Temperature,Treated,2024-12-17,65,14921.537395495787
Weekly Temperature,Treated,2024-12-17,65,23295.02915092381
Weekly Temperature,Treated,2024-12-17,65,11643.931616478094
Weekly Temperature,Treated,2024-12-17,65,24234.1287149703
Weekly Temperature,Treated,2024-12-17,65,24069.926128316147
Weekly Temperature,Treated,2024-12-17,65,14374.431300768007
Weekly Temperature,Treated,2024-12-17,65,10013.990204289297
Weekly Temperature,Treated,2024-12-17,65,29110.983546432937
Weekly Temperature,Treated,2024-12-17,65,30314.414055824378
Weekly Temperature,Treated,2024-12-17,65,23599.860067036105
Weekly Temperature,Treated,2024-12-17,65,13366.506118854302
Weekly Temperature,Treated,2024-12-17,65,21674.38822953258
Weekly Temperature,Treated,2024-12-17,65,16855.4367643007
Weekly Temperature,Treated,2024-12-17,65,47180.76774496095
Weekly Temperature,Treated,2024-12-17,65,32331.968786186004
Weekly Temperature,Treated,2024-12-17,65,22707.9828395641
Weekly Temperature,Treated,2024-12-17,65,28992.437697027144
Weekly Temperature,Treated,2024-12-17,65,51201.54812982487
Weekly Temperature,Treated,2024-12-17,65,28697.034402921814
Weekly Temperature,Treated,2024-12-17,65,46398.23769017851
Weekly Temperature,Treated,2024-12-17,65,13225.730309574206
Weekly Temperature,Treated,2024-12-17,65,38463.412628368766
Weekly Temperature,Treated,2024-12-17,65,63450.46380151427
Weekly Temperature,Treated,2024-12-17,65,9928.967775126077
Weekly Temperature,Treated,2024-12-17,65,38889.003279418415
Weekly Temperature,Treated,2024-12-17,65,47565.88799844906
Weekly Temperature,Treated,2024-12-17,65,51311.94001817205
Weekly Temperature,Treated,2024-12-17,65,24110.011314070125
Weekly Temperature,Treated,2024-12-17,65,29961.130512542342
Weekly Temperature,Treated,2024-12-17,65,22984.14119911032
Weekly Temperature,Control,2024-12-17,66,25885.477021314193
Weekly Temperature,Control,2024-12-17,66,10234.772300438377
Weekly Temperature,Control,2024-12-17,66,35252.85933662866
Weekly Temperature,Control,2024-12-17,66,14476.383940492433
Weekly Temperature,Control,2024-12-17,66,12685.3629257746
Weekly Temperature,Control,2024-12-17,66,20942.79835757226
Weekly Temperature,Control,2024-12-17,66,21667.86757681875
Weekly Temperature,Control,2024-12-17,66,21887.13163159261
Weekly Temperature,Control,2024-12-17,66,14858.712718745974
Weekly Temperature,Control,2024-12-17,66,5081.60018569114
Weekly Temperature,Control,2024-12-17,66,22457.831751524027
Weekly Temperature,Control,2024-12-17,66,17748.94921616108
Weekly Temperature,Control,2024-12-17,66,12695.483291932056
Weekly Temperature,Control,2024-12-17,66,8296.36805032116
Weekly Temperature,Control,2024-12-17,66,13413.933613184927
Weekly Temperature,Control,2024-12-17,66,18180.047712056366
Weekly Temperature,Control,2024-12-17,66,10557.648836075654
Weekly Temperature,Control,2024-12-17,66,52981.697749092
Weekly Temperature,Control,2024-12-17,66,23728.941120018557
Weekly Temperature,Control,2024-12-17,66,14982.92397873906
Weekly Temperature,Control,2024-12-17,66,30820.4224430415
Weekly Temperature,Control,2024-12-17,66,13708.840665619275
Weekly Temperature,Control,2024-12-17,66,10611.879572741349
Weekly Temperature,Control,2024-12-17,66,15452.397830978847
Weekly Temperature,Control,2024-12-17,66,22669.70538238809
Weekly Temperature,Control,2024-12-17,66,38820.662788899994
Weekly Temperature,Control,2024-12-17,66,27431.615634533333
Weekly Temperature,Control,2024-12-17,66,8525.778225741473
Weekly Temperature,Control,2024-12-17,66,23342.17028832634
Weekly Temperature,Control,2024-12-17,66,44570.04661238129
Weekly Temperature,Control,2024-12-17,66,21052.053827743675
Weekly Temperature,Control,2024-12-17,66,9131.819698500347
Weekly Temperature,Control,2024-12-17,66,38868.49127257977
Weekly Temperature,Control,2024-12-17,66,22539.485168818468
Weekly Temperature,Control,2024-12-17,66,4144.826696352744
Weekly Temperature,Control,2024-12-17,66,10491.092727553227
Weekly Temperature,Control,2024-12-17,66,7406.401474721055
Weekly Temperature,Control,2024-12-17,66,25951.591697608284
Weekly Temperature,Control,2024-12-17,66,8039.181406682743
Weekly Temperature,Control,2024-12-17,66,11818.336000151072
Weekly Temperature,Control,2024-12-17,66,4889.397129812623
Weekly Temperature,Control,2024-12-17,66,20882.523964568514
Weekly Temperature,Control,2024-12-17,66,20527.837387655654
Weekly Temperature,Control,2024-12-17,66,5799.5388928286175
Weekly Temperature,Control,2024-12-17,66,11328.788259467005
Weekly Temperature,Control,2024-12-17,66,18121.22613359611
Weekly Temperature,Control,2024-12-17,66,15946.720103986478
Weekly Temperature,Control,2024-12-17,66,14474.786724674934
Weekly Temperature,Control,2024-12-17,66,22886.51343869169
Weekly Temperature,Control,2024-12-17,66,32004.580284464442
Weekly Temperature,Control,2024-12-17,66,20088.43478948751
Weekly Temperature,Control,2024-12-17,66,35210.12120005423
Weekly Temperature,Control,2024-12-17,66,8966.944155546122
Weekly Temperature,Control,2024-12-17,66,14570.054014426016
Weekly Temperature,Control,2024-12-17,66,32073.676307493115
Weekly Temperature,Control,2024-12-17,66,11102.8833657718
Weekly Temperature,Control,2024-12-17,66,17992.70754398425
Weekly Temperature,Control,2024-12-17,66,22768.878638182283
Weekly Temperature,Control,2024-12-17,66,19653.25352134374
Weekly Temperature,Control,2024-12-17,66,17574.27029632031
Weekly Temperature,Control,2024-12-17,66,13422.981838483152
Weekly Temperature,Control,2024-12-17,66,26939.778562571748
Weekly Temperature,Control,2024-12-17,66,6185.095187376333
Weekly Temperature,Control,2024-12-17,66,14039.81736446723
Weekly Temperature,Control,2024-12-17,66,10913.896274280434
Weekly Temperature,Control,2024-12-17,66,9549.822522962348
Weekly Temperature,Control,2024-12-17,66,12125.477154613674
Weekly Temperature,Control,2024-12-17,66,28228.97795095442
Weekly Temperature,Control,2024-12-17,66,10115.394564496808
Weekly Temperature,Control,2024-12-17,66,29071.4266059037
Weekly Temperature,Control,2024-12-17,66,26978.35792962953
Weekly Temperature,Control,2024-12-17,66,11666.303896566924
Weekly Temperature,Control,2024-12-17,66,7680.685053610878
Weekly Temperature,Control,2024-12-17,66,12524.264048513027
Weekly Temperature,Control,2024-12-17,66,9805.128162974144
Weekly Temperature,Control,2024-12-17,66,20399.918791282016
Weekly Temperature,Control,2024-12-17,66,19594.84083528976
Weekly Temperature,Control,2024-12-17,66,28933.98438917994
Weekly Temperature,Control,2024-12-17,66,10626.418505494263
Weekly Temperature,Control,2024-12-17,66,13751.80647758629
Weekly Temperature,Control,2024-12-17,66,45948.43701867494
Weekly Temperature,Control,2024-12-17,66,18948.286270938643
Weekly Temperature,Control,2024-12-17,66,13816.446314381488
Weekly Temperature,Control,2024-12-17,66,9450.379357723052
Weekly Temperature,Control,2024-12-17,66,8580.087372539057
Weekly Temperature,Control,2024-12-17,66,12273.529723740914
Weekly Temperature,Control,2024-12-17,66,5115.388103083045
Weekly Temperature,Control,2024-12-17,66,20588.369757544253
Weekly Temperature,Control,2024-12-17,66,23745.26015877393
Weekly Temperature,Control,2024-12-17,66,13757.952765090458
Weekly Temperature,Control,2024-12-17,66,17878.95022256339
Weekly Temperature,Control,2024-12-17,66,16185.303019556924
Weekly Temperature,Control,2024-12-17,66,48128.995679053325
Weekly Temperature,Control,2024-12-17,66,48503.91223870303
Weekly Temperature,Control,2024-12-17,66,78903.92668249023
Weekly Temperature,Control,2024-12-17,66,14879.088278861984
Weekly Temperature,Control,2024-12-17,66,31198.81123776071
Weekly Temperature,Control,2024-12-17,66,38543.144664321175
Daily Temperature,Treated,2024-12-17,67,27389.93199402519
Daily Temperature,Treated,2024-12-17,67,30126.156999274524
Daily Temperature,Treated,2024-12-17,67,14805.835400404534
Daily Temperature,Treated,2024-12-17,67,21645.057161215074
Daily Temperature,Treated,2024-12-17,67,11206.519512437644
Daily Temperature,Treated,2024-12-17,67,38556.728919900255
Daily Temperature,Treated,2024-12-17,67,29767.63527961199
Daily Temperature,Treated,2024-12-17,67,16452.105161736275
Daily Temperature,Treated,2024-12-17,67,19080.01629110377
Daily Temperature,Treated,2024-12-17,67,9849.86322562231
Daily Temperature,Treated,2024-12-17,67,6250.9253414412615
Daily Temperature,Treated,2024-12-17,67,28246.305981962145
Daily Temperature,Treated,2024-12-17,67,27208.141873285433
Daily Temperature,Treated,2024-12-17,67,10070.973945666248
Daily Temperature,Treated,2024-12-17,67,9355.161040889083
Daily Temperature,Treated,2024-12-17,67,14958.34637716245
Daily Temperature,Treated,2024-12-17,67,9487.506762440064
Daily Temperature,Treated,2024-12-17,67,19195.606435480462
Daily Temperature,Treated,2024-12-17,67,21711.367079973734
Daily Temperature,Treated,2024-12-17,67,9891.753613644321
Daily Temperature,Treated,2024-12-17,67,9852.850984466237
Daily Temperature,Treated,2024-12-17,67,13959.619307222043
Daily Temperature,Treated,2024-12-17,67,16035.441160812843
Daily Temperature,Treated,2024-12-17,67,19364.512354557934
Daily Temperature,Treated,2024-12-17,67,35940.57661191672
Daily Temperature,Treated,2024-12-17,67,29022.37940367912
Daily Temperature,Treated,2024-12-17,67,19300.79124950883
Daily Temperature,Treated,2024-12-17,67,17043.624574354042
Daily Temperature,Treated,2024-12-17,67,20589.4146184421
Daily Temperature,Treated,2024-12-17,67,9299.51983833278
Daily Temperature,Treated,2024-12-17,67,31636.078014365663
Daily Temperature,Treated,2024-12-17,67,11188.758225656235
Daily Temperature,Treated,2024-12-17,67,15324.403737056557
Daily Temperature,Treated,2024-12-17,67,33992.78139156787
Daily Temperature,Treated,2024-12-17,67,24098.21621636899
Daily Temperature,Treated,2024-12-17,67,7558.304568265561
Daily Temperature,Treated,2024-12-17,67,17930.58977680761
Daily Temperature,Treated,2024-12-17,67,16327.475746293338
Daily Temperature,Treated,2024-12-17,67,22026.54808786451
Daily Temperature,Treated,2024-12-17,67,13159.478916663349
Daily Temperature,Treated,2024-12-17,67,20570.613345065816
Daily Temperature,Treated,2024-12-17,67,27770.801942060334
Daily Temperature,Treated,2024-12-17,67,30503.58259259261
Daily Temperature,Treated,2024-12-17,67,18191.44936616516
Daily Temperature,Treated,2024-12-17,67,8099.94489668399
Weekly Temperature,Treated,2024-12-17,71,15003.42873056362
Weekly Temperature,Treated,2024-12-17,71,40021.51420726989
Weekly Temperature,Treated,2024-12-17,71,14058.554337286301
Weekly Temperature,Treated,2024-12-17,71,30510.65880309865
Weekly Temperature,Treated,2024-12-17,71,9421.449210610064
Weekly Temperature,Treated,2024-12-17,71,12579.466498563894
Weekly Temperature,Treated,2024-12-17,71,38334.7568232151
Weekly Temperature,Treated,2024-12-17,71,36008.14807558552
Weekly Temperature,Treated,2024-12-17,71,56017.89126666409
Weekly Temperature,Treated,2024-12-17,71,18858.24850135137
Weekly Temperature,Treated,2024-12-17,71,52180.300350029545
Weekly Temperature,Treated,2024-12-17,71,13733.380090697026
Weekly Temperature,Treated,2024-12-17,71,12025.212515921707
Weekly Temperature,Treated,2024-12-17,71,46626.40053088916
Weekly Temperature,Treated,2024-12-17,71,18602.662303296052
Weekly Temperature,Treated,2024-12-17,71,30658.133034856295
Weekly Temperature,Treated,2024-12-17,71,20761.323052965152
Weekly Temperature,Treated,2024-12-17,71,14899.485046865735
Weekly Temperature,Treated,2024-12-17,71,28984.275932967394
Weekly Temperature,Treated,2024-12-17,71,23773.25576950728
Weekly Temperature,Treated,2024-12-17,71,34550.48709129781
Weekly Temperature,Treated,2024-12-17,71,34626.944440262356
Weekly Temperature,Treated,2024-12-17,71,14694.046439880109
Weekly Temperature,Treated,2024-12-17,71,20059.741309184396
Weekly Temperature,Treated,2024-12-17,71,13018.883233922286
Weekly Temperature,Treated,2024-12-17,71,19645.18867905404
Weekly Temperature,Treated,2024-12-17,71,13283.252187032982
Weekly Temperature,Treated,2024-12-17,71,17937.170247184036
Weekly Temperature,Treated,2024-12-17,71,46918.78233334168
Weekly Temperature,Treated,2024-12-17,71,22667.455314285668
Weekly Temperature,Treated,2024-12-17,71,16136.676625812852
Weekly Temperature,Treated,2024-12-17,71,17905.225234661444
Weekly Temperature,Treated,2024-12-17,71,4537.774058515803
Weekly Temperature,Treated,2024-12-17,71,15319.40083667711
Weekly Temperature,Treated,2024-12-17,71,19539.57242886951
Weekly Temperature,Treated,2024-12-17,71,17245.26840211006
Weekly Temperature,Treated,2024-12-17,71,40546.983518618144
Weekly Temperature,Treated,2024-12-17,71,22225.31453600064
Weekly Temperature,Treated,2024-12-17,71,14099.21612013367
Weekly Temperature,Treated,2024-12-17,71,15699.777795980568
Weekly Temperature,Treated,2024-12-17,71,32805.45921879192
Weekly Temperature,Treated,2024-12-17,71,9152.728453914377
Weekly Temperature,Treated,2024-12-17,71,17714.466605042275
Weekly Temperature,Treated,2024-12-17,71,19840.46162108692
Weekly Temperature,Treated,2024-12-17,71,37007.33713347899
Weekly Temperature,Treated,2024-12-17,71,31973.74500615209
Weekly Temperature,Treated,2024-12-17,71,22762.106240215642
Weekly Temperature,Treated,2024-12-17,71,22659.58142902708
Weekly Temperature,Treated,2024-12-17,71,18506.17968669088
Weekly Temperature,Treated,2024-12-17,71,9475.892759122786
Weekly Temperature,Treated,2024-12-17,71,6432.765112428916
Weekly Temperature,Treated,2024-12-17,71,14552.405835575986
Weekly Temperature,Treated,2024-12-17,71,12169.540584863269
Weekly Temperature,Treated,2024-12-17,71,14298.324911787624
Weekly Temperature,Treated,2024-12-17,71,21123.357436109385
Weekly Temperature,Treated,2024-12-17,71,17652.1553243418
Weekly Temperature,Treated,2024-12-17,71,15138.468950040242
Weekly Temperature,Treated,2024-12-17,71,18647.17325703737
Weekly Temperature,Treated,2024-12-17,71,21969.381910415905
Weekly Temperature,Treated,2024-12-17,71,12018.966799005553
Weekly Temperature,Treated,2024-12-17,71,33452.748726600636
Weekly Temperature,Treated,2024-12-17,71,14056.21117994532
Weekly Temperature,Treated,2024-12-17,71,18032.322538930996
Weekly Temperature,Treated,2024-12-17,71,15415.50614814889
Weekly Temperature,Treated,2024-12-17,71,23883.1501996662
Weekly Temperature,Treated,2024-12-17,71,20230.312648576808
Weekly Temperature,Treated,2024-12-17,71,13665.976579923818
Weekly Temperature,Treated,2024-12-17,71,24931.05484944454
Weekly Temperature,Treated,2024-12-17,71,22939.828508886563
Weekly Temperature,Treated,2024-12-17,71,26530.913638444596
Weekly Temperature,Treated,2024-12-17,71,14690.008178920401
Weekly Temperature,Treated,2024-12-17,71,9297.230675690536
Weekly Temperature,Treated,2024-12-17,71,11427.991524550656
Weekly Temperature,Treated,2024-12-17,71,25377.180672006343
Weekly Temperature,Treated,2024-12-17,71,13722.640002922411
Weekly Temperature,Treated,2024-12-17,71,14779.856027611877
Weekly Temperature,Treated,2024-12-17,71,14920.720200149564
Weekly Temperature,Treated,2024-12-17,71,22803.894065617762
Weekly Temperature,Treated,2024-12-17,71,26227.425806336872
Weekly Temperature,Treated,2024-12-17,71,9064.8142639965
Weekly Temperature,Treated,2024-12-17,71,17996.477533381185
Weekly Temperature,Treated,2024-12-17,71,43061.10636431535
Weekly Temperature,Treated,2024-12-17,71,13607.966290144419
Weekly Temperature,Treated,2024-12-17,71,20617.64124323476
Weekly Temperature,Treated,2024-12-17,71,11492.253039217721
Weekly Temperature,Treated,2024-12-17,71,26752.634211959554
Weekly Temperature,Treated,2024-12-17,71,17719.123425481604
Weekly Temperature,Treated,2024-12-17,71,26372.510362016972
Daily Temperature,Treated,2024-12-17,72,12231.291517619704
Daily Temperature,Treated,2024-12-17,72,18264.740073371173
Daily Temperature,Treated,2024-12-17,72,9398.92967881272
Daily Temperature,Treated,2024-12-17,72,8483.47749955555
Daily Temperature,Treated,2024-12-17,72,14154.878961194785
Daily Temperature,Treated,2024-12-17,72,21955.10820255783
Daily Temperature,Treated,2024-12-17,72,10816.147715443294
Daily Temperature,Treated,2024-12-17,72,28856.640574188157
Daily Temperature,Treated,2024-12-17,72,12756.33361051775
Daily Temperature,Treated,2024-12-17,72,9310.399110483631
Daily Temperature,Treated,2024-12-17,72,21230.125464145374
Daily Temperature,Treated,2024-12-17,72,13258.57683288574
Daily Temperature,Treated,2024-12-17,72,18996.37521771573
Daily Temperature,Treated,2024-12-17,72,24739.142726574348
Daily Temperature,Treated,2024-12-17,72,12725.88098068755
Daily Temperature,Treated,2024-12-17,72,14372.842624490744
Daily Temperature,Treated,2024-12-17,72,10033.96755168749
Daily Temperature,Treated,2024-12-17,72,18337.30004764373
Daily Temperature,Treated,2024-12-17,72,38998.543508030256
Daily Temperature,Treated,2024-12-17,72,21685.25933447745
Daily Temperature,Treated,2024-12-17,72,15080.717388420946
Daily Temperature,Treated,2024-12-17,72,14638.392791159145
Daily Temperature,Treated,2024-12-17,72,14011.74739569416
Daily Temperature,Treated,2024-12-17,72,12265.777828595534
Daily Temperature,Treated,2024-12-17,72,12908.691112185552
Daily Temperature,Treated,2024-12-17,72,35176.90834393201
Daily Temperature,Treated,2024-12-17,72,13114.215820877673
Daily Temperature,Treated,2024-12-17,72,42798.813939750966
Daily Temperature,Treated,2024-12-17,72,9244.1261835153
Daily Temperature,Treated,2024-12-17,72,31289.639280844713
Daily Temperature,Treated,2024-12-17,72,27845.882899485303
Daily Temperature,Treated,2024-12-17,72,19602.889840631495
Daily Temperature,Treated,2024-12-17,72,13550.902235187183
Daily Temperature,Treated,2024-12-17,72,12452.845743029859
Daily Temperature,Treated,2024-12-17,72,10937.144114696272
Daily Temperature,Treated,2024-12-17,72,9499.131402127916
Daily Temperature,Treated,2024-12-17,72,11816.965887049137
Daily Temperature,Treated,2024-12-17,72,34069.818480448936
Daily Temperature,Treated,2024-12-17,72,28118.53908146196
Daily Temperature,Treated,2024-12-17,72,10833.462724591118
Daily Temperature,Treated,2024-12-17,72,14409.415886492816
Daily Temperature,Treated,2024-12-17,72,12981.338467617075
Daily Temperature,Treated,2024-12-17,72,14774.988750295519
Daily Temperature,Treated,2024-12-17,72,8870.416882872816
Daily Temperature,Treated,2024-12-17,72,16207.047214239963
Daily Temperature,Control,2024-12-17,73,17021.93345549541
Daily Temperature,Control,2024-12-17,73,14376.02011022025
Daily Temperature,Control,2024-12-17,73,16434.50802663637
Daily Temperature,Control,2024-12-17,73,8217.796351176064
Daily Temperature,Control,2024-12-17,73,20495.53991615571
Daily Temperature,Control,2024-12-17,73,10169.749601456162
Daily Temperature,Control,2024-12-17,73,10641.605499843217
Daily Temperature,Control,2024-12-17,73,13795.64418391283
Daily Temperature,Control,2024-12-17,73,8807.596378581859
Daily Temperature,Control,2024-12-17,73,17434.922584352014
Daily Temperature,Control,2024-12-17,73,19696.645512710253
Daily Temperature,Control,2024-12-17,73,21424.42898103691
Daily Temperature,Control,2024-12-17,73,27826.10953906382
Daily Temperature,Control,2024-12-17,73,23320.315271217456
Daily Temperature,Control,2024-12-17,73,28620.181909378065
Daily Temperature,Control,2024-12-17,73,22087.136677291848
Daily Temperature,Control,2024-12-17,73,20387.47174160945
Daily Temperature,Control,2024-12-17,73,11086.551502920835
Daily Temperature,Control,2024-12-17,73,40316.1014151283
Daily Temperature,Control,2024-12-17,73,9851.655799540222
Daily Temperature,Control,2024-12-17,73,9153.294050899032
Daily Temperature,Control,2024-12-17,73,32120.78669947729
Daily Temperature,Control,2024-12-17,73,31535.75578823833
Daily Temperature,Control,2024-12-17,73,23266.320555543938
Daily Temperature,Control,2024-12-17,73,25324.45000025331
Daily Temperature,Control,2024-12-17,73,20570.613345065816
Daily Temperature,Control,2024-12-17,73,29288.820692820078
Daily Temperature,Control,2024-12-17,73,13395.85100830159
Daily Temperature,Control,2024-12-17,73,44858.005819156686
Daily Temperature,Control,2024-12-17,73,13585.879996220277
Daily Temperature,Control,2024-12-17,73,11591.180100923555
Daily Temperature,Control,2024-12-17,73,5496.803916554551
Daily Temperature,Control,2024-12-17,73,13052.079079851914
Daily Temperature,Control,2024-12-17,73,43155.616637667226
Daily Temperature,Control,2024-12-17,73,4305.996668710826
Daily Temperature,Control,2024-12-17,73,19718.87442817282
Daily Temperature,Control,2024-12-17,73,33387.42463683523
Daily Temperature,Control,2024-12-17,73,12896.24728939019
Daily Temperature,Control,2024-12-17,73,35317.8352629615
Weekly Temperature,Treated,2024-12-17,74,17175.123893261636
Weekly Temperature,Treated,2024-12-17,74,34694.14815051406
Weekly Temperature,Treated,2024-12-17,74,25812.030769788696
Weekly Temperature,Treated,2024-12-17,74,26783.328418237554
Weekly Temperature,Treated,2024-12-17,74,12590.241564428534
Weekly Temperature,Treated,2024-12-17,74,23859.73569191705
Weekly Temperature,Treated,2024-12-17,74,73921.67050619243
Weekly Temperature,Treated,2024-12-17,74,14234.348152873457
Weekly Temperature,Treated,2024-12-17,74,27977.98341036732
Weekly Temperature,Treated,2024-12-17,74,21505.34048799395
Weekly Temperature,Treated,2024-12-17,74,6219.432826868471
Weekly Temperature,Treated,2024-12-17,74,16853.64361183458
Weekly Temperature,Treated,2024-12-17,74,23150.615058998985
Weekly Temperature,Treated,2024-12-17,74,16181.826010732264
Weekly Temperature,Treated,2024-12-17,74,5785.830601668427
Weekly Temperature,Treated,2024-12-17,74,37483.39841155928
Weekly Temperature,Treated,2024-12-17,74,11895.253554777191
Weekly Temperature,Treated,2024-12-17,74,17867.69852290795
Weekly Temperature,Treated,2024-12-17,74,8756.046975782167
Weekly Temperature,Treated,2024-12-17,74,23025.103671513793
Weekly Temperature,Treated,2024-12-17,74,19949.3606167766
Weekly Temperature,Treated,2024-12-17,74,18419.672906967822
Weekly Temperature,Treated,2024-12-17,74,10836.671490920855
Weekly Temperature,Treated,2024-12-17,74,12554.351753902281
Weekly Temperature,Treated,2024-12-17,74,18482.118934258124
Weekly Temperature,Treated,2024-12-17,74,20803.41849493356
Weekly Temperature,Treated,2024-12-17,74,28863.418702315514
Weekly Temperature,Treated,2024-12-17,74,14722.337863268593
Weekly Temperature,Treated,2024-12-17,74,18190.499019663937
Weekly Temperature,Treated,2024-12-17,74,16115.870824583712
Weekly Temperature,Treated,2024-12-17,74,31442.924351686328
Weekly Temperature,Treated,2024-12-17,74,10704.424131067977
Weekly Temperature,Treated,2024-12-17,74,19926.932852024212
Weekly Temperature,Treated,2024-12-17,74,28374.52196813059
Weekly Temperature,Treated,2024-12-17,74,16590.741803752237
Weekly Temperature,Treated,2024-12-17,74,9123.917582186554
Weekly Temperature,Treated,2024-12-17,74,12557.220092843178
Weekly Temperature,Treated,2024-12-17,74,19087.90287866424
Weekly Temperature,Treated,2024-12-17,74,19993.252558852742
Weekly Temperature,Treated,2024-12-17,74,18205.709117437615
Weekly Temperature,Treated,2024-12-17,74,8084.464317128752
Weekly Temperature,Treated,2024-12-17,74,10295.781996399464
Weekly Temperature,Treated,2024-12-17,74,12869.195009589836
Weekly Temperature,Treated,2024-12-17,74,33675.289132147904
Weekly Temperature,Treated,2024-12-17,74,5091.132400026871
Weekly Temperature,Treated,2024-12-17,74,20554.955680444065
Weekly Temperature,Treated,2024-12-17,74,54825.890877777434
Weekly Temperature,Treated,2024-12-17,74,18335.38775642729
Weekly Temperature,Treated,2024-12-17,74,26527.10336854385
Weekly Temperature,Treated,2024-12-17,74,17554.840096945092
Weekly Temperature,Treated,2024-12-17,74,10484.204035201974
Weekly Temperature,Treated,2024-12-17,74,9962.670571870776
Weekly Temperature,Treated,2024-12-17,74,6820.364147592698
Weekly Temperature,Treated,2024-12-17,74,11096.348451976079
Weekly Temperature,Treated,2024-12-17,74,23627.723536881665
Weekly Temperature,Treated,2024-12-17,74,14276.975151590737
Weekly Temperature,Treated,2024-12-17,74,19287.867541392974
Weekly Temperature,Treated,2024-12-17,74,29799.585372738507
Weekly Temperature,Treated,2024-12-17,74,20755.014378662796
Weekly Temperature,Treated,2024-12-17,74,14910.916506528203
Weekly Temperature,Treated,2024-12-17,74,25000.132475742663
Weekly Temperature,Treated,2024-12-17,74,43464.363993395804
Weekly Temperature,Treated,2024-12-17,74,12993.108395906876
Weekly Temperature,Treated,2024-12-17,74,23481.72256958966
Weekly Temperature,Treated,2024-12-17,74,9880.96908736054
Weekly Temperature,Treated,2024-12-17,74,15115.348201611194
Weekly Temperature,Treated,2024-12-17,74,29064.61065607971
Weekly Temperature,Treated,2024-12-17,74,11922.815314386076
Weekly Temperature,Treated,2024-12-17,74,19949.3606167766
Weekly Temperature,Treated,2024-12-17,74,28259.64084025365
Weekly Temperature,Treated,2024-12-17,74,37716.53630080539
Weekly Temperature,Treated,2024-12-17,74,15404.619157128824
Weekly Temperature,Treated,2024-12-17,74,10710.784890461719
Weekly Temperature,Treated,2024-12-17,74,36375.071926454024
Weekly Temperature,Treated,2024-12-17,74,40144.05362981336
Weekly Temperature,Treated,2024-12-17,74,22299.65094627454
Weekly Temperature,Treated,2024-12-17,74,21386.750396526088
Weekly Temperature,Treated,2024-12-17,74,15169.890072268117
Weekly Temperature,Treated,2024-12-17,74,19331.636078213854
Weekly Temperature,Treated,2024-12-17,74,29435.825146480896
Weekly Temperature,Treated,2024-12-17,74,17957.863736046285
Weekly Temperature,Treated,2024-12-17,74,12742.550610915841
Weekly Temperature,Treated,2024-12-17,74,33478.601938280604
Weekly Temperature,Treated,2024-12-17,74,23400.91174895508
Weekly Temperature,Treated,2024-12-17,74,16983.12285626386
Weekly Temperature,Treated,2024-12-17,74,13751.80647758629
Weekly Temperature,Treated,2024-12-17,74,15387.044826751919
Weekly Temperature,Treated,2024-12-17,74,19310.737074088174
Weekly Temperature,Treated,2024-12-17,74,26957.7769543431
Weekly Temperature,Treated,2024-12-17,74,21112.703352515546
Weekly Temperature,Treated,2024-12-17,74,24097.03695127232
Weekly Temperature,Treated,2024-12-17,74,17708.879654143537
Weekly Temperature,Treated,2024-12-17,74,43345.1246044013
Weekly Temperature,Treated,2024-12-17,74,8190.167080507943
Weekly Temperature,Treated,2024-12-17,74,14611.832446826578
Weekly Temperature,Control,2024-12-17,75,8583.32174321534
Weekly Temperature,Control,2024-12-17,75,21702.66181612751
Weekly Temperature,Control,2024-12-17,75,1817.761533563487
Weekly Temperature,Control,2024-12-17,75,9511.348728775652
Weekly Temperature,Control,2024-12-17,75,10171.585598213735
Weekly Temperature,Control,2024-12-17,75,8436.009597771716
Weekly Temperature,Control,2024-12-17,75,14794.465162895853
Weekly Temperature,Control,2024-12-17,75,16387.944953320657
Weekly Temperature,Control,2024-12-17,75,13074.245164319676
Weekly Temperature,Control,2024-12-17,75,21392.129933057702
Weekly Temperature,Control,2024-12-17,75,19902.488243501724
Weekly Temperature,Control,2024-12-17,75,26623.760673195942
Weekly Temperature,Control,2024-12-17,75,9570.857204212338
Weekly Temperature,Control,2024-12-17,75,6495.6963151879645
Weekly Temperature,Control,2024-12-17,75,6723.580247677286
Weekly Temperature,Control,2024-12-17,75,9694.25086172466
Weekly Temperature,Control,2024-12-17,75,21217.29146999954
Weekly Temperature,Control,2024-12-17,75,13001.941134024039
Weekly Temperature,Control,2024-12-17,75,19342.590084594056
Weekly Temperature,Control,2024-12-17,75,19150.096981694907
Weekly Temperature,Control,2024-12-17,75,19104.67016127964
Weekly Temperature,Control,2024-12-17,75,5270.593903962281
Weekly Temperature,Control,2024-12-17,75,19201.548549028754
Weekly Temperature,Control,2024-12-17,75,9042.374038485534
Weekly Temperature,Control,2024-12-17,75,7005.412251185373
Weekly Temperature,Control,2024-12-17,75,4601.5324499727885
Weekly Temperature,Control,2024-12-17,75,7562.720349575356
Weekly Temperature,Control,2024-12-17,75,10295.1643772374
Weekly Temperature,Control,2024-12-17,75,7247.255930812995
Weekly Temperature,Control,2024-12-17,75,18259.021015693907
Weekly Temperature,Control,2024-12-17,75,24886.29387342806
Weekly Temperature,Control,2024-12-17,75,12194.07238502436
Weekly Temperature,Control,2024-12-17,75,5768.929640273061
Weekly Temperature,Control,2024-12-17,75,12270.710425308038
Weekly Temperature,Control,2024-12-17,75,16855.4367643007
Weekly Temperature,Control,2024-12-17,75,20939.62269614034
Weekly Temperature,Control,2024-12-17,75,58289.126982975606
Weekly Temperature,Control,2024-12-17,75,3991.4419478537366
Weekly Temperature,Control,2024-12-17,75,30675.184825077584
Weekly Temperature,Control,2024-12-17,75,21646.142952929204
Weekly Temperature,Control,2024-12-17,75,17769.476674753558
Weekly Temperature,Control,2024-12-17,75,10538.151633307094
Weekly Temperature,Control,2024-12-17,75,8996.501175333124
Weekly Temperature,Control,2024-12-17,75,25152.13555289503
Weekly Temperature,Control,2024-12-17,75,20702.499278008105
Weekly Temperature,Control,2024-12-17,75,6309.9677015358775
Weekly Temperature,Control,2024-12-17,75,26829.420772476187
Weekly Temperature,Control,2024-12-17,75,15749.953630875454
Weekly Temperature,Control,2024-12-17,75,8266.44530206627
Weekly Temperature,Control,2024-12-17,75,10230.468766145137
Weekly Temperature,Control,2024-12-17,75,6733.933354431605
Weekly Temperature,Control,2024-12-17,75,24104.113209112522
Weekly Temperature,Control,2024-12-17,75,2444.687852872062
Weekly Temperature,Control,2024-12-17,75,30413.119525782902
Weekly Temperature,Control,2024-12-17,75,10676.470472580857
Weekly Temperature,Control,2024-12-17,75,15560.944494217585
Weekly Temperature,Control,2024-12-17,75,8627.61587023173
Weekly Temperature,Control,2024-12-17,75,10318.653440020878
Weekly Temperature,Control,2024-12-17,75,18957.1119431126
Weekly Temperature,Control,2024-12-17,75,14631.14543050213
Weekly Temperature,Control,2024-12-17,75,12718.638455107335
Weekly Temperature,Control,2024-12-17,75,19085.93099791456
Weekly Temperature,Control,2024-12-17,75,7755.914850838397
Weekly Temperature,Control,2024-12-17,75,22814.067592070303
Weekly Temperature,Control,2024-12-17,75,21355.569570461033
Weekly Temperature,Control,2024-12-17,75,24607.041701793478
Weekly Temperature,Control,2024-12-17,75,16872.478967923467
Weekly Temperature,Control,2024-12-17,75,11706.383475723287
Weekly Temperature,Control,2024-12-17,75,23219.29744095491
Weekly Temperature,Control,2024-12-17,75,15135.990442725504
Weekly Temperature,Control,2024-12-17,75,3282.1057846896456
Weekly Temperature,Control,2024-12-17,75,8135.633810832543
Weekly Temperature,Control,2024-12-17,75,6197.796538223993
Weekly Temperature,Control,2024-12-17,75,21169.217040108644
Weekly Temperature,Control,2024-12-17,75,20145.91613196633
Weekly Temperature,Control,2024-12-17,75,5006.897287013943
Weekly Temperature,Control,2024-12-17,75,17028.25785582091
Weekly Temperature,Control,2024-12-17,75,7812.569151913501
Weekly Temperature,Control,2024-12-17,75,17582.602548392748
Weekly Temperature,Control,2024-12-17,75,16530.586539802876
Weekly Temperature,Control,2024-12-17,75,11461.427224431163
Weekly Temperature,Control,2024-12-17,75,6236.01565537078
Weekly Temperature,Control,2024-12-17,75,6891.561979489711
Weekly Temperature,Control,2024-12-17,75,6462.426405670433
Weekly Temperature,Control,2024-12-17,75,5298.491256631953
Weekly Temperature,Control,2024-12-17,75,4966.0633836902325
Weekly Temperature,Control,2024-12-17,75,29041.445689547396
Weekly Temperature,Control,2024-12-17,75,4306.646403616903
Weekly Temperature,Control,2024-12-17,75,3228.1764228717843
Weekly Temperature,Treated,2024-12-17,76,14907.64969586647
Weekly Temperature,Treated,2024-12-17,76,15003.42873056362
Weekly Temperature,Treated,2024-12-17,76,24679.029174591218
Weekly Temperature,Treated,2024-12-17,76,22058.478852738586
Weekly Temperature,Treated,2024-12-17,76,23570.86254150225
Weekly Temperature,Treated,2024-12-17,76,10496.104817964631
Weekly Temperature,Treated,2024-12-17,76,12581.620954531956
Weekly Temperature,Treated,2024-12-17,76,46800.07624120263
Weekly Temperature,Treated,2024-12-17,76,19878.06662188187
Weekly Temperature,Treated,2024-12-17,76,12788.29537132655
Weekly Temperature,Treated,2024-12-17,76,37514.97241535111
Weekly Temperature,Treated,2024-12-17,76,6287.243714087437
Weekly Temperature,Treated,2024-12-17,76,12585.212333550333
Weekly Temperature,Treated,2024-12-17,76,13217.52830377199
Weekly Temperature,Treated,2024-12-17,76,9648.869217407228
Weekly Temperature,Treated,2024-12-17,76,24954.064340253073
Weekly Temperature,Treated,2024-12-17,76,25773.50492470749
Weekly Temperature,Treated,2024-12-17,76,14449.249447347709
Weekly Temperature,Treated,2024-12-17,76,25871.771426015363
Weekly Temperature,Treated,2024-12-17,76,21126.554465943565
Weekly Temperature,Treated,2024-12-17,76,12170.9413985079
Weekly Temperature,Treated,2024-12-17,76,13178.807246492634
Weekly Temperature,Treated,2024-12-17,76,13711.906276545742
Weekly Temperature,Treated,2024-12-17,76,8336.390262802399
Weekly Temperature,Treated,2024-12-17,76,5504.179524156576
Weekly Temperature,Treated,2024-12-17,76,30439.95399091872
Weekly Temperature,Treated,2024-12-17,76,15196.388375100645
Weekly Temperature,Treated,2024-12-17,76,11199.938787974295
Weekly Temperature,Treated,2024-12-17,76,32574.00129916512
Weekly Temperature,Treated,2024-12-17,76,13772.558535578308
Weekly Temperature,Treated,2024-12-17,76,30888.95397407292
Weekly Temperature,Treated,2024-12-17,76,9204.304719378415
Weekly Temperature,Treated,2024-12-17,76,24254.270151934677
Weekly Temperature,Treated,2024-12-17,76,5218.4822247778575
Weekly Temperature,Treated,2024-12-17,76,23984.034422808432
Weekly Temperature,Treated,2024-12-17,76,19368.50026490778
Weekly Temperature,Treated,2024-12-17,76,17673.52686871463
Weekly Temperature,Treated,2024-12-17,76,4496.408156003731
Weekly Temperature,Treated,2024-12-17,76,8861.02778720338
Weekly Temperature,Treated,2024-12-17,76,11015.555473337614
Weekly Temperature,Treated,2024-12-17,76,9897.149179886324
Weekly Temperature,Treated,2024-12-17,76,22679.832815508937
Weekly Temperature,Treated,2024-12-17,76,46079.11114860109
Weekly Temperature,Treated,2024-12-17,76,29384.92728838636
Weekly Temperature,Treated,2024-12-17,76,7577.944897613886
Weekly Temperature,Treated,2024-12-17,76,5793.488185741512
Weekly Temperature,Treated,2024-12-17,76,22546.206550422514
Weekly Temperature,Treated,2024-12-17,76,10640.339295140515
Weekly Temperature,Treated,2024-12-17,76,12638.455297224944
Weekly Temperature,Treated,2024-12-17,76,10953.957345573814
Weekly Temperature,Treated,2024-12-17,76,14947.70559677878
Weekly Temperature,Treated,2024-12-17,76,9175.37269145676
Weekly Temperature,Treated,2024-12-17,76,9616.551175700382
Weekly Temperature,Treated,2024-12-17,76,21293.312665952883
Weekly Temperature,Treated,2024-12-17,76,19226.322513627183
Weekly Temperature,Treated,2024-12-17,76,31059.365304422314
Weekly Temperature,Treated,2024-12-17,76,24479.066067982167
Weekly Temperature,Treated,2024-12-17,76,20885.692977700193
Weekly Temperature,Treated,2024-12-17,76,28430.757978719164
Weekly Temperature,Treated,2024-12-17,76,7170.525930373518
Weekly Temperature,Treated,2024-12-17,76,12884.543738558548
Weekly Temperature,Treated,2024-12-17,76,8752.764240974548
Weekly Temperature,Treated,2024-12-17,76,22453.3641765699
Weekly Temperature,Treated,2024-12-17,76,16896.71943077154
Weekly Temperature,Treated,2024-12-17,76,16508.51246597734
Weekly Temperature,Treated,2024-12-17,76,13111.251867324481
Weekly Temperature,Treated,2024-12-17,76,16909.299008085112
Weekly Temperature,Treated,2024-12-17,76,12385.993206828456
Weekly Temperature,Treated,2024-12-17,76,12379.606669542822
Weekly Temperature,Treated,2024-12-17,76,19148.120185069616
Weekly Temperature,Treated,2024-12-17,76,17349.51979576019
Weekly Temperature,Treated,2024-12-17,76,34750.489800866824
Weekly Temperature,Treated,2024-12-17,76,8706.902181504141
Weekly Temperature,Treated,2024-12-17,76,29287.449509038517
Weekly Temperature,Treated,2024-12-17,76,41026.10902785104
Weekly Temperature,Treated,2024-12-17,76,15704.87486186488
Weekly Temperature,Treated,2024-12-17,76,12963.698686796934
Weekly Temperature,Treated,2024-12-17,76,8152.224794423905
Weekly Temperature,Treated,2024-12-17,76,20462.241489269116
Weekly Temperature,Treated,2024-12-17,76,19019.96303405535
Weekly Temperature,Treated,2024-12-17,76,19148.120185069616
Weekly Temperature,Treated,2024-12-17,76,25380.862716346826
Weekly Temperature,Treated,2024-12-17,76,18310.541839636855
Weekly Temperature,Treated,2024-12-17,76,14096.085130067717
Weekly Temperature,Treated,2024-12-17,76,22923.93743901034
Weekly Temperature,Treated,2024-12-17,76,39827.80136741734
Daily Temperature,Treated,2024-12-17,77,21559.411753174256
Daily Temperature,Treated,2024-12-17,77,16660.837366688982
Daily Temperature,Treated,2024-12-17,77,34739.52890329058
Daily Temperature,Treated,2024-12-17,77,13601.109016544733
Daily Temperature,Treated,2024-12-17,77,10754.113342993507
Daily Temperature,Treated,2024-12-17,77,9013.263741105144
Daily Temperature,Treated,2024-12-17,77,5795.101254914599
Daily Temperature,Treated,2024-12-17,77,31541.56481297116
Daily Temperature,Treated,2024-12-17,77,6881.488180904541
Daily Temperature,Treated,2024-12-17,77,21636.372333878204
Daily Temperature,Treated,2024-12-17,77,15493.560701496992
Daily Temperature,Treated,2024-12-17,77,17045.433118631066
Daily Temperature,Treated,2024-12-17,77,47876.96510859437
Daily Temperature,Treated,2024-12-17,77,30255.310195716233
Daily Temperature,Treated,2024-12-17,77,22764.36353395357
Daily Temperature,Treated,2024-12-17,77,10688.53463933769
Daily Temperature,Treated,2024-12-17,77,39247.61236453288
Daily Temperature,Treated,2024-12-17,77,15716.772910512062
Daily Temperature,Treated,2024-12-17,77,16134.942028452742
Daily Temperature,Treated,2024-12-17,77,11484.875979303646
Daily Temperature,Treated,2024-12-17,77,9129.561429946461
Daily Temperature,Treated,2024-12-17,77,18204.758201678258
Daily Temperature,Treated,2024-12-17,77,24269.68113303211
Daily Temperature,Treated,2024-12-17,77,10056.401875993728
Daily Temperature,Treated,2024-12-17,77,12642.058918621691
Daily Temperature,Treated,2024-12-17,77,21844.455131925468
Daily Temperature,Treated,2024-12-17,77,7041.651865972274
Daily Temperature,Treated,2024-12-17,77,12119.89041926761
Daily Temperature,Treated,2024-12-17,77,35173.746488198776
Daily Temperature,Treated,2024-12-17,77,4958.861489438693
Daily Temperature,Treated,2024-12-17,77,14053.087430565198
Daily Temperature,Treated,2024-12-17,77,11156.578851293243
Daily Temperature,Treated,2024-12-17,77,28232.975996560035
Daily Temperature,Treated,2024-12-17,77,13961.173238515179
Daily Temperature,Treated,2024-12-17,77,19088.8888775091
Daily Temperature,Treated,2024-12-17,77,27037.59592465973
Daily Temperature,Treated,2024-12-17,77,26830.701990516918
Daily Temperature,Treated,2024-12-17,77,18865.087672056845
Daily Temperature,Treated,2024-12-17,77,29949.96771205678
Daily Temperature,Treated,2024-12-17,77,36418.908094414255
Daily Temperature,Treated,2024-12-17,77,19420.400348880183
Daily Temperature,Treated,2024-12-17,77,10321.747094678265
Daily Temperature,Treated,2024-12-17,77,19034.71679721877
Daily Temperature,Treated,2024-12-17,77,31997.23645654613
Daily Temperature,Treated,2024-12-17,77,20148.999043922493
Daily Temperature,Treated,2024-12-17,77,30158.405122553817
Daily Temperature,Control,2024-12-17,78,18037.98725897022
Daily Temperature,Control,2024-12-17,78,11105.498141169723
Daily Temperature,Control,2024-12-17,78,8602.20700484414
Daily Temperature,Control,2024-12-17,78,26883.272676074444
Daily Temperature,Control,2024-12-17,78,19284.88608832788
Daily Temperature,Control,2024-12-17,78,20842.41506415989
Daily Temperature,Control,2024-12-17,78,18338.256250420647
Daily Temperature,Control,2024-12-17,78,24079.353311857678
Daily Temperature,Control,2024-12-17,78,12622.60857706887
Daily Temperature,Control,2024-12-17,78,14497.159915225282
Daily Temperature,Control,2024-12-17,78,15352.77696544995
Daily Temperature,Control,2024-12-17,78,14000.842789607004
Daily Temperature,Control,2024-12-17,78,23915.960252284232
Daily Temperature,Control,2024-12-17,78,19004.235334374654
Daily Temperature,Control,2024-12-17,78,5738.0385595173975
Daily Temperature,Control,2024-12-17,78,14305.446875402298
Daily Temperature,Control,2024-12-17,78,12867.733946758122
Daily Temperature,Control,2024-12-17,78,7578.927905828868
Daily Temperature,Control,2024-12-17,78,15538.177603455248
Daily Temperature,Control,2024-12-17,78,12150.641498222998
Daily Temperature,Control,2024-12-17,78,6543.191412904789
Daily Temperature,Control,2024-12-17,78,11532.554349583816
Daily Temperature,Control,2024-12-17,78,15620.087906164385
Daily Temperature,Control,2024-12-17,78,16323.975503933583
Daily Temperature,Control,2024-12-17,78,13307.21296118521
Daily Temperature,Control,2024-12-17,78,33606.57548613061
Daily Temperature,Control,2024-12-17,78,15464.150156840897
Daily Temperature,Control,2024-12-17,78,15970.801380056546
Daily Temperature,Control,2024-12-17,78,5332.945121927511
Daily Temperature,Control,2024-12-17,78,21254.740614235463
Daily Temperature,Control,2024-12-17,78,12224.965256158986
Daily Temperature,Control,2024-12-17,78,6499.6445095556555
Daily Temperature,Control,2024-12-17,78,12348.419360071963
Daily Temperature,Control,2024-12-17,78,11217.054718803749
Daily Temperature,Control,2024-12-17,78,14138.397988233874
Daily Temperature,Control,2024-12-17,78,12421.519256806963
Daily Temperature,Control,2024-12-17,78,8455.186225258118
Daily Temperature,Control,2024-12-17,78,18694.67664651268
Daily Temperature,Control,2024-12-17,78,16801.705419374
Daily Temperature,Control,2024-12-17,78,11741.112019227658
Daily Temperature,Control,2024-12-17,78,14038.256804761048
Daily Temperature,Control,2024-12-17,78,11912.474021201066
Daily Temperature,Control,2024-12-17,78,14935.434917075296
Daily Temperature,Control,2024-12-17,78,16282.89044680871
Daily Temperature,Control,2024-12-17,78,30161.210572204127
Daily Temperature,Control,2024-12-17,78,24532.824896443228
Daily Temperature,Control,2024-12-17,78,12516.392938460713
Daily Temperature,Control,2024-12-17,78,12773.033357863413
Daily Temperature,Control,2024-12-17,78,10521.192221783336
Daily Temperature,Control,2024-12-17,78,27025.997974699836
Weekly Temperature,Control,2024-12-17,79,21499.93909674678
Weekly Temperature,Control,2024-12-17,79,19443.390094319027
Weekly Temperature,Control,2024-12-17,79,5436.519294746655
Weekly Temperature,Control,2024-12-17,79,25766.053441882847
Weekly Temperature,Control,2024-12-17,79,11230.234198196298
Weekly Temperature,Control,2024-12-17,79,24254.270151934677
Weekly Temperature,Control,2024-12-17,79,5883.920510639213
Weekly Temperature,Control,2024-12-17,79,14839.985920471669
Weekly Temperature,Control,2024-12-17,79,16945.280007122627
Weekly Temperature,Control,2024-12-17,79,14181.593312661364
Weekly Temperature,Control,2024-12-17,79,10759.219446267707
Weekly Temperature,Control,2024-12-17,79,10243.383439549169
Weekly Temperature,Control,2024-12-17,79,68664.00792145617
Weekly Temperature,Control,2024-12-17,79,10284.051981137145
Weekly Temperature,Control,2024-12-17,79,29481.2781709712
Weekly Temperature,Control,2024-12-17,79,71841.49037414583
Weekly Temperature,Control,2024-12-17,79,8607.608472830823
Weekly Temperature,Control,2024-12-17,79,64594.01486360227
Weekly Temperature,Control,2024-12-17,79,30854.673438571004
Weekly Temperature,Control,2024-12-17,79,38541.44689522108
Weekly Temperature,Control,2024-12-17,79,28453.54469744854
Weekly Temperature,Control,2024-12-17,79,31364.763036815642
Weekly Temperature,Control,2024-12-17,79,17963.510578557776
Weekly Temperature,Control,2024-12-17,79,45627.86697360677
Weekly Temperature,Control,2024-12-17,79,13317.706074434855
Weekly Temperature,Control,2024-12-17,79,23099.205999685902
Weekly Temperature,Control,2024-12-17,79,87404.2916587094
Weekly Temperature,Control,2024-12-17,79,17134.23124159213
Weekly Temperature,Control,2024-12-17,79,63780.229644543484
Weekly Temperature,Control,2024-12-17,79,25026.833478745742
Weekly Temperature,Control,2024-12-17,79,39777.312670312196
Weekly Temperature,Control,2024-12-17,79,46685.551227793774
Weekly Temperature,Control,2024-12-17,79,28783.515344982887
Weekly Temperature,Control,2024-12-17,79,20334.636744642212
Weekly Temperature,Control,2024-12-17,79,32013.394606746046
Weekly Temperature,Control,2024-12-17,79,4355.90663252409
Weekly Temperature,Control,2024-12-17,79,7365.412489743436
Weekly Temperature,Control,2024-12-17,79,13419.965250411355
Weekly Temperature,Control,2024-12-17,79,25074.2211516032
Weekly Temperature,Control,2024-12-17,79,38113.78385695425
Weekly Temperature,Control,2024-12-17,79,12768.675310874018
Weekly Temperature,Control,2024-12-17,79,13975.164518697029
Weekly Temperature,Control,2024-12-17,79,6369.41931394414
Weekly Temperature,Control,2024-12-17,79,48870.89448148644
Weekly Temperature,Control,2024-12-17,79,31203.131734487186
Weekly Temperature,Control,2024-12-17,79,18438.86986108098
Weekly Temperature,Control,2024-12-17,79,16025.085438784527
Weekly Temperature,Control,2024-12-17,79,13463.756018597895
Weekly Temperature,Control,2024-12-17,79,13189.223696425765
Weekly Temperature,Control,2024-12-17,79,32727.666755676037
Weekly Temperature,Control,2024-12-17,79,25587.716385953172
Weekly Temperature,Control,2024-12-17,79,22983.00415393084
Weekly Temperature,Control,2024-12-17,79,13156.507231108415
Weekly Temperature,Control,2024-12-17,79,46496.47603976891
Weekly Temperature,Control,2024-12-17,79,21621.180328574923
Weekly Temperature,Control,2024-12-17,79,31910.678132651792
Weekly Temperature,Control,2024-12-17,79,12780.299266300974
Weekly Temperature,Control,2024-12-17,79,16002.665503600065
Weekly Temperature,Control,2024-12-17,79,80854.81604236852
Weekly Temperature,Control,2024-12-17,79,41342.597703733314
Weekly Temperature,Control,2024-12-17,79,50034.92315925475
Weekly Temperature,Control,2024-12-17,79,53502.29083502432
Weekly Temperature,Control,2024-12-17,79,19573.724240537555
Weekly Temperature,Control,2024-12-17,79,31907.74714393727
Weekly Temperature,Control,2024-12-17,79,24619.028352445803
Weekly Temperature,Control,2024-12-17,79,36480.673218370415
Weekly Temperature,Control,2024-12-17,79,27287.235309583317
Weekly Temperature,Control,2024-12-17,79,18379.40904038172
Weekly Temperature,Control,2024-12-17,79,28917.688148223006
Weekly Temperature,Control,2024-12-17,79,20545.56547111965
Weekly Temperature,Control,2024-12-17,79,18024.771693209754
Weekly Temperature,Control,2024-12-17,79,16197.477030175942
Weekly Temperature,Control,2024-12-17,79,15705.724495202647
Weekly Temperature,Control,2024-12-17,79,19863.83128509379
Weekly Temperature,Control,2024-12-17,79,16999.36093303955
Weekly Temperature,Control,2024-12-17,79,32529.35002856897
Weekly Temperature,Control,2024-12-17,79,11230.234198196298
Weekly Temperature,Control,2024-12-17,79,34550.48709129781
Weekly Temperature,Control,2024-12-17,79,26751.35587716455
Weekly Temperature,Control,2024-12-17,79,34359.14260877962
Weekly Temperature,Control,2024-12-17,79,56479.28688632427
Weekly Temperature,Control,2024-12-17,79,16470.597597588105
Weekly Temperature,Control,2024-12-17,79,21911.233806620094
Weekly Temperature,Control,2024-12-17,79,28647.129516815952
Weekly Temperature,Control,2024-12-17,79,12329.311066068029
Weekly Temperature,Control,2024-12-17,79,13715.739020160661
Weekly Temperature,Control,2024-12-17,79,35628.14557913168
Weekly Temperature,Control,2024-12-17,79,24075.81778459535
Weekly Temperature,Control,2024-12-17,79,49470.85863658082
Weekly Temperature,Control,2024-12-17,79,30759.129891459183
Weekly Temperature,Control,2024-12-17,79,25081.517703941572
Weekly Temperature,Control,2024-12-17,79,46569.27745173749
Weekly Temperature,Control,2024-12-17,79,16122.80382116603
Weekly Temperature,Control,2024-12-17,79,22029.849621670688
Weekly Temperature,Control,2024-12-17,79,17232.498628861755
Weekly Temperature,Control,2024-12-17,79,37327.49513918586
Weekly Temperature,Control,2024-12-17,79,62839.8388548294
Weekly Temperature,Treated,2024-12-17,80,15787.452232977223
Weekly Temperature,Treated,2024-12-17,80,21900.27574502587
Weekly Temperature,Treated,2024-12-17,80,28418.70014490145
Weekly Temperature,Treated,2024-12-17,80,10637.80722498572
Weekly Temperature,Treated,2024-12-17,80,22036.453830521445
Weekly Temperature,Treated,2024-12-17,80,15755.06308274867
Weekly Temperature,Treated,2024-12-17,80,9273.791016320056
Weekly Temperature,Treated,2024-12-17,80,15397.922376002056
Weekly Temperature,Treated,2024-12-17,80,6309.109097296006
Weekly Temperature,Treated,2024-12-17,80,10843.733289462854
Weekly Temperature,Treated,2024-12-17,80,21483.741175510044
Weekly Temperature,Treated,2024-12-17,80,14055.430193272872
Weekly Temperature,Treated,2024-12-17,80,8545.106496829907
Weekly Temperature,Treated,2024-12-17,80,11101.576151633128
Weekly Temperature,Treated,2024-12-17,80,8552.094161149811
Weekly Temperature,Treated,2024-12-17,80,23964.066199378325
Weekly Temperature,Treated,2024-12-17,80,9642.399120683198
Weekly Temperature,Treated,2024-12-17,80,10125.760128732913
Weekly Temperature,Treated,2024-12-17,80,16939.879139158507
Weekly Temperature,Treated,2024-12-17,80,10741.356045170613
Weekly Temperature,Treated,2024-12-17,80,17286.36300461182
Weekly Temperature,Treated,2024-12-17,80,8723.260881820353
Weekly Temperature,Treated,2024-12-17,80,35175.327388387646
Weekly Temperature,Treated,2024-12-17,80,20018.805132697275
Weekly Temperature,Treated,2024-12-17,80,15866.077857828832
Weekly Temperature,Treated,2024-12-17,80,10851.441011101597
Weekly Temperature,Treated,2024-12-17,80,10817.429595455073
Weekly Temperature,Treated,2024-12-17,80,10322.9847512351
Weekly Temperature,Treated,2024-12-17,80,12580.902771590943
Weekly Temperature,Treated,2024-12-17,80,15683.645387990333
Weekly Temperature,Treated,2024-12-17,80,24446.8544041417
Weekly Temperature,Treated,2024-12-17,80,15001.787566588677
Weekly Temperature,Treated,2024-12-17,80,17043.624574354042
Weekly Temperature,Treated,2024-12-17,80,10429.840213196276
Weekly Temperature,Treated,2024-12-17,80,7188.470122813882
Weekly Temperature,Treated,2024-12-17,80,4637.081018153021
Weekly Temperature,Treated,2024-12-17,80,14745.000754201446
Weekly Temperature,Treated,2024-12-17,80,8760.42538266103
Weekly Temperature,Treated,2024-12-17,80,10454.808746378947
Weekly Temperature,Treated,2024-12-17,80,9928.967775126077
Weekly Temperature,Treated,2024-12-17,80,15077.422362013785
Weekly Temperature,Treated,2024-12-17,80,8777.407122361492
Weekly Temperature,Treated,2024-12-17,80,10526.843081892139
Weekly Temperature,Treated,2024-12-17,80,8907.493210864975
Weekly Temperature,Treated,2024-12-17,80,5152.669681730278
Weekly Temperature,Treated,2024-12-17,80,14559.62358357068
Weekly Temperature,Treated,2024-12-17,80,11890.435187502388
Weekly Temperature,Treated,2024-12-17,80,18100.38895754769
Weekly Temperature,Treated,2024-12-17,80,11384.634905337856
Weekly Temperature,Treated,2024-12-17,80,12451.420519688832
Weekly Temperature,Treated,2024-12-17,80,10751.560973789256
Weekly Temperature,Treated,2024-12-17,80,20407.182261207225
Weekly Temperature,Treated,2024-12-17,80,9455.593826254246
Weekly Temperature,Treated,2024-12-17,80,5958.078520458661
Weekly Temperature,Treated,2024-12-17,80,11140.842937037933
Weekly Temperature,Treated,2024-12-17,80,5757.2810667568965
Weekly Temperature,Treated,2024-12-17,80,10532.49621884807
Weekly Temperature,Treated,2024-12-17,80,4829.110855558053
Weekly Temperature,Treated,2024-12-17,80,16632.417089909384
Weekly Temperature,Treated,2024-12-17,80,8911.927944914381
Weekly Temperature,Treated,2024-12-17,80,17621.526274774602
Weekly Temperature,Treated,2024-12-17,80,2795.2889519689215
Weekly Temperature,Treated,2024-12-17,80,20268.482635518838
Weekly Temperature,Treated,2024-12-17,80,14737.71336782827
Weekly Temperature,Treated,2024-12-17,80,12891.857516871212
Weekly Temperature,Treated,2024-12-17,80,15738.887476045842
Weekly Temperature,Treated,2024-12-17,80,34744.226101074935
Weekly Temperature,Treated,2024-12-17,80,19742.134293828363
Weekly Temperature,Treated,2024-12-17,80,4703.5787618983495
Weekly Temperature,Treated,2024-12-17,80,10470.436830761191
Weekly Temperature,Treated,2024-12-17,80,8545.106496829907
Weekly Temperature,Treated,2024-12-17,80,20524.710120814187
Weekly Temperature,Treated,2024-12-17,80,23812.95974313682
Weekly Temperature,Treated,2024-12-17,80,6824.911752179856
Weekly Temperature,Treated,2024-12-17,80,7786.961633876449
Weekly Temperature,Treated,2024-12-17,80,18843.599523246634
Weekly Temperature,Treated,2024-12-17,80,13255.588238516884
Weekly Temperature,Treated,2024-12-17,80,19380.46776918778
Weekly Temperature,Treated,2024-12-17,80,11664.947080141044
Weekly Temperature,Treated,2024-12-17,80,15444.00747051536
Weekly Temperature,Treated,2024-12-17,80,6655.901098436828
Weekly Temperature,Treated,2024-12-17,80,22181.02551863418
Weekly Temperature,Treated,2024-12-17,80,16475.884057881613
Weekly Temperature,Treated,2024-12-17,80,7439.7988857656765
Weekly Temperature,Treated,2024-12-17,80,13432.78929333993
Weekly Temperature,Treated,2024-12-17,80,11724.07854198919
Weekly Temperature,Treated,2024-12-17,80,11422.648631755681
Weekly Temperature,Treated,2024-12-17,80,16397.600713188287
Weekly Temperature,Treated,2024-12-17,80,15970.801380056546
Weekly Temperature,Treated,2024-12-17,80,13285.497122199644
Weekly Temperature,Treated,2024-12-17,80,7161.094934597341
Weekly Temperature,Treated,2024-12-17,80,14770.122689833323
Weekly Temperature,Treated,2024-12-17,80,13120.145247758801
Weekly Temperature,Treated,2024-12-17,80,10249.537577181018
Weekly Temperature,Treated,2024-12-17,80,31920.938240591535
Weekly Temperature,Treated,2024-12-17,80,11785.486298652706
Weekly Temperature,Control,2024-12-17,92,27035.018269867174
Weekly Temperature,Control,2024-12-17,92,6010.51993548178
Weekly Temperature,Control,2024-12-17,92,14883.16593531884
Weekly Temperature,Control,2024-12-17,92,7139.438454379855
Weekly Temperature,Control,2024-12-17,92,7621.2867397947775
Weekly Temperature,Control,2024-12-17,92,11162.48412516831
Weekly Temperature,Control,2024-12-17,92,10427.345822186064
Weekly Temperature,Control,2024-12-17,92,12612.532115219105
Weekly Temperature,Control,2024-12-17,92,5352.325834973967
Weekly Temperature,Control,2024-12-17,92,20794.994171489405
Weekly Temperature,Control,2024-12-17,92,14514.757246976453
Weekly Temperature,Control,2024-12-17,92,15421.370796141078
Weekly Temperature,Control,2024-12-17,92,9658.286062924062
Weekly Temperature,Control,2024-12-17,92,25226.571503343817
Weekly Temperature,Control,2024-12-17,92,19458.394630949453
Weekly Temperature,Control,2024-12-17,92,28860.707303051255
Weekly Temperature,Control,2024-12-17,92,31428.438633573314
Weekly Temperature,Control,2024-12-17,92,18519.66416533269
Weekly Temperature,Control,2024-12-17,92,9206.576774864261
Weekly Temperature,Control,2024-12-17,92,18660.736222490996
Weekly Temperature,Control,2024-12-17,92,42446.15639514687
Weekly Temperature,Control,2024-12-17,92,16844.68003084965
Weekly Temperature,Control,2024-12-17,92,53034.01294264524
Weekly Temperature,Control,2024-12-17,92,15341.92366768312
Weekly Temperature,Control,2024-12-17,92,28632.3059016241
Weekly Temperature,Control,2024-12-17,92,30870.381682672847
Weekly Temperature,Control,2024-12-17,92,37243.12132906266
Weekly Temperature,Control,2024-12-17,92,12831.977040860273
Weekly Temperature,Control,2024-12-17,92,11517.764871626314
Weekly Temperature,Control,2024-12-17,92,6350.850524266816
Weekly Temperature,Control,2024-12-17,92,10584.107565241313
Weekly Temperature,Control,2024-12-17,92,24977.090212802184
Weekly Temperature,Control,2024-12-17,92,22970.499514276336
Weekly Temperature,Control,2024-12-17,92,24669.421471679798
Weekly Temperature,Control,2024-12-17,92,46343.295407765734
Weekly Temperature,Control,2024-12-17,92,55401.306762466666
Weekly Temperature,Control,2024-12-17,92,24704.263126882925
Weekly Temperature,Control,2024-12-17,92,23509.478555046786
Weekly Temperature,Control,2024-12-17,92,11195.334010102444
Weekly Temperature,Control,2024-12-17,92,20136.669565815097
Weekly Temperature,Control,2024-12-17,92,53451.80630943174
Weekly Temperature,Control,2024-12-17,92,16344.985532963232
Weekly Temperature,Control,2024-12-17,92,20366.73960291974
Weekly Temperature,Control,2024-12-17,92,27466.824367615205
Weekly Temperature,Control,2024-12-17,92,40746.97085175546
Weekly Temperature,Control,2024-12-17,92,42023.06848270629
Weekly Temperature,Control,2024-12-17,92,11047.428707896159
Weekly Temperature,Control,2024-12-17,92,29579.2555168134
Weekly Temperature,Control,2024-12-17,92,12834.16407921853
Weekly Temperature,Control,2024-12-17,92,15325.237674494327
Weekly Temperature,Control,2024-12-17,92,40302.03512635655
Weekly Temperature,Control,2024-12-17,92,13485.691909157867
Weekly Temperature,Control,2024-12-17,92,23678.872378262084
Weekly Temperature,Control,2024-12-17,92,32113.42215832265
Weekly Temperature,Control,2024-12-17,92,52953.377323750996
Weekly Temperature,Control,2024-12-17,92,34148.53624337972
Weekly Temperature,Control,2024-12-17,92,17568.717136441246
Weekly Temperature,Control,2024-12-17,92,24260.196559274296
Weekly Temperature,Control,2024-12-17,92,18542.797892238814
Weekly Temperature,Control,2024-12-17,92,16519.988179795004
Weekly Temperature,Control,2024-12-17,92,38371.96468056082
Weekly Temperature,Control,2024-12-17,92,18736.43949734886
Weekly Temperature,Control,2024-12-17,92,24798.163529297904
Weekly Temperature,Control,2024-12-17,92,28115.882038060463
Weekly Temperature,Control,2024-12-17,92,21729.87467423153
Weekly Temperature,Control,2024-12-17,92,13346.218934677134
Weekly Temperature,Control,2024-12-17,92,21843.36170429989
Weekly Temperature,Control,2024-12-17,92,21031.867071887835
Weekly Temperature,Control,2024-12-17,92,33551.68316043103
Weekly Temperature,Control,2024-12-17,92,21169.217040108644
Weekly Temperature,Control,2024-12-17,92,37801.74575378987
Weekly Temperature,Control,2024-12-17,92,14024.997353909725
Weekly Temperature,Control,2024-12-17,92,25420.16352299071
Weekly Temperature,Control,2024-12-17,92,15975.104518497585
Weekly Temperature,Control,2024-12-17,92,15254.476018052837
Weekly Temperature,Control,2024-12-17,92,10603.668521824155
Weekly Temperature,Control,2024-12-17,92,28220.983174921603
Weekly Temperature,Control,2024-12-17,92,50339.7714719186
Weekly Temperature,Control,2024-12-17,92,34976.56940375226
Weekly Temperature,Control,2024-12-17,92,19133.29918855488
Weekly Temperature,Control,2024-12-17,92,8709.627042920876
Weekly Temperature,Control,2024-12-17,92,18611.36456764242
Weekly Temperature,Control,2024-12-17,92,14990.30323601611
Weekly Temperature,Control,2024-12-17,92,16681.287288641986
Weekly Temperature,Control,2024-12-17,92,36381.56357598027
Weekly Temperature,Control,2024-12-17,92,44215.44562459032
Weekly Temperature,Control,2024-12-17,92,46871.271569600605
Weekly Temperature,Control,2024-12-17,92,34258.35938636891
Weekly Temperature,Control,2024-12-17,92,42092.14028928672
Weekly Temperature,Control,2024-12-17,92,24204.53238135143
Weekly Temperature,Control,2024-12-17,92,44648.09046053621
Weekly Temperature,Control,2024-12-17,92,17444.124746360536
Weekly Temperature,Control,2024-12-17,92,23091.216940392187
Weekly Temperature,Control,2024-12-17,92,29485.412960623617
Weekly Temperature,Control,2024-12-17,92,55511.98563006215
Weekly Temperature,Control,2024-12-17,92,22624.73665704025
Weekly Temperature,Control,2024-12-17,92,83929.71356783094
Weekly Temperature,Control,2024-12-17,92,30047.751676844266
Weekly Temperature,Control,2024-12-17,92,47172.81195835159
Weekly Temperature,Treated,2024-12-17,93,28252.972801913747
Weekly Temperature,Treated,2024-12-17,93,17967.275893736867
Weekly Temperature,Treated,2024-12-17,93,13572.184917395893
Weekly Temperature,Treated,2024-12-17,93,14818.838079415353
Weekly Temperature,Treated,2024-12-17,93,15325.237674494327
Weekly Temperature,Treated,2024-12-17,93,21097.794566985907
Weekly Temperature,Treated,2024-12-17,93,17967.275893736867
Weekly Temperature,Treated,2024-12-17,93,16565.06699078978
Weekly Temperature,Treated,2024-12-17,93,25464.43306802198
Weekly Temperature,Treated,2024-12-17,93,18555.33788356002
Weekly Temperature,Treated,2024-12-17,93,20523.667779749136
Weekly Temperature,Treated,2024-12-17,93,18535.08419619594
Weekly Temperature,Treated,2024-12-17,93,24881.458565403063
Weekly Temperature,Treated,2024-12-17,93,16496.16079801095
Weekly Temperature,Treated,2024-12-17,93,24802.98634494101
Weekly Temperature,Treated,2024-12-17,93,18902.24771786073
Weekly Temperature,Treated,2024-12-17,93,16560.643360555314
Weekly Temperature,Treated,2024-12-17,93,10457.308063268265
Weekly Temperature,Treated,2024-12-17,93,13186.991076071808
Weekly Temperature,Treated,2024-12-17,93,22997.78911885635
Weekly Temperature,Treated,2024-12-17,93,16056.167885184757
Weekly Temperature,Treated,2024-12-17,93,14355.375972677455
Weekly Temperature,Treated,2024-12-17,93,21844.455131925468
Weekly Temperature,Treated,2024-12-17,93,20104.845183704405
Weekly Temperature,Treated,2024-12-17,93,8277.460119019272
Weekly Temperature,Treated,2024-12-17,93,25545.748469998984
Weekly Temperature,Treated,2024-12-17,93,9614.203934780142
Weekly Temperature,Treated,2024-12-17,93,15101.323698364784
Weekly Temperature,Treated,2024-12-17,93,16035.441160812843
Weekly Temperature,Treated,2024-12-17,93,20855.07463976116
Weekly Temperature,Treated,2024-12-17,93,16956.986391893177
Weekly Temperature,Treated,2024-12-17,93,52679.50416804972
Weekly Temperature,Treated,2024-12-17,93,42371.145020057054
Weekly Temperature,Treated,2024-12-17,93,32811.44920424667
Weekly Temperature,Treated,2024-12-17,93,16239.26943337474
Weekly Temperature,Treated,2024-12-17,93,33249.50786478629
Weekly Temperature,Treated,2024-12-17,93,11437.346111755656
Weekly Temperature,Treated,2024-12-17,93,11160.515439489083
Weekly Temperature,Treated,2024-12-17,93,17563.165316155017
Weekly Temperature,Treated,2024-12-17,93,9236.151619363001
Weekly Temperature,Treated,2024-12-17,93,14174.518150471506
Weekly Temperature,Treated,2024-12-17,93,15968.219920453164
Weekly Temperature,Treated,2024-12-17,93,8820.794097811644
Weekly Temperature,Treated,2024-12-17,93,19251.120940084184
Weekly Temperature,Treated,2024-12-17,93,10164.243101179522
Weekly Temperature,Treated,2024-12-17,93,21231.195232665905
Weekly Temperature,Treated,2024-12-17,93,24139.51852750736
Weekly Temperature,Treated,2024-12-17,93,11535.917587156327
Weekly Temperature,Treated,2024-12-17,93,8847.233756008432
Weekly Temperature,Treated,2024-12-17,93,29007.405556629346
Weekly Temperature,Treated,2024-12-17,93,28102.59973677725
Weekly Temperature,Treated,2024-12-17,93,15346.097322623784
Weekly Temperature,Treated,2024-12-17,93,11484.205514265703
Weekly Temperature,Treated,2024-12-17,93,28695.68473734629
Weekly Temperature,Treated,2024-12-17,93,17757.3446229073
Weekly Temperature,Treated,2024-12-17,93,6462.426405670433
Weekly Temperature,Treated,2024-12-17,93,24935.897591837896
Weekly Temperature,Treated,2024-12-17,93,27926.406639236873
Weekly Temperature,Treated,2024-12-17,93,14318.114785678672
Weekly Temperature,Treated,2024-12-17,93,16536.771308309133
Weekly Temperature,Treated,2024-12-17,93,15820.746376301842
Weekly Temperature,Treated,2024-12-17,93,21348.048397857423
Weekly Temperature,Treated,2024-12-17,93,9880.370205200581
Weekly Temperature,Treated,2024-12-17,93,11764.307453195375
Weekly Temperature,Treated,2024-12-17,93,18145.875513113817
Weekly Temperature,Treated,2024-12-17,93,3585.8882133652455
Weekly Temperature,Treated,2024-12-17,93,30318.63918534221
Weekly Temperature,Treated,2024-12-17,93,7747.917706012371
Weekly Temperature,Treated,2024-12-17,93,12508.525563133533
Weekly Temperature,Treated,2024-12-17,93,14237.502394889343
Weekly Temperature,Treated,2024-12-17,93,6676.465125871483
Weekly Temperature,Treated,2024-12-17,93,19602.889840631495
Weekly Temperature,Treated,2024-12-17,93,6808.096785322963
Weekly Temperature,Treated,2024-12-17,93,19628.059306942567
Weekly Temperature,Treated,2024-12-17,93,31979.616611948684
Weekly Temperature,Treated,2024-12-17,93,11544.665460106085
Weekly Temperature,Treated,2024-12-17,93,10303.195593190472
Weekly Temperature,Treated,2024-12-17,93,7524.024787396573
Weekly Temperature,Treated,2024-12-17,93,16768.636238366482
Weekly Temperature,Treated,2024-12-17,93,16589.85596093677
Weekly Temperature,Treated,2024-12-17,93,17370.611136012885
Weekly Temperature,Treated,2024-12-17,93,20949.150789421063
Weekly Temperature,Treated,2024-12-17,93,56241.36394706251
Weekly Temperature,Treated,2024-12-17,93,8929.12809269992
Weekly Temperature,Treated,2024-12-17,93,37604.82239641325
Weekly Temperature,Treated,2024-12-17,93,18422.55147554547
Weekly Temperature,Treated,2024-12-17,93,9233.874116282224
Daily Temperature,Treated,2024-12-17,95,19291.84336108279
Daily Temperature,Treated,2024-12-17,95,23647.47548900182
Daily Temperature,Treated,2024-12-17,95,23642.82682693452
Daily Temperature,Treated,2024-12-17,95,19820.157304825523
Daily Temperature,Treated,2024-12-17,95,9249.25540332283
Daily Temperature,Treated,2024-12-17,95,10347.761257392242
Daily Temperature,Treated,2024-12-17,95,23183.791984713807
Daily Temperature,Treated,2024-12-17,95,7373.596817742301
Daily Temperature,Treated,2024-12-17,95,42684.68508763476
Daily Temperature,Treated,2024-12-17,95,25000.132475742663
Daily Temperature,Treated,2024-12-17,95,11022.704665539164
Daily Temperature,Treated,2024-12-17,95,18849.458069391847
Daily Temperature,Treated,2024-12-17,95,15338.585364943534
Daily Temperature,Treated,2024-12-17,95,23422.824903199635
Daily Temperature,Treated,2024-12-17,95,18969.865689174538
Daily Temperature,Treated,2024-12-17,95,15425.560868706205
Daily Temperature,Treated,2024-12-17,95,13910.737510744657
Daily Temperature,Treated,2024-12-17,95,27115.01399528345
Daily Temperature,Treated,2024-12-17,95,24914.110965246808
Daily Temperature,Treated,2024-12-17,95,27122.76522137964
Daily Temperature,Treated,2024-12-17,95,28029.633891135243
Daily Temperature,Treated,2024-12-17,95,33566.924025635904
Daily Temperature,Treated,2024-12-17,95,20256.097135134638
Daily Temperature,Treated,2024-12-17,95,35257.610512153384
Daily Temperature,Treated,2024-12-17,95,43784.21774050752
Daily Temperature,Treated,2024-12-17,95,17040.912032333395
Daily Temperature,Treated,2024-12-17,95,7605.01207639496
Daily Temperature,Treated,2024-12-17,95,15966.499123808871
Daily Temperature,Treated,2024-12-17,95,15306.899016384512
Daily Temperature,Treated,2024-12-17,95,14352.201948130521
Daily Temperature,Treated,2024-12-17,95,28811.935853265335
Daily Temperature,Treated,2024-12-17,95,21304.03665819107
Daily Temperature,Treated,2024-12-17,95,21604.91227588158
Daily Temperature,Treated,2024-12-17,95,12836.351399185955
Daily Temperature,Treated,2024-12-17,95,8770.282763625244
Daily Temperature,Treated,2024-12-17,95,26975.784643441613
Daily Temperature,Treated,2024-12-17,95,19748.20554049697
Daily Temperature,Treated,2024-12-17,95,26788.446765276814
Daily Temperature,Treated,2024-12-17,95,19845.54018964889
Daily Temperature,Treated,2024-12-17,95,23666.077178958138
Daily Temperature,Treated,2024-12-17,95,27672.250027042966
Daily Temperature,Treated,2024-12-17,95,20178.81917699379
Daily Temperature,Treated,2024-12-17,95,17973.866646037968
Daily Temperature,Treated,2024-12-17,95,31656.463466258294
Daily Temperature,Treated,2024-12-17,95,9894.75087851793
Daily Temperature,Treated,2024-12-17,95,25645.818496833053
Weekly Temperature,Treated,2024-12-17,96,16081.23987741438
Weekly Temperature,Treated,2024-12-17,96,21574.570406215124
Weekly Temperature,Treated,2024-12-17,96,15614.165885077282
Weekly Temperature,Treated,2024-12-17,96,32039.848892159567
Weekly Temperature,Treated,2024-12-17,96,20546.60866517481
Weekly Temperature,Treated,2024-12-17,96,20550.781847721028
Weekly Temperature,Treated,2024-12-17,96,13534.956808570216
Weekly Temperature,Treated,2024-12-17,96,25860.561926712413
Weekly Temperature,Treated,2024-12-17,96,20057.692977734463
Weekly Temperature,Treated,2024-12-17,96,33410.20082854183
Weekly Temperature,Treated,2024-12-17,96,20242.68605939438
Weekly Temperature,Treated,2024-12-17,96,21462.15853083601
Weekly Temperature,Treated,2024-12-17,96,11310.21858947119
Weekly Temperature,Treated,2024-12-17,96,17191.501781911356
Weekly Temperature,Treated,2024-12-17,96,21899.180170577227
Weekly Temperature,Treated,2024-12-17,96,18048.376110081696
Weekly Temperature,Treated,2024-12-17,96,33317.65296060565
Weekly Temperature,Treated,2024-12-17,96,6434.5071140446435
Weekly Temperature,Treated,2024-12-17,96,39276.89473998069
Weekly Temperature,Treated,2024-12-17,96,7644.510356672345
Weekly Temperature,Treated,2024-12-17,96,9080.547128174401
Weekly Temperature,Treated,2024-12-17,96,7154.96970800367
Weekly Temperature,Treated,2024-12-17,96,36040.35975032515
Weekly Temperature,Treated,2024-12-17,96,25229.014901438648
Weekly Temperature,Treated,2024-12-17,96,36795.63731927858
Weekly Temperature,Treated,2024-12-17,96,55613.7829560831
Weekly Temperature,Treated,2024-12-17,96,27143.443536387545
Weekly Temperature,Treated,2024-12-17,96,27613.248932816223
Weekly Temperature,Treated,2024-12-17,96,22308.53969646459
Weekly Temperature,Treated,2024-12-17,96,25432.454654197805
Weekly Temperature,Treated,2024-12-17,96,29242.228350838202
Weekly Temperature,Treated,2024-12-17,96,59606.92291031531
Weekly Temperature,Treated,2024-12-17,96,25473.047942427856
Weekly Temperature,Treated,2024-12-17,96,21557.24689942926
Weekly Temperature,Treated,2024-12-17,96,24184.422795848663
Weekly Temperature,Treated,2024-12-17,96,15614.165885077282
Weekly Temperature,Treated,2024-12-17,96,25957.83565766313
Weekly Temperature,Treated,2024-12-17,96,35632.93612034581
Weekly Temperature,Treated,2024-12-17,96,18247.587006435147
Weekly Temperature,Treated,2024-12-17,96,19411.41003023363
Weekly Temperature,Treated,2024-12-17,96,33898.97982194376
Weekly Temperature,Treated,2024-12-17,96,35610.58455545546
Weekly Temperature,Treated,2024-12-17,96,26311.878123200248
Weekly Temperature,Treated,2024-12-17,96,16622.656157362297
Weekly Temperature,Treated,2024-12-17,96,13606.442225441651
Weekly Temperature,Treated,2024-12-17,96,32072.20497344963
Weekly Temperature,Treated,2024-12-17,96,9999.479945574793
Weekly Temperature,Treated,2024-12-17,96,23700.985729091062
Weekly Temperature,Treated,2024-12-17,96,7185.162121218136
Weekly Temperature,Treated,2024-12-17,96,16978.614379201896
Weekly Temperature,Treated,2024-12-17,96,16471.478584555938
Weekly Temperature,Treated,2024-12-17,96,13984.497939284154
Weekly Temperature,Treated,2024-12-17,96,27768.170370916378
Weekly Temperature,Treated,2024-12-17,96,13578.270328325998
Weekly Temperature,Treated,2024-12-17,96,11236.828303109598
Weekly Temperature,Treated,2024-12-17,96,24461.166661319447
Weekly Temperature,Treated,2024-12-17,96,25732.542355793117
Weekly Temperature,Treated,2024-12-17,96,9355.161040889083
Weekly Temperature,Treated,2024-12-17,96,18157.260787447485
Weekly Temperature,Treated,2024-12-17,96,16339.73109609176
Weekly Temperature,Treated,2024-12-17,96,13233.9361640816
Weekly Temperature,Treated,2024-12-17,96,19355.541855028267
Weekly Temperature,Treated,2024-12-17,96,33507.51509709704
Weekly Temperature,Treated,2024-12-17,96,13955.735052312837
Weekly Temperature,Treated,2024-12-17,96,10854.011165860236
Weekly Temperature,Treated,2024-12-17,96,23884.321389651803
Weekly Temperature,Treated,2024-12-17,96,32039.848892159567
Weekly Temperature,Treated,2024-12-17,96,10754.113342993507
Weekly Temperature,Treated,2024-12-17,96,33606.57548613061
Weekly Temperature,Treated,2024-12-17,96,58192.8697687249
Weekly Temperature,Treated,2024-12-17,96,20037.218479958636
Weekly Temperature,Treated,2024-12-17,96,8894.19888193132
Weekly Temperature,Treated,2024-12-17,96,42217.78732087795
Weekly Temperature,Treated,2024-12-17,96,12828.332602656774
Weekly Temperature,Treated,2024-12-17,96,15915.799077561962
Weekly Temperature,Treated,2024-12-17,96,50597.72761904816
Weekly Temperature,Treated,2024-12-17,96,10013.990204289297
Weekly Temperature,Treated,2024-12-17,96,11620.915192387927
Weekly Temperature,Treated,2024-12-17,96,19381.465316732163
Weekly Temperature,Treated,2024-12-17,96,11740.43032248359
Weekly Temperature,Treated,2024-12-17,96,27333.996787306158
Weekly Temperature,Treated,2024-12-17,96,12004.402969113085
Weekly Temperature,Treated,2024-12-17,96,18864.110531506827
Weekly Temperature,Treated,2024-12-17,96,12433.615613098553
Weekly Temperature,Treated,2024-12-17,96,6876.455360477229
Weekly Temperature,Treated,2024-12-17,96,23558.112328407995
Weekly Temperature,Treated,2024-12-17,96,9918.152884715944
Weekly Temperature,Treated,2024-12-17,96,9931.37228262609
Weekly Temperature,Treated,2024-12-17,96,12721.535091652464
Weekly Temperature,Treated,2024-12-17,96,15227.900771598303
Daily Temperature,Control,2025-05-13,36,30561.64513187178
Daily Temperature,Control,2025-05-13,36,23877.294913542893
Daily Temperature,Control,2025-05-13,36,27933.014929315665
Daily Temperature,Control,2025-05-13,36,20902.600615205425
Daily Temperature,Control,2025-05-13,36,41278.07291136116
Daily Temperature,Control,2025-05-13,36,20440.411957891036
Daily Temperature,Control,2025-05-13,36,55146.73077758548
Daily Temperature,Control,2025-05-13,36,7025.838123570307
Daily Temperature,Control,2025-05-13,36,14690.008178920401
Daily Temperature,Control,2025-05-13,36,15909.791957944732
Daily Temperature,Control,2025-05-13,36,48836.14205047563
Daily Temperature,Control,2025-05-13,36,25284.03966788989
Daily Temperature,Control,2025-05-13,36,39351.03812834673
Daily Temperature,Control,2025-05-13,36,31695.807081925523
Daily Temperature,Control,2025-05-13,36,16548.261984213314
Daily Temperature,Control,2025-05-13,36,31739.566750512968
Daily Temperature,Control,2025-05-13,36,46984.17135154644
Daily Temperature,Control,2025-05-13,36,27882.822269903274
Daily Temperature,Control,2025-05-13,36,13611.014807244517
Daily Temperature,Control,2025-05-13,36,19988.145045431775
Daily Temperature,Control,2025-05-13,36,28676.794582058497
Daily Temperature,Control,2025-05-13,36,114058.86895496707
Daily Temperature,Control,2025-05-13,36,42854.12329720805
Daily Temperature,Control,2025-05-13,36,14183.165934421733
Daily Temperature,Control,2025-05-13,36,24903.22316087846
Daily Temperature,Control,2025-05-13,36,36775.99244543516
Daily Temperature,Control,2025-05-13,36,15073.304348080494
Daily Temperature,Control,2025-05-13,36,18859.22540958002
Daily Temperature,Control,2025-05-13,36,33499.904488270804
Daily Temperature,Control,2025-05-13,36,21458.922571146955
Daily Temperature,Control,2025-05-13,36,51573.80470059681
Daily Temperature,Control,2025-05-13,36,38235.111189335745
Daily Temperature,Control,2025-05-13,36,27564.809889072723
Daily Temperature,Control,2025-05-13,36,41358.74122572827
Daily Temperature,Control,2025-05-13,36,15982.852391239574
Daily Temperature,Control,2025-05-13,36,33319.168529038456
Daily Temperature,Control,2025-05-13,36,9276.647145790153
Daily Temperature,Control,2025-05-13,36,25784.68526933687
Daily Temperature,Control,2025-05-13,36,15523.013753313156
Daily Temperature,Control,2025-05-13,36,42587.3123906244
Daily Temperature,Control,2025-05-13,36,26260.17343893392
Daily Temperature,Control,2025-05-13,36,40397.057089604576
Daily Temperature,Control,2025-05-13,36,29577.8738037565
Daily Temperature,Control,2025-05-13,36,48436.867674921996
Daily Temperature,Control,2025-05-13,36,82707.38652675407
Daily Temperature,Control,2025-05-13,36,68482.35424625581
Daily Temperature,Control,2025-05-13,36,20122.292485828068
Daily Temperature,Control,2025-05-13,36,35436.935103504366
Daily Temperature,Control,2025-05-13,36,59585.40608865145
Daily Temperature,Control,2025-05-13,36,24339.718182519027
Weekly Temperature,Control,2025-05-13,41,45201.248822186135
Weekly Temperature,Control,2025-05-13,41,10495.478208444567
Weekly Temperature,Control,2025-05-13,41,37668.15077322385
Weekly Temperature,Control,2025-05-13,41,10783.498301963302
Weekly Temperature,Control,2025-05-13,41,23494.440928090655
Weekly Temperature,Control,2025-05-13,41,19848.587808898108
Weekly Temperature,Control,2025-05-13,41,22393.11879280412
Weekly Temperature,Control,2025-05-13,41,12609.654242030234
Weekly Temperature,Control,2025-05-13,41,16129.73908806176
Weekly Temperature,Control,2025-05-13,41,9278.93252231633
Weekly Temperature,Control,2025-05-13,41,10524.95920890525
Weekly Temperature,Control,2025-05-13,41,5053.811380194358
Weekly Temperature,Control,2025-05-13,41,34165.53312993424
Weekly Temperature,Control,2025-05-13,41,12767.222878176668
Weekly Temperature,Control,2025-05-13,41,45291.71455146881
Weekly Temperature,Control,2025-05-13,41,36495.31375764283
Weekly Temperature,Control,2025-05-13,41,15519.645537444187
Weekly Temperature,Control,2025-05-13,41,10297.017318054905
Weekly Temperature,Control,2025-05-13,41,3715.9552842803537
Weekly Temperature,Control,2025-05-13,41,19072.132197707684
Weekly Temperature,Control,2025-05-13,41,8279.559416181359
Weekly Temperature,Control,2025-05-13,41,3771.456983599842
Weekly Temperature,Control,2025-05-13,41,18249.492294510153
Weekly Temperature,Control,2025-05-13,41,53077.64000094302
Weekly Temperature,Control,2025-05-13,41,9825.389174068674
Weekly Temperature,Control,2025-05-13,41,19178.778091076467
Weekly Temperature,Control,2025-05-13,41,21684.172035494947
Weekly Temperature,Control,2025-05-13,41,9284.076156889445
Weekly Temperature,Control,2025-05-13,41,25428.76683320566
Weekly Temperature,Control,2025-05-13,41,11203.886873847625
Weekly Temperature,Control,2025-05-13,41,11801.218185568441
Weekly Temperature,Control,2025-05-13,41,14536.376115306586
Weekly Temperature,Control,2025-05-13,41,16284.637141237248
Weekly Temperature,Control,2025-05-13,41,14995.224274075523
Weekly Temperature,Control,2025-05-13,41,31253.5718668593
Weekly Temperature,Control,2025-05-13,41,22883.113589936653
Weekly Temperature,Control,2025-05-13,41,10904.220638967345
Weekly Temperature,Control,2025-05-13,41,5793.084969883622
Weekly Temperature,Control,2025-05-13,41,39098.02240727505
Weekly Temperature,Control,2025-05-13,41,2876.6909624532996
Weekly Temperature,Control,2025-05-13,41,14482.77414078317
Weekly Temperature,Control,2025-05-13,41,16795.445278385483
Weekly Temperature,Control,2025-05-13,41,17512.336010507406
Weekly Temperature,Control,2025-05-13,41,11564.197939878699
Weekly Temperature,Control,2025-05-13,41,26010.330750482593
Weekly Temperature,Control,2025-05-13,41,9558.582768477216
Weekly Temperature,Control,2025-05-13,41,27558.269118803433
Weekly Temperature,Control,2025-05-13,41,33051.74693855275
Weekly Temperature,Control,2025-05-13,41,23128.898279535973
Weekly Temperature,Control,2025-05-13,41,49472.92320585719
Weekly Temperature,Control,2025-05-13,41,10161.796485005578
Weekly Temperature,Control,2025-05-13,41,15951.018303841749
Weekly Temperature,Control,2025-05-13,41,18485.004960925704
Weekly Temperature,Control,2025-05-13,41,9402.968681205537
Weekly Temperature,Control,2025-05-13,41,5997.688140992457
Weekly Temperature,Control,2025-05-13,41,13986.053968456654
Weekly Temperature,Control,2025-05-13,41,4931.563634151188
Weekly Temperature,Control,2025-05-13,41,25399.27912466087
Weekly Temperature,Control,2025-05-13,41,21024.433593040212
Weekly Temperature,Control,2025-05-13,41,11690.067427715549
Weekly Temperature,Control,2025-05-13,41,5454.630817556231
Weekly Temperature,Control,2025-05-13,41,10377.551892893474
Weekly Temperature,Control,2025-05-13,41,8638.44508997827
Weekly Temperature,Control,2025-05-13,41,28951.646679511337
Weekly Temperature,Control,2025-05-13,41,43842.39986761327
Weekly Temperature,Control,2025-05-13,41,34802.19888783208
Weekly Temperature,Control,2025-05-13,41,50139.15935945764
Weekly Temperature,Control,2025-05-13,41,32374.927218399993
Weekly Temperature,Control,2025-05-13,41,26628.855430214553
Weekly Temperature,Control,2025-05-13,41,31673.944831118217
Weekly Temperature,Control,2025-05-13,41,25548.215698702694
Weekly Temperature,Control,2025-05-13,41,36723.64610812109
Weekly Temperature,Control,2025-05-13,41,7152.143987353128
Weekly Temperature,Control,2025-05-13,41,40073.995241838034
Weekly Temperature,Control,2025-05-13,41,11046.126404414084
Weekly Temperature,Control,2025-05-13,41,8276.410618884358
Weekly Temperature,Control,2025-05-13,41,5526.349786418193
Weekly Temperature,Control,2025-05-13,41,43606.29438192613
Weekly Temperature,Control,2025-05-13,41,33247.994761781294
Weekly Temperature,Control,2025-05-13,41,27558.269118803433
Weekly Temperature,Control,2025-05-13,41,23411.289695152933
Weekly Temperature,Control,2025-05-13,41,22202.054332123334
Weekly Temperature,Control,2025-05-13,41,15730.3790746984
Weekly Temperature,Control,2025-05-13,41,32647.034165946585
Weekly Temperature,Control,2025-05-13,41,25252.236294821516
Weekly Temperature,Control,2025-05-13,41,21742.94615552929
Weekly Temperature,Control,2025-05-13,41,44928.78734964197
Weekly Temperature,Control,2025-05-13,41,18694.67664651268
Weekly Temperature,Control,2025-05-13,41,15667.525591434307
Weekly Temperature,Control,2025-05-13,41,25545.748469998984
Weekly Temperature,Control,2025-05-13,42,48424.685580351936
Weekly Temperature,Control,2025-05-13,42,39960.35425843537
Weekly Temperature,Control,2025-05-13,42,18105.12307090881
Weekly Temperature,Control,2025-05-13,42,22640.467897045757
Weekly Temperature,Control,2025-05-13,42,26344.707198117165
Weekly Temperature,Control,2025-05-13,42,45993.26248508175
Weekly Temperature,Control,2025-05-13,42,5773.352580147201
Weekly Temperature,Control,2025-05-13,42,29057.795944741607
Weekly Temperature,Control,2025-05-13,42,13335.708829338946
Weekly Temperature,Control,2025-05-13,42,27177.071802852213
Weekly Temperature,Control,2025-05-13,42,30631.1494134954
Weekly Temperature,Control,2025-05-13,42,27028.574964349067
Weekly Temperature,Control,2025-05-13,42,45016.90809535092
Weekly Temperature,Control,2025-05-13,42,20643.80346836534
Weekly Temperature,Control,2025-05-13,42,38560.12556795563
Weekly Temperature,Control,2025-05-13,42,7453.3832179258325
Weekly Temperature,Control,2025-05-13,42,21988.05829004917
Weekly Temperature,Control,2025-05-13,42,34332.76165883753
Weekly Temperature,Control,2025-05-13,42,12995.316155110953
Weekly Temperature,Control,2025-05-13,42,19709.77845918122
Weekly Temperature,Control,2025-05-13,42,18191.44936616516
Weekly Temperature,Control,2025-05-13,42,5723.237991772611
Weekly Temperature,Control,2025-05-13,42,16401.112972763403
Weekly Temperature,Control,2025-05-13,42,38873.618481781516
Weekly Temperature,Control,2025-05-13,42,9246.405574462256
Weekly Temperature,Control,2025-05-13,42,14781.478723834212
Weekly Temperature,Control,2025-05-13,42,15809.64239910162
Weekly Temperature,Control,2025-05-13,42,15133.512243703379
Weekly Temperature,Control,2025-05-13,42,7323.154004654155
Weekly Temperature,Control,2025-05-13,42,18276.182296022056
Weekly Temperature,Control,2025-05-13,42,16768.636238366482
Weekly Temperature,Control,2025-05-13,42,36222.777985000634
Weekly Temperature,Control,2025-05-13,42,13721.10622403031
Weekly Temperature,Control,2025-05-13,42,24990.428472018113
Weekly Temperature,Control,2025-05-13,42,33223.79239728074
Weekly Temperature,Control,2025-05-13,42,10418.618977043456
Weekly Temperature,Control,2025-05-13,42,23499.067100931406
Weekly Temperature,Control,2025-05-13,42,20134.615215257174
Weekly Temperature,Control,2025-05-13,42,17705.155767754877
Weekly Temperature,Control,2025-05-13,42,44070.077874944276
Weekly Temperature,Control,2025-05-13,42,14609.419684766177
Weekly Temperature,Control,2025-05-13,42,12258.029627328415
Weekly Temperature,Control,2025-05-13,42,14257.22841567814
Weekly Temperature,Control,2025-05-13,42,7703.047666055418
Weekly Temperature,Control,2025-05-13,42,6614.0242089219
Weekly Temperature,Control,2025-05-13,42,10190.572112676962
Weekly Temperature,Control,2025-05-13,42,41637.543387260186
Weekly Temperature,Control,2025-05-13,42,16596.057617563332
Weekly Temperature,Control,2025-05-13,42,23150.615058998985
Weekly Temperature,Control,2025-05-13,42,15895.21042159664
Weekly Temperature,Control,2025-05-13,42,21708.102291670322
Weekly Temperature,Control,2025-05-13,42,34908.93991229597
Weekly Temperature,Control,2025-05-13,42,4328.779634053392
Weekly Temperature,Control,2025-05-13,42,33490.77353303688
Weekly Temperature,Control,2025-05-13,42,33044.21698047153
Weekly Temperature,Control,2025-05-13,42,14071.056176321692
Weekly Temperature,Control,2025-05-13,42,66207.2475067682
Weekly Temperature,Control,2025-05-13,42,39523.8875632168
Weekly Temperature,Control,2025-05-13,42,34644.12642906057
Weekly Temperature,Control,2025-05-13,42,39852.1931422451
Weekly Temperature,Control,2025-05-13,42,46752.6598671922
Weekly Temperature,Control,2025-05-13,42,6458.058147634851
Weekly Temperature,Control,2025-05-13,42,17394.477075114606
Weekly Temperature,Control,2025-05-13,42,38078.453403126034
Weekly Temperature,Control,2025-05-13,42,21585.40302765084
Weekly Temperature,Control,2025-05-13,42,27156.373673928094
Weekly Temperature,Control,2025-05-13,42,34008.17795164014
Weekly Temperature,Control,2025-05-13,42,5989.420244382624
Weekly Temperature,Control,2025-05-13,42,20432.100645991766
Weekly Temperature,Control,2025-05-13,42,44198.43521992929
Weekly Temperature,Control,2025-05-13,42,38889.003279418415
Weekly Temperature,Control,2025-05-13,42,28379.874064023228
Weekly Temperature,Control,2025-05-13,42,12659.367103216355
Weekly Temperature,Control,2025-05-13,42,31710.388427038426
Weekly Temperature,Control,2025-05-13,42,19327.653981027
Weekly Temperature,Control,2025-05-13,42,13497.806041182206
Weekly Temperature,Control,2025-05-13,42,5989.420244382624
Weekly Temperature,Control,2025-05-13,42,19764.402525336085
Weekly Temperature,Control,2025-05-13,42,7948.162646577794
Weekly Temperature,Control,2025-05-13,42,20413.40967110015
Weekly Temperature,Control,2025-05-13,42,13367.257943816767
Weekly Temperature,Control,2025-05-13,42,4924.040138427334
Weekly Temperature,Control,2025-05-13,42,23370.95091559274
Weekly Temperature,Control,2025-05-13,42,25068.141942685805
Weekly Temperature,Control,2025-05-13,42,28986.99632313211
Weekly Temperature,Control,2025-05-13,42,6999.849181511478
Weekly Temperature,Control,2025-05-13,42,12888.200235693937
Weekly Temperature,Control,2025-05-13,42,13886.732221751074
Weekly Temperature,Control,2025-05-13,42,16790.974837790025
Weekly Temperature,Control,2025-05-13,42,15983.713442487086
Weekly Temperature,Control,2025-05-13,42,4639.137960382153
Weekly Temperature,Control,2025-05-13,42,21944.13327874696
Weekly Temperature,Control,2025-05-13,42,26240.017313023
Weekly Temperature,Control,2025-05-13,42,8831.252742437402
Weekly Temperature,Control,2025-05-13,42,10976.621198763203
Weekly Temperature,Control,2025-05-13,42,11547.35811764654
Weekly Temperature,Control,2025-05-13,42,36243.81023545803
Weekly Temperature,Control,2025-05-13,43,19111.57761212399
Weekly Temperature,Control,2025-05-13,43,9069.307290795834
Weekly Temperature,Control,2025-05-13,43,33719.62915410258
Weekly Temperature,Control,2025-05-13,43,23427.440211819358
Weekly Temperature,Control,2025-05-13,43,33127.11994374336
Weekly Temperature,Control,2025-05-13,43,11679.87859819564
Weekly Temperature,Control,2025-05-13,43,24584.27946660774
Weekly Temperature,Control,2025-05-13,43,23421.671185464766
Weekly Temperature,Control,2025-05-13,43,21667.86757681875
Weekly Temperature,Control,2025-05-13,43,16295.120304459166
Weekly Temperature,Control,2025-05-13,43,11907.6503982382
Weekly Temperature,Control,2025-05-13,43,12686.085606944362
Weekly Temperature,Control,2025-05-13,43,9990.419033460084
Weekly Temperature,Control,2025-05-13,43,48950.694077270724
Weekly Temperature,Control,2025-05-13,43,18388.98956629543
Weekly Temperature,Control,2025-05-13,43,6696.178866363089
Weekly Temperature,Control,2025-05-13,43,19205.510740258163
Weekly Temperature,Control,2025-05-13,43,16072.590998984662
Weekly Temperature,Control,2025-05-13,43,14770.933615415976
Weekly Temperature,Control,2025-05-13,43,28211.658152213884
Weekly Temperature,Control,2025-05-13,43,27537.34672399845
Weekly Temperature,Control,2025-05-13,43,17142.403824236513
Weekly Temperature,Control,2025-05-13,43,38127.24980740649
Weekly Temperature,Control,2025-05-13,43,12293.984253803716
Weekly Temperature,Control,2025-05-13,43,15715.072769637005
Weekly Temperature,Control,2025-05-13,43,23598.69963868219
Weekly Temperature,Control,2025-05-13,43,18384.19882624577
Weekly Temperature,Control,2025-05-13,43,21050.990996239085
Weekly Temperature,Control,2025-05-13,43,18549.54938971717
Weekly Temperature,Control,2025-05-13,43,13789.485147675834
Weekly Temperature,Control,2025-05-13,43,15267.776849764614
Weekly Temperature,Control,2025-05-13,43,13679.743238529736
Weekly Temperature,Control,2025-05-13,43,14317.322792164734
Weekly Temperature,Control,2025-05-13,43,17333.94310836311
Weekly Temperature,Control,2025-05-13,43,16191.389153712067
Weekly Temperature,Control,2025-05-13,43,19252.11338619986
Weekly Temperature,Control,2025-05-13,43,3706.0335293618723
Weekly Temperature,Control,2025-05-13,43,12447.145588312536
Weekly Temperature,Control,2025-05-13,43,7643.0264327738005
Weekly Temperature,Control,2025-05-13,43,4299.178733851241
Weekly Temperature,Control,2025-05-13,43,12015.498013070654
Weekly Temperature,Control,2025-05-13,43,13916.162407821299
Weekly Temperature,Control,2025-05-13,43,27226.27876499084
Weekly Temperature,Control,2025-05-13,43,19900.452230614083
Weekly Temperature,Control,2025-05-13,43,13247.372231167239
Weekly Temperature,Control,2025-05-13,43,3676.9622166059253
Weekly Temperature,Control,2025-05-13,43,54522.12294173318
Weekly Temperature,Control,2025-05-13,43,29655.32684179261
Weekly Temperature,Control,2025-05-13,43,11222.325114015692
Weekly Temperature,Control,2025-05-13,43,10188.120748679474
Weekly Temperature,Control,2025-05-13,43,81120.04471887836
Weekly Temperature,Control,2025-05-13,43,24440.89286985244
Weekly Temperature,Control,2025-05-13,43,28222.315515826795
Weekly Temperature,Control,2025-05-13,43,9536.40180626795
Weekly Temperature,Control,2025-05-13,43,45232.02974155761
Weekly Temperature,Control,2025-05-13,43,31716.222423978666
Weekly Temperature,Control,2025-05-13,43,53158.42455527586
Weekly Temperature,Control,2025-05-13,43,9781.331727553536
Weekly Temperature,Control,2025-05-13,43,6785.875392624297
Weekly Temperature,Control,2025-05-13,43,16769.52934715444
Weekly Temperature,Control,2025-05-13,43,45001.57302127191
Weekly Temperature,Control,2025-05-13,43,4624.753266803451
Weekly Temperature,Control,2025-05-13,43,21026.55723830781
Weekly Temperature,Control,2025-05-13,43,31543.017199012742
Weekly Temperature,Control,2025-05-13,43,16186.17236063517
Weekly Temperature,Control,2025-05-13,43,45160.87379768265
Weekly Temperature,Control,2025-05-13,43,7916.639908007886
Weekly Temperature,Control,2025-05-13,43,22975.046049916353
Weekly Temperature,Control,2025-05-13,43,16201.826580285453
Weekly Temperature,Control,2025-05-13,43,12347.00316512923
Weekly Temperature,Control,2025-05-13,43,7839.751043043488
Weekly Temperature,Control,2025-05-13,43,10230.468766145137
Weekly Temperature,Control,2025-05-13,43,5937.114177634521
Weekly Temperature,Control,2025-05-13,43,19352.552395719205
Weekly Temperature,Control,2025-05-13,43,31483.511951177083
Weekly Temperature,Control,2025-05-13,43,19201.548549028754
Weekly Temperature,Control,2025-05-13,43,20857.18514262292
Weekly Temperature,Control,2025-05-13,43,26348.497204197192
Weekly Temperature,Control,2025-05-13,43,20889.91890267347
Weekly Temperature,Control,2025-05-13,43,9442.851142040694
Weekly Temperature,Control,2025-05-13,43,24235.313148316487
Weekly Temperature,Control,2025-05-13,43,3859.5748825001474
Weekly Temperature,Control,2025-05-13,43,7358.1966101961325
Weekly Temperature,Control,2025-05-13,43,4376.907710754738
Weekly Temperature,Control,2025-05-13,43,21617.925965397917
Weekly Temperature,Control,2025-05-13,43,29577.8738037565
Weekly Temperature,Control,2025-05-13,43,34962.40595641266
Weekly Temperature,Control,2025-05-13,43,8456.78574059469
Weekly Temperature,Control,2025-05-13,43,9434.748845883854
Weekly Temperature,Control,2025-05-13,43,39146.11760142575
Weekly Temperature,Control,2025-05-13,43,16234.040897808558
Weekly Temperature,Control,2025-05-13,43,24506.53144004182
Weekly Temperature,Control,2025-05-13,43,11656.808676782499
Weekly Temperature,Control,2025-05-13,43,20532.00764532896
Weekly Temperature,Control,2025-05-13,43,12709.951534287551
Weekly Temperature,Control,2025-05-13,43,44421.86823149934
Weekly Temperature,Control,2025-05-13,43,32394.198842264075
Weekly Temperature,Control,2025-05-13,43,11076.10859183983
Weekly Temperature,Control,2025-05-13,43,13592.731457107344
Weekly Temperature,Control,2025-05-13,43,25323.224712744595
Weekly Temperature,Treated,2025-05-13,44,26849.92593864529
Weekly Temperature,Treated,2025-05-13,44,12767.222878176668
Weekly Temperature,Treated,2025-05-13,44,32188.60207999082
Weekly Temperature,Treated,2025-05-13,44,37568.19659850597
Weekly Temperature,Treated,2025-05-13,44,21575.653480377463
Weekly Temperature,Treated,2025-05-13,44,17912.73779540442
Weekly Temperature,Treated,2025-05-13,44,25120.460327291144
Weekly Temperature,Treated,2025-05-13,44,9809.892644044607
Weekly Temperature,Treated,2025-05-13,44,7630.174702406384
Weekly Temperature,Treated,2025-05-13,44,13723.406941052112
Weekly Temperature,Treated,2025-05-13,44,10839.880971016632
Weekly Temperature,Treated,2025-05-13,44,27789.22834511165
Weekly Temperature,Treated,2025-05-13,44,5572.845575731793
Weekly Temperature,Treated,2025-05-13,44,19833.353298250946
Weekly Temperature,Treated,2025-05-13,44,10336.606318379954
Weekly Temperature,Treated,2025-05-13,44,9282.361375484536
Weekly Temperature,Treated,2025-05-13,44,49235.941248919706
Weekly Temperature,Treated,2025-05-13,44,13448.64355812031
Weekly Temperature,Treated,2025-05-13,44,6308.67982740889
Weekly Temperature,Treated,2025-05-13,44,14998.50564767125
Weekly Temperature,Treated,2025-05-13,44,11952.497852775947
Weekly Temperature,Treated,2025-05-13,44,7292.055774606979
Weekly Temperature,Treated,2025-05-13,44,28149.109056201738
Weekly Temperature,Treated,2025-05-13,44,5471.626233582606
Weekly Temperature,Treated,2025-05-13,44,11997.472489384532
Weekly Temperature,Treated,2025-05-13,44,20023.9186498227
Weekly Temperature,Treated,2025-05-13,44,29821.82720477025
Weekly Temperature,Treated,2025-05-13,44,18565.953709682803
Weekly Temperature,Treated,2025-05-13,44,37603.15698308934
Weekly Temperature,Treated,2025-05-13,44,30241.251035014255
Weekly Temperature,Treated,2025-05-13,44,29984.862178298066
Weekly Temperature,Treated,2025-05-13,44,24810.22192507147
Weekly Temperature,Treated,2025-05-13,44,6625.142665065553
Weekly Temperature,Treated,2025-05-13,44,18579.471477540308
Weekly Temperature,Treated,2025-05-13,44,25192.38310339404
Weekly Temperature,Treated,2025-05-13,44,8185.482185186907
Weekly Temperature,Treated,2025-05-13,44,16205.306860627496
Weekly Temperature,Treated,2025-05-13,44,36810.3763455084
Weekly Temperature,Treated,2025-05-13,44,9820.022918907083
Weekly Temperature,Treated,2025-05-13,44,14012.526542317237
Weekly Temperature,Treated,2025-05-13,44,29317.627048886858
Weekly Temperature,Treated,2025-05-13,44,15368.649973796197
Weekly Temperature,Treated,2025-05-13,44,29324.48894087133
Weekly Temperature,Treated,2025-05-13,44,15545.763750875618
Weekly Temperature,Treated,2025-05-13,44,8841.16945659046
Weekly Temperature,Treated,2025-05-13,44,14461.215786972023
Weekly Temperature,Treated,2025-05-13,44,12730.22799096895
Weekly Temperature,Treated,2025-05-13,44,11180.21404819007
Weekly Temperature,Treated,2025-05-13,44,5717.6450782811435
Weekly Temperature,Treated,2025-05-13,44,24319.52205609104
Weekly Temperature,Treated,2025-05-13,44,9857.034986396846
Weekly Temperature,Treated,2025-05-13,44,30499.337477643327
Weekly Temperature,Treated,2025-05-13,44,24099.395525948046
Weekly Temperature,Treated,2025-05-13,44,25438.601940035463
Weekly Temperature,Treated,2025-05-13,44,21858.673519380565
Weekly Temperature,Treated,2025-05-13,44,11280.422455955948
Weekly Temperature,Treated,2025-05-13,44,20772.89277744966
Weekly Temperature,Treated,2025-05-13,44,14251.703042450803
Weekly Temperature,Treated,2025-05-13,44,38578.811309765886
Weekly Temperature,Treated,2025-05-13,44,41720.567011287596
Weekly Temperature,Treated,2025-05-13,44,17555.76497250916
Weekly Temperature,Treated,2025-05-13,44,13700.412911533187
Weekly Temperature,Treated,2025-05-13,44,24766.83285838724
Weekly Temperature,Treated,2025-05-13,44,17894.899393514006
Weekly Temperature,Treated,2025-05-13,44,4318.353767718391
Weekly Temperature,Treated,2025-05-13,44,4473.656931650797
Weekly Temperature,Treated,2025-05-13,44,27322.30061070548
Weekly Temperature,Treated,2025-05-13,44,13708.840665619275
Weekly Temperature,Treated,2025-05-13,44,19479.415877787895
Weekly Temperature,Treated,2025-05-13,44,17065.33676694906
Weekly Temperature,Treated,2025-05-13,44,45985.46428826975
Weekly Temperature,Treated,2025-05-13,44,20876.187045420807
Weekly Temperature,Treated,2025-05-13,44,14752.290875432007
Weekly Temperature,Treated,2025-05-13,44,17399.069546040486
Weekly Temperature,Treated,2025-05-13,44,16953.38377077137
Weekly Temperature,Treated,2025-05-13,44,34959.25913045853
Weekly Temperature,Treated,2025-05-13,44,23858.565431032333
Weekly Temperature,Treated,2025-05-13,44,18743.244849371305
Weekly Temperature,Treated,2025-05-13,44,2415.7491943069144
Weekly Temperature,Treated,2025-05-13,44,12371.804276651339
Weekly Temperature,Treated,2025-05-13,44,25051.126208370773
Weekly Temperature,Treated,2025-05-13,44,11537.263088886482
Weekly Temperature,Treated,2025-05-13,44,27803.712870511197
Weekly Temperature,Treated,2025-05-13,44,30675.184825077584
Weekly Temperature,Treated,2025-05-13,44,12180.049651488705
Weekly Temperature,Treated,2025-05-13,44,29652.557956824454
Weekly Temperature,Treated,2025-05-13,44,24331.40056503428
Weekly Temperature,Treated,2025-05-13,44,27962.105787545122
Weekly Temperature,Treated,2025-05-13,44,13585.118884194031
Weekly Temperature,Treated,2025-05-13,44,33149.75789371813
Weekly Temperature,Treated,2025-05-13,44,16732.94160567302
Weekly Temperature,Treated,2025-05-13,44,10764.96598819158
Weekly Temperature,Treated,2025-05-13,44,9209.417433048424
Weekly Temperature,Treated,2025-05-13,44,32249.13996339462
Weekly Temperature,Treated,2025-05-13,44,20522.625479289833
Weekly Temperature,Treated,2025-05-13,44,10839.880971016632
Weekly Temperature,Treated,2025-05-13,44,17461.61906603106
Weekly Temperature,Treated,2025-05-13,44,13892.924128355146
Weekly Temperature,Treated,2025-05-13,44,17462.540190473286
Weekly Temperature,Treated,2025-05-13,44,16291.625345871253
Daily Temperature,Control,2025-05-13,53,9693.660468465796
Daily Temperature,Control,2025-05-13,53,19444.39012101053
Daily Temperature,Control,2025-05-13,53,25339.157020257826
Daily Temperature,Control,2025-05-13,53,24438.508570043898
Daily Temperature,Control,2025-05-13,53,34201.09335529176
Daily Temperature,Control,2025-05-13,53,7217.818758531088
Daily Temperature,Control,2025-05-13,53,19976.912036101112
Daily Temperature,Control,2025-05-13,53,20994.71984339847
Daily Temperature,Control,2025-05-13,53,20003.470586610416
Daily Temperature,Control,2025-05-13,53,13908.413045364763
Daily Temperature,Control,2025-05-13,53,35270.28275263287
Daily Temperature,Control,2025-05-13,53,16740.96784380333
Daily Temperature,Control,2025-05-13,53,13819.530130823356
Daily Temperature,Control,2025-05-13,53,28682.19078599674
Daily Temperature,Control,2025-05-13,53,38443.07616994258
Daily Temperature,Control,2025-05-13,53,17132.415515784247
Daily Temperature,Control,2025-05-13,53,11590.504969827625
Daily Temperature,Control,2025-05-13,53,15997.495064448256
Daily Temperature,Control,2025-05-13,53,12878.694973646321
Daily Temperature,Control,2025-05-13,53,13278.763177514818
Daily Temperature,Control,2025-05-13,53,21113.768575183247
Daily Temperature,Control,2025-05-13,53,15319.40083667711
Daily Temperature,Control,2025-05-13,53,17555.76497250916
Daily Temperature,Control,2025-05-13,53,29423.438301054146
Daily Temperature,Control,2025-05-13,53,24293.405074420913
Daily Temperature,Control,2025-05-13,53,14256.438977221154
Daily Temperature,Control,2025-05-13,53,36739.99809148524
Daily Temperature,Control,2025-05-13,53,11292.333815217882
Daily Temperature,Control,2025-05-13,53,29168.3468486802
Daily Temperature,Control,2025-05-13,53,19904.524416020628
Daily Temperature,Control,2025-05-13,53,16614.67318713196
Daily Temperature,Control,2025-05-13,53,16911.09667329652
Daily Temperature,Control,2025-05-13,53,17598.34947463791
Daily Temperature,Control,2025-05-13,53,19627.052053245756
Daily Temperature,Control,2025-05-13,53,28839.023212742562
Daily Temperature,Control,2025-05-13,53,31821.377033119814
Daily Temperature,Control,2025-05-13,53,11735.65927995104
Daily Temperature,Control,2025-05-13,53,11421.313202301797
Daily Temperature,Control,2025-05-13,53,17321.123262748184
Daily Temperature,Control,2025-05-13,53,32887.896095192795
Daily Temperature,Control,2025-05-13,53,16385.312316049727
Daily Temperature,Control,2025-05-13,53,28985.636103318964
Daily Temperature,Control,2025-05-13,53,18956.13115756562
Daily Temperature,Control,2025-05-13,53,20457.04236071763
Daily Temperature,Control,2025-05-13,53,23108.33895846511
Daily Temperature,Control,2025-05-13,53,15441.491037870192
Daily Temperature,Control,2025-05-13,53,16395.84479825363
Daily Temperature,Control,2025-05-13,53,11688.029126548685
Weekly Temperature,Control,2025-05-13,55,17051.764176195567
Weekly Temperature,Control,2025-05-13,55,51883.85624629906
Weekly Temperature,Control,2025-05-13,55,22231.963748880262
Weekly Temperature,Control,2025-05-13,55,37790.0414506408
Weekly Temperature,Control,2025-05-13,55,30390.536321970445
Weekly Temperature,Control,2025-05-13,55,6137.425125568811
Weekly Temperature,Control,2025-05-13,55,13441.847140370663
Weekly Temperature,Control,2025-05-13,55,48797.32408128708
Weekly Temperature,Control,2025-05-13,55,19442.390107014406
Weekly Temperature,Control,2025-05-13,55,78760.69830118881
Weekly Temperature,Control,2025-05-13,55,56319.05931677805
Weekly Temperature,Control,2025-05-13,55,17481.892372119677
Weekly Temperature,Control,2025-05-13,55,5915.38511363032
Weekly Temperature,Control,2025-05-13,55,24862.12458100407
Weekly Temperature,Control,2025-05-13,55,49094.18092629241
Weekly Temperature,Control,2025-05-13,55,103105.77103386745
Weekly Temperature,Control,2025-05-13,55,39144.39912038542
Weekly Temperature,Control,2025-05-13,55,24445.6620075911
Weekly Temperature,Control,2025-05-13,55,18286.675812339043
Weekly Temperature,Control,2025-05-13,55,24343.283546748506
Weekly Temperature,Control,2025-05-13,55,33515.127051081305
Weekly Temperature,Control,2025-05-13,55,5510.3961748417805
Weekly Temperature,Control,2025-05-13,55,67279.28156641051
Weekly Temperature,Control,2025-05-13,55,89903.95086204766
Weekly Temperature,Control,2025-05-13,55,25810.78730680129
Weekly Temperature,Control,2025-05-13,55,16869.787220706774
Weekly Temperature,Control,2025-05-13,55,25387.000373364714
Weekly Temperature,Control,2025-05-13,55,26344.707198117165
Weekly Temperature,Control,2025-05-13,55,21979.26788590593
Weekly Temperature,Control,2025-05-13,55,37129.205466258645
Weekly Temperature,Control,2025-05-13,55,12909.423384214911
Weekly Temperature,Control,2025-05-13,55,37125.90761633467
Weekly Temperature,Control,2025-05-13,55,28906.82793928886
Weekly Temperature,Control,2025-05-13,55,3603.2862461553614
Weekly Temperature,Control,2025-05-13,55,25500.137911534795
Weekly Temperature,Control,2025-05-13,55,6223.6817393639085
Weekly Temperature,Control,2025-05-13,55,47284.28886605298
Weekly Temperature,Control,2025-05-13,55,33842.18202314933
Weekly Temperature,Control,2025-05-13,55,26383.89091708203
Weekly Temperature,Control,2025-05-13,55,6881.488180904541
Weekly Temperature,Control,2025-05-13,55,27387.32839457347
Weekly Temperature,Control,2025-05-13,55,12136.656450649436
Weekly Temperature,Control,2025-05-13,55,23835.169499840296
Weekly Temperature,Control,2025-05-13,55,7892.29902308724
Weekly Temperature,Control,2025-05-13,55,21272.948501933726
Weekly Temperature,Control,2025-05-13,55,22474.591247441378
Weekly Temperature,Control,2025-05-13,55,7631.656776181642
Weekly Temperature,Control,2025-05-13,55,31223.300195947937
Weekly Temperature,Control,2025-05-13,55,15027.240935270798
Weekly Temperature,Control,2025-05-13,55,7464.06950193562
Weekly Temperature,Control,2025-05-13,55,24875.415449683696
Weekly Temperature,Control,2025-05-13,55,12351.252117639351
Weekly Temperature,Control,2025-05-13,55,21920.003289745324
Weekly Temperature,Control,2025-05-13,55,9655.931207413812
Weekly Temperature,Control,2025-05-13,55,26677.29322069655
Weekly Temperature,Control,2025-05-13,55,35786.49870224872
Weekly Temperature,Control,2025-05-13,55,22142.328322148747
Weekly Temperature,Control,2025-05-13,55,8368.088046629362
Weekly Temperature,Control,2025-05-13,55,17971.98338552789
Weekly Temperature,Control,2025-05-13,55,24389.669936218375
Weekly Temperature,Control,2025-05-13,55,17538.198695990013
Weekly Temperature,Control,2025-05-13,55,41315.70279028721
Weekly Temperature,Control,2025-05-13,55,18746.162007541094
Weekly Temperature,Control,2025-05-13,55,7829.67550715911
Weekly Temperature,Control,2025-05-13,55,11322.153603736955
Weekly Temperature,Control,2025-05-13,55,31069.412181121395
Weekly Temperature,Control,2025-05-13,55,1832.4400721701043
Weekly Temperature,Control,2025-05-13,55,74567.51492519517
Weekly Temperature,Control,2025-05-13,55,37581.51184775245
Weekly Temperature,Control,2025-05-13,55,43049.99817585551
Weekly Temperature,Control,2025-05-13,55,29391.8013874478
Weekly Temperature,Control,2025-05-13,55,17657.728606504137
Weekly Temperature,Control,2025-05-13,55,12998.996383869873
Weekly Temperature,Control,2025-05-13,55,28724.038043247503
Weekly Temperature,Control,2025-05-13,55,15269.440073186994
Weekly Temperature,Control,2025-05-13,55,18214.269067579076
Weekly Temperature,Control,2025-05-13,55,5530.635766470347
Weekly Temperature,Control,2025-05-13,55,27383.423354410006
Weekly Temperature,Control,2025-05-13,55,29991.84485396202
Weekly Temperature,Control,2025-05-13,55,23926.513713599074
Weekly Temperature,Control,2025-05-13,55,30455.498129086936
Weekly Temperature,Control,2025-05-13,55,24452.817059653014
Weekly Temperature,Control,2025-05-13,55,13614.063841323474
Weekly Temperature,Control,2025-05-13,55,23980.509687247828
Weekly Temperature,Control,2025-05-13,55,25695.347302437338
Weekly Temperature,Control,2025-05-13,55,37927.32666785361
Weekly Temperature,Control,2025-05-13,55,34656.62659053869
Weekly Temperature,Control,2025-05-13,55,31994.29929204721
Weekly Temperature,Control,2025-05-13,55,41401.81473200478
Weekly Temperature,Control,2025-05-13,55,13447.133018393188
Weekly Temperature,Control,2025-05-13,55,15102.973126654286
Weekly Temperature,Control,2025-05-13,55,58824.33977585464
Weekly Temperature,Control,2025-05-13,55,21752.753731018074
Weekly Temperature,Control,2025-05-13,55,14351.408525159872
Weekly Temperature,Control,2025-05-13,55,59829.622892056774
Weekly Temperature,Control,2025-05-13,55,36067.757332161455
Weekly Temperature,Control,2025-05-13,55,24115.910531397047
Weekly Temperature,Control,2025-05-13,55,5652.821869472249
Weekly Temperature,Control,2025-05-13,55,13152.793337776468
Weekly Temperature,Treated,2025-05-13,56,33072.837921056256
Weekly Temperature,Treated,2025-05-13,56,14959.98393072515
Weekly Temperature,Treated,2025-05-13,56,34300.195201681934
Weekly Temperature,Treated,2025-05-13,56,16076.050125349695
Weekly Temperature,Treated,2025-05-13,56,23556.95348161559
Weekly Temperature,Treated,2025-05-13,56,51881.712948854096
Weekly Temperature,Treated,2025-05-13,56,19839.446026892176
Weekly Temperature,Treated,2025-05-13,56,44147.43477912371
Weekly Temperature,Treated,2025-05-13,56,35744.858006445
Weekly Temperature,Treated,2025-05-13,56,12922.609649346723
Weekly Temperature,Treated,2025-05-13,56,24329.02450546386
Weekly Temperature,Treated,2025-05-13,56,22302.98390836251
Weekly Temperature,Treated,2025-05-13,56,15754.211419885723
Weekly Temperature,Treated,2025-05-13,56,62211.606970393805
Weekly Temperature,Treated,2025-05-13,56,37790.0414506408
Weekly Temperature,Treated,2025-05-13,56,18395.69820566211
Weekly Temperature,Treated,2025-05-13,56,25766.053441882847
Weekly Temperature,Treated,2025-05-13,56,36761.264159497434
Weekly Temperature,Treated,2025-05-13,56,33741.050935244835
Weekly Temperature,Treated,2025-05-13,56,11535.917587156327
Weekly Temperature,Treated,2025-05-13,56,10656.808779610965
Weekly Temperature,Treated,2025-05-13,56,20473.68313955116
Weekly Temperature,Treated,2025-05-13,56,6929.205725745493
Weekly Temperature,Treated,2025-05-13,56,9122.78912520134
Weekly Temperature,Treated,2025-05-13,56,15282.750817924276
Weekly Temperature,Treated,2025-05-13,56,16900.312867381985
Weekly Temperature,Treated,2025-05-13,56,7882.173401238426
Weekly Temperature,Treated,2025-05-13,56,31402.377402806113
Weekly Temperature,Treated,2025-05-13,56,17128.784504469182
Weekly Temperature,Treated,2025-05-13,56,44678.57564228075
Weekly Temperature,Treated,2025-05-13,56,26177.106459031736
Weekly Temperature,Treated,2025-05-13,56,77911.5736044341
Weekly Temperature,Treated,2025-05-13,56,34224.30032484694
Weekly Temperature,Treated,2025-05-13,56,17923.071497452864
Weekly Temperature,Treated,2025-05-13,56,31630.255472971938
Weekly Temperature,Treated,2025-05-13,56,7147.906953656952
Weekly Temperature,Treated,2025-05-13,56,28286.325180815
Weekly Temperature,Treated,2025-05-13,56,25199.70617680675
Weekly Temperature,Treated,2025-05-13,56,17770.41017161533
Weekly Temperature,Treated,2025-05-13,56,9432.434858667893
Weekly Temperature,Treated,2025-05-13,56,21643.971411347535
Weekly Temperature,Treated,2025-05-13,56,57587.70108613898
Weekly Temperature,Treated,2025-05-13,56,25404.191908648496
Weekly Temperature,Treated,2025-05-13,56,34902.65397890663
Weekly Temperature,Treated,2025-05-13,56,55867.78422551996
Weekly Temperature,Treated,2025-05-13,56,33078.865838219725
Weekly Temperature,Treated,2025-05-13,56,63891.29426940758
Weekly Temperature,Treated,2025-05-13,56,52307.44701039001
Weekly Temperature,Treated,2025-05-13,56,18297.17393317432
Weekly Temperature,Treated,2025-05-13,56,33331.29500728851
Weekly Temperature,Treated,2025-05-13,56,24908.06173172915
Weekly Temperature,Treated,2025-05-13,56,41013.63160785075
Weekly Temperature,Treated,2025-05-13,56,53801.576121620434
Weekly Temperature,Treated,2025-05-13,56,27840.608940313956
Weekly Temperature,Treated,2025-05-13,56,41707.92463135734
Weekly Temperature,Treated,2025-05-13,56,32781.50777944362
Weekly Temperature,Treated,2025-05-13,56,49918.380973947016
Weekly Temperature,Treated,2025-05-13,56,24780.084413305223
Weekly Temperature,Treated,2025-05-13,56,10884.888701478538
Weekly Temperature,Treated,2025-05-13,57,20878.29918779721
Weekly Temperature,Treated,2025-05-13,57,24798.163529297904
Weekly Temperature,Treated,2025-05-13,57,20233.40545746177
Weekly Temperature,Treated,2025-05-13,57,55926.87939536364
Weekly Temperature,Treated,2025-05-13,57,41113.53413687701
Weekly Temperature,Treated,2025-05-13,57,16872.478967923467
Weekly Temperature,Treated,2025-05-13,57,55016.42203932536
Weekly Temperature,Treated,2025-05-13,57,24589.070166046964
Weekly Temperature,Treated,2025-05-13,57,17917.43436836527
Weekly Temperature,Treated,2025-05-13,57,10145.2933663634
Weekly Temperature,Treated,2025-05-13,57,28433.438035346626
Weekly Temperature,Treated,2025-05-13,57,30075.735384368123
Weekly Temperature,Treated,2025-05-13,57,33699.74697811611
Weekly Temperature,Treated,2025-05-13,57,22603.40056916159
Weekly Temperature,Treated,2025-05-13,57,17599.276099578034
Weekly Temperature,Treated,2025-05-13,57,17863.011911274454
Weekly Temperature,Treated,2025-05-13,57,22126.86398595176
Weekly Temperature,Treated,2025-05-13,57,20168.5325530846
Weekly Temperature,Treated,2025-05-13,57,8899.736386283297
Weekly Temperature,Treated,2025-05-13,57,30506.412923949614
Weekly Temperature,Treated,2025-05-13,57,17701.432479319283
Weekly Temperature,Treated,2025-05-13,57,10738.168496958204
Weekly Temperature,Treated,2025-05-13,57,15941.563427669873
Weekly Temperature,Treated,2025-05-13,57,9060.884228221628
Weekly Temperature,Treated,2025-05-13,57,16914.69244085914
Weekly Temperature,Treated,2025-05-13,57,6295.8117191411475
Weekly Temperature,Treated,2025-05-13,57,20764.47794185558
Weekly Temperature,Treated,2025-05-13,57,16368.646426258525
Weekly Temperature,Treated,2025-05-13,57,10764.96598819158
Weekly Temperature,Treated,2025-05-13,57,10915.832175062333
Weekly Temperature,Treated,2025-05-13,57,38904.392832964826
Weekly Temperature,Treated,2025-05-13,57,17528.95867811798
Weekly Temperature,Treated,2025-05-13,57,12277.054533903134
Weekly Temperature,Treated,2025-05-13,57,6894.3112676864785
Weekly Temperature,Treated,2025-05-13,57,2154.089717438915
Weekly Temperature,Treated,2025-05-13,57,11240.1264472737
Weekly Temperature,Treated,2025-05-13,57,3985.294792881816
Weekly Temperature,Treated,2025-05-13,57,5172.6835100357175
Weekly Temperature,Treated,2025-05-13,57,37536.587637502955
Weekly Temperature,Treated,2025-05-13,57,6931.966094401215
Weekly Temperature,Treated,2025-05-13,57,23101.488978828653
Weekly Temperature,Treated,2025-05-13,57,6039.153378424672
Weekly Temperature,Treated,2025-05-13,57,7850.340707561057
Weekly Temperature,Treated,2025-05-13,57,11400.629064334196
Weekly Temperature,Treated,2025-05-13,57,5392.771889135573
Weekly Temperature,Treated,2025-05-13,57,13138.687772298945
Weekly Temperature,Treated,2025-05-13,57,24633.418277193094
Weekly Temperature,Treated,2025-05-13,57,7546.048533531062
Weekly Temperature,Treated,2025-05-13,57,6728.530267568622
Weekly Temperature,Treated,2025-05-13,57,32820.435777009676
Weekly Temperature,Treated,2025-05-13,57,8601.127014234424
Weekly Temperature,Treated,2025-05-13,57,7272.967041772788
Weekly Temperature,Treated,2025-05-13,57,10104.427928419866
Weekly Temperature,Treated,2025-05-13,57,40398.818406124024
Weekly Temperature,Treated,2025-05-13,57,7406.884700875389
Weekly Temperature,Treated,2025-05-13,57,6388.028029756431
Weekly Temperature,Treated,2025-05-13,57,15676.0081232621
Weekly Temperature,Treated,2025-05-13,57,15584.581386449165
Weekly Temperature,Treated,2025-05-13,57,9591.926508042505
Weekly Temperature,Treated,2025-05-13,57,27724.777304367537
Weekly Temperature,Treated,2025-05-13,57,13117.921475191593
Weekly Temperature,Treated,2025-05-13,57,16068.267887797292
Weekly Temperature,Treated,2025-05-13,57,25761.08671106529
Weekly Temperature,Treated,2025-05-13,57,22235.288928873
Weekly Temperature,Treated,2025-05-13,57,7693.102775088473
Weekly Temperature,Treated,2025-05-13,57,3728.5307062384036
Weekly Temperature,Treated,2025-05-13,57,23793.10137520339
Weekly Temperature,Treated,2025-05-13,57,35006.484691903664
Weekly Temperature,Treated,2025-05-13,57,14641.614714648247
Weekly Temperature,Treated,2025-05-13,57,6569.687862559032
Weekly Temperature,Treated,2025-05-13,57,18876.816379464337
Weekly Temperature,Treated,2025-05-13,57,15718.473191289415
Weekly Temperature,Treated,2025-05-13,57,19780.609686582306
Weekly Temperature,Treated,2025-05-13,57,5802.364140981008
Weekly Temperature,Treated,2025-05-13,57,54057.8895418101
Weekly Temperature,Treated,2025-05-13,57,11004.513576508312
Weekly Temperature,Treated,2025-05-13,57,27109.847463123908
Weekly Temperature,Treated,2025-05-13,57,17445.965623487486
Weekly Temperature,Treated,2025-05-13,57,27335.29660154299
Weekly Temperature,Treated,2025-05-13,57,22163.32892521692
Weekly Temperature,Treated,2025-05-13,57,28573.070848929063
Weekly Temperature,Treated,2025-05-13,57,9765.887236618088
Weekly Temperature,Treated,2025-05-13,57,27318.402745681866
Weekly Temperature,Treated,2025-05-13,57,37223.290312143574
Weekly Temperature,Treated,2025-05-13,57,37353.996066564796
Weekly Temperature,Treated,2025-05-13,57,14107.045901367523
Weekly Temperature,Treated,2025-05-13,57,13652.984369605898
Weekly Temperature,Treated,2025-05-13,57,19591.823111044905
Weekly Temperature,Treated,2025-05-13,57,23198.676276614886
Weekly Temperature,Treated,2025-05-13,57,14043.719338897303
Weekly Temperature,Treated,2025-05-13,57,18008.7341667553
Weekly Temperature,Treated,2025-05-13,57,15952.737830620954
Weekly Temperature,Treated,2025-05-13,57,7826.151340732372
Weekly Temperature,Treated,2025-05-13,57,11334.761949793889
Weekly Temperature,Treated,2025-05-13,57,26558.868545507175
Weekly Temperature,Treated,2025-05-13,57,10052.154665641541
Weekly Temperature,Control,2025-05-13,58,29525.405777587057
Weekly Temperature,Control,2025-05-13,58,16544.725743905612
Weekly Temperature,Control,2025-05-13,58,17078.917595472667
Weekly Temperature,Control,2025-05-13,58,7481.580621172079
Weekly Temperature,Control,2025-05-13,58,35067.95219902433
Weekly Temperature,Control,2025-05-13,58,41106.3919351615
Weekly Temperature,Control,2025-05-13,58,17074.3897370982
Weekly Temperature,Control,2025-05-13,58,18162.00626251371
Weekly Temperature,Control,2025-05-13,58,27751.06986252219
Weekly Temperature,Control,2025-05-13,58,9396.04547088078
Weekly Temperature,Control,2025-05-13,58,21604.91227588158
Weekly Temperature,Control,2025-05-13,58,41497.059738620475
Weekly Temperature,Control,2025-05-13,58,43656.804340924195
Weekly Temperature,Control,2025-05-13,58,18660.736222490996
Weekly Temperature,Control,2025-05-13,58,20646.94464609524
Weekly Temperature,Control,2025-05-13,58,11591.85526162558
Weekly Temperature,Control,2025-05-13,58,18143.978497896678
Weekly Temperature,Control,2025-05-13,58,40319.61858704678
Weekly Temperature,Control,2025-05-13,58,12868.464462506254
Weekly Temperature,Control,2025-05-13,58,18515.810690787534
Weekly Temperature,Control,2025-05-13,58,20748.707175454525
Weekly Temperature,Control,2025-05-13,58,33220.76806555932
Weekly Temperature,Control,2025-05-13,58,6255.616652069648
Weekly Temperature,Control,2025-05-13,58,10269.249443072693
Weekly Temperature,Control,2025-05-13,58,26394.010151942926
Weekly Temperature,Control,2025-05-13,58,11466.1140903383
Weekly Temperature,Control,2025-05-13,58,20996.841184404104
Weekly Temperature,Control,2025-05-13,58,28089.322294063026
Weekly Temperature,Control,2025-05-13,58,34046.69309990783
Weekly Temperature,Control,2025-05-13,58,6827.641388866195
Weekly Temperature,Control,2025-05-13,58,10055.188250187859
Weekly Temperature,Control,2025-05-13,58,14631.14543050213
Weekly Temperature,Control,2025-05-13,58,24253.08500441169
Weekly Temperature,Control,2025-05-13,58,19254.09839593782
Weekly Temperature,Control,2025-05-13,58,16404.625805336473
Weekly Temperature,Control,2025-05-13,58,20843.469803480402
Weekly Temperature,Control,2025-05-13,58,36216.30843818632
Weekly Temperature,Control,2025-05-13,58,20375.030517226896
Weekly Temperature,Control,2025-05-13,58,6211.365769299961
Weekly Temperature,Control,2025-05-13,58,17253.48135346428
Weekly Temperature,Control,2025-05-13,58,13813.363019180695
Weekly Temperature,Control,2025-05-13,58,33388.942673706355
Weekly Temperature,Control,2025-05-13,58,16184.433714028552
Weekly Temperature,Control,2025-05-13,58,14466.004427095155
Weekly Temperature,Control,2025-05-13,58,22027.64855686835
Weekly Temperature,Control,2025-05-13,58,17602.982971819918
Weekly Temperature,Control,2025-05-13,58,29072.78994450155
Weekly Temperature,Control,2025-05-13,58,40414.67295715501
Weekly Temperature,Control,2025-05-13,58,31553.185355873236
Weekly Temperature,Control,2025-05-13,58,17255.306858942095
Daily Temperature,Control,2025-05-13,59,37079.76170857391
Daily Temperature,Control,2025-05-13,59,30911.824084908025
Daily Temperature,Control,2025-05-13,59,22454.48100621574
Daily Temperature,Control,2025-05-13,59,17813.391527438504
Daily Temperature,Control,2025-05-13,59,40270.400006826676
Daily Temperature,Control,2025-05-13,59,27384.724986597703
Daily Temperature,Control,2025-05-13,59,21444.9044095436
Daily Temperature,Control,2025-05-13,59,28301.009882512408
Daily Temperature,Control,2025-05-13,59,25987.822821576683
Daily Temperature,Control,2025-05-13,59,16443.30480100953
Daily Temperature,Control,2025-05-13,59,22788.07551951535
Daily Temperature,Control,2025-05-13,59,18556.302766808898
Daily Temperature,Control,2025-05-13,59,17248.0057210792
Daily Temperature,Control,2025-05-13,59,19037.6686005509
Daily Temperature,Control,2025-05-13,59,14692.431034405397
Daily Temperature,Control,2025-05-13,59,28484.396298796582
Daily Temperature,Control,2025-05-13,59,37002.40311614439
Daily Temperature,Control,2025-05-13,59,9543.402158851453
Daily Temperature,Control,2025-05-13,59,28395.935042770598
Daily Temperature,Control,2025-05-13,59,22714.74284373764
Daily Temperature,Control,2025-05-13,59,19645.18867905404
Daily Temperature,Control,2025-05-13,59,22448.897285239018
Daily Temperature,Control,2025-05-13,59,17548.3670093811
Daily Temperature,Control,2025-05-13,59,49163.99369261988
Daily Temperature,Control,2025-05-13,59,24304.08667920546
Daily Temperature,Control,2025-05-13,59,16291.625345871253
Daily Temperature,Control,2025-05-13,59,42543.2763501194
Daily Temperature,Control,2025-05-13,59,12544.316462672594
Daily Temperature,Control,2025-05-13,59,30548.892355495827
Daily Temperature,Control,2025-05-13,59,20503.871013280124
Daily Temperature,Control,2025-05-13,59,18772.43206243426
Daily Temperature,Control,2025-05-13,59,25237.568233266004
Daily Temperature,Control,2025-05-13,59,24898.38531524126
Daily Temperature,Control,2025-05-13,59,14587.718427787653
Daily Temperature,Control,2025-05-13,59,11366.661662511624
Daily Temperature,Control,2025-05-13,59,16675.06137548393
Daily Temperature,Control,2025-05-13,59,14804.210674741249
Daily Temperature,Control,2025-05-13,59,23366.34417984491
Daily Temperature,Control,2025-05-13,59,39240.72487351283
Daily Temperature,Control,2025-05-13,59,32116.367817303584
Daily Temperature,Control,2025-05-13,59,76293.27708390701
Daily Temperature,Control,2025-05-13,59,33711.98108341353
Daily Temperature,Control,2025-05-13,59,33541.01775881027
Daily Temperature,Control,2025-05-13,59,28430.757978719164
Daily Temperature,Control,2025-05-13,59,11466.1140903383
Daily Temperature,Control,2025-05-13,59,53700.20008410435
Daily Temperature,Control,2025-05-13,59,25691.630081912353
Daily Temperature,Control,2025-05-13,59,28512.587773889318
Daily Temperature,Control,2025-05-13,59,19539.57242886951
Weekly Temperature,Treated,2025-05-13,61,18507.14261469091
Weekly Temperature,Treated,2025-05-13,61,42256.08593987649
Weekly Temperature,Treated,2025-05-13,61,17078.917595472667
Weekly Temperature,Treated,2025-05-13,61,24047.5479683074
Weekly Temperature,Treated,2025-05-13,61,34584.798601348586
Weekly Temperature,Treated,2025-05-13,61,16936.279289772392
Weekly Temperature,Treated,2025-05-13,61,25143.604577085633
Weekly Temperature,Treated,2025-05-13,61,39561.99393626191
Weekly Temperature,Treated,2025-05-13,61,7406.401474721055
Weekly Temperature,Treated,2025-05-13,61,36401.04394507326
Weekly Temperature,Treated,2025-05-13,61,10966.256212757358
Weekly Temperature,Treated,2025-05-13,61,17388.967331138014
Weekly Temperature,Treated,2025-05-13,61,64856.86925269933
Weekly Temperature,Treated,2025-05-13,61,30771.950728952674
Weekly Temperature,Treated,2025-05-13,61,7908.520096891051
Weekly Temperature,Treated,2025-05-13,61,18109.858130316854
Weekly Temperature,Treated,2025-05-13,61,20888.8623599126
Weekly Temperature,Treated,2025-05-13,61,23919.4776740682
Weekly Temperature,Treated,2025-05-13,61,20616.59528358966
Weekly Temperature,Treated,2025-05-13,61,33724.2186445625
Weekly Temperature,Treated,2025-05-13,61,26911.51415130766
Weekly Temperature,Treated,2025-05-13,61,15127.73097807775
Weekly Temperature,Treated,2025-05-13,61,34681.63745052453
Weekly Temperature,Treated,2025-05-13,61,8482.408626888147
Weekly Temperature,Treated,2025-05-13,61,40841.03557773463
Weekly Temperature,Treated,2025-05-13,61,35006.484691903664
Weekly Temperature,Treated,2025-05-13,61,31618.612887515912
Weekly Temperature,Treated,2025-05-13,61,69957.15763701746
Weekly Temperature,Treated,2025-05-13,61,28468.296580434
Weekly Temperature,Treated,2025-05-13,61,25695.347302437338
Weekly Temperature,Treated,2025-05-13,61,27257.392335579192
Weekly Temperature,Treated,2025-05-13,61,22001.248963019436
Weekly Temperature,Treated,2025-05-13,61,12463.538843084918
Weekly Temperature,Treated,2025-05-13,61,14722.337863268593
Weekly Temperature,Treated,2025-05-13,61,42174.05075082041
Weekly Temperature,Treated,2025-05-13,61,7609.448063701427
Weekly Temperature,Treated,2025-05-13,61,43356.29239807431
Weekly Temperature,Treated,2025-05-13,61,8327.952626224094
Weekly Temperature,Treated,2025-05-13,61,19637.126372213508
Weekly Temperature,Treated,2025-05-13,61,20116.133289645084
Weekly Temperature,Treated,2025-05-13,61,17600.202761765202
Weekly Temperature,Treated,2025-05-13,61,10746.457599956322
Weekly Temperature,Treated,2025-05-13,61,7394.811048137565
Weekly Temperature,Treated,2025-05-13,61,44228.67948649685
Weekly Temperature,Treated,2025-05-13,61,44930.701578624314
Weekly Temperature,Treated,2025-05-13,61,39413.195733256005
Weekly Temperature,Treated,2025-05-13,61,33626.41487822709
Weekly Temperature,Treated,2025-05-13,61,38179.4654547711
Weekly Temperature,Treated,2025-05-13,61,25264.464705091115
Weekly Temperature,Treated,2025-05-13,61,16608.466230293736
Weekly Temperature,Treated,2025-05-13,61,12459.973706696748
Weekly Temperature,Treated,2025-05-13,61,36453.03136306981
Weekly Temperature,Treated,2025-05-13,61,23642.82682693452
Weekly Temperature,Treated,2025-05-13,61,8401.997754264186
Weekly Temperature,Treated,2025-05-13,61,39144.39912038542
Weekly Temperature,Treated,2025-05-13,61,28402.629194420017
Weekly Temperature,Treated,2025-05-13,61,39292.4040834889
Weekly Temperature,Treated,2025-05-13,61,21636.372333878204
Weekly Temperature,Treated,2025-05-13,61,18411.039264383024
Weekly Temperature,Treated,2025-05-13,61,9983.17473187507
Weekly Temperature,Treated,2025-05-13,61,8567.15896452801
Weekly Temperature,Treated,2025-05-13,61,13591.208684257184
Weekly Temperature,Treated,2025-05-13,61,75223.58039167208
Weekly Temperature,Treated,2025-05-13,61,25136.294089578932
Weekly Temperature,Treated,2025-05-13,61,29234.01214006378
Weekly Temperature,Treated,2025-05-13,61,13059.464615507259
Weekly Temperature,Treated,2025-05-13,61,11285.053527705502
Weekly Temperature,Treated,2025-05-13,61,8575.23751831153
Weekly Temperature,Treated,2025-05-13,61,18893.441597593883
Weekly Temperature,Treated,2025-05-13,61,10321.747094678265
Weekly Temperature,Treated,2025-05-13,61,6927.825845861865
Weekly Temperature,Treated,2025-05-13,61,24809.0158819848
Weekly Temperature,Treated,2025-05-13,61,26367.453555452474
Weekly Temperature,Treated,2025-05-13,61,16984.926502678605
Weekly Temperature,Treated,2025-05-13,61,28359.807734826387
Weekly Temperature,Treated,2025-05-13,61,44243.80770141499
Weekly Temperature,Treated,2025-05-13,61,7934.4235701573925
Weekly Temperature,Treated,2025-05-13,61,25041.406934058887
Weekly Temperature,Treated,2025-05-13,61,31435.680844588234
Weekly Temperature,Treated,2025-05-13,61,12707.780504448663
Weekly Temperature,Treated,2025-05-13,61,10615.038939528491
Weekly Temperature,Treated,2025-05-13,61,8508.089253386719
Weekly Temperature,Treated,2025-05-13,61,12115.003618192686
Weekly Temperature,Treated,2025-05-13,61,27909.230748561182
Weekly Temperature,Treated,2025-05-13,61,8010.975434889685
Weekly Temperature,Treated,2025-05-13,61,25331.80268637938
Weekly Temperature,Treated,2025-05-13,61,8436.541844389252
Weekly Temperature,Treated,2025-05-13,61,34631.62977893806
Weekly Temperature,Treated,2025-05-13,61,20132.561025377458
Weekly Temperature,Treated,2025-05-13,61,47842.769183567936
Weekly Temperature,Treated,2025-05-13,61,35006.484691903664
Weekly Temperature,Treated,2025-05-13,61,8508.089253386719
Weekly Temperature,Treated,2025-05-13,61,24473.098477236792
Weekly Temperature,Treated,2025-05-13,61,19505.46627500415
Weekly Temperature,Treated,2025-05-13,61,18927.705262733656
Weekly Temperature,Treated,2025-05-13,61,24210.449417736494
Weekly Temperature,Treated,2025-05-13,61,14739.332550714751
Weekly Temperature,Treated,2025-05-13,61,18801.65403107717
Daily Temperature,Treated,2025-05-13,62,35433.75505197851
Daily Temperature,Treated,2025-05-13,62,44281.64598341135
Daily Temperature,Treated,2025-05-13,62,33621.8357483236
Daily Temperature,Treated,2025-05-13,62,31964.93916815192
Daily Temperature,Treated,2025-05-13,62,42351.03768600583
Daily Temperature,Treated,2025-05-13,62,28670.050433143133
Daily Temperature,Treated,2025-05-13,62,39020.823289562686
Daily Temperature,Treated,2025-05-13,62,40830.3782237397
Daily Temperature,Treated,2025-05-13,62,15179.822818360128
Daily Temperature,Treated,2025-05-13,62,21871.804496698584
Daily Temperature,Treated,2025-05-13,62,14987.843176976585
Daily Temperature,Treated,2025-05-13,62,26149.46263233334
Daily Temperature,Treated,2025-05-13,62,22205.376071870178
Daily Temperature,Treated,2025-05-13,62,25358.776635029953
Daily Temperature,Treated,2025-05-13,62,18580.437320306955
Daily Temperature,Treated,2025-05-13,62,25563.022934827888
Daily Temperature,Treated,2025-05-13,62,25919.14180483976
Daily Temperature,Treated,2025-05-13,62,17156.031402488188
Daily Temperature,Treated,2025-05-13,62,29546.1082127614
Daily Temperature,Treated,2025-05-13,62,21854.297873610514
Daily Temperature,Treated,2025-05-13,62,17120.61687515945
Daily Temperature,Treated,2025-05-13,62,33416.27652063894
Daily Temperature,Treated,2025-05-13,62,27474.65327656064
Daily Temperature,Treated,2025-05-13,62,14183.165934421733
Daily Temperature,Treated,2025-05-13,62,17388.049169974238
Daily Temperature,Treated,2025-05-13,62,15032.993006817156
Daily Temperature,Treated,2025-05-13,62,34943.52830983079
Daily Temperature,Treated,2025-05-13,62,30455.498129086936
Daily Temperature,Treated,2025-05-13,62,30880.381069783627
Daily Temperature,Treated,2025-05-13,62,21913.42592455186
Daily Temperature,Treated,2025-05-13,62,47152.92709962653
Daily Temperature,Treated,2025-05-13,62,27999.16442985577
Daily Temperature,Treated,2025-05-13,62,18527.37295408471
Daily Temperature,Treated,2025-05-13,62,12092.68287311772
Daily Temperature,Treated,2025-05-13,62,50614.54118834001
Daily Temperature,Treated,2025-05-13,62,17341.271984299427
Daily Temperature,Treated,2025-05-13,62,14719.911265459104
Daily Temperature,Treated,2025-05-13,62,31158.508997993962
Daily Temperature,Treated,2025-05-13,62,30057.54367605376
Daily Temperature,Treated,2025-05-13,62,25708.9806645562
Daily Temperature,Treated,2025-05-13,62,51051.12255243704
Daily Temperature,Treated,2025-05-13,62,37671.48614990775
Daily Temperature,Treated,2025-05-13,62,44501.6085215668
Daily Temperature,Treated,2025-05-13,62,13452.4204691977
Daily Temperature,Treated,2025-05-13,62,27828.745359000284
Daily Temperature,Treated,2025-05-13,62,28894.613982063594
Daily Temperature,Treated,2025-05-13,62,31112.498807823886
Daily Temperature,Treated,2025-05-13,62,41017.19628203957
Daily Temperature,Treated,2025-05-13,62,47272.335028542366
Daily Temperature,Treated,2025-05-13,62,20060.765535036662
Weekly Temperature,Control,2025-05-13,63,19546.59995033125
Weekly Temperature,Control,2025-05-13,63,11448.044123039752
Weekly Temperature,Control,2025-05-13,63,23744.09422647816
Weekly Temperature,Control,2025-05-13,63,20668.94315929487
Weekly Temperature,Control,2025-05-13,63,18270.460500067213
Weekly Temperature,Control,2025-05-13,63,24477.872460072795
Weekly Temperature,Control,2025-05-13,63,12563.67566438847
Weekly Temperature,Control,2025-05-13,63,30807.585931606376
Weekly Temperature,Control,2025-05-13,63,30732.07729494486
Weekly Temperature,Control,2025-05-13,63,33968.158180896615
Weekly Temperature,Control,2025-05-13,63,17002.068429800012
Weekly Temperature,Control,2025-05-13,63,14984.563575221691
Weekly Temperature,Control,2025-05-13,63,68101.5894586727
Weekly Temperature,Control,2025-05-13,63,5176.76734298648
Weekly Temperature,Control,2025-05-13,63,41930.506323019144
Weekly Temperature,Control,2025-05-13,63,24578.29210463826
Weekly Temperature,Control,2025-05-13,63,32658.969978088448
Weekly Temperature,Control,2025-05-13,63,17389.88552929971
Weekly Temperature,Control,2025-05-13,63,33445.147797650716
Weekly Temperature,Control,2025-05-13,63,6493.942129282739
Weekly Temperature,Control,2025-05-13,63,8121.6546972874
Weekly Temperature,Control,2025-05-13,63,7039.324667756504
Weekly Temperature,Control,2025-05-13,63,24152.510516392045
Weekly Temperature,Control,2025-05-13,63,29309.39442150758
Weekly Temperature,Control,2025-05-13,63,22843.477400236658
Weekly Temperature,Control,2025-05-13,63,11860.181974025922
Weekly Temperature,Control,2025-05-13,63,19097.764621415823
Weekly Temperature,Control,2025-05-13,63,5351.94532717635
Weekly Temperature,Control,2025-05-13,63,13094.218961897363
Weekly Temperature,Control,2025-05-13,63,11777.284631835659
Weekly Temperature,Control,2025-05-13,63,13287.742344340117
Weekly Temperature,Control,2025-05-13,63,6900.2708367494515
Weekly Temperature,Control,2025-05-13,63,11885.618291081943
Weekly Temperature,Control,2025-05-13,63,10334.128668000154
Weekly Temperature,Control,2025-05-13,63,7633.139063349776
Weekly Temperature,Control,2025-05-13,63,12755.60790886719
Weekly Temperature,Control,2025-05-13,63,7276.304897818887
Weekly Temperature,Control,2025-05-13,63,8679.688486554604
Weekly Temperature,Control,2025-05-13,63,8076.732275871632
Weekly Temperature,Control,2025-05-13,63,9442.851142040694
Weekly Temperature,Control,2025-05-13,63,7713.00208734726
Weekly Temperature,Control,2025-05-13,63,13076.463336924533
Weekly Temperature,Control,2025-05-13,63,14876.642092187527
Weekly Temperature,Control,2025-05-13,63,15189.760505019378
Weekly Temperature,Control,2025-05-13,63,22776.78172870062
Weekly Temperature,Control,2025-05-13,63,50419.3545763491
Weekly Temperature,Control,2025-05-13,63,26241.276720548867
Weekly Temperature,Control,2025-05-13,63,4725.781948242405
Weekly Temperature,Control,2025-05-13,63,14753.911273847465
Weekly Temperature,Control,2025-05-13,63,78751.75339398345
Weekly Temperature,Control,2025-05-13,63,24048.725366267816
Weekly Temperature,Control,2025-05-13,63,17958.80478228507
Weekly Temperature,Control,2025-05-13,63,22189.87788843973
Weekly Temperature,Control,2025-05-13,63,22532.765328717207
Weekly Temperature,Control,2025-05-13,63,10735.618969788618
Weekly Temperature,Control,2025-05-13,63,27748.43973866358
Weekly Temperature,Control,2025-05-13,63,55942.79805085526
Weekly Temperature,Control,2025-05-13,63,5792.278599885233
Weekly Temperature,Control,2025-05-13,63,17674.456514216483
Weekly Temperature,Control,2025-05-13,63,22097.063359267653
Weekly Temperature,Control,2025-05-13,63,22729.394831348214
Weekly Temperature,Control,2025-05-13,63,38972.84841816369
Weekly Temperature,Control,2025-05-13,63,33260.101085700255
Weekly Temperature,Control,2025-05-13,63,17197.874177240323
Weekly Temperature,Control,2025-05-13,63,14028.116370507023
Weekly Temperature,Control,2025-05-13,63,28307.68669814757
Weekly Temperature,Control,2025-05-13,63,22983.00415393084
Weekly Temperature,Control,2025-05-13,63,26956.491046643445
Weekly Temperature,Control,2025-05-13,63,20069.985371733394
Weekly Temperature,Control,2025-05-13,63,7387.091561480109
Weekly Temperature,Control,2025-05-13,63,23043.327241655512
Weekly Temperature,Control,2025-05-13,63,10027.305122455846
Weekly Temperature,Control,2025-05-13,63,39044.82801979778
Weekly Temperature,Control,2025-05-13,63,41213.62693737613
Weekly Temperature,Control,2025-05-13,63,2900.1142522249966
Weekly Temperature,Control,2025-05-13,63,18677.21567962868
Weekly Temperature,Control,2025-05-13,63,12381.025685255241
Weekly Temperature,Control,2025-05-13,63,37455.16556933846
Weekly Temperature,Control,2025-05-13,63,16454.745969452688
Weekly Temperature,Control,2025-05-13,63,34734.83220008514
Weekly Temperature,Control,2025-05-13,63,7363.487743238648
Weekly Temperature,Control,2025-05-13,63,15056.018018197155
Weekly Temperature,Control,2025-05-13,63,15443.16862499675
Weekly Temperature,Control,2025-05-13,63,7326.988250999701
Weekly Temperature,Control,2025-05-13,64,7157.79625406724
Weekly Temperature,Control,2025-05-13,64,13380.043863931724
Weekly Temperature,Control,2025-05-13,64,12211.617920192277
Weekly Temperature,Control,2025-05-13,64,28680.841661273058
Weekly Temperature,Control,2025-05-13,64,12828.332602656774
Weekly Temperature,Control,2025-05-13,64,45395.82913228421
Weekly Temperature,Control,2025-05-13,64,10886.176695709675
Weekly Temperature,Control,2025-05-13,64,8370.733569559316
Weekly Temperature,Control,2025-05-13,64,17641.012789208376
Weekly Temperature,Control,2025-05-13,64,17335.77510573026
Weekly Temperature,Control,2025-05-13,64,18802.628695621133
Weekly Temperature,Control,2025-05-13,64,19216.40999335745
Weekly Temperature,Control,2025-05-13,64,8614.093568161326
Weekly Temperature,Control,2025-05-13,64,13162.451109743366
Weekly Temperature,Control,2025-05-13,64,17769.476674753558
Weekly Temperature,Control,2025-05-13,64,18732.551573455752
Weekly Temperature,Control,2025-05-13,64,24280.354695249465
Weekly Temperature,Control,2025-05-13,64,11128.397176950293
Weekly Temperature,Control,2025-05-13,64,10963.666115755685
Weekly Temperature,Control,2025-05-13,64,13610.25262950521
Weekly Temperature,Control,2025-05-13,64,25057.202232866253
Weekly Temperature,Control,2025-05-13,64,8231.898250678958
Weekly Temperature,Control,2025-05-13,64,25723.859793417363
Weekly Temperature,Control,2025-05-13,64,25155.79236912929
Weekly Temperature,Control,2025-05-13,64,11947.662020738875
Weekly Temperature,Control,2025-05-13,64,48222.00477674852
Weekly Temperature,Control,2025-05-13,64,9368.966228778929
Weekly Temperature,Control,2025-05-13,64,12372.513431721634
Weekly Temperature,Control,2025-05-13,64,20664.751580527638
Weekly Temperature,Control,2025-05-13,64,19438.390551641583
Weekly Temperature,Control,2025-05-13,64,17601.12946120051
Weekly Temperature,Control,2025-05-13,64,24139.51852750736
Weekly Temperature,Control,2025-05-13,64,3864.079381635098
Weekly Temperature,Control,2025-05-13,64,18781.195002310633
Weekly Temperature,Control,2025-05-13,64,28266.310097147685
Weekly Temperature,Control,2025-05-13,64,12006.482701363553
Weekly Temperature,Control,2025-05-13,64,7367.818946587326
Weekly Temperature,Control,2025-05-13,64,13288.49081549677
Weekly Temperature,Control,2025-05-13,64,16025.085438784527
Weekly Temperature,Control,2025-05-13,64,21495.618734127896
Weekly Temperature,Control,2025-05-13,64,11112.691160397611
Weekly Temperature,Control,2025-05-13,64,25355.097064339934
Weekly Temperature,Control,2025-05-13,64,13939.430122992231
Weekly Temperature,Control,2025-05-13,64,17128.784504469182
Weekly Temperature,Control,2025-05-13,64,19088.8888775091
Weekly Temperature,Control,2025-05-13,64,12593.834801113964
Weekly Temperature,Control,2025-05-13,64,25226.571503343817
Weekly Temperature,Control,2025-05-13,64,7511.809971006378
Weekly Temperature,Control,2025-05-13,64,25057.202232866253
Weekly Temperature,Control,2025-05-13,64,4615.181478113572
Weekly Temperature,Control,2025-05-13,64,14403.845841864071
Weekly Temperature,Control,2025-05-13,64,28680.841661273058
Weekly Temperature,Control,2025-05-13,64,32627.64570490674
Weekly Temperature,Control,2025-05-13,64,11775.234887097806
Weekly Temperature,Control,2025-05-13,64,18119.331087827497
Weekly Temperature,Control,2025-05-13,64,6161.437204239849
Weekly Temperature,Control,2025-05-13,64,4251.349780861762
Weekly Temperature,Control,2025-05-13,64,23647.47548900182
Weekly Temperature,Control,2025-05-13,64,19740.110862761925
Weekly Temperature,Control,2025-05-13,64,20545.56547111965
Weekly Temperature,Control,2025-05-13,64,58437.279262880744
Weekly Temperature,Control,2025-05-13,64,41220.783711148346
Weekly Temperature,Control,2025-05-13,64,25780.958071695415
Weekly Temperature,Control,2025-05-13,64,24680.230340355647
Weekly Temperature,Control,2025-05-13,64,41881.567476409815
Weekly Temperature,Control,2025-05-13,64,28761.876206579633
Weekly Temperature,Control,2025-05-13,64,10687.26424537185
Weekly Temperature,Control,2025-05-13,64,32901.40108810681
Weekly Temperature,Control,2025-05-13,64,13822.614468570133
Weekly Temperature,Control,2025-05-13,64,37604.82239641325
Weekly Temperature,Control,2025-05-13,64,13412.426024440052
Weekly Temperature,Control,2025-05-13,64,25818.24877874693
Weekly Temperature,Control,2025-05-13,64,49789.60118188666
Weekly Temperature,Control,2025-05-13,64,14747.430490701794
Weekly Temperature,Control,2025-05-13,64,44283.53856310061
Weekly Temperature,Control,2025-05-13,64,12999.732524143248
Weekly Temperature,Control,2025-05-13,64,6709.195461545185
Weekly Temperature,Control,2025-05-13,64,13343.215408244003
Weekly Temperature,Control,2025-05-13,64,15947.579673436856
Weekly Temperature,Control,2025-05-13,64,21469.71056110226
Weekly Temperature,Control,2025-05-13,64,30461.152069830976
Weekly Temperature,Control,2025-05-13,64,14662.570337119363
Weekly Temperature,Control,2025-05-13,64,13500.078357481261
Weekly Temperature,Control,2025-05-13,64,36948.16278834255
Weekly Temperature,Control,2025-05-13,64,10957.840078128786
Weekly Temperature,Control,2025-05-13,64,13345.468005122926
Weekly Temperature,Control,2025-05-13,64,20886.749397427113
Weekly Temperature,Control,2025-05-13,64,15940.704105004883
Weekly Temperature,Treated,2025-05-13,65,23478.254846849915
Weekly Temperature,Treated,2025-05-13,65,19855.70031517408
Weekly Temperature,Treated,2025-05-13,65,16028.53678036992
Weekly Temperature,Treated,2025-05-13,65,17905.225234661444
Weekly Temperature,Treated,2025-05-13,65,27435.525990626968
Weekly Temperature,Treated,2025-05-13,65,14066.366999733846
Weekly Temperature,Treated,2025-05-13,65,61698.84376830604
Weekly Temperature,Treated,2025-05-13,65,44924.95908351989
Weekly Temperature,Treated,2025-05-13,65,30298.925822639612
Weekly Temperature,Treated,2025-05-13,65,46598.81701020197
Weekly Temperature,Treated,2025-05-13,65,12519.970252697954
Weekly Temperature,Treated,2025-05-13,65,81643.37302638707
Weekly Temperature,Treated,2025-05-13,65,31367.655206665415
Weekly Temperature,Treated,2025-05-13,65,15027.240935270798
Weekly Temperature,Treated,2025-05-13,65,45053.34531959891
Weekly Temperature,Treated,2025-05-13,65,43428.93801310325
Weekly Temperature,Treated,2025-05-13,65,41027.89175879821
Weekly Temperature,Treated,2025-05-13,65,36410.78717924419
Weekly Temperature,Treated,2025-05-13,65,22394.23331694902
Weekly Temperature,Treated,2025-05-13,65,34499.06953261961
Weekly Temperature,Treated,2025-05-13,65,26111.802860137108
Weekly Temperature,Treated,2025-05-13,65,29041.445689547396
Weekly Temperature,Treated,2025-05-13,65,24711.476481611095
Weekly Temperature,Treated,2025-05-13,65,47989.74630061204
Weekly Temperature,Treated,2025-05-13,65,27241.832114273984
Weekly Temperature,Treated,2025-05-13,65,26335.865488961153
Weekly Temperature,Treated,2025-05-13,65,33728.80862110449
Weekly Temperature,Treated,2025-05-13,65,14743.381098687933
Weekly Temperature,Treated,2025-05-13,65,28230.310584109546
Weekly Temperature,Treated,2025-05-13,65,21109.50793207093
Weekly Temperature,Treated,2025-05-13,65,29395.92644520861
Weekly Temperature,Treated,2025-05-13,65,13885.958380443732
Weekly Temperature,Treated,2025-05-13,65,16373.907943332477
Weekly Temperature,Treated,2025-05-13,65,39969.08691773099
Weekly Temperature,Treated,2025-05-13,65,19502.45909903552
Weekly Temperature,Treated,2025-05-13,65,12781.752822576433
Weekly Temperature,Treated,2025-05-13,65,12503.520995503446
Weekly Temperature,Treated,2025-05-13,65,42831.99284119296
Weekly Temperature,Treated,2025-05-13,65,6005.550400735035
Weekly Temperature,Treated,2025-05-13,65,25211.914950017694
Weekly Temperature,Treated,2025-05-13,65,35047.45369589101
Weekly Temperature,Treated,2025-05-13,65,22745.182026596372
Weekly Temperature,Treated,2025-05-13,65,12913.817675611657
Weekly Temperature,Treated,2025-05-13,65,14745.810632603196
Weekly Temperature,Treated,2025-05-13,65,24719.894115371713
Weekly Temperature,Treated,2025-05-13,65,22271.891155125195
Weekly Temperature,Treated,2025-05-13,65,10401.804103161168
Weekly Temperature,Treated,2025-05-13,65,51958.91556757959
Weekly Temperature,Treated,2025-05-13,65,10219.408762895784
Weekly Temperature,Treated,2025-05-13,65,36171.04683174105
Weekly Temperature,Treated,2025-05-13,65,32417.93000389698
Weekly Temperature,Treated,2025-05-13,65,37574.85376281258
Weekly Temperature,Treated,2025-05-13,65,38706.40266413305
Weekly Temperature,Treated,2025-05-13,65,16868.890044392032
Weekly Temperature,Treated,2025-05-13,65,43535.283872299624
Weekly Temperature,Treated,2025-05-13,65,35876.31477299633
Weekly Temperature,Treated,2025-05-13,65,12195.475327731312
Weekly Temperature,Treated,2025-05-13,65,49227.71448548624
Weekly Temperature,Treated,2025-05-13,65,24187.970610020984
Weekly Temperature,Treated,2025-05-13,65,23003.477592749867
Weekly Temperature,Treated,2025-05-13,65,26313.140195050284
Weekly Temperature,Treated,2025-05-13,65,7709.516955418557
Weekly Temperature,Treated,2025-05-13,65,41615.90632968146
Weekly Temperature,Treated,2025-05-13,65,4471.319641134214
Weekly Temperature,Treated,2025-05-13,65,4356.561809566342
Weekly Temperature,Treated,2025-05-13,65,16351.117335691979
Weekly Temperature,Treated,2025-05-13,65,16236.655005335539
Weekly Temperature,Treated,2025-05-13,65,20424.83037452716
Weekly Temperature,Treated,2025-05-13,65,17272.65651158498
Weekly Temperature,Treated,2025-05-13,65,32422.381100745693
Weekly Temperature,Treated,2025-05-13,65,11364.665954130049
Weekly Temperature,Treated,2025-05-13,65,21742.94615552929
Weekly Temperature,Treated,2025-05-13,65,31863.80740833773
Weekly Temperature,Treated,2025-05-13,65,37888.78061888262
Weekly Temperature,Treated,2025-05-13,65,22280.7713953578
Weekly Temperature,Treated,2025-05-13,65,20115.106897475292
Weekly Temperature,Treated,2025-05-13,65,34511.52892030376
Weekly Temperature,Treated,2025-05-13,65,26878.14032551505
Weekly Temperature,Treated,2025-05-13,65,36404.2914638713
Weekly Temperature,Treated,2025-05-13,65,10903.575825817086
Weekly Temperature,Treated,2025-05-13,65,6315.550724618659
Weekly Temperature,Treated,2025-05-13,65,13582.074758853993
Weekly Temperature,Treated,2025-05-13,65,24569.91168728212
Weekly Temperature,Treated,2025-05-13,65,20035.171911650323
Weekly Temperature,Treated,2025-05-13,65,13181.782740012208
Weekly Temperature,Treated,2025-05-13,65,28350.44720896062
Weekly Temperature,Treated,2025-05-13,65,8998.17638453966
Weekly Temperature,Treated,2025-05-13,65,36521.35269635031
Weekly Temperature,Treated,2025-05-13,65,22895.581602630125
Weekly Temperature,Treated,2025-05-13,65,21370.61802076755
Weekly Temperature,Treated,2025-05-13,65,24432.54860520291
Weekly Temperature,Treated,2025-05-13,65,42252.43728095295
Weekly Temperature,Treated,2025-05-13,65,15621.780225879973
Weekly Temperature,Treated,2025-05-13,65,17231.58677832499
Weekly Temperature,Treated,2025-05-13,65,14566.844047426868
Weekly Temperature,Treated,2025-05-13,65,17355.019999481745
Weekly Temperature,Treated,2025-05-13,65,11104.844403927887
Weekly Temperature,Treated,2025-05-13,65,26242.536174781177
Weekly Temperature,Treated,2025-05-13,65,31622.97846688527
Weekly Temperature,Treated,2025-05-13,65,13005.622780752752
Weekly Temperature,Treated,2025-05-13,65,34049.77577784347
Weekly Temperature,Treated,2025-05-13,65,25742.46805532416
Weekly Temperature,Treated,2025-05-13,65,22277.440986257043
Weekly Temperature,Control,2025-05-13,66,18347.82037464144
Weekly Temperature,Control,2025-05-13,66,9061.445584048573
Weekly Temperature,Control,2025-05-13,66,11983.620578069533
Weekly Temperature,Control,2025-05-13,66,12521.401394478235
Weekly Temperature,Control,2025-05-13,66,24357.54903062071
Weekly Temperature,Control,2025-05-13,66,17107.01076135868
Weekly Temperature,Control,2025-05-13,66,23512.94982916966
Weekly Temperature,Control,2025-05-13,66,24349.22671528481
Weekly Temperature,Control,2025-05-13,66,17059.906742319752
Weekly Temperature,Control,2025-05-13,66,30023.98140892943
Weekly Temperature,Control,2025-05-13,66,9065.375801493507
Weekly Temperature,Control,2025-05-13,66,14856.26907594113
Weekly Temperature,Control,2025-05-13,66,16655.505747979845
Weekly Temperature,Control,2025-05-13,66,21032.92916211234
Weekly Temperature,Control,2025-05-13,66,21792.018032883738
Weekly Temperature,Control,2025-05-13,66,51716.88815832952
Weekly Temperature,Control,2025-05-13,66,42099.416172205776
Weekly Temperature,Control,2025-05-13,66,14846.497555796668
Weekly Temperature,Control,2025-05-13,66,46928.685165644056
Weekly Temperature,Control,2025-05-13,66,12877.233095928255
Weekly Temperature,Control,2025-05-13,66,43283.742013724535
Weekly Temperature,Control,2025-05-13,66,24809.0158819848
Weekly Temperature,Control,2025-05-13,66,7243.927939469716
Weekly Temperature,Control,2025-05-13,66,9834.934601887924
Weekly Temperature,Control,2025-05-13,66,4202.31074225679
Weekly Temperature,Control,2025-05-13,66,18932.6039505403
Weekly Temperature,Control,2025-05-13,66,14255.649571907337
Weekly Temperature,Control,2025-05-13,66,24317.14689092507
Weekly Temperature,Control,2025-05-13,66,42859.65731015245
Weekly Temperature,Control,2025-05-13,66,36793.99993389648
Weekly Temperature,Control,2025-05-13,66,19915.72621869468
Weekly Temperature,Control,2025-05-13,66,13390.580391131583
Weekly Temperature,Control,2025-05-13,66,8207.883563803414
Weekly Temperature,Control,2025-05-13,66,5860.707741714035
Weekly Temperature,Control,2025-05-13,66,16467.95485205997
Weekly Temperature,Control,2025-05-13,66,13912.287317826307
Weekly Temperature,Control,2025-05-13,66,16332.727181542958
Weekly Temperature,Control,2025-05-13,66,6542.75047363044
Weekly Temperature,Control,2025-05-13,66,7648.4685312976135
Weekly Temperature,Control,2025-05-13,66,26996.37624861981
Weekly Temperature,Control,2025-05-13,66,19307.752914793404
Weekly Temperature,Control,2025-05-13,66,3219.4697621407454
Weekly Temperature,Control,2025-05-13,66,15270.27173652956
Weekly Temperature,Control,2025-05-13,66,5092.967011512916
Weekly Temperature,Control,2025-05-13,66,29986.25861254288
Weekly Temperature,Control,2025-05-13,66,18846.528622156748
Weekly Temperature,Control,2025-05-13,66,6756.480672824486
Weekly Temperature,Control,2025-05-13,66,19798.85491282224
Weekly Temperature,Control,2025-05-13,66,27670.937832643656
Weekly Temperature,Control,2025-05-13,66,12586.649101855208
Weekly Temperature,Control,2025-05-13,66,22950.048672877514
Weekly Temperature,Control,2025-05-13,66,18281.905461475853
Weekly Temperature,Control,2025-05-13,66,42479.12104298058
Weekly Temperature,Control,2025-05-13,66,13045.434797765758
Weekly Temperature,Control,2025-05-13,66,31812.603818198786
Weekly Temperature,Control,2025-05-13,66,17778.81332870741
Weekly Temperature,Control,2025-05-13,66,26697.70844490993
Weekly Temperature,Control,2025-05-13,66,9520.665049126668
Weekly Temperature,Control,2025-05-13,66,25716.41939796271
Weekly Temperature,Control,2025-05-13,66,18678.185405972086
Weekly Temperature,Control,2025-05-13,66,23961.7178392148
Weekly Temperature,Control,2025-05-13,66,22165.5404055241
Weekly Temperature,Control,2025-05-13,66,15837.841003132718
Weekly Temperature,Control,2025-05-13,66,18934.5636972685
Weekly Temperature,Control,2025-05-13,66,21534.526015974945
Weekly Temperature,Control,2025-05-13,66,46756.609790835915
Weekly Temperature,Control,2025-05-13,66,35268.69852853823
Weekly Temperature,Control,2025-05-13,66,23235.34587909497
Weekly Temperature,Control,2025-05-13,66,19580.761167707315
Weekly Temperature,Control,2025-05-13,66,27067.252618279064
Weekly Temperature,Control,2025-05-13,66,19025.86348874332
Weekly Temperature,Control,2025-05-13,66,22221.99050304877
Weekly Temperature,Control,2025-05-13,66,18767.565114161247
Weekly Temperature,Control,2025-05-13,66,5214.001081871257
Weekly Temperature,Control,2025-05-13,66,48453.114212735534
Weekly Temperature,Control,2025-05-13,66,25133.85762496926
Weekly Temperature,Control,2025-05-13,66,10408.029459266314
Weekly Temperature,Control,2025-05-13,66,13022.568506143956
Weekly Temperature,Control,2025-05-13,66,16373.030934377972
Weekly Temperature,Control,2025-05-13,66,19773.517801060843
Weekly Temperature,Control,2025-05-13,66,3570.537039658821
Weekly Temperature,Control,2025-05-13,66,6043.311447221269
Weekly Temperature,Control,2025-05-13,66,28181.035589012605
Weekly Temperature,Control,2025-05-13,66,20949.150789421063
Weekly Temperature,Control,2025-05-13,66,10800.774051946652
Weekly Temperature,Control,2025-05-13,66,32971.99724519456
Weekly Temperature,Control,2025-05-13,66,12849.481234247458
Weekly Temperature,Control,2025-05-13,66,17969.15877740436
Weekly Temperature,Control,2025-05-13,66,34506.856239396344
Weekly Temperature,Control,2025-05-13,66,28574.41604504517
Weekly Temperature,Control,2025-05-13,66,12747.627248731626
Weekly Temperature,Control,2025-05-13,66,25976.57450089321
Weekly Temperature,Control,2025-05-13,66,57448.21866690489
Weekly Temperature,Control,2025-05-13,66,23544.209064653114
Weekly Temperature,Control,2025-05-13,66,19954.460532949175
Weekly Temperature,Control,2025-05-13,66,10129.420462541788
Weekly Temperature,Control,2025-05-13,66,24114.730598934642
Weekly Temperature,Control,2025-05-13,66,6768.22726382861
Weekly Temperature,Control,2025-05-13,66,23112.906480160673
Daily Temperature,Treated,2025-05-13,67,33390.460764272626
Daily Temperature,Treated,2025-05-13,67,42164.94343166756
Daily Temperature,Treated,2025-05-13,67,20660.56065397162
Daily Temperature,Treated,2025-05-13,67,12987.958060243103
Daily Temperature,Treated,2025-05-13,67,10850.798543843104
Daily Temperature,Treated,2025-05-13,67,14839.17211854213
Daily Temperature,Treated,2025-05-13,67,23584.77792648148
Daily Temperature,Treated,2025-05-13,67,16512.04280777008
Daily Temperature,Treated,2025-05-13,67,17863.949158480864
Daily Temperature,Treated,2025-05-13,67,19629.06660023628
Daily Temperature,Treated,2025-05-13,67,11937.994780402443
Daily Temperature,Treated,2025-05-13,67,22793.724030625708
Daily Temperature,Treated,2025-05-13,67,11862.242848694395
Daily Temperature,Treated,2025-05-13,67,24331.40056503428
Daily Temperature,Treated,2025-05-13,67,11339.409791368358
Daily Temperature,Treated,2025-05-13,67,22454.48100621574
Daily Temperature,Treated,2025-05-13,67,9570.272440186744
Daily Temperature,Treated,2025-05-13,67,18294.310352579185
Daily Temperature,Treated,2025-05-13,67,13811.05088980618
Daily Temperature,Treated,2025-05-13,67,24879.041183214646
Daily Temperature,Treated,2025-05-13,67,37526.610173716304
Daily Temperature,Treated,2025-05-13,67,25471.817108343428
Daily Temperature,Treated,2025-05-13,67,20948.091948088004
Daily Temperature,Treated,2025-05-13,67,19612.95465852894
Daily Temperature,Treated,2025-05-13,67,15202.189563737746
Daily Temperature,Treated,2025-05-13,67,17107.01076135868
Daily Temperature,Treated,2025-05-13,67,22218.66685237894
Daily Temperature,Treated,2025-05-13,67,16596.94371269488
Daily Temperature,Treated,2025-05-13,67,20459.12189053627
Daily Temperature,Treated,2025-05-13,67,11127.74242661992
Daily Temperature,Treated,2025-05-13,67,11371.31934076296
Daily Temperature,Treated,2025-05-13,67,10982.454737353217
Daily Temperature,Treated,2025-05-13,67,15888.35204195823
Daily Temperature,Treated,2025-05-13,67,6424.060312175679
Daily Temperature,Treated,2025-05-13,67,23671.89251816279
Daily Temperature,Treated,2025-05-13,67,6860.00330901716
Daily Temperature,Treated,2025-05-13,67,11144.119875565819
Daily Temperature,Treated,2025-05-13,67,18601.69557715533
Daily Temperature,Treated,2025-05-13,67,17548.3670093811
Daily Temperature,Treated,2025-05-13,67,24448.046845541212
Daily Temperature,Treated,2025-05-13,67,20660.56065397162
Daily Temperature,Treated,2025-05-13,67,6867.3117403110045
Daily Temperature,Treated,2025-05-13,67,20118.186194432103
Daily Temperature,Treated,2025-05-13,67,16913.79344432331
Daily Temperature,Treated,2025-05-13,67,7237.275348627852
Daily Temperature,Treated,2025-05-13,67,29698.27020161489
Daily Temperature,Treated,2025-05-13,67,9749.275122167172
Weekly Temperature,Treated,2025-05-13,71,70288.88948953766
Weekly Temperature,Treated,2025-05-13,71,20769.736907506947
Weekly Temperature,Treated,2025-05-13,71,34612.89138592605
Weekly Temperature,Treated,2025-05-13,71,18350.690355296294
Weekly Temperature,Treated,2025-05-13,71,15375.337076149048
Weekly Temperature,Treated,2025-05-13,71,27865.667133980573
Weekly Temperature,Treated,2025-05-13,71,34605.08605284465
Weekly Temperature,Treated,2025-05-13,71,29662.249931327777
Weekly Temperature,Treated,2025-05-13,71,9367.815215515124
Weekly Temperature,Treated,2025-05-13,71,26700.261196916388
Weekly Temperature,Treated,2025-05-13,71,16054.4398797262
Weekly Temperature,Treated,2025-05-13,71,11967.014200245592
Weekly Temperature,Treated,2025-05-13,71,7322.195675147068
Weekly Temperature,Treated,2025-05-13,71,15935.54890924595
Weekly Temperature,Treated,2025-05-13,71,19091.847107937127
Weekly Temperature,Treated,2025-05-13,71,17433.08259661444
Weekly Temperature,Treated,2025-05-13,71,13130.526622049154
Weekly Temperature,Treated,2025-05-13,71,42900.257175285005
Weekly Temperature,Treated,2025-05-13,71,15836.130908345966
Weekly Temperature,Treated,2025-05-13,71,21437.35908272451
Weekly Temperature,Treated,2025-05-13,71,12626.208786177118
Weekly Temperature,Treated,2025-05-13,71,6319.418022801065
Weekly Temperature,Treated,2025-05-13,71,8712.352539652067
Weekly Temperature,Treated,2025-05-13,71,17458.855915204455
Weekly Temperature,Treated,2025-05-13,71,6978.091910348571
Weekly Temperature,Treated,2025-05-13,71,16581.884997308636
Weekly Temperature,Treated,2025-05-13,71,17594.643347326
Weekly Temperature,Treated,2025-05-13,71,6108.449959688343
Weekly Temperature,Treated,2025-05-13,71,5180.8535276838
Weekly Temperature,Treated,2025-05-13,71,12613.971237775622
Weekly Temperature,Treated,2025-05-13,71,3165.497362874379
Weekly Temperature,Treated,2025-05-13,71,16799.91662619806
Weekly Temperature,Treated,2025-05-13,71,18961.035473612952
Weekly Temperature,Treated,2025-05-13,71,22500.30782407975
Weekly Temperature,Treated,2025-05-13,71,14727.191969761741
Weekly Temperature,Treated,2025-05-13,71,15147.559448259739
Weekly Temperature,Treated,2025-05-13,71,25970.327059145406
Weekly Temperature,Treated,2025-05-13,71,16346.737297862921
Weekly Temperature,Treated,2025-05-13,71,10484.830139702766
Weekly Temperature,Treated,2025-05-13,71,26229.943734094417
Weekly Temperature,Treated,2025-05-13,71,19336.61458304163
Weekly Temperature,Treated,2025-05-13,71,5183.083347266054
Weekly Temperature,Treated,2025-05-13,71,28021.682862514273
Weekly Temperature,Treated,2025-05-13,71,17454.251405428487
Weekly Temperature,Treated,2025-05-13,71,16282.0171530981
Weekly Temperature,Treated,2025-05-13,71,26871.725952786364
Weekly Temperature,Treated,2025-05-13,71,18565.953709682803
Weekly Temperature,Treated,2025-05-13,71,60204.65929154031
Weekly Temperature,Treated,2025-05-13,71,11123.814532786506
Weekly Temperature,Treated,2025-05-13,71,14327.621299447215
Weekly Temperature,Treated,2025-05-13,71,11706.383475723287
Weekly Temperature,Treated,2025-05-13,71,6997.068870899416
Weekly Temperature,Treated,2025-05-13,71,19208.482794385367
Weekly Temperature,Treated,2025-05-13,71,19708.7679944236
Weekly Temperature,Treated,2025-05-13,71,13627.790893993379
Weekly Temperature,Treated,2025-05-13,71,7570.575347512132
Weekly Temperature,Treated,2025-05-13,71,9541.65171066319
Weekly Temperature,Treated,2025-05-13,71,9989.211376572666
Weekly Temperature,Treated,2025-05-13,71,12731.677243598011
Weekly Temperature,Treated,2025-05-13,71,13493.262276978292
Weekly Temperature,Treated,2025-05-13,71,5740.0407851107975
Weekly Temperature,Treated,2025-05-13,71,5541.166209896581
Weekly Temperature,Treated,2025-05-13,71,12341.339610786315
Weekly Temperature,Treated,2025-05-13,71,12802.843425955669
Weekly Temperature,Treated,2025-05-13,71,24216.36756913521
Weekly Temperature,Treated,2025-05-13,71,22559.653939183947
Weekly Temperature,Treated,2025-05-13,71,16848.265027008936
Weekly Temperature,Treated,2025-05-13,71,14611.028159212487
Weekly Temperature,Treated,2025-05-13,71,6110.546224722215
Weekly Temperature,Treated,2025-05-13,71,17936.230067061064
Weekly Temperature,Treated,2025-05-13,71,5933.830571955477
Weekly Temperature,Treated,2025-05-13,71,11125.778349391143
Weekly Temperature,Treated,2025-05-13,71,14554.811449857585
Weekly Temperature,Treated,2025-05-13,71,15194.731201619967
Weekly Temperature,Treated,2025-05-13,71,12642.779735998603
Weekly Temperature,Treated,2025-05-13,71,17377.95183872208
Weekly Temperature,Treated,2025-05-13,71,17719.123425481604
Weekly Temperature,Treated,2025-05-13,71,8895.306177209015
Weekly Temperature,Treated,2025-05-13,71,9845.084222037956
Weekly Temperature,Treated,2025-05-13,71,4963.902016189421
Weekly Temperature,Treated,2025-05-13,71,3696.712809767284
Weekly Temperature,Treated,2025-05-13,71,13749.502155949098
Weekly Temperature,Treated,2025-05-13,71,7425.748736992122
Weekly Temperature,Treated,2025-05-13,71,13822.614468570133
Weekly Temperature,Treated,2025-05-13,71,17449.64782253645
Weekly Temperature,Treated,2025-05-13,71,20530.965019990927
Weekly Temperature,Treated,2025-05-13,71,7453.868712133348
Weekly Temperature,Treated,2025-05-13,71,25845.62176333092
Weekly Temperature,Treated,2025-05-13,71,12157.63857732951
Weekly Temperature,Treated,2025-05-13,71,25293.8315382226
Weekly Temperature,Treated,2025-05-13,71,7795.9924594810345
Weekly Temperature,Treated,2025-05-13,71,16794.551117693314
Weekly Temperature,Treated,2025-05-13,71,35173.746488198776
Weekly Temperature,Treated,2025-05-13,71,23036.49210227779
Weekly Temperature,Treated,2025-05-13,71,56639.87373357213
Weekly Temperature,Treated,2025-05-13,71,9744.532689577081
Daily Temperature,Treated,2025-05-13,72,67603.55741217233
Daily Temperature,Treated,2025-05-13,72,10127.590171738622
Daily Temperature,Treated,2025-05-13,72,20686.764647024665
Daily Temperature,Treated,2025-05-13,72,15116.998793421244
Daily Temperature,Treated,2025-05-13,72,14085.13081457961
Daily Temperature,Treated,2025-05-13,72,33975.85144244163
Daily Temperature,Treated,2025-05-13,72,53922.98440933801
Daily Temperature,Treated,2025-05-13,72,10596.093323123376
Daily Temperature,Treated,2025-05-13,72,27642.08173647834
Daily Temperature,Treated,2025-05-13,72,21943.036018339786
Daily Temperature,Treated,2025-05-13,72,33518.17220935915
Daily Temperature,Treated,2025-05-13,72,21392.129933057702
Daily Temperature,Treated,2025-05-13,72,31325.739009362704
Daily Temperature,Treated,2025-05-13,72,31262.22510028862
Daily Temperature,Treated,2025-05-13,72,28582.488251940733
Daily Temperature,Treated,2025-05-13,72,20783.41500153786
Daily Temperature,Treated,2025-05-13,72,20902.600615205425
Daily Temperature,Treated,2025-05-13,72,57015.20746262576
Daily Temperature,Treated,2025-05-13,72,39292.4040834889
Daily Temperature,Treated,2025-05-13,72,27353.49902219485
Daily Temperature,Treated,2025-05-13,72,22446.664095908152
Daily Temperature,Treated,2025-05-13,72,29164.246567095077
Daily Temperature,Treated,2025-05-13,72,22197.62594014649
Daily Temperature,Treated,2025-05-13,72,13049.125749847028
Daily Temperature,Treated,2025-05-13,72,23614.94963599551
Daily Temperature,Treated,2025-05-13,72,16565.06699078978
Daily Temperature,Treated,2025-05-13,72,12294.690040783744
Daily Temperature,Treated,2025-05-13,72,33823.77703002239
Daily Temperature,Treated,2025-05-13,72,25728.82098055
Daily Temperature,Treated,2025-05-13,72,23796.604865541085
Daily Temperature,Treated,2025-05-13,72,33958.92805684314
Daily Temperature,Treated,2025-05-13,72,12887.468873547385
Daily Temperature,Treated,2025-05-13,72,26325.76348665719
Daily Temperature,Treated,2025-05-13,72,24504.142203898195
Daily Temperature,Treated,2025-05-13,72,9013.263741105144
Daily Temperature,Treated,2025-05-13,72,14332.376350862567
Daily Temperature,Treated,2025-05-13,72,12801.388058152083
Daily Temperature,Treated,2025-05-13,72,19134.286981719895
Daily Temperature,Treated,2025-05-13,72,21542.09759870997
Daily Temperature,Treated,2025-05-13,72,15860.941037454197
Daily Temperature,Treated,2025-05-13,72,29838.51702590517
Daily Temperature,Treated,2025-05-13,72,17611.325613679597
Daily Temperature,Treated,2025-05-13,72,12032.15507054972
Daily Temperature,Treated,2025-05-13,72,14600.575476939415
Daily Temperature,Control,2025-05-13,73,38390.57918136357
Daily Temperature,Control,2025-05-13,73,26935.92297359329
Daily Temperature,Control,2025-05-13,73,41689.86928963698
Daily Temperature,Control,2025-05-13,73,11480.85363092811
Daily Temperature,Control,2025-05-13,73,6299.670122250911
Daily Temperature,Control,2025-05-13,73,15691.285482430907
Daily Temperature,Control,2025-05-13,73,30297.518105949133
Daily Temperature,Control,2025-05-13,73,33922.027079701875
Daily Temperature,Control,2025-05-13,73,19329.644951106235
Daily Temperature,Control,2025-05-13,73,23515.264231229634
Daily Temperature,Control,2025-05-13,73,16183.564444049023
Daily Temperature,Control,2025-05-13,73,10225.552102160711
Daily Temperature,Control,2025-05-13,73,22845.74090101621
Daily Temperature,Control,2025-05-13,73,27091.77059624942
Daily Temperature,Control,2025-05-13,73,41830.863311917376
Daily Temperature,Control,2025-05-13,73,23663.751351462353
Daily Temperature,Control,2025-05-13,73,23752.25667888717
Daily Temperature,Control,2025-05-13,73,43475.5558472757
Daily Temperature,Control,2025-05-13,73,16154.030408739569
Daily Temperature,Control,2025-05-13,73,20773.944815862887
Daily Temperature,Control,2025-05-13,73,12533.571086248914
Daily Temperature,Control,2025-05-13,73,23880.8079524597
Daily Temperature,Control,2025-05-13,73,58444.34153917344
Daily Temperature,Control,2025-05-13,73,25174.082605425272
Daily Temperature,Control,2025-05-13,73,36967.87936237131
Daily Temperature,Control,2025-05-13,73,21867.426830848115
Daily Temperature,Control,2025-05-13,73,36565.32625725741
Daily Temperature,Control,2025-05-13,73,11255.967674477397
Daily Temperature,Control,2025-05-13,73,49995.358109031105
Daily Temperature,Control,2025-05-13,73,21765.835786009353
Daily Temperature,Control,2025-05-13,73,45137.81505660708
Daily Temperature,Control,2025-05-13,73,44806.40963614654
Daily Temperature,Control,2025-05-13,73,64200.04653011973
Daily Temperature,Control,2025-05-13,73,20994.71984339847
Daily Temperature,Control,2025-05-13,73,32166.476154950382
Daily Temperature,Control,2025-05-13,73,12032.15507054972
Daily Temperature,Control,2025-05-13,73,16542.957839674014
Daily Temperature,Control,2025-05-13,73,29340.962561058528
Daily Temperature,Control,2025-05-13,73,28311.693372997735
Daily Temperature,Control,2025-05-13,73,4777.768722655933
Daily Temperature,Control,2025-05-13,73,8624.369076923324
Daily Temperature,Control,2025-05-13,73,2242.24468120924
Weekly Temperature,Treated,2025-05-13,74,12947.54480769629
Weekly Temperature,Treated,2025-05-13,74,13025.517291629429
Weekly Temperature,Treated,2025-05-13,74,30931.84621305168
Weekly Temperature,Treated,2025-05-13,74,4458.313793360824
Weekly Temperature,Treated,2025-05-13,74,25807.05719542472
Weekly Temperature,Treated,2025-05-13,74,24920.16133219409
Weekly Temperature,Treated,2025-05-13,74,24973.453459271605
Weekly Temperature,Treated,2025-05-13,74,7912.579229252258
Weekly Temperature,Treated,2025-05-13,74,17952.218249631434
Weekly Temperature,Treated,2025-05-13,74,17397.232446648097
Weekly Temperature,Treated,2025-05-13,74,24412.29310774376
Weekly Temperature,Treated,2025-05-13,74,20087.409480897346
Weekly Temperature,Treated,2025-05-13,74,21485.900356550384
Weekly Temperature,Treated,2025-05-13,74,7074.7594773635265
Weekly Temperature,Treated,2025-05-13,74,13968.167551285092
Weekly Temperature,Treated,2025-05-13,74,36852.98162483382
Weekly Temperature,Treated,2025-05-13,74,16958.787921345454
Weekly Temperature,Treated,2025-05-13,74,16160.975898752935
Weekly Temperature,Treated,2025-05-13,74,11876.67652746621
Weekly Temperature,Treated,2025-05-13,74,24941.952040436092
Weekly Temperature,Treated,2025-05-13,74,11477.502483925478
Weekly Temperature,Treated,2025-05-13,74,8080.855347169309
Weekly Temperature,Treated,2025-05-13,74,23078.667002057053
Weekly Temperature,Treated,2025-05-13,74,20753.96307597562
Weekly Temperature,Treated,2025-05-13,74,11954.57080373543
Weekly Temperature,Treated,2025-05-13,74,43889.36505368989
Weekly Temperature,Treated,2025-05-13,74,7958.351122371005
Weekly Temperature,Treated,2025-05-13,74,29676.099870036793
Weekly Temperature,Treated,2025-05-13,74,10922.287040879375
Weekly Temperature,Treated,2025-05-13,74,13648.401117097406
Weekly Temperature,Treated,2025-05-13,74,24519.675450267776
Weekly Temperature,Treated,2025-05-13,74,17791.890937580592
Weekly Temperature,Treated,2025-05-13,74,14168.231364046303
Weekly Temperature,Treated,2025-05-13,74,16223.587672250176
Weekly Temperature,Treated,2025-05-13,74,36480.673218370415
Weekly Temperature,Treated,2025-05-13,74,21504.260126362766
Weekly Temperature,Treated,2025-05-13,74,12573.004801858875
Weekly Temperature,Treated,2025-05-13,74,19442.390107014406
Weekly Temperature,Treated,2025-05-13,74,15705.724495202647
Weekly Temperature,Treated,2025-05-13,74,23714.96025099683
Weekly Temperature,Treated,2025-05-13,74,21114.833839112565
Weekly Temperature,Treated,2025-05-13,74,8165.203986021445
Weekly Temperature,Treated,2025-05-13,74,16876.965940924005
Weekly Temperature,Treated,2025-05-13,74,4750.851459637327
Weekly Temperature,Treated,2025-05-13,74,7246.780434241203
Weekly Temperature,Treated,2025-05-13,74,8792.766544092596
Weekly Temperature,Treated,2025-05-13,74,4994.947156652912
Weekly Temperature,Treated,2025-05-13,74,11556.786142161302
Weekly Temperature,Treated,2025-05-13,74,11847.822390595318
Weekly Temperature,Treated,2025-05-13,74,5047.610653847777
Weekly Temperature,Treated,2025-05-13,74,7453.3832179258325
Weekly Temperature,Treated,2025-05-13,74,11461.427224431163
Weekly Temperature,Treated,2025-05-13,74,11601.986225518025
Weekly Temperature,Treated,2025-05-13,74,10698.066207956319
Weekly Temperature,Treated,2025-05-13,74,15342.758329644132
Weekly Temperature,Treated,2025-05-13,74,14407.02852449944
Weekly Temperature,Treated,2025-05-13,74,7935.440674393009
Weekly Temperature,Treated,2025-05-13,74,13397.357187181799
Weekly Temperature,Treated,2025-05-13,74,4133.146130431407
Weekly Temperature,Treated,2025-05-13,74,5433.056153220012
Weekly Temperature,Treated,2025-05-13,74,6499.205734027067
Weekly Temperature,Treated,2025-05-13,74,12603.180840203884
Weekly Temperature,Treated,2025-05-13,74,14314.947010944457
Weekly Temperature,Treated,2025-05-13,74,12275.644518215413
Weekly Temperature,Treated,2025-05-13,74,12408.72103251627
Weekly Temperature,Treated,2025-05-13,74,11644.609089328253
Weekly Temperature,Treated,2025-05-13,74,23563.907221055364
Weekly Temperature,Treated,2025-05-13,74,13787.945714063415
Weekly Temperature,Treated,2025-05-13,74,14265.124623345455
Weekly Temperature,Treated,2025-05-13,74,9391.432113771038
Weekly Temperature,Treated,2025-05-13,74,10897.129269657433
Weekly Temperature,Treated,2025-05-13,74,8769.187091069442
Weekly Temperature,Treated,2025-05-13,74,18417.754052294662
Weekly Temperature,Treated,2025-05-13,74,12180.049651488705
Weekly Temperature,Treated,2025-05-13,74,14333.168975766408
Weekly Temperature,Treated,2025-05-13,74,16080.37483018592
Weekly Temperature,Treated,2025-05-13,74,11310.21858947119
Weekly Temperature,Treated,2025-05-13,74,19474.409242296304
Weekly Temperature,Treated,2025-05-13,74,23590.577870843088
Weekly Temperature,Treated,2025-05-13,74,12163.93854611284
Weekly Temperature,Treated,2025-05-13,74,51725.44032466067
Weekly Temperature,Treated,2025-05-13,74,22427.68888477306
Weekly Temperature,Treated,2025-05-13,74,26243.795675721274
Weekly Temperature,Treated,2025-05-13,74,21208.738784113404
Weekly Temperature,Treated,2025-05-13,74,43791.7217100242
Weekly Temperature,Treated,2025-05-13,74,20987.296445409087
Weekly Temperature,Treated,2025-05-13,74,19684.52874416603
Weekly Temperature,Treated,2025-05-13,74,8206.84062985018
Weekly Temperature,Treated,2025-05-13,74,11226.938237216711
Weekly Temperature,Treated,2025-05-13,74,25313.42406000062
Weekly Temperature,Treated,2025-05-13,74,16428.352417884453
Weekly Temperature,Treated,2025-05-13,74,24517.285225948734
Weekly Temperature,Treated,2025-05-13,74,13885.958380443732
Weekly Temperature,Treated,2025-05-13,74,14868.490341870624
Weekly Temperature,Treated,2025-05-13,74,10122.100786018116
Weekly Temperature,Treated,2025-05-13,74,11357.350612026428
Weekly Temperature,Treated,2025-05-13,74,88324.87725393796
Weekly Temperature,Control,2025-05-13,75,14929.711218356606
Weekly Temperature,Control,2025-05-13,75,48764.65407357133
Weekly Temperature,Control,2025-05-13,75,21533.444528209257
Weekly Temperature,Control,2025-05-13,75,48335.42374816203
Weekly Temperature,Control,2025-05-13,75,35644.11600207164
Weekly Temperature,Control,2025-05-13,75,5561.097065843652
Weekly Temperature,Control,2025-05-13,75,32116.367817303584
Weekly Temperature,Control,2025-05-13,75,43804.85608156978
Weekly Temperature,Control,2025-05-13,75,56646.764065129166
Weekly Temperature,Control,2025-05-13,75,33592.845858569235
Weekly Temperature,Control,2025-05-13,75,27321.001274562506
Weekly Temperature,Control,2025-05-13,75,15604.017821509255
Weekly Temperature,Control,2025-05-13,75,14496.360421264722
Weekly Temperature,Control,2025-05-13,75,12609.654242030234
Weekly Temperature,Control,2025-05-13,75,21802.93444272686
Weekly Temperature,Control,2025-05-13,75,23592.898156195504
Weekly Temperature,Control,2025-05-13,75,14974.72803994514
Weekly Temperature,Control,2025-05-13,75,25850.601076867555
Weekly Temperature,Control,2025-05-13,75,26095.496644986943
Weekly Temperature,Control,2025-05-13,75,28118.53908146196
Weekly Temperature,Control,2025-05-13,75,30502.16750333274
Weekly Temperature,Control,2025-05-13,75,20843.469803480402
Weekly Temperature,Control,2025-05-13,75,19157.017000070922
Weekly Temperature,Control,2025-05-13,75,25919.14180483976
Weekly Temperature,Control,2025-05-13,75,17657.728606504137
Weekly Temperature,Control,2025-05-13,75,29568.203213505134
Weekly Temperature,Control,2025-05-13,75,11893.876728306943
Weekly Temperature,Control,2025-05-13,75,4574.661717318609
Weekly Temperature,Control,2025-05-13,75,14661.763931010373
Weekly Temperature,Control,2025-05-13,75,8333.752818625928
Weekly Temperature,Control,2025-05-13,75,10684.723797493536
Weekly Temperature,Control,2025-05-13,75,21052.053827743675
Weekly Temperature,Control,2025-05-13,75,12392.382230017827
Weekly Temperature,Control,2025-05-13,75,5662.332424896448
Weekly Temperature,Control,2025-05-13,75,13402.629822338831
Weekly Temperature,Control,2025-05-13,75,17978.57545687468
Weekly Temperature,Control,2025-05-13,75,12412.27509615552
Weekly Temperature,Control,2025-05-13,75,20911.05837232085
Weekly Temperature,Control,2025-05-13,75,13345.468005122926
Weekly Temperature,Control,2025-05-13,75,4768.6674131605205
Weekly Temperature,Control,2025-05-13,75,1961.5639303091882
Weekly Temperature,Control,2025-05-13,75,36653.397251130475
Weekly Temperature,Control,2025-05-13,75,16567.721601052945
Weekly Temperature,Control,2025-05-13,75,7809.050700602143
Weekly Temperature,Control,2025-05-13,75,4797.76577707934
Weekly Temperature,Control,2025-05-13,75,26605.93495723762
Weekly Temperature,Control,2025-05-13,75,5216.614740466147
Weekly Temperature,Control,2025-05-13,75,24809.0158819848
Weekly Temperature,Control,2025-05-13,75,11648.674549737649
Weekly Temperature,Control,2025-05-13,75,7701.057925641674
Weekly Temperature,Control,2025-05-13,75,9394.891972894495
Weekly Temperature,Control,2025-05-13,75,33994.32080338223
Weekly Temperature,Control,2025-05-13,75,2989.6588842116416
Weekly Temperature,Control,2025-05-13,75,25623.554600925374
Weekly Temperature,Control,2025-05-13,75,14815.586597263884
Weekly Temperature,Control,2025-05-13,75,10832.821056967075
Weekly Temperature,Control,2025-05-13,75,8639.528568503469
Weekly Temperature,Control,2025-05-13,75,4066.989076370589
Weekly Temperature,Control,2025-05-13,75,24614.233151904707
Weekly Temperature,Control,2025-05-13,75,14207.558481481237
Weekly Temperature,Control,2025-05-13,75,16732.94160567302
Weekly Temperature,Control,2025-05-13,75,15334.413262926277
Weekly Temperature,Control,2025-05-13,75,10111.738028841726
Weekly Temperature,Control,2025-05-13,75,9852.850984466237
Weekly Temperature,Control,2025-05-13,75,23521.051004041252
Weekly Temperature,Control,2025-05-13,75,6611.802169239486
Weekly Temperature,Control,2025-05-13,75,13354.481269718268
Weekly Temperature,Control,2025-05-13,75,9534.069208720233
Weekly Temperature,Control,2025-05-13,75,11502.318413108724
Weekly Temperature,Control,2025-05-13,75,17923.071497452864
Weekly Temperature,Control,2025-05-13,75,23628.88506448179
Weekly Temperature,Control,2025-05-13,75,23648.6377645296
Weekly Temperature,Control,2025-05-13,75,11886.306329101935
Weekly Temperature,Control,2025-05-13,75,23933.551347970315
Weekly Temperature,Control,2025-05-13,75,16766.85012955889
Weekly Temperature,Control,2025-05-13,75,53878.81099820817
Weekly Temperature,Control,2025-05-13,75,7633.6332064968665
Weekly Temperature,Control,2025-05-13,75,11044.173165536278
Weekly Temperature,Control,2025-05-13,75,18628.77843590491
Weekly Temperature,Control,2025-05-13,75,10300.106108334507
Weekly Temperature,Control,2025-05-13,75,12921.144006362983
Weekly Temperature,Control,2025-05-13,75,10709.512511636925
Weekly Temperature,Control,2025-05-13,75,47921.247150897834
Weekly Temperature,Control,2025-05-13,75,23096.92319422824
Weekly Temperature,Control,2025-05-13,75,11252.005794588815
Weekly Temperature,Control,2025-05-13,75,6850.419708048501
Weekly Temperature,Control,2025-05-13,75,3605.5724391723843
Weekly Temperature,Control,2025-05-13,75,13331.956738140916
Weekly Temperature,Control,2025-05-13,75,43164.89108874268
Weekly Temperature,Control,2025-05-13,75,9444.00903725382
Weekly Temperature,Control,2025-05-13,75,30672.342348991446
Weekly Temperature,Control,2025-05-13,75,11502.318413108724
Weekly Temperature,Control,2025-05-13,75,22711.36264812893
Weekly Temperature,Control,2025-05-13,75,39151.27339821236
Weekly Temperature,Control,2025-05-13,75,11076.10859183983
Weekly Temperature,Control,2025-05-13,75,10197.31564286314
Weekly Temperature,Treated,2025-05-13,76,52625.29709226333
Weekly Temperature,Treated,2025-05-13,76,19277.930736664526
Weekly Temperature,Treated,2025-05-13,76,34320.35255220833
Weekly Temperature,Treated,2025-05-13,76,27536.03948254767
Weekly Temperature,Treated,2025-05-13,76,14517.15813809159
Weekly Temperature,Treated,2025-05-13,76,6582.5227826596
Weekly Temperature,Treated,2025-05-13,76,38507.50377635114
Weekly Temperature,Treated,2025-05-13,76,21453.530137827638
Weekly Temperature,Treated,2025-05-13,76,8409.9601082643
Weekly Temperature,Treated,2025-05-13,76,19574.72939723277
Weekly Temperature,Treated,2025-05-13,76,20805.524984946805
Weekly Temperature,Treated,2025-05-13,76,14294.369427266376
Weekly Temperature,Treated,2025-05-13,76,13015.1987500705
Weekly Temperature,Treated,2025-05-13,76,40179.118712333715
Weekly Temperature,Treated,2025-05-13,76,16369.523256332242
Weekly Temperature,Treated,2025-05-13,76,17656.799632859875
Weekly Temperature,Treated,2025-05-13,76,7047.705242068954
Weekly Temperature,Treated,2025-05-13,76,36679.5241057387
Weekly Temperature,Treated,2025-05-13,76,35014.36044773712
Weekly Temperature,Treated,2025-05-13,76,31330.07314934962
Weekly Temperature,Treated,2025-05-13,76,11412.63577417081
Weekly Temperature,Treated,2025-05-13,76,26072.931797514582
Weekly Temperature,Treated,2025-05-13,76,19291.84336108279
Weekly Temperature,Treated,2025-05-13,76,7788.4662322269
Weekly Temperature,Treated,2025-05-13,76,16799.91662619806
Weekly Temperature,Treated,2025-05-13,76,12528.558955866189
Weekly Temperature,Treated,2025-05-13,76,31719.13973511379
Weekly Temperature,Treated,2025-05-13,76,7531.36073705579
Weekly Temperature,Treated,2025-05-13,76,26887.122436268077
Weekly Temperature,Treated,2025-05-13,76,8915.255075784487
Weekly Temperature,Treated,2025-05-13,76,16282.0171530981
Weekly Temperature,Treated,2025-05-13,76,7952.746261443997
Weekly Temperature,Treated,2025-05-13,76,8525.241794375019
Weekly Temperature,Treated,2025-05-13,76,36158.1230481874
Weekly Temperature,Treated,2025-05-13,76,17441.36370864253
Weekly Temperature,Treated,2025-05-13,76,10288.989713144836
Weekly Temperature,Treated,2025-05-13,76,24506.53144004182
Weekly Temperature,Treated,2025-05-13,76,27002.81361739374
Weekly Temperature,Treated,2025-05-13,76,14409.415886492816
Weekly Temperature,Treated,2025-05-13,76,8853.852891507358
Weekly Temperature,Treated,2025-05-13,76,26418.05535616529
Weekly Temperature,Treated,2025-05-13,76,28811.935853265335
Weekly Temperature,Treated,2025-05-13,76,17470.831979417882
Weekly Temperature,Treated,2025-05-13,76,21703.74982741202
Weekly Temperature,Treated,2025-05-13,76,33952.77572539161
Weekly Temperature,Treated,2025-05-13,76,10407.406797946684
Weekly Temperature,Treated,2025-05-13,76,25086.38298237674
Weekly Temperature,Treated,2025-05-13,76,20214.85404093909
Weekly Temperature,Treated,2025-05-13,76,7895.845270686175
Weekly Temperature,Treated,2025-05-13,76,8928.572863123025
Weekly Temperature,Treated,2025-05-13,76,5687.751198421406
Weekly Temperature,Treated,2025-05-13,76,19430.393331118557
Weekly Temperature,Treated,2025-05-13,76,4633.311677290046
Weekly Temperature,Treated,2025-05-13,76,10827.6887435252
Weekly Temperature,Treated,2025-05-13,76,11690.746920921489
Weekly Temperature,Treated,2025-05-13,76,5535.704150479625
Weekly Temperature,Treated,2025-05-13,76,23495.59740553326
Weekly Temperature,Treated,2025-05-13,76,17582.602548392748
Weekly Temperature,Treated,2025-05-13,76,8446.126557498264
Weekly Temperature,Treated,2025-05-13,76,10049.121766675831
Weekly Temperature,Treated,2025-05-13,76,7836.7273726482435
Weekly Temperature,Treated,2025-05-13,76,10041.845605665509
Weekly Temperature,Treated,2025-05-13,76,14556.415360325578
Weekly Temperature,Treated,2025-05-13,76,12227.07373569068
Weekly Temperature,Treated,2025-05-13,76,13109.770080492377
Weekly Temperature,Treated,2025-05-13,76,12411.564221980385
Weekly Temperature,Treated,2025-05-13,76,4735.867797772392
Weekly Temperature,Treated,2025-05-13,76,11112.037104877687
Weekly Temperature,Treated,2025-05-13,76,17774.14453356323
Weekly Temperature,Treated,2025-05-13,76,5915.794555021884
Weekly Temperature,Treated,2025-05-13,76,9800.960662774141
Weekly Temperature,Treated,2025-05-13,76,7873.068588673175
Weekly Temperature,Treated,2025-05-13,76,19097.764621415823
Weekly Temperature,Treated,2025-05-13,76,10454.1839871736
Weekly Temperature,Treated,2025-05-13,76,8026.351382020399
Weekly Temperature,Treated,2025-05-13,76,9134.643120479539
Weekly Temperature,Treated,2025-05-13,76,9356.885857747282
Weekly Temperature,Treated,2025-05-13,76,11868.427091659287
Weekly Temperature,Treated,2025-05-13,76,17125.15408016399
Weekly Temperature,Treated,2025-05-13,76,12485.659876667372
Weekly Temperature,Treated,2025-05-13,76,16675.06137548393
Weekly Temperature,Treated,2025-05-13,76,16241.01256347741
Weekly Temperature,Treated,2025-05-13,76,26247.574458800922
Weekly Temperature,Treated,2025-05-13,76,6860.916548788279
Weekly Temperature,Treated,2025-05-13,76,8108.210205840079
Weekly Temperature,Treated,2025-05-13,76,8273.262712184982
Weekly Temperature,Treated,2025-05-13,76,6937.949678957295
Weekly Temperature,Treated,2025-05-13,76,8811.444191831932
Weekly Temperature,Treated,2025-05-13,76,16967.79775786626
Weekly Temperature,Treated,2025-05-13,76,11431.331787369056
Weekly Temperature,Treated,2025-05-13,76,15020.669186315125
Weekly Temperature,Treated,2025-05-13,76,17299.163217178695
Weekly Temperature,Treated,2025-05-13,76,12166.739322337651
Weekly Temperature,Treated,2025-05-13,76,21072.25545441845
Weekly Temperature,Treated,2025-05-13,76,39420.106866885886
Weekly Temperature,Treated,2025-05-13,76,21279.377674125823
Weekly Temperature,Treated,2025-05-13,76,11250.68540104865
Weekly Temperature,Treated,2025-05-13,76,13682.038702089076
Weekly Temperature,Treated,2025-05-13,76,5630.676069363148
Weekly Temperature,Treated,2025-05-13,76,13296.726103169736
Weekly Temperature,Treated,2025-05-13,76,12447.857999938486
Weekly Temperature,Treated,2025-05-13,76,12903.566086813811
Weekly Temperature,Treated,2025-05-13,76,3954.9668421069387
Daily Temperature,Treated,2025-05-13,77,27849.83887631593
Daily Temperature,Treated,2025-05-13,77,23515.264231229634
Daily Temperature,Treated,2025-05-13,77,37763.29937977493
Daily Temperature,Treated,2025-05-13,77,11921.436084561932
Daily Temperature,Treated,2025-05-13,77,19628.059306942567
Daily Temperature,Treated,2025-05-13,77,6912.201385050447
Daily Temperature,Treated,2025-05-13,77,12390.962232219983
Daily Temperature,Treated,2025-05-13,77,15451.558639030547
Daily Temperature,Treated,2025-05-13,77,52992.59339535933
Daily Temperature,Treated,2025-05-13,77,32820.435777009676
Daily Temperature,Treated,2025-05-13,77,24972.24129889433
Daily Temperature,Treated,2025-05-13,77,20228.250977374362
Daily Temperature,Treated,2025-05-13,77,27310.608306187576
Daily Temperature,Treated,2025-05-13,77,34637.877665126165
Daily Temperature,Treated,2025-05-13,77,25229.014901438648
Daily Temperature,Treated,2025-05-13,77,58810.14345740697
Daily Temperature,Treated,2025-05-13,77,6305.246441801005
Daily Temperature,Treated,2025-05-13,77,27162.840528971814
Daily Temperature,Treated,2025-05-13,77,23421.671185464766
Daily Temperature,Treated,2025-05-13,77,14333.961633911384
Daily Temperature,Treated,2025-05-13,77,36606.07932416578
Daily Temperature,Treated,2025-05-13,77,23883.1501996662
Daily Temperature,Treated,2025-05-13,77,25965.329941476513
Daily Temperature,Treated,2025-05-13,77,55566.25924082744
Daily Temperature,Treated,2025-05-13,77,11857.434560794594
Daily Temperature,Treated,2025-05-13,77,17491.113447850876
Daily Temperature,Treated,2025-05-13,77,32028.089335646047
Daily Temperature,Treated,2025-05-13,77,42305.36698221564
Daily Temperature,Treated,2025-05-13,77,27587.05749384195
Daily Temperature,Treated,2025-05-13,77,10059.436420538654
Daily Temperature,Treated,2025-05-13,77,39328.61116156765
Daily Temperature,Treated,2025-05-13,77,30827.555632025756
Daily Temperature,Treated,2025-05-13,77,32526.374969938835
Daily Temperature,Treated,2025-05-13,77,13614.826180628577
Daily Temperature,Treated,2025-05-13,77,10820.634794659389
Daily Temperature,Treated,2025-05-13,77,11794.37629221828
Daily Temperature,Treated,2025-05-13,77,24968.6050901437
Daily Temperature,Treated,2025-05-13,77,7476.713372367617
Daily Temperature,Treated,2025-05-13,77,26193.45205744951
Daily Temperature,Treated,2025-05-13,77,34734.83220008514
Daily Temperature,Treated,2025-05-13,77,43580.1220653848
Daily Temperature,Treated,2025-05-13,77,16807.07267004548
Daily Temperature,Treated,2025-05-13,77,24597.455622531335
Daily Temperature,Treated,2025-05-13,77,28668.70175081429
Daily Temperature,Treated,2025-05-13,77,29250.446351326747
Daily Temperature,Treated,2025-05-13,77,14633.560914773228
Daily Temperature,Treated,2025-05-13,77,14808.272742704949
Daily Temperature,Treated,2025-05-13,77,16595.171558480113
Daily Temperature,Treated,2025-05-13,77,15459.952117829336
Daily Temperature,Control,2025-05-13,78,32083.977114547382
Daily Temperature,Control,2025-05-13,78,19631.081305619206
Daily Temperature,Control,2025-05-13,78,22194.30509188597
Daily Temperature,Control,2025-05-13,78,14379.992716544832
Daily Temperature,Control,2025-05-13,78,11092.428891770165
Daily Temperature,Control,2025-05-13,78,14560.425723202306
Daily Temperature,Control,2025-05-13,78,20065.88726561698
Daily Temperature,Control,2025-05-13,78,26860.183064700617
Daily Temperature,Control,2025-05-13,78,21466.473726801523
Daily Temperature,Control,2025-05-13,78,48748.32551601401
Daily Temperature,Control,2025-05-13,78,18441.75072294892
Daily Temperature,Control,2025-05-13,78,14495.560960753037
Daily Temperature,Control,2025-05-13,78,29468.876499114544
Daily Temperature,Control,2025-05-13,78,9750.461000087787
Daily Temperature,Control,2025-05-13,78,8667.191488339231
Daily Temperature,Control,2025-05-13,78,27634.215935159507
Daily Temperature,Control,2025-05-13,78,23933.551347970315
Daily Temperature,Control,2025-05-13,78,14406.23280384024
Daily Temperature,Control,2025-05-13,78,9340.796802457327
Daily Temperature,Control,2025-05-13,78,14611.832446826578
Daily Temperature,Control,2025-05-13,78,16317.851454933143
Daily Temperature,Control,2025-05-13,78,20420.676824610877
Daily Temperature,Control,2025-05-13,78,34477.2740322276
Daily Temperature,Control,2025-05-13,78,13080.160923496254
Daily Temperature,Control,2025-05-13,78,22467.886295068787
Daily Temperature,Control,2025-05-13,78,5549.757412065645
Daily Temperature,Control,2025-05-13,78,18149.669998231264
Daily Temperature,Control,2025-05-13,78,11105.498141169723
Daily Temperature,Control,2025-05-13,78,12625.48868233408
Daily Temperature,Control,2025-05-13,78,16965.995498632063
Daily Temperature,Control,2025-05-13,78,28993.79816416821
Daily Temperature,Control,2025-05-13,78,12429.34529622899
Daily Temperature,Control,2025-05-13,78,20783.41500153786
Daily Temperature,Control,2025-05-13,78,11637.15852016044
Daily Temperature,Control,2025-05-13,78,8942.461329202217
Daily Temperature,Control,2025-05-13,78,19739.099206815383
Daily Temperature,Control,2025-05-13,78,11094.388541759314
Daily Temperature,Control,2025-05-13,78,18745.189582899045
Daily Temperature,Control,2025-05-13,78,40994.03023138835
Daily Temperature,Control,2025-05-13,78,9937.385458769792
Daily Temperature,Control,2025-05-13,78,24915.32094795686
Daily Temperature,Control,2025-05-13,78,12156.238918486946
Daily Temperature,Control,2025-05-13,78,23355.981581128868
Daily Temperature,Control,2025-05-13,78,29477.143830859906
Daily Temperature,Control,2025-05-13,78,24807.809884125774
Daily Temperature,Control,2025-05-13,78,23975.810660842137
Daily Temperature,Control,2025-05-13,78,27241.832114273984
Daily Temperature,Control,2025-05-13,78,15261.125332759826
Daily Temperature,Control,2025-05-13,78,20114.08054545308
Weekly Temperature,Control,2025-05-13,79,14666.602872577721
Weekly Temperature,Control,2025-05-13,79,12820.317591267774
Weekly Temperature,Control,2025-05-13,79,14039.81736446723
Weekly Temperature,Control,2025-05-13,79,1830.312819821173
Weekly Temperature,Control,2025-05-13,79,26485.21830881359
Weekly Temperature,Control,2025-05-13,79,9251.535738619736
Weekly Temperature,Control,2025-05-13,79,13585.879996220277
Weekly Temperature,Control,2025-05-13,79,10503.626321545162
Weekly Temperature,Control,2025-05-13,79,5669.473027805554
Weekly Temperature,Control,2025-05-13,79,14117.229543427871
Weekly Temperature,Control,2025-05-13,79,15193.074165451699
Weekly Temperature,Control,2025-05-13,79,13392.086121618504
Weekly Temperature,Control,2025-05-13,79,16903.008327189946
Weekly Temperature,Control,2025-05-13,79,14277.76545212482
Weekly Temperature,Control,2025-05-13,79,28259.64084025365
Weekly Temperature,Control,2025-05-13,79,39850.45048547535
Weekly Temperature,Control,2025-05-13,79,16238.397921747437
Weekly Temperature,Control,2025-05-13,79,18109.858130316854
Weekly Temperature,Control,2025-05-13,79,22369.72363865772
Weekly Temperature,Control,2025-05-13,79,11658.16478033243
Weekly Temperature,Control,2025-05-13,79,18395.69820566211
Weekly Temperature,Control,2025-05-13,79,7272.967041772788
Weekly Temperature,Control,2025-05-13,79,26581.75767252345
Weekly Temperature,Control,2025-05-13,79,24208.082469389545
Weekly Temperature,Control,2025-05-13,79,7955.293562038576
Weekly Temperature,Control,2025-05-13,79,6614.0242089219
Weekly Temperature,Control,2025-05-13,79,18863.133429679896
Weekly Temperature,Control,2025-05-13,79,10049.121766675831
Weekly Temperature,Control,2025-05-13,79,14418.968335187896
Weekly Temperature,Control,2025-05-13,79,13609.490484076077
Weekly Temperature,Control,2025-05-13,79,12964.433315760823
Weekly Temperature,Control,2025-05-13,79,10122.100786018116
Weekly Temperature,Control,2025-05-13,79,7666.79485690347
Weekly Temperature,Control,2025-05-13,79,23524.52359417406
Weekly Temperature,Control,2025-05-13,79,10601.143004161415
Weekly Temperature,Control,2025-05-13,79,19819.142507143333
Weekly Temperature,Control,2025-05-13,79,13052.079079851914
Weekly Temperature,Control,2025-05-13,79,14990.30323601611
Weekly Temperature,Control,2025-05-13,79,7750.416156415353
Weekly Temperature,Control,2025-05-13,79,9332.760029245523
Weekly Temperature,Control,2025-05-13,79,13110.510958080531
Weekly Temperature,Control,2025-05-13,79,8170.919693178707
Weekly Temperature,Control,2025-05-13,79,13173.601355007533
Weekly Temperature,Control,2025-05-13,79,16385.312316049727
Weekly Temperature,Control,2025-05-13,79,4227.900756553909
Weekly Temperature,Control,2025-05-13,79,6881.945844840388
Weekly Temperature,Control,2025-05-13,79,21352.34596162629
Weekly Temperature,Control,2025-05-13,79,12475.666066096248
Weekly Temperature,Control,2025-05-13,79,4086.974280722859
Weekly Temperature,Control,2025-05-13,79,17212.44641865734
Weekly Temperature,Control,2025-05-13,79,17670.738156213112
Weekly Temperature,Control,2025-05-13,79,14004.73655329124
Weekly Temperature,Control,2025-05-13,79,9065.937364946773
Weekly Temperature,Control,2025-05-13,79,13072.766540624401
Weekly Temperature,Control,2025-05-13,79,28605.369097562245
Weekly Temperature,Control,2025-05-13,79,25154.573384797768
Weekly Temperature,Control,2025-05-13,79,10786.695948252944
Weekly Temperature,Control,2025-05-13,79,38392.27175830394
Weekly Temperature,Control,2025-05-13,79,14318.114785678672
Weekly Temperature,Control,2025-05-13,79,16451.224964247293
Weekly Temperature,Control,2025-05-13,79,5804.786585233208
Weekly Temperature,Control,2025-05-13,79,7376.487010857052
Weekly Temperature,Control,2025-05-13,79,44260.83179085281
Weekly Temperature,Control,2025-05-13,79,10888.108901714122
Weekly Temperature,Control,2025-05-13,79,7502.536540692173
Weekly Temperature,Control,2025-05-13,79,7943.072041972194
Weekly Temperature,Control,2025-05-13,79,7251.060734373406
Weekly Temperature,Control,2025-05-13,79,5307.562158306165
Weekly Temperature,Control,2025-05-13,79,7852.3589894273255
Weekly Temperature,Control,2025-05-13,79,8462.119084871634
Weekly Temperature,Control,2025-05-13,79,9861.220318073858
Weekly Temperature,Control,2025-05-13,79,5339.399653344137
Weekly Temperature,Control,2025-05-13,79,10508.642903245564
Weekly Temperature,Control,2025-05-13,79,7333.222070019537
Weekly Temperature,Control,2025-05-13,79,3996.364592192924
Weekly Temperature,Control,2025-05-13,79,4905.803579365869
Weekly Temperature,Control,2025-05-13,79,4984.462690125609
Weekly Temperature,Control,2025-05-13,79,6900.2708367494515
Weekly Temperature,Control,2025-05-13,79,4785.128994043547
Weekly Temperature,Control,2025-05-13,79,4273.277184122512
Weekly Temperature,Control,2025-05-13,79,9253.81649371695
Weekly Temperature,Control,2025-05-13,79,12011.33646614874
Weekly Temperature,Control,2025-05-13,79,8853.852891507358
Weekly Temperature,Control,2025-05-13,79,9732.092015868071
Weekly Temperature,Control,2025-05-13,79,3870.0912668817095
Weekly Temperature,Control,2025-05-13,79,10290.841820778585
Weekly Temperature,Control,2025-05-13,79,5787.442107675718
Weekly Temperature,Control,2025-05-13,79,19628.059306942567
Weekly Temperature,Control,2025-05-13,79,26094.24264668169
Weekly Temperature,Control,2025-05-13,79,20002.44860375548
Weekly Temperature,Control,2025-05-13,79,12048.134412780491
Weekly Temperature,Control,2025-05-13,79,8822.44484860309
Weekly Temperature,Control,2025-05-13,79,6270.9881375678615
Weekly Temperature,Control,2025-05-13,79,14873.380984963695
Weekly Temperature,Control,2025-05-13,79,15001.787566588677
Weekly Temperature,Control,2025-05-13,79,19247.151547283425
Weekly Temperature,Control,2025-05-13,79,12970.311480212544
Weekly Temperature,Control,2025-05-13,79,12613.251660999702
Weekly Temperature,Control,2025-05-13,79,14956.70895972866
Weekly Temperature,Treated,2025-05-13,80,23857.395214376917
Weekly Temperature,Treated,2025-05-13,80,29125.998810137593
Weekly Temperature,Treated,2025-05-13,80,41113.53413687701
Weekly Temperature,Treated,2025-05-13,80,32400.130366278914
Weekly Temperature,Treated,2025-05-13,80,20407.182261207225
Weekly Temperature,Treated,2025-05-13,80,36064.53324477338
Weekly Temperature,Treated,2025-05-13,80,26739.852989027175
Weekly Temperature,Treated,2025-05-13,80,18119.331087827497
Weekly Temperature,Treated,2025-05-13,80,34659.75217964433
Weekly Temperature,Treated,2025-05-13,80,12709.951534287551
Weekly Temperature,Treated,2025-05-13,80,17280.879411956317
Weekly Temperature,Treated,2025-05-13,80,48120.91459586225
Weekly Temperature,Treated,2025-05-13,80,16816.020992159472
Weekly Temperature,Treated,2025-05-13,80,16330.97656022042
Weekly Temperature,Treated,2025-05-13,80,59863.204443395516
Weekly Temperature,Treated,2025-05-13,80,41974.045085536425
Weekly Temperature,Treated,2025-05-13,80,23206.693942095295
Weekly Temperature,Treated,2025-05-13,80,33727.27857491233
Weekly Temperature,Treated,2025-05-13,80,9641.22308816862
Weekly Temperature,Treated,2025-05-13,80,20762.37464172299
Weekly Temperature,Treated,2025-05-13,80,11825.87376159932
Weekly Temperature,Treated,2025-05-13,80,41646.561425752116
Weekly Temperature,Treated,2025-05-13,80,16594.285535444233
Weekly Temperature,Treated,2025-05-13,80,14056.992199504357
Weekly Temperature,Treated,2025-05-13,80,25658.1937807547
Weekly Temperature,Treated,2025-05-13,80,10771.992668878765
Weekly Temperature,Treated,2025-05-13,80,30154.197327651775
Weekly Temperature,Treated,2025-05-13,80,23862.076346379243
Weekly Temperature,Treated,2025-05-13,80,18366.96006172452
Weekly Temperature,Treated,2025-05-13,80,13930.119502911806
Weekly Temperature,Treated,2025-05-13,80,28760.524179030817
Weekly Temperature,Treated,2025-05-13,80,10376.93059947027
Weekly Temperature,Treated,2025-05-13,80,45678.264234526636
Weekly Temperature,Treated,2025-05-13,80,25920.389297788886
Weekly Temperature,Treated,2025-05-13,80,24353.98205554213
Weekly Temperature,Treated,2025-05-13,80,19696.645512710253
Weekly Temperature,Treated,2025-05-13,80,21721.163708648128
Weekly Temperature,Treated,2025-05-13,80,29816.265540205954
Weekly Temperature,Treated,2025-05-13,80,41113.53413687701
Weekly Temperature,Treated,2025-05-13,80,14031.235912712358
Weekly Temperature,Treated,2025-05-13,80,9179.339728666344
Weekly Temperature,Treated,2025-05-13,80,22635.97239861992
Weekly Temperature,Treated,2025-05-13,80,19671.408689766944
Weekly Temperature,Treated,2025-05-13,80,8100.977717812799
Weekly Temperature,Treated,2025-05-13,80,5695.3134594094
Weekly Temperature,Treated,2025-05-13,80,4287.509022603436
Weekly Temperature,Treated,2025-05-13,80,14122.715350404274
Weekly Temperature,Treated,2025-05-13,80,10068.54416969178
Weekly Temperature,Treated,2025-05-13,80,7958.351122371005
Weekly Temperature,Treated,2025-05-13,80,22241.940436126617
Weekly Temperature,Treated,2025-05-13,80,20978.815029269623
Weekly Temperature,Treated,2025-05-13,80,16850.057743197325
Weekly Temperature,Treated,2025-05-13,80,4317.702755091362
Weekly Temperature,Treated,2025-05-13,80,5084.165270073803
Weekly Temperature,Treated,2025-05-13,80,26962.92105950812
Weekly Temperature,Treated,2025-05-13,80,20116.133289645084
Weekly Temperature,Treated,2025-05-13,80,13086.078706080487
Weekly Temperature,Treated,2025-05-13,80,15514.594255580818
Weekly Temperature,Treated,2025-05-13,80,29082.33470209153
Weekly Temperature,Treated,2025-05-13,80,11466.1140903383
Weekly Temperature,Treated,2025-05-13,80,13247.372231167239
Weekly Temperature,Treated,2025-05-13,80,23616.110679832356
Weekly Temperature,Treated,2025-05-13,80,47419.931636032605
Weekly Temperature,Treated,2025-05-13,80,12569.416053349942
Weekly Temperature,Treated,2025-05-13,80,22701.224383435023
Weekly Temperature,Treated,2025-05-13,80,13135.719637666452
Weekly Temperature,Treated,2025-05-13,80,3086.5199773875165
Weekly Temperature,Treated,2025-05-13,80,4749.107405622138
Weekly Temperature,Treated,2025-05-13,80,9549.23872009662
Weekly Temperature,Treated,2025-05-13,80,16306.482863262518
Weekly Temperature,Treated,2025-05-13,80,12506.380563324487
Weekly Temperature,Treated,2025-05-13,80,8204.233725966718
Weekly Temperature,Treated,2025-05-13,80,7796.494399738963
Weekly Temperature,Treated,2025-05-13,80,8321.101725170254
Weekly Temperature,Treated,2025-05-13,80,11388.631861317524
Weekly Temperature,Treated,2025-05-13,80,24462.359641003037
Weekly Temperature,Treated,2025-05-13,80,21144.677986162307
Weekly Temperature,Treated,2025-05-13,80,14595.753076299794
Weekly Temperature,Treated,2025-05-13,80,26753.912593981942
Weekly Temperature,Treated,2025-05-13,80,4849.263869485833
Weekly Temperature,Treated,2025-05-13,80,6964.692157589927
Weekly Temperature,Treated,2025-05-13,80,8009.951150208287
Weekly Temperature,Treated,2025-05-13,80,18376.53562681448
Weekly Temperature,Treated,2025-05-13,80,13025.517291629429
Weekly Temperature,Treated,2025-05-13,80,16137.543977728232
Weekly Temperature,Treated,2025-05-13,80,9404.700079184382
Weekly Temperature,Treated,2025-05-13,80,14326.828907203168
Weekly Temperature,Treated,2025-05-13,80,43118.53444104615
Weekly Temperature,Treated,2025-05-13,80,22162.223248682
Weekly Temperature,Treated,2025-05-13,80,59949.62536129661
Weekly Temperature,Treated,2025-05-13,80,9289.221920665628
Weekly Temperature,Treated,2025-05-13,80,26971.92507005833
Weekly Temperature,Treated,2025-05-13,80,9614.790704839084
Weekly Temperature,Treated,2025-05-13,80,44475.015967841806
Weekly Temperature,Treated,2025-05-13,80,18837.742370280084
Weekly Temperature,Treated,2025-05-13,80,52389.467104713134
Weekly Temperature,Treated,2025-05-13,80,15001.787566588677
Weekly Temperature,Treated,2025-05-13,80,27435.525990626968
Weekly Temperature,Control,2025-05-13,92,15343.59302611767
Weekly Temperature,Control,2025-05-13,92,26618.66666972032
Weekly Temperature,Control,2025-05-13,92,10595.462239940494
Weekly Temperature,Control,2025-05-13,92,26022.841660753693
Weekly Temperature,Control,2025-05-13,92,4524.965015296139
Weekly Temperature,Control,2025-05-13,92,17575.19595322161
Weekly Temperature,Control,2025-05-13,92,11734.296393202296
Weekly Temperature,Control,2025-05-13,92,15291.074510035258
Weekly Temperature,Control,2025-05-13,92,14426.13582323292
Weekly Temperature,Control,2025-05-13,92,23400.91174895508
Weekly Temperature,Control,2025-05-13,92,19352.552395719205
Weekly Temperature,Control,2025-05-13,92,10013.385295534114
Weekly Temperature,Control,2025-05-13,92,29406.928793408668
Weekly Temperature,Control,2025-05-13,92,24986.79022003042
Weekly Temperature,Control,2025-05-13,92,6364.233312324012
Weekly Temperature,Control,2025-05-13,92,10516.171145917035
Weekly Temperature,Control,2025-05-13,92,10862.367326687554
Weekly Temperature,Control,2025-05-13,92,27730.034273007404
Weekly Temperature,Control,2025-05-13,92,29303.906998878672
Weekly Temperature,Control,2025-05-13,92,3562.029009331729
Weekly Temperature,Control,2025-05-13,92,8735.818052630158
Weekly Temperature,Control,2025-05-13,92,29276.481829987893
Weekly Temperature,Control,2025-05-13,92,48209.86515505226
Weekly Temperature,Control,2025-05-13,92,17197.874177240323
Weekly Temperature,Control,2025-05-13,92,32361.590546276588
Weekly Temperature,Control,2025-05-13,92,17742.421551126467
Weekly Temperature,Control,2025-05-13,92,7575.487790467601
Weekly Temperature,Control,2025-05-13,92,3885.4520568351413
Weekly Temperature,Control,2025-05-13,92,14015.643457124184
Weekly Temperature,Control,2025-05-13,92,22249.702461573805
Weekly Temperature,Control,2025-05-13,92,13385.31134312089
Weekly Temperature,Control,2025-05-13,92,19842.49292899059
Weekly Temperature,Control,2025-05-13,92,21386.750396526088
Weekly Temperature,Control,2025-05-13,92,23631.208251640925
Weekly Temperature,Control,2025-05-13,92,27847.201510097875
Weekly Temperature,Control,2025-05-13,92,11057.199662660738
Weekly Temperature,Control,2025-05-13,92,17895.837918346428
Weekly Temperature,Control,2025-05-13,92,34500.62676450809
Weekly Temperature,Control,2025-05-13,92,13383.053659958903
Weekly Temperature,Control,2025-05-13,92,34962.40595641266
Weekly Temperature,Control,2025-05-13,92,16074.320491338332
Weekly Temperature,Control,2025-05-13,92,38199.69294614545
Weekly Temperature,Control,2025-05-13,92,33954.31372691711
Weekly Temperature,Control,2025-05-13,92,16260.196399568422
Weekly Temperature,Control,2025-05-13,92,38290.8202295143
Weekly Temperature,Control,2025-05-13,92,18406.24413328478
Weekly Temperature,Control,2025-05-13,92,14902.750498909318
Weekly Temperature,Control,2025-05-13,92,28566.34560412539
Weekly Temperature,Control,2025-05-13,92,17319.29244697799
Weekly Temperature,Control,2025-05-13,92,19677.463266768045
Weekly Temperature,Control,2025-05-13,92,15432.266784864933
Weekly Temperature,Control,2025-05-13,92,50187.165310111704
Weekly Temperature,Control,2025-05-13,92,45224.33297107498
Weekly Temperature,Control,2025-05-13,92,56104.460670872475
Weekly Temperature,Control,2025-05-13,92,24871.790123824594
Weekly Temperature,Control,2025-05-13,92,25947.845878502663
Weekly Temperature,Control,2025-05-13,92,13388.32203557617
Weekly Temperature,Control,2025-05-13,92,71520.5290444356
Weekly Temperature,Control,2025-05-13,92,38053.2330232415
Weekly Temperature,Control,2025-05-13,92,29467.49878527719
Weekly Temperature,Control,2025-05-13,92,9364.938144552156
Weekly Temperature,Control,2025-05-13,92,21676.562115453966
Weekly Temperature,Control,2025-05-13,92,22130.177073022136
Weekly Temperature,Control,2025-05-13,92,11719.312505387139
Weekly Temperature,Control,2025-05-13,92,27449.867652885743
Weekly Temperature,Control,2025-05-13,92,7749.916418533551
Weekly Temperature,Control,2025-05-13,92,23774.42280490649
Weekly Temperature,Control,2025-05-13,92,11157.234876816965
Weekly Temperature,Control,2025-05-13,92,19136.26268515177
Weekly Temperature,Control,2025-05-13,92,25242.456856237328
Weekly Temperature,Control,2025-05-13,92,10253.84712221165
Weekly Temperature,Control,2025-05-13,92,6640.285868402507
Weekly Temperature,Control,2025-05-13,92,9891.15424223906
Weekly Temperature,Control,2025-05-13,92,24261.38197469589
Weekly Temperature,Control,2025-05-13,92,22946.64156223818
Weekly Temperature,Control,2025-05-13,92,11920.056974977077
Weekly Temperature,Control,2025-05-13,92,19977.933018785243
Weekly Temperature,Control,2025-05-13,92,9208.281091258516
Weekly Temperature,Control,2025-05-13,92,39115.19395953958
Weekly Temperature,Control,2025-05-13,92,27656.50687212259
Weekly Temperature,Control,2025-05-13,92,14481.176390141167
Weekly Temperature,Control,2025-05-13,92,9687.75801506456
Weekly Temperature,Control,2025-05-13,92,13697.349246571897
Weekly Temperature,Control,2025-05-13,92,8454.653103517312
Weekly Temperature,Control,2025-05-13,92,25540.814564486147
Weekly Temperature,Control,2025-05-13,92,27171.89612706141
Weekly Temperature,Control,2025-05-13,92,33246.48171233908
Weekly Temperature,Control,2025-05-13,92,9108.692200273157
Weekly Temperature,Control,2025-05-13,92,35979.17676145422
Weekly Temperature,Control,2025-05-13,92,14935.434917075296
Weekly Temperature,Control,2025-05-13,92,8139.77920205197
Weekly Temperature,Control,2025-05-13,92,31304.075293295635
Weekly Temperature,Control,2025-05-13,92,29620.730185537555
Weekly Temperature,Control,2025-05-13,92,7093.462238851074
Weekly Temperature,Control,2025-05-13,92,62320.50645465285
Weekly Temperature,Control,2025-05-13,92,31210.33359478642
Weekly Temperature,Control,2025-05-13,92,34233.58654434506
Weekly Temperature,Control,2025-05-13,92,55638.68911505054
Weekly Temperature,Control,2025-05-13,92,36989.248245492294
Weekly Temperature,Treated,2025-05-13,93,11797.796865261942
Weekly Temperature,Treated,2025-05-13,93,4419.791764731501
Weekly Temperature,Treated,2025-05-13,93,39914.96846989029
Weekly Temperature,Treated,2025-05-13,93,17016.513966800132
Weekly Temperature,Treated,2025-05-13,93,41716.954596753494
Weekly Temperature,Treated,2025-05-13,93,21226.916406920514
Weekly Temperature,Treated,2025-05-13,93,56651.35798676116
Weekly Temperature,Treated,2025-05-13,93,41208.259995037966
Weekly Temperature,Treated,2025-05-13,93,20662.656035727883
Weekly Temperature,Treated,2025-05-13,93,48715.68128920673
Weekly Temperature,Treated,2025-05-13,93,12176.545869142328
Weekly Temperature,Treated,2025-05-13,93,23326.065063152495
Weekly Temperature,Treated,2025-05-13,93,12004.402969113085
Weekly Temperature,Treated,2025-05-13,93,21551.835495675376
Weekly Temperature,Treated,2025-05-13,93,14473.988166898867
Weekly Temperature,Treated,2025-05-13,93,15263.619393526347
Weekly Temperature,Treated,2025-05-13,93,15538.177603455248
Weekly Temperature,Treated,2025-05-13,93,14094.519832665626
Weekly Temperature,Treated,2025-05-13,93,23795.43699126646
Weekly Temperature,Treated,2025-05-13,93,29464.7435074076
Weekly Temperature,Treated,2025-05-13,93,38801.885610617086
Weekly Temperature,Treated,2025-05-13,93,20171.618118023907
Weekly Temperature,Treated,2025-05-13,93,8579.009450689146
Weekly Temperature,Treated,2025-05-13,93,21222.638243362133
Weekly Temperature,Treated,2025-05-13,93,26390.215087437293
Weekly Temperature,Treated,2025-05-13,93,18472.50133347618
Weekly Temperature,Treated,2025-05-13,93,25475.509748348995
Weekly Temperature,Treated,2025-05-13,93,25865.543463184462
Weekly Temperature,Treated,2025-05-13,93,6199.067726998305
Weekly Temperature,Treated,2025-05-13,93,7826.151340732372
Weekly Temperature,Treated,2025-05-13,93,75849.48817120734
Weekly Temperature,Treated,2025-05-13,93,32850.40484292882
Weekly Temperature,Treated,2025-05-13,93,33951.23777808859
Weekly Temperature,Treated,2025-05-13,93,11863.616915032724
Weekly Temperature,Treated,2025-05-13,93,17651.226574571127
Weekly Temperature,Treated,2025-05-13,93,24937.10839083273
Weekly Temperature,Treated,2025-05-13,93,20470.56220294073
Weekly Temperature,Treated,2025-05-13,93,35616.96960156805
Weekly Temperature,Treated,2025-05-13,93,18901.26910500042
Weekly Temperature,Treated,2025-05-13,93,6590.941881539042
Weekly Temperature,Treated,2025-05-13,93,23612.627680233774
Weekly Temperature,Treated,2025-05-13,93,9539.318153143042
Weekly Temperature,Treated,2025-05-13,93,28530.05046621409
Weekly Temperature,Treated,2025-05-13,93,31793.60163263518
Weekly Temperature,Treated,2025-05-13,93,17970.10027576147
Weekly Temperature,Treated,2025-05-13,93,24172.59964567374
Weekly Temperature,Treated,2025-05-13,93,9817.042613995127
Weekly Temperature,Treated,2025-05-13,93,17612.252760178064
Weekly Temperature,Treated,2025-05-13,93,15454.07631882252
Weekly Temperature,Treated,2025-05-13,93,31236.270979912642
Weekly Temperature,Treated,2025-05-13,93,29149.216023098852
Weekly Temperature,Treated,2025-05-13,93,14682.741431842773
Weekly Temperature,Treated,2025-05-13,93,16800.811004638454
Weekly Temperature,Treated,2025-05-13,93,21445.982479872728
Weekly Temperature,Treated,2025-05-13,93,11511.047102967117
Weekly Temperature,Treated,2025-05-13,93,24228.207217596388
Weekly Temperature,Treated,2025-05-13,93,29762.08145452308
Weekly Temperature,Treated,2025-05-13,93,16613.78637080823
Weekly Temperature,Treated,2025-05-13,93,38090.22737878805
Weekly Temperature,Treated,2025-05-13,93,15352.77696544995
Weekly Temperature,Treated,2025-05-13,93,16410.774641320724
Weekly Temperature,Treated,2025-05-13,93,32327.527340527788
Weekly Temperature,Treated,2025-05-13,93,66827.88963774449
Weekly Temperature,Treated,2025-05-13,93,16463.550994033558
Weekly Temperature,Treated,2025-05-13,93,18191.44936616516
Weekly Temperature,Treated,2025-05-13,93,27577.895033333327
Weekly Temperature,Treated,2025-05-13,93,33211.696355243774
Weekly Temperature,Treated,2025-05-13,93,18465.771290063458
Weekly Temperature,Treated,2025-05-13,93,27227.57461501317
Weekly Temperature,Treated,2025-05-13,93,16832.137123671175
Weekly Temperature,Treated,2025-05-13,93,20017.782549394095
Weekly Temperature,Treated,2025-05-13,93,28539.456884964235
Weekly Temperature,Treated,2025-05-13,93,17258.045393453835
Weekly Temperature,Treated,2025-05-13,93,14410.211740499206
Weekly Temperature,Treated,2025-05-13,93,28335.74264541437
Weekly Temperature,Treated,2025-05-13,93,47314.18384326626
Weekly Temperature,Treated,2025-05-13,93,28886.473565701355
Weekly Temperature,Treated,2025-05-13,93,10940.375921461773
Weekly Temperature,Treated,2025-05-13,93,44982.409939440506
Weekly Temperature,Treated,2025-05-13,93,19414.40644892122
Weekly Temperature,Treated,2025-05-13,93,23441.290340075688
Weekly Temperature,Treated,2025-05-13,93,43005.58786389816
Weekly Temperature,Treated,2025-05-13,93,35792.908317493544
Weekly Temperature,Treated,2025-05-13,93,36337.76246769315
Weekly Temperature,Treated,2025-05-13,93,27096.93446378242
Weekly Temperature,Treated,2025-05-13,93,9333.907823334635
Weekly Temperature,Treated,2025-05-13,93,8609.229405663205
Weekly Temperature,Treated,2025-05-13,93,11319.500560015522
Weekly Temperature,Treated,2025-05-13,93,21296.529428241294
Weekly Temperature,Treated,2025-05-13,93,22453.3641765699
Weekly Temperature,Treated,2025-05-13,93,7577.453428941516
Weekly Temperature,Treated,2025-05-13,93,26858.900758279666
Daily Temperature,Treated,2025-05-13,95,23365.19260517753
Daily Temperature,Treated,2025-05-13,95,26209.805540995796
Daily Temperature,Treated,2025-05-13,95,31474.811184783935
Daily Temperature,Treated,2025-05-13,95,43144.489356835336
Daily Temperature,Treated,2025-05-13,95,22807.284853118133
Daily Temperature,Treated,2025-05-13,95,26251.353662296744
Daily Temperature,Treated,2025-05-13,95,25949.09443846358
Daily Temperature,Treated,2025-05-13,95,16243.627525767419
Daily Temperature,Treated,2025-05-13,95,17000.263395424885
Daily Temperature,Treated,2025-05-13,95,41603.288776774214
Daily Temperature,Treated,2025-05-13,95,21945.23058132764
Daily Temperature,Treated,2025-05-13,95,24139.51852750736
Daily Temperature,Treated,2025-05-13,95,29276.481829987893
Daily Temperature,Treated,2025-05-13,95,13222.001648084874
Daily Temperature,Treated,2025-05-13,95,62742.671220021955
Daily Temperature,Treated,2025-05-13,95,17819.939122061434
Daily Temperature,Treated,2025-05-13,95,13781.019873457077
Daily Temperature,Treated,2025-05-13,95,35770.47857809486
Daily Temperature,Treated,2025-05-13,95,18346.86379067481
Daily Temperature,Treated,2025-05-13,95,58682.49825507796
Daily Temperature,Treated,2025-05-13,95,15305.232693043004
Daily Temperature,Treated,2025-05-13,95,59189.638797004154
Daily Temperature,Treated,2025-05-13,95,31086.641268622563
Daily Temperature,Treated,2025-05-13,95,16225.329520494812
Daily Temperature,Treated,2025-05-13,95,12913.817675611657
Daily Temperature,Treated,2025-05-13,95,22892.180717164378
Daily Temperature,Treated,2025-05-13,95,20296.37124290786
Daily Temperature,Treated,2025-05-13,95,35355.91322466072
Daily Temperature,Treated,2025-05-13,95,25945.348897797277
Daily Temperature,Treated,2025-05-13,95,34517.75992790929
Daily Temperature,Treated,2025-05-13,95,44585.266275774564
Daily Temperature,Treated,2025-05-13,95,18123.121330807553
Daily Temperature,Treated,2025-05-13,95,55252.50411642609
Daily Temperature,Treated,2025-05-13,95,68223.88977778246
Daily Temperature,Treated,2025-05-13,95,52935.95529506202
Daily Temperature,Treated,2025-05-13,95,35497.39834883952
Daily Temperature,Treated,2025-05-13,95,53274.31161462936
Daily Temperature,Treated,2025-05-13,95,39043.11301371215
Daily Temperature,Treated,2025-05-13,95,19990.187930778495
Daily Temperature,Treated,2025-05-13,95,10516.798682062123
Daily Temperature,Treated,2025-05-13,95,24859.708648154312
Daily Temperature,Treated,2025-05-13,95,38371.96468056082
Daily Temperature,Treated,2025-05-13,95,25447.210067261873
Daily Temperature,Treated,2025-05-13,95,25207.030893044113
Daily Temperature,Treated,2025-05-13,95,38529.56414678827
Daily Temperature,Treated,2025-05-13,95,26477.60833855274
Daily Temperature,Treated,2025-05-13,95,17925.8905699667
Weekly Temperature,Treated,2025-05-13,96,39225.231471655796
Weekly Temperature,Treated,2025-05-13,96,20913.173221947523
Weekly Temperature,Treated,2025-05-13,96,37033.66056176506
Weekly Temperature,Treated,2025-05-13,96,36180.74203261965
Weekly Temperature,Treated,2025-05-13,96,12998.996383869873
Weekly Temperature,Treated,2025-05-13,96,12517.823771552408
Weekly Temperature,Treated,2025-05-13,96,29409.67987919249
Weekly Temperature,Treated,2025-05-13,96,21505.34048799395
Weekly Temperature,Treated,2025-05-13,96,21114.833839112565
Weekly Temperature,Treated,2025-05-13,96,7630.6687032891505
Weekly Temperature,Treated,2025-05-13,96,22311.873680152115
Weekly Temperature,Treated,2025-05-13,96,5242.054356249435
Weekly Temperature,Treated,2025-05-13,96,9225.33721433895
Weekly Temperature,Treated,2025-05-13,96,11064.36915656813
Weekly Temperature,Treated,2025-05-13,96,17631.731445944017
Weekly Temperature,Treated,2025-05-13,96,9758.765167774787
Weekly Temperature,Treated,2025-05-13,96,6190.596754449714
Weekly Temperature,Treated,2025-05-13,96,17696.779209539247
Weekly Temperature,Treated,2025-05-13,96,9918.152884715944
Weekly Temperature,Treated,2025-05-13,96,28056.149934825884
Weekly Temperature,Treated,2025-05-13,96,10268.633017469474
Weekly Temperature,Treated,2025-05-13,96,22027.64855686835
Weekly Temperature,Treated,2025-05-13,96,32431.28471964184
Weekly Temperature,Treated,2025-05-13,96,17733.099495629645
Weekly Temperature,Treated,2025-05-13,96,23436.6729301787
Weekly Temperature,Treated,2025-05-13,96,22501.42644932753
Weekly Temperature,Treated,2025-05-13,96,20788.677647083325
Weekly Temperature,Treated,2025-05-13,96,15795.130761101405
Weekly Temperature,Treated,2025-05-13,96,21097.794566985907
Weekly Temperature,Treated,2025-05-13,96,16868.890044392032
Weekly Temperature,Treated,2025-05-13,96,20758.168531911408
Weekly Temperature,Treated,2025-05-13,96,25077.869222988505
Weekly Temperature,Treated,2025-05-13,96,25293.8315382226
Weekly Temperature,Treated,2025-05-13,96,17824.61710056019
Weekly Temperature,Treated,2025-05-13,96,37147.34772650847
Weekly Temperature,Treated,2025-05-13,96,19835.384048467175
Weekly Temperature,Treated,2025-05-13,96,22565.25883846971
Weekly Temperature,Treated,2025-05-13,96,17390.803764460343
Weekly Temperature,Treated,2025-05-13,96,32422.381100745693
Weekly Temperature,Treated,2025-05-13,96,24532.824896443228
Weekly Temperature,Treated,2025-05-13,96,7387.573854526571
Weekly Temperature,Treated,2025-05-13,96,13417.703146012864
Weekly Temperature,Treated,2025-05-13,96,17601.12946120051
Weekly Temperature,Treated,2025-05-13,96,6825.821541568486
Weekly Temperature,Treated,2025-05-13,96,16012.147945261817
Weekly Temperature,Treated,2025-05-13,96,15711.672907560152
Weekly Temperature,Treated,2025-05-13,96,11777.284631835659
Weekly Temperature,Treated,2025-05-13,96,8553.707303061523
Weekly Temperature,Treated,2025-05-13,96,6169.03428924153
Weekly Temperature,Treated,2025-05-13,96,26920.504884517373
Weekly Temperature,Treated,2025-05-13,96,7554.381033544467
Weekly Temperature,Treated,2025-05-13,96,10009.151700464716
Weekly Temperature,Treated,2025-05-13,96,21079.701909188905
Weekly Temperature,Treated,2025-05-13,96,40349.5242361653
Weekly Temperature,Treated,2025-05-13,96,19433.391993493045
Weekly Temperature,Treated,2025-05-13,96,15298.568778227444
Weekly Temperature,Treated,2025-05-13,96,14885.612936437732
Weekly Temperature,Treated,2025-05-13,96,19196.596689972364
Weekly Temperature,Treated,2025-05-13,96,16197.477030175942
Weekly Temperature,Treated,2025-05-13,96,71241.99846819091
Weekly Temperature,Treated,2025-05-13,96,16304.734384679405
Weekly Temperature,Treated,2025-05-13,96,9255.527335566838
Weekly Temperature,Treated,2025-05-13,96,34391.75262749632
Weekly Temperature,Treated,2025-05-13,96,33077.35877882669
Weekly Temperature,Treated,2025-05-13,96,12025.906635462472
Weekly Temperature,Treated,2025-05-13,96,20767.633198614243
Weekly Temperature,Treated,2025-05-13,96,14031.235912712358
Weekly Temperature,Treated,2025-05-13,96,15296.070378749519
Weekly Temperature,Treated,2025-05-13,96,5758.083862735739
Weekly Temperature,Treated,2025-05-13,96,20524.710120814187
Weekly Temperature,Treated,2025-05-13,96,12449.995419460727
Weekly Temperature,Treated,2025-05-13,96,8391.920159676842
Weekly Temperature,Treated,2025-05-13,96,12918.2130972523
Weekly Temperature,Treated,2025-05-13,96,13504.623858607036
Weekly Temperature,Treated,2025-05-13,96,13469.048414634799
Weekly Temperature,Treated,2025-05-13,96,12995.316155110953
Weekly Temperature,Treated,2025-05-13,96,6441.478594000249
Weekly Temperature,Treated,2025-05-13,96,3935.754073264447
Weekly Temperature,Treated,2025-05-13,96,35887.5541242886
Weekly Temperature,Treated,2025-05-13,96,6553.33906047317
Weekly Temperature,Treated,2025-05-13,96,4467.648544545925
Weekly Temperature,Treated,2025-05-13,96,5400.811216640055
Weekly Temperature,Treated,2025-05-13,96,16804.388881362265
Weekly Temperature,Treated,2025-05-13,96,7067.755347243194
Weekly Temperature,Treated,2025-05-13,96,24075.81778459535
Weekly Temperature,Treated,2025-05-13,96,8950.802138811418
Weekly Temperature,Treated,2025-05-13,96,31560.44988370733
Weekly Temperature,Treated,2025-05-13,96,19347.570749187154
Weekly Temperature,Treated,2025-05-13,96,17548.3670093811
Weekly Temperature,Treated,2025-05-13,96,13200.391086252943
Weekly Temperature,Treated,2025-05-13,96,36405.91530799015
Weekly Temperature,Treated,2025-05-13,96,8521.487478331177
Weekly Temperature,Treated,2025-05-13,96,19768.453361425927
Weekly Temperature,Treated,2025-05-13,96,25208.251838821896
Weekly Temperature,Treated,2025-05-13,96,15643.793073667499
Weekly Temperature,Treated,2025-05-13,96,14333.961633911384
Weekly Temperature,Treated,2025-05-13,96,16460.909109883116
Weekly Temperature,Treated,2025-05-13,96,8019.6857829048895
Weekly Temperature,Treated,2025-05-13,96,13892.150025672881
Weekly Temperature,Treated,2025-05-13,96,6859.090158981974
Weekly Temperature,Control,2025-06-25,43,50266.558667738595
Weekly Temperature,Control,2025-06-25,43,27656.50687212259
Weekly Temperature,Control,2025-06-25,43,4986.630573680566
Weekly Temperature,Control,2025-06-25,43,15502.812792452489
Weekly Temperature,Control,2025-06-25,43,15178.994900841548
Weekly Temperature,Control,2025-06-25,43,33820.71028866467
Weekly Temperature,Control,2025-06-25,43,4131.56950119251
Weekly Temperature,Control,2025-06-25,43,51499.18357668013
Weekly Temperature,Control,2025-06-25,43,30944.722896572046
Weekly Temperature,Control,2025-06-25,43,20933.272482102813
Weekly Temperature,Control,2025-06-25,43,26491.561241959673
Weekly Temperature,Control,2025-06-25,43,7842.775579088037
Weekly Temperature,Control,2025-06-25,43,11991.23763664547
Weekly Temperature,Control,2025-06-25,43,14526.764715601317
Weekly Temperature,Control,2025-06-25,43,36943.23492685085
Weekly Temperature,Control,2025-06-25,43,5852.172624895078
Weekly Temperature,Control,2025-06-25,43,34008.17795164014
Weekly Temperature,Control,2025-06-25,43,21156.41132903253
Weekly Temperature,Control,2025-06-25,43,31563.3560585709
Weekly Temperature,Control,2025-06-25,43,25673.0502078322
Weekly Temperature,Control,2025-06-25,43,14874.196210878921
Weekly Temperature,Control,2025-06-25,43,49098.28540168152
Weekly Temperature,Control,2025-06-25,43,15475.069114197817
Weekly Temperature,Control,2025-06-25,43,27810.298677067574
Weekly Temperature,Control,2025-06-25,43,21382.44751543928
Weekly Temperature,Control,2025-06-25,43,47748.32732575959
Weekly Temperature,Control,2025-06-25,43,31065.106067899957
Weekly Temperature,Control,2025-06-25,43,22292.986171186647
Weekly Temperature,Control,2025-06-25,43,14360.9317965482
Weekly Temperature,Control,2025-06-25,43,33780.86233898012
Weekly Temperature,Control,2025-06-25,43,21111.638171108425
Weekly Temperature,Control,2025-06-25,43,17923.071497452864
Weekly Temperature,Control,2025-06-25,43,18240.91969537547
Weekly Temperature,Control,2025-06-25,43,18237.11063937718
Weekly Temperature,Control,2025-06-25,43,24283.913353410233
Weekly Temperature,Control,2025-06-25,43,13484.935049205771
Weekly Temperature,Control,2025-06-25,43,16580.114068429113
Weekly Temperature,Control,2025-06-25,43,26031.602063596332
Weekly Temperature,Control,2025-06-25,43,11665.625473499607
Weekly Temperature,Control,2025-06-25,43,23822.30927518894
Weekly Temperature,Control,2025-06-25,43,55652.27799836185
Weekly Temperature,Control,2025-06-25,43,31742.485729625692
Weekly Temperature,Control,2025-06-25,43,13892.924128355146
Weekly Temperature,Control,2025-06-25,43,23247.961356475927
Weekly Temperature,Control,2025-06-25,43,27465.51971728664
Weekly Temperature,Control,2025-06-25,43,61782.43162072928
Weekly Temperature,Control,2025-06-25,43,19611.94799864906
Weekly Temperature,Control,2025-06-25,43,11531.881790648067
Weekly Temperature,Control,2025-06-25,43,37193.559236092515
Weekly Temperature,Control,2025-06-25,43,53934.032218395565
Weekly Temperature,Control,2025-06-25,43,21179.893011446195
Weekly Temperature,Control,2025-06-25,43,47354.06689510427
Weekly Temperature,Control,2025-06-25,43,17914.616311731916
Weekly Temperature,Control,2025-06-25,43,5883.104887823136
Weekly Temperature,Control,2025-06-25,43,45936.74905773083
Weekly Temperature,Control,2025-06-25,43,58347.882049054046
Weekly Temperature,Control,2025-06-25,43,14174.518150471506
Weekly Temperature,Control,2025-06-25,43,18369.83233065346
Weekly Temperature,Control,2025-06-25,43,66830.50705966742
Weekly Temperature,Control,2025-06-25,43,9422.605144143667
Weekly Temperature,Control,2025-06-25,43,21467.55262991631
Weekly Temperature,Control,2025-06-25,43,40552.282977573355
Weekly Temperature,Control,2025-06-25,43,12488.516360673759
Weekly Temperature,Control,2025-06-25,43,15782.334792092404
Weekly Temperature,Control,2025-06-25,43,4350.995078261618
Weekly Temperature,Control,2025-06-25,43,13895.246632464121
Weekly Temperature,Control,2025-06-25,43,36242.19203207369
Weekly Temperature,Control,2025-06-25,43,25706.501456050388
Weekly Temperature,Control,2025-06-25,43,13366.506118854302
Weekly Temperature,Control,2025-06-25,43,9774.201231688841
Weekly Temperature,Control,2025-06-25,43,44019.19356602066
Weekly Temperature,Control,2025-06-25,43,20749.758273840653
Weekly Temperature,Control,2025-06-25,43,8415.80273526198
Weekly Temperature,Control,2025-06-25,43,21430.89328287507
Weekly Temperature,Control,2025-06-25,43,16268.04930381098
Weekly Temperature,Control,2025-06-25,43,12103.141858089873
Weekly Temperature,Control,2025-06-25,43,10065.507567277082
Weekly Temperature,Control,2025-06-25,43,77069.73980519867
Weekly Temperature,Control,2025-06-25,43,14800.149452736156
Weekly Temperature,Control,2025-06-25,43,50894.711185472515
Weekly Temperature,Control,2025-06-25,43,14294.369427266376
Weekly Temperature,Control,2025-06-25,43,32277.22409165746
Weekly Temperature,Control,2025-06-25,43,43767.33749304691
Weekly Temperature,Control,2025-06-25,43,51233.3727495831
Weekly Temperature,Control,2025-06-25,43,22241.940436126617
Weekly Temperature,Control,2025-06-25,43,50625.05190037071
Weekly Temperature,Control,2025-06-25,43,31148.439757455297
Weekly Temperature,Control,2025-06-25,43,13179.551072251435
Weekly Temperature,Control,2025-06-25,43,30211.74329575804
Weekly Temperature,Control,2025-06-25,43,37441.885269571394
Weekly Temperature,Control,2025-06-25,43,8591.411642057166
Weekly Temperature,Control,2025-06-25,43,70736.78777541635
Weekly Temperature,Control,2025-06-25,43,33560.82703329032
Weekly Temperature,Control,2025-06-25,43,25659.431562719954
Weekly Temperature,Control,2025-06-25,43,21504.260126362766
Weekly Temperature,Control,2025-06-25,43,20460.1617162454
Weekly Temperature,Control,2025-06-25,43,34357.59035145855
Weekly Temperature,Control,2025-06-25,43,17095.225468700806
Weekly Temperature,Control,2025-06-25,43,38167.66994742924
Weekly Temperature,Control,2025-06-25,43,69642.89264035794
Weekly Temperature,Control,2025-06-25,43,40892.57679906435
Weekly Temperature,Control,2025-06-25,43,34708.226888748686
Weekly Temperature,Control,2025-06-25,64,23676.54558208644
Weekly Temperature,Control,2025-06-25,64,23671.89251816279
Weekly Temperature,Control,2025-06-25,64,16780.24948100278
Weekly Temperature,Control,2025-06-25,64,28230.310584109546
Weekly Temperature,Control,2025-06-25,64,13029.941416184069
Weekly Temperature,Control,2025-06-25,64,79191.00457034798
Weekly Temperature,Control,2025-06-25,64,35836.196628663434
Weekly Temperature,Control,2025-06-25,64,17820.874642742194
Weekly Temperature,Control,2025-06-25,64,20618.687243590528
Weekly Temperature,Control,2025-06-25,64,26977.071262808167
Weekly Temperature,Control,2025-06-25,64,26391.48006207891
Weekly Temperature,Control,2025-06-25,64,14638.392791159145
Weekly Temperature,Control,2025-06-25,64,12135.258613782946
Weekly Temperature,Control,2025-06-25,64,36632.17987127676
Weekly Temperature,Control,2025-06-25,64,19249.136165353666
Weekly Temperature,Control,2025-06-25,64,22520.449624623045
Weekly Temperature,Control,2025-06-25,64,37157.24641956045
Weekly Temperature,Control,2025-06-25,64,37173.748814518505
Weekly Temperature,Control,2025-06-25,64,25539.581203078546
Weekly Temperature,Control,2025-06-25,64,15971.661937165047
Weekly Temperature,Control,2025-06-25,64,26673.466710115907
Weekly Temperature,Control,2025-06-25,64,6261.591155270217
Weekly Temperature,Control,2025-06-25,64,6651.883170677597
Weekly Temperature,Control,2025-06-25,64,69921.8824623639
Weekly Temperature,Control,2025-06-25,64,21783.28792959955
Weekly Temperature,Control,2025-06-25,64,17947.514713354172
Weekly Temperature,Control,2025-06-25,64,4684.213228494257
Weekly Temperature,Control,2025-06-25,64,18575.608490403967
Weekly Temperature,Control,2025-06-25,64,8793.315465094507
Weekly Temperature,Control,2025-06-25,64,63946.883918161315
Weekly Temperature,Control,2025-06-25,64,16829.450284434133
Weekly Temperature,Control,2025-06-25,64,12241.137276519781
Weekly Temperature,Control,2025-06-25,64,38235.111189335745
Weekly Temperature,Control,2025-06-25,64,16785.61150641294
Weekly Temperature,Control,2025-06-25,64,9745.125399239434
Weekly Temperature,Control,2025-06-25,64,25176.522078831254
Weekly Temperature,Control,2025-06-25,64,9169.70771580146
Weekly Temperature,Control,2025-06-25,64,20976.695086381005
Weekly Temperature,Control,2025-06-25,64,35703.25508450453
Weekly Temperature,Control,2025-06-25,64,13097.920343471444
Weekly Temperature,Control,2025-06-25,64,18860.20235652601
Weekly Temperature,Control,2025-06-25,64,9770.043572416216
Weekly Temperature,Control,2025-06-25,64,9381.05824830419
Weekly Temperature,Control,2025-06-25,64,16445.064586212495
Weekly Temperature,Control,2025-06-25,64,54638.112488328225
Weekly Temperature,Control,2025-06-25,64,7995.621375122035
Weekly Temperature,Control,2025-06-25,64,26519.484097655626
Weekly Temperature,Control,2025-06-25,64,24517.285225948734
Weekly Temperature,Control,2025-06-25,64,16233.16959985289
Weekly Temperature,Control,2025-06-25,64,29010.127628875114
Weekly Temperature,Control,2025-06-25,64,13010.778409925055
Weekly Temperature,Control,2025-06-25,64,63219.67965777264
Weekly Temperature,Control,2025-06-25,64,35449.65753356793
Weekly Temperature,Control,2025-06-25,64,14490.764900052167
Weekly Temperature,Control,2025-06-25,64,31285.309485385893
Weekly Temperature,Control,2025-06-25,64,59764.90048526684
Weekly Temperature,Control,2025-06-25,64,46877.20834889113
Weekly Temperature,Control,2025-06-25,64,9022.21329751498
Weekly Temperature,Control,2025-06-25,64,20511.162853884638
Weekly Temperature,Control,2025-06-25,64,94901.17227921954
Weekly Temperature,Control,2025-06-25,64,33857.525470442124
Weekly Temperature,Control,2025-06-25,64,11914.54173887995
Weekly Temperature,Control,2025-06-25,64,32791.98486042747
Weekly Temperature,Control,2025-06-25,64,33832.97855259279
Weekly Temperature,Control,2025-06-25,64,35741.65644092488
Weekly Temperature,Control,2025-06-25,64,37140.749740909596
Weekly Temperature,Control,2025-06-25,64,22146.748229788274
Weekly Temperature,Control,2025-06-25,64,15808.788492668049
Weekly Temperature,Control,2025-06-25,64,32958.46972181528
Weekly Temperature,Control,2025-06-25,64,58765.20629053773
Weekly Temperature,Control,2025-06-25,64,27604.079741342397
Weekly Temperature,Control,2025-06-25,64,21678.736168899635
Weekly Temperature,Control,2025-06-25,64,29640.100455091586
Weekly Temperature,Control,2025-06-25,64,19493.439701529645
Weekly Temperature,Control,2025-06-25,64,42671.814560337116
Weekly Temperature,Control,2025-06-25,64,14553.207673481818
Weekly Temperature,Control,2025-06-25,64,21236.544696163262
Weekly Temperature,Control,2025-06-25,64,34656.62659053869
Weekly Temperature,Control,2025-06-25,64,17536.35039505218
Weekly Temperature,Control,2025-06-25,64,27345.6968369441
Weekly Temperature,Control,2025-06-25,64,33493.81696960379
Weekly Temperature,Control,2025-06-25,64,30363.735669859136
Weekly Temperature,Control,2025-06-25,64,24053.43540242354
Weekly Temperature,Control,2025-06-25,64,13404.13657786656
Weekly Temperature,Control,2025-06-25,64,40816.171802217665
Weekly Temperature,Control,2025-06-25,64,12786.114240718016
Weekly Temperature,Control,2025-06-25,64,36188.82291428396
Weekly Temperature,Control,2025-06-25,64,36977.740726785094
Weekly Temperature,Control,2025-06-25,64,21696.134628481366
Weekly Temperature,Treated,2025-06-25,71,30666.65801011128
Weekly Temperature,Treated,2025-06-25,71,50905.26763120298
Weekly Temperature,Treated,2025-06-25,71,15464.150156840897
Weekly Temperature,Treated,2025-06-25,71,34954.539305195634
Weekly Temperature,Treated,2025-06-25,71,17157.849037092703
Weekly Temperature,Treated,2025-06-25,71,13852.714094333704
Weekly Temperature,Treated,2025-06-25,71,47511.86309030106
Weekly Temperature,Treated,2025-06-25,71,25728.82098055
Weekly Temperature,Treated,2025-06-25,71,24893.54819473688
Weekly Temperature,Treated,2025-06-25,71,25925.379733375357
Weekly Temperature,Treated,2025-06-25,71,76473.69920181794
Weekly Temperature,Treated,2025-06-25,71,11894.565126530517
Weekly Temperature,Treated,2025-06-25,71,26149.46263233334
Weekly Temperature,Treated,2025-06-25,71,23433.210332466297
Weekly Temperature,Treated,2025-06-25,71,10148.347983191625
Weekly Temperature,Treated,2025-06-25,71,59511.339533709055
Weekly Temperature,Treated,2025-06-25,71,32404.57956329287
Weekly Temperature,Treated,2025-06-25,71,56554.9473137159
Weekly Temperature,Treated,2025-06-25,71,25035.333865418266
Weekly Temperature,Treated,2025-06-25,71,41601.48651362627
Weekly Temperature,Treated,2025-06-25,71,27404.255214110057
Weekly Temperature,Treated,2025-06-25,71,24829.524766444305
Weekly Temperature,Treated,2025-06-25,71,34091.413198170754
Weekly Temperature,Treated,2025-06-25,71,49090.076720563164
Weekly Temperature,Treated,2025-06-25,71,8173.51872472975
Weekly Temperature,Treated,2025-06-25,71,37362.28061646699
Weekly Temperature,Treated,2025-06-25,71,21678.736168899635
Weekly Temperature,Treated,2025-06-25,71,57119.171976092526
Weekly Temperature,Treated,2025-06-25,71,75678.90266126559
Weekly Temperature,Treated,2025-06-25,71,17344.02092227602
Weekly Temperature,Treated,2025-06-25,71,26458.590806546898
Weekly Temperature,Treated,2025-06-25,71,11920.056974977077
Weekly Temperature,Treated,2025-06-25,71,24984.364945771573
Weekly Temperature,Treated,2025-06-25,71,15042.035354984153
Weekly Temperature,Treated,2025-06-25,71,26820.453570666512
Weekly Temperature,Treated,2025-06-25,71,13305.714455700927
Weekly Temperature,Treated,2025-06-25,71,20418.60029260091
Weekly Temperature,Treated,2025-06-25,71,31348.859804280746
Weekly Temperature,Treated,2025-06-25,71,31458.864630369953
Weekly Temperature,Treated,2025-06-25,71,17974.808332824647
Weekly Temperature,Treated,2025-06-25,71,13352.978739234246
Weekly Temperature,Treated,2025-06-25,71,4144.826696352744
Weekly Temperature,Treated,2025-06-25,71,11525.157824961323
Weekly Temperature,Treated,2025-06-25,71,21525.875282058176
Weekly Temperature,Treated,2025-06-25,71,28182.36646938454
Weekly Temperature,Treated,2025-06-25,71,24852.46193629682
Weekly Temperature,Treated,2025-06-25,71,31662.289754885078
Weekly Temperature,Treated,2025-06-25,71,13334.958347199647
Weekly Temperature,Treated,2025-06-25,71,17468.98910001539
Weekly Temperature,Treated,2025-06-25,71,11914.54173887995
Weekly Temperature,Treated,2025-06-25,71,10998.67123487662
Weekly Temperature,Treated,2025-06-25,71,28680.841661273058
Weekly Temperature,Treated,2025-06-25,71,17426.643806558463
Weekly Temperature,Treated,2025-06-25,71,31260.782765532796
Weekly Temperature,Treated,2025-06-25,71,27773.433706220396
Weekly Temperature,Treated,2025-06-25,71,10308.758416619761
Weekly Temperature,Treated,2025-06-25,71,7185.162121218136
Weekly Temperature,Treated,2025-06-25,71,20978.815029269623
Weekly Temperature,Treated,2025-06-25,71,12468.531327424915
Weekly Temperature,Treated,2025-06-25,71,20017.782549394095
Weekly Temperature,Treated,2025-06-25,71,24523.261123688557
Weekly Temperature,Treated,2025-06-25,71,25306.075492056763
Weekly Temperature,Treated,2025-06-25,71,16816.020992159472
Weekly Temperature,Treated,2025-06-25,71,30631.1494134954
Weekly Temperature,Treated,2025-06-25,71,43514.74511713743
Weekly Temperature,Treated,2025-06-25,71,19375.48062116965
Weekly Temperature,Treated,2025-06-25,71,23385.927637302375
Weekly Temperature,Treated,2025-06-25,71,49400.703565513475
Weekly Temperature,Treated,2025-06-25,71,47963.54637474353
Weekly Temperature,Treated,2025-06-25,71,50341.86449774611
Weekly Temperature,Treated,2025-06-25,71,37576.518197734425
Weekly Temperature,Treated,2025-06-25,71,25126.549324676176
Weekly Temperature,Treated,2025-06-25,71,32153.206274637807
Weekly Temperature,Treated,2025-06-25,71,46249.22742860284
Weekly Temperature,Treated,2025-06-25,71,27736.606568614177
Weekly Temperature,Treated,2025-06-25,71,24032.245837400962
Weekly Temperature,Treated,2025-06-25,71,19544.591889551786
Weekly Temperature,Treated,2025-06-25,71,35559.53629382644
Weekly Temperature,Treated,2025-06-25,71,29660.865213173656
Weekly Temperature,Treated,2025-06-25,71,54976.030779605215
Weekly Temperature,Treated,2025-06-25,71,21245.105990480828
Weekly Temperature,Treated,2025-06-25,71,8147.556041227106
Weekly Temperature,Treated,2025-06-25,71,18573.67722717824
Weekly Temperature,Treated,2025-06-25,71,10518.053838637692
Weekly Temperature,Treated,2025-06-25,71,26555.055172666343
Weekly Temperature,Treated,2025-06-25,71,31525.591994560786
Weekly Temperature,Treated,2025-06-25,71,42787.75877992266
Weekly Temperature,Treated,2025-06-25,71,31758.543842829098
Weekly Temperature,Treated,2025-06-25,71,38959.14977919033
Weekly Temperature,Treated,2025-06-25,71,26120.586389833516
Weekly Temperature,Treated,2025-06-25,71,24217.55133323029
Weekly Temperature,Treated,2025-06-25,71,17181.491657211405
Weekly Temperature,Treated,2025-06-25,71,24240.05132798072
Weekly Temperature,Treated,2025-06-25,71,10974.02926244493
Weekly Temperature,Treated,2025-06-25,71,25746.19095482772
Daily Temperature,Treated,2025-06-25,72,13094.218961897363
Daily Temperature,Treated,2025-06-25,72,22309.650981789175
Daily Temperature,Treated,2025-06-25,72,23282.394010537206
Daily Temperature,Treated,2025-06-25,72,23986.384468322907
Daily Temperature,Treated,2025-06-25,72,21765.835786009353
Daily Temperature,Treated,2025-06-25,72,28923.119438115416
Daily Temperature,Treated,2025-06-25,72,68168.03545773533
Daily Temperature,Treated,2025-06-25,72,25432.454654197805
Daily Temperature,Treated,2025-06-25,72,23860.905997032278
Daily Temperature,Treated,2025-06-25,72,53311.525045082075
Daily Temperature,Treated,2025-06-25,72,51682.69061920382
Daily Temperature,Treated,2025-06-25,72,29266.887722609954
Daily Temperature,Treated,2025-06-25,72,17792.825333521454
Daily Temperature,Treated,2025-06-25,72,21372.76846402856
Daily Temperature,Treated,2025-06-25,72,25093.682265546202
Daily Temperature,Treated,2025-06-25,72,30883.238499294155
Daily Temperature,Treated,2025-06-25,72,34697.27637459482
Daily Temperature,Treated,2025-06-25,72,15785.746279109717
Daily Temperature,Treated,2025-06-25,72,9019.975287170546
Daily Temperature,Treated,2025-06-25,72,20117.159721963646
Daily Temperature,Treated,2025-06-25,72,37763.29937977493
Daily Temperature,Treated,2025-06-25,72,19703.716265940642
Daily Temperature,Treated,2025-06-25,72,38063.319609745544
Daily Temperature,Treated,2025-06-25,72,29216.2164883805
Daily Temperature,Treated,2025-06-25,72,29887.23704998786
Daily Temperature,Treated,2025-06-25,72,27130.51816115471
Daily Temperature,Treated,2025-06-25,72,56241.36394706251
Daily Temperature,Treated,2025-06-25,72,21747.30465837971
Daily Temperature,Treated,2025-06-25,72,27157.666949659386
Daily Temperature,Treated,2025-06-25,72,56179.72491378089
Daily Temperature,Treated,2025-06-25,72,38108.73508296071
Daily Temperature,Treated,2025-06-25,72,51473.618757449956
Daily Temperature,Treated,2025-06-25,72,38847.98771806502
Daily Temperature,Treated,2025-06-25,72,22738.41505297911
Daily Temperature,Treated,2025-06-25,72,31482.06169373015
Daily Temperature,Treated,2025-06-25,72,34616.013903000494
Daily Temperature,Treated,2025-06-25,72,40219.47315644817
Daily Temperature,Treated,2025-06-25,72,84979.3250707653
Daily Temperature,Treated,2025-06-25,72,14611.028159212487
Daily Temperature,Treated,2025-06-25,72,45339.892438541414
Daily Temperature,Treated,2025-06-25,72,27579.203812070886
Daily Temperature,Treated,2025-06-25,72,21263.307540595357
Daily Temperature,Treated,2025-06-25,72,59614.096547505666
Daily Temperature,Treated,2025-06-25,72,13038.793072840506
Daily Temperature,Treated,2025-06-25,72,58722.65924474488
Daily Temperature,Treated,2025-06-25,72,20078.183508685834
Daily Temperature,Control,2025-06-25,73,50507.42992725589
Daily Temperature,Control,2025-06-25,73,54077.81606426817
Daily Temperature,Control,2025-06-25,73,29533.68540161007
Daily Temperature,Control,2025-06-25,73,50486.44863948505
Daily Temperature,Control,2025-06-25,73,62526.34069710187
Daily Temperature,Control,2025-06-25,73,34562.96093565589
Daily Temperature,Control,2025-06-25,73,36401.04394507326
Daily Temperature,Control,2025-06-25,73,30943.291948490994
Daily Temperature,Control,2025-06-25,73,38258.737592909434
Daily Temperature,Control,2025-06-25,73,53392.58974564628
Daily Temperature,Control,2025-06-25,73,39934.165229207654
Daily Temperature,Control,2025-06-25,73,11136.256440206595
Daily Temperature,Control,2025-06-25,73,11798.481069538471
Daily Temperature,Control,2025-06-25,73,75019.68325514156
Daily Temperature,Control,2025-06-25,73,61367.8323387651
Daily Temperature,Control,2025-06-25,73,24578.29210463826
Daily Temperature,Control,2025-06-25,73,16983.12285626386
Daily Temperature,Control,2025-06-25,73,45446.02527501269
Daily Temperature,Control,2025-06-25,73,37865.33278343965
Daily Temperature,Control,2025-06-25,73,26778.210827334755
Daily Temperature,Control,2025-06-25,73,28350.44720896062
Daily Temperature,Control,2025-06-25,73,34102.2145516357
Daily Temperature,Control,2025-06-25,73,7965.488823084326
Daily Temperature,Control,2025-06-25,73,18098.49557706536
Daily Temperature,Control,2025-06-25,73,8926.35220228884
Daily Temperature,Control,2025-06-25,73,12566.545611407242
Daily Temperature,Control,2025-06-25,73,19158.994499697885
Daily Temperature,Control,2025-06-25,73,51097.69607061196
Daily Temperature,Control,2025-06-25,73,21455.6869862381
Daily Temperature,Control,2025-06-25,73,25710.220338049
Daily Temperature,Control,2025-06-25,73,32333.4493734662
Daily Temperature,Control,2025-06-25,73,13334.958347199647
Daily Temperature,Control,2025-06-25,73,30276.40844427798
Daily Temperature,Control,2025-06-25,73,7297.7896165535685
Daily Temperature,Control,2025-06-25,73,24193.884525195874
Daily Temperature,Control,2025-06-25,73,15383.69906392442
Daily Temperature,Control,2025-06-25,73,19494.44169901744
Daily Temperature,Control,2025-06-25,73,22476.8265735479
Daily Temperature,Control,2025-06-25,73,20960.80075558286
Daily Temperature,Control,2025-06-25,73,23511.792693934327
Weekly Temperature,Treated,2025-06-25,44,29302.535267662144
Weekly Temperature,Treated,2025-06-25,44,19383.460529770804
Weekly Temperature,Treated,2025-06-25,44,5145.641232095911
Weekly Temperature,Treated,2025-06-25,44,39098.02240727505
Weekly Temperature,Treated,2025-06-25,44,12701.992460823945
Weekly Temperature,Treated,2025-06-25,44,19055.386778002634
Weekly Temperature,Treated,2025-06-25,44,19065.235661525105
Weekly Temperature,Treated,2025-06-25,44,29446.839069219914
Weekly Temperature,Treated,2025-06-25,44,19135.2748139185
Weekly Temperature,Treated,2025-06-25,44,49710.80082659204
Weekly Temperature,Treated,2025-06-25,44,30186.46873070103
Weekly Temperature,Treated,2025-06-25,44,13534.197856947269
Weekly Temperature,Treated,2025-06-25,44,36708.93417701909
Weekly Temperature,Treated,2025-06-25,44,41378.47889472519
Weekly Temperature,Treated,2025-06-25,44,38619.60474803056
Weekly Temperature,Treated,2025-06-25,44,15436.45910770109
Weekly Temperature,Treated,2025-06-25,44,10830.254671913744
Weekly Temperature,Treated,2025-06-25,44,18673.33715931669
Weekly Temperature,Treated,2025-06-25,44,16354.622009479097
Weekly Temperature,Treated,2025-06-25,44,27960.782967236795
Weekly Temperature,Treated,2025-06-25,44,25080.301498114204
Weekly Temperature,Treated,2025-06-25,44,9425.495441638843
Weekly Temperature,Treated,2025-06-25,44,32388.268162361397
Weekly Temperature,Treated,2025-06-25,44,14515.557510541237
Weekly Temperature,Treated,2025-06-25,44,35271.867032170485
Weekly Temperature,Treated,2025-06-25,44,15260.294047994163
Weekly Temperature,Treated,2025-06-25,44,18688.854937551707
Weekly Temperature,Treated,2025-06-25,44,10548.840299089386
Weekly Temperature,Treated,2025-06-25,44,22432.152529948722
Weekly Temperature,Treated,2025-06-25,44,13110.510958080531
Weekly Temperature,Treated,2025-06-25,44,11562.176185728054
Weekly Temperature,Treated,2025-06-25,44,13574.466704512492
Weekly Temperature,Treated,2025-06-25,44,25834.421016352524
Weekly Temperature,Treated,2025-06-25,44,15661.589896649652
Weekly Temperature,Treated,2025-06-25,44,9527.656764768712
Weekly Temperature,Treated,2025-06-25,44,21810.57842969656
Weekly Temperature,Treated,2025-06-25,44,22694.467475088324
Weekly Temperature,Treated,2025-06-25,44,17471.753474761117
Weekly Temperature,Treated,2025-06-25,44,25902.928616291494
Weekly Temperature,Treated,2025-06-25,44,13041.006697063827
Weekly Temperature,Treated,2025-06-25,44,17495.725377612376
Weekly Temperature,Treated,2025-06-25,44,5521.2876707443875
Weekly Temperature,Treated,2025-06-25,44,11666.303896566924
Weekly Temperature,Treated,2025-06-25,44,13268.293284404934
Weekly Temperature,Treated,2025-06-25,44,28402.629194420017
Weekly Temperature,Treated,2025-06-25,44,18632.649876032472
Weekly Temperature,Treated,2025-06-25,44,17220.647442809728
Weekly Temperature,Treated,2025-06-25,44,9626.53173100891
Weekly Temperature,Treated,2025-06-25,44,5112.075556141439
Weekly Temperature,Treated,2025-06-25,44,17506.797795999966
Weekly Temperature,Treated,2025-06-25,44,37656.47876989131
Weekly Temperature,Treated,2025-06-25,44,15376.173119420831
Weekly Temperature,Treated,2025-06-25,44,8269.066888318945
Weekly Temperature,Treated,2025-06-25,44,28872.91015404974
Weekly Temperature,Treated,2025-06-25,44,36151.662506606095
Weekly Temperature,Treated,2025-06-25,44,11917.299116495155
Weekly Temperature,Treated,2025-06-25,44,60909.20777932893
Weekly Temperature,Treated,2025-06-25,44,52640.47064500044
Weekly Temperature,Treated,2025-06-25,44,8793.315465094507
Weekly Temperature,Treated,2025-06-25,44,40212.452716932174
Weekly Temperature,Treated,2025-06-25,44,47672.07717183339
Weekly Temperature,Treated,2025-06-25,44,36436.77907949714
Weekly Temperature,Treated,2025-06-25,44,22739.54277432324
Weekly Temperature,Treated,2025-06-25,44,4656.304919122357
Weekly Temperature,Treated,2025-06-25,44,14321.283091964093
Weekly Temperature,Treated,2025-06-25,44,33322.199826794444
Weekly Temperature,Treated,2025-06-25,44,20232.374480887705
Weekly Temperature,Treated,2025-06-25,44,31036.410486733945
Weekly Temperature,Treated,2025-06-25,44,28618.83504464754
Weekly Temperature,Treated,2025-06-25,44,14408.620065824738
Weekly Temperature,Treated,2025-06-25,44,20927.981766281115
Weekly Temperature,Treated,2025-06-25,44,19051.448315062316
Weekly Temperature,Treated,2025-06-25,44,30649.609899015937
Weekly Temperature,Treated,2025-06-25,44,13785.636807697543
Weekly Temperature,Treated,2025-06-25,44,43979.64872384467
Weekly Temperature,Treated,2025-06-25,44,15321.068332191995
Weekly Temperature,Treated,2025-06-25,44,28630.958594943342
Weekly Temperature,Treated,2025-06-25,44,18216.171696356698
Weekly Temperature,Treated,2025-06-25,44,31998.705117364625
Weekly Temperature,Treated,2025-06-25,44,6339.64222808512
Weekly Temperature,Treated,2025-06-25,44,19742.134293828363
Weekly Temperature,Treated,2025-06-25,44,14024.997353909725
Weekly Temperature,Treated,2025-06-25,44,48345.560623374666
Weekly Temperature,Treated,2025-06-25,44,5755.675720889506
Weekly Temperature,Treated,2025-06-25,44,35165.84281753522
Weekly Temperature,Treated,2025-06-25,44,11488.899388202231
Weekly Temperature,Treated,2025-06-25,44,10824.481975135697
Weekly Temperature,Treated,2025-06-25,44,65436.58403801289
Weekly Temperature,Treated,2025-06-25,44,23781.425944289604
Weekly Temperature,Treated,2025-06-25,44,34018.958772918144
Weekly Temperature,Treated,2025-06-25,44,30923.26406859251
Daily Temperature,Control,2025-06-25,36,26233.720975945642
Daily Temperature,Control,2025-06-25,36,61487.81456653793
Daily Temperature,Control,2025-06-25,36,31121.12169753815
Daily Temperature,Control,2025-06-25,36,66186.46515388032
Daily Temperature,Control,2025-06-25,36,15874.642037973557
Daily Temperature,Control,2025-06-25,36,29364.312468699954
Daily Temperature,Control,2025-06-25,36,21324.423669887972
Daily Temperature,Control,2025-06-25,36,37860.30972132928
Daily Temperature,Control,2025-06-25,36,32850.40484292882
Daily Temperature,Control,2025-06-25,36,34894.79780199884
Daily Temperature,Control,2025-06-25,36,9666.531439996157
Daily Temperature,Control,2025-06-25,36,20192.197801028706
Daily Temperature,Control,2025-06-25,36,22103.68305249914
Daily Temperature,Control,2025-06-25,36,9953.032474528996
Daily Temperature,Control,2025-06-25,36,50761.847443292245
Daily Temperature,Control,2025-06-25,36,46590.9383571208
Daily Temperature,Control,2025-06-25,36,48625.99822243722
Daily Temperature,Control,2025-06-25,36,35336.87024751459
Daily Temperature,Control,2025-06-25,36,35661.68991066735
Daily Temperature,Control,2025-06-25,36,30949.016049049525
Daily Temperature,Control,2025-06-25,36,22164.434644163877
Daily Temperature,Control,2025-06-25,36,47559.88284988547
Daily Temperature,Control,2025-06-25,36,16182.695209617279
Daily Temperature,Control,2025-06-25,36,35921.28864684955
Daily Temperature,Control,2025-06-25,36,49696.29567171991
Daily Temperature,Control,2025-06-25,36,13927.792584256718
Daily Temperature,Control,2025-06-25,36,41047.505799066894
Daily Temperature,Control,2025-06-25,36,26286.64650799255
Daily Temperature,Control,2025-06-25,36,11727.483747506367
Daily Temperature,Control,2025-06-25,36,52916.36090777283
Daily Temperature,Control,2025-06-25,36,27882.822269903274
Daily Temperature,Control,2025-06-25,36,48719.76087795741
Daily Temperature,Control,2025-06-25,36,54680.5417511318
Daily Temperature,Control,2025-06-25,36,25910.410652664643
Daily Temperature,Control,2025-06-25,36,76392.1763273636
Daily Temperature,Control,2025-06-25,36,60960.30233233568
Daily Temperature,Control,2025-06-25,36,37693.17171747269
Daily Temperature,Control,2025-06-25,36,27976.660008626543
Daily Temperature,Control,2025-06-25,36,51614.34892379472
Daily Temperature,Control,2025-06-25,36,18706.324225644963
Daily Temperature,Control,2025-06-25,36,64609.303610817755
Daily Temperature,Control,2025-06-25,36,29990.448217938472
Daily Temperature,Control,2025-06-25,36,21856.485612339875
Daily Temperature,Control,2025-06-25,36,31592.429241473452
Daily Temperature,Control,2025-06-25,36,48744.24404796895
Daily Temperature,Control,2025-06-25,36,27358.701435709587
Daily Temperature,Control,2025-06-25,36,14270.653941332619
Daily Temperature,Control,2025-06-25,36,39029.39508356564
Daily Temperature,Control,2025-06-25,36,31486.412621739906
Daily Temperature,Control,2025-06-25,36,30119.1500787858
Daily Temperature,Treated,2025-06-25,95,20521.583219435073
Daily Temperature,Treated,2025-06-25,95,17339.439543689714
Daily Temperature,Treated,2025-06-25,95,32626.154655712802
Daily Temperature,Treated,2025-06-25,95,32044.259590749774
Daily Temperature,Treated,2025-06-25,95,31484.962260513257
Daily Temperature,Treated,2025-06-25,95,47716.2103331371
Daily Temperature,Treated,2025-06-25,95,60814.4076653709
Daily Temperature,Treated,2025-06-25,95,19815.083714538898
Daily Temperature,Treated,2025-06-25,95,28087.99481696189
Daily Temperature,Treated,2025-06-25,95,22807.284853118133
Daily Temperature,Treated,2025-06-25,95,36699.128777092716
Daily Temperature,Treated,2025-06-25,95,62335.36805197048
Daily Temperature,Treated,2025-06-25,95,19343.586138964398
Daily Temperature,Treated,2025-06-25,95,32803.96185529696
Daily Temperature,Treated,2025-06-25,95,34207.28068232279
Daily Temperature,Treated,2025-06-25,95,29179.283117236282
Daily Temperature,Treated,2025-06-25,95,25444.750372907678
Daily Temperature,Treated,2025-06-25,95,34028.20159393633
Daily Temperature,Treated,2025-06-25,95,11780.701470325112
Daily Temperature,Treated,2025-06-25,95,36302.10308739891
Daily Temperature,Treated,2025-06-25,95,28976.11594947576
Daily Temperature,Treated,2025-06-25,95,33143.719930905005
Daily Temperature,Treated,2025-06-25,95,46296.24266994639
Daily Temperature,Treated,2025-06-25,95,17682.8250039781
Daily Temperature,Treated,2025-06-25,95,31122.559026210445
Daily Temperature,Treated,2025-06-25,95,63911.50426266346
Daily Temperature,Treated,2025-06-25,95,60048.16916361204
Daily Temperature,Treated,2025-06-25,95,12263.664316513716
Daily Temperature,Treated,2025-06-25,95,36462.78544630786
Daily Temperature,Treated,2025-06-25,95,43477.42137574044
Daily Temperature,Treated,2025-06-25,95,20749.758273840653
Daily Temperature,Treated,2025-06-25,95,61986.86028744937
Daily Temperature,Treated,2025-06-25,95,50417.259017355136
Daily Temperature,Treated,2025-06-25,95,27024.709551132448
Daily Temperature,Treated,2025-06-25,95,52794.56855004315
Daily Temperature,Treated,2025-06-25,95,14993.583791752722
Daily Temperature,Treated,2025-06-25,95,22177.70658010655
Daily Temperature,Treated,2025-06-25,95,48114.854482925184
Daily Temperature,Treated,2025-06-25,95,30307.373188513186
Daily Temperature,Treated,2025-06-25,95,46292.32330132322
Daily Temperature,Treated,2025-06-25,95,24531.629267575627
Daily Temperature,Treated,2025-06-25,95,24927.423268879666
Daily Temperature,Treated,2025-06-25,95,28138.47310440745
Daily Temperature,Treated,2025-06-25,95,40508.13736590309
Daily Temperature,Control,2025-06-25,59,26989.94006670612
Daily Temperature,Control,2025-06-25,59,18990.481763014104
Daily Temperature,Control,2025-06-25,59,55038.8717317647
Daily Temperature,Control,2025-06-25,59,24498.169899423432
Daily Temperature,Control,2025-06-25,59,20969.27658117183
Daily Temperature,Control,2025-06-25,59,26575.39805276252
Daily Temperature,Control,2025-06-25,59,22286.322927999485
Daily Temperature,Control,2025-06-25,59,22338.559346124726
Daily Temperature,Control,2025-06-25,59,30641.088602293417
Daily Temperature,Control,2025-06-25,59,17517.875562205456
Daily Temperature,Control,2025-06-25,59,11262.573138961521
Daily Temperature,Control,2025-06-25,59,11752.023222292293
Daily Temperature,Control,2025-06-25,59,45565.899463306836
Daily Temperature,Control,2025-06-25,59,68075.02542979829
Daily Temperature,Control,2025-06-25,59,26047.877427432242
Daily Temperature,Control,2025-06-25,59,29119.172946380804
Daily Temperature,Control,2025-06-25,59,27309.309400217135
Daily Temperature,Control,2025-06-25,59,18468.65536478743
Daily Temperature,Control,2025-06-25,59,14296.742618396103
Daily Temperature,Control,2025-06-25,59,32606.7758365564
Daily Temperature,Control,2025-06-25,59,39749.47826037451
Daily Temperature,Control,2025-06-25,59,16801.705419374
Daily Temperature,Control,2025-06-25,59,14446.05969237095
Daily Temperature,Control,2025-06-25,59,13720.33938326595
Daily Temperature,Control,2025-06-25,59,24199.79955494861
Daily Temperature,Control,2025-06-25,59,11364.665954130049
Daily Temperature,Control,2025-06-25,59,27354.799553817877
Daily Temperature,Control,2025-06-25,59,21088.214616676036
Daily Temperature,Control,2025-06-25,59,10928.74477387366
Daily Temperature,Control,2025-06-25,59,24536.41205268488
Daily Temperature,Control,2025-06-25,59,20737.147789492315
Daily Temperature,Control,2025-06-25,59,26799.965811169448
Daily Temperature,Control,2025-06-25,59,19428.39441973101
Daily Temperature,Control,2025-06-25,59,24875.415449683696
Daily Temperature,Control,2025-06-25,59,42312.67170247737
Daily Temperature,Control,2025-06-25,59,16312.603662828576
Daily Temperature,Control,2025-06-25,59,18082.40795228198
Daily Temperature,Control,2025-06-25,59,19144.16706040296
Daily Temperature,Control,2025-06-25,59,13882.08966389747
Daily Temperature,Control,2025-06-25,59,13476.611711213563
Daily Temperature,Control,2025-06-25,59,15981.991375294521
Daily Temperature,Control,2025-06-25,59,13833.413756880875
Daily Temperature,Control,2025-06-25,59,23375.558350724794
Daily Temperature,Control,2025-06-25,59,20495.53991615571
Daily Temperature,Control,2025-06-25,59,16706.208659053173
Daily Temperature,Control,2025-06-25,59,32766.545036271364
Daily Temperature,Control,2025-06-25,59,33839.113983168485
Daily Temperature,Control,2025-06-25,59,23045.605968326516
Daily Temperature,Control,2025-06-25,59,9213.96384723975
Weekly Temperature,Treated,2025-06-25,61,36738.36263763902
Weekly Temperature,Treated,2025-06-25,61,33481.64451426581
Weekly Temperature,Treated,2025-06-25,61,31214.655330480036
Weekly Temperature,Treated,2025-06-25,61,28508.559097766403
Weekly Temperature,Treated,2025-06-25,61,5110.603815239513
Weekly Temperature,Treated,2025-06-25,61,72668.47182521565
Weekly Temperature,Treated,2025-06-25,61,11341.40216230605
Weekly Temperature,Treated,2025-06-25,61,32949.45377102801
Weekly Temperature,Treated,2025-06-25,61,24647.814688312126
Weekly Temperature,Treated,2025-06-25,61,55378.740626011604
Weekly Temperature,Treated,2025-06-25,61,55308.83164300932
Weekly Temperature,Treated,2025-06-25,61,21422.274546604658
Weekly Temperature,Treated,2025-06-25,61,45831.66233785103
Weekly Temperature,Treated,2025-06-25,61,7244.403297571362
Weekly Temperature,Treated,2025-06-25,61,7738.928230764484
Weekly Temperature,Treated,2025-06-25,61,6510.181669652622
Weekly Temperature,Treated,2025-06-25,61,51821.72890347254
Weekly Temperature,Treated,2025-06-25,61,42804.342358430506
Weekly Temperature,Treated,2025-06-25,61,13555.460681831473
Weekly Temperature,Treated,2025-06-25,61,30601.346859431622
Weekly Temperature,Treated,2025-06-25,61,15609.936915504328
Weekly Temperature,Treated,2025-06-25,61,18777.299976140046
Weekly Temperature,Treated,2025-06-25,61,29611.04873228635
Weekly Temperature,Treated,2025-06-25,61,27840.608940313956
Weekly Temperature,Treated,2025-06-25,61,15392.901242591413
Weekly Temperature,Treated,2025-06-25,61,20820.274998593755
Weekly Temperature,Treated,2025-06-25,61,9342.519640540984
Weekly Temperature,Treated,2025-06-25,61,47489.866761471894
Weekly Temperature,Treated,2025-06-25,61,31487.863034858437
Weekly Temperature,Treated,2025-06-25,61,29199.79718635275
Weekly Temperature,Treated,2025-06-25,61,11786.853661309062
Weekly Temperature,Treated,2025-06-25,61,3872.497905650903
Weekly Temperature,Treated,2025-06-25,61,6789.046595835789
Weekly Temperature,Treated,2025-06-25,61,33690.57366660528
Weekly Temperature,Treated,2025-06-25,61,37843.56993747965
Weekly Temperature,Treated,2025-06-25,61,25221.68525508649
Weekly Temperature,Treated,2025-06-25,61,9663.586058316458
Weekly Temperature,Treated,2025-06-25,61,27619.799798153417
Weekly Temperature,Treated,2025-06-25,61,17733.099495629645
Weekly Temperature,Treated,2025-06-25,61,40731.01444128852
Weekly Temperature,Treated,2025-06-25,61,19344.58223260771
Weekly Temperature,Treated,2025-06-25,61,28185.028376125312
Weekly Temperature,Treated,2025-06-25,61,40247.56449802373
Weekly Temperature,Treated,2025-06-25,61,18136.391952431935
Weekly Temperature,Treated,2025-06-25,61,15496.924612339071
Weekly Temperature,Treated,2025-06-25,61,19093.819456478388
Weekly Temperature,Treated,2025-06-25,61,29067.336887381614
Weekly Temperature,Treated,2025-06-25,61,17021.03011598482
Weekly Temperature,Treated,2025-06-25,61,18935.5436288383
Weekly Temperature,Treated,2025-06-25,61,27688.00011632203
Weekly Temperature,Treated,2025-06-25,61,8946.352985303638
Weekly Temperature,Treated,2025-06-25,61,20141.80614523767
Weekly Temperature,Treated,2025-06-25,61,24792.13602710188
Weekly Temperature,Treated,2025-06-25,61,13712.672760380365
Weekly Temperature,Treated,2025-06-25,61,27461.606053981643
Weekly Temperature,Treated,2025-06-25,61,18124.06898620708
Weekly Temperature,Treated,2025-06-25,61,5860.301100688794
Weekly Temperature,Treated,2025-06-25,61,11276.454103707032
Weekly Temperature,Treated,2025-06-25,61,12845.833040499614
Weekly Temperature,Treated,2025-06-25,61,21925.485586442628
Weekly Temperature,Treated,2025-06-25,61,22655.083010928734
Weekly Temperature,Treated,2025-06-25,61,18136.391952431935
Weekly Temperature,Treated,2025-06-25,61,27925.08512645569
Weekly Temperature,Treated,2025-06-25,61,8639.528568503469
Weekly Temperature,Treated,2025-06-25,61,15660.742079890237
Weekly Temperature,Treated,2025-06-25,61,10243.383439549169
Weekly Temperature,Treated,2025-06-25,61,13589.686040548706
Weekly Temperature,Treated,2025-06-25,61,17556.689885268865
Weekly Temperature,Treated,2025-06-25,61,34085.24219195987
Weekly Temperature,Treated,2025-06-25,61,30797.604847716477
Weekly Temperature,Treated,2025-06-25,61,29360.190850432984
Weekly Temperature,Treated,2025-06-25,61,32541.252378604902
Weekly Temperature,Treated,2025-06-25,61,13077.202791013244
Weekly Temperature,Treated,2025-06-25,61,14038.256804761048
Weekly Temperature,Treated,2025-06-25,61,15154.173324072559
Weekly Temperature,Treated,2025-06-25,61,22171.06984856652
Weekly Temperature,Treated,2025-06-25,61,22585.445346384986
Weekly Temperature,Treated,2025-06-25,61,27033.72951374174
Weekly Temperature,Treated,2025-06-25,61,23924.16818989748
Weekly Temperature,Treated,2025-06-25,61,20037.218479958636
Weekly Temperature,Treated,2025-06-25,61,13569.903420625224
Weekly Temperature,Treated,2025-06-25,61,7633.6332064968665
Weekly Temperature,Treated,2025-06-25,61,29611.04873228635
Weekly Temperature,Treated,2025-06-25,61,29419.310250688126
Weekly Temperature,Treated,2025-06-25,61,38964.28632793401
Weekly Temperature,Treated,2025-06-25,61,36981.02830424666
Weekly Temperature,Treated,2025-06-25,61,11341.40216230605
Weekly Temperature,Treated,2025-06-25,61,23155.189012197476
Weekly Temperature,Treated,2025-06-25,61,18024.771693209754
Weekly Temperature,Treated,2025-06-25,61,40126.5300629975
Weekly Temperature,Treated,2025-06-25,61,32477.31703364055
Weekly Temperature,Treated,2025-06-25,61,60639.69834473963
Weekly Temperature,Treated,2025-06-25,61,41780.20720414627
Weekly Temperature,Treated,2025-06-25,61,16092.48871525106
Weekly Temperature,Control,2025-06-25,55,62737.69146852761
Weekly Temperature,Control,2025-06-25,55,43384.221744174036
Weekly Temperature,Control,2025-06-25,55,55704.39295795416
Weekly Temperature,Control,2025-06-25,55,4873.741402668838
Weekly Temperature,Control,2025-06-25,55,19819.142507143333
Weekly Temperature,Control,2025-06-25,55,20377.10365017514
Weekly Temperature,Control,2025-06-25,55,6961.9221696559
Weekly Temperature,Control,2025-06-25,55,27151.201047351376
Weekly Temperature,Control,2025-06-25,55,15999.218402872566
Weekly Temperature,Control,2025-06-25,55,11860.868902271453
Weekly Temperature,Control,2025-06-25,55,43578.2530852699
Weekly Temperature,Control,2025-06-25,55,29543.34723800798
Weekly Temperature,Control,2025-06-25,55,6485.176432962685
Weekly Temperature,Control,2025-06-25,55,45720.94216769987
Weekly Temperature,Control,2025-06-25,55,29622.11345061943
Weekly Temperature,Control,2025-06-25,55,30475.29048517463
Weekly Temperature,Control,2025-06-25,55,28778.104378309657
Weekly Temperature,Control,2025-06-25,55,5989.833440379577
Weekly Temperature,Control,2025-06-25,55,14995.224274075523
Weekly Temperature,Control,2025-06-25,55,11708.424186937335
Weekly Temperature,Control,2025-06-25,55,14425.339302247505
Weekly Temperature,Control,2025-06-25,55,60028.93106594118
Weekly Temperature,Control,2025-06-25,55,50723.93652913952
Weekly Temperature,Control,2025-06-25,55,26069.172455631535
Weekly Temperature,Control,2025-06-25,55,47963.54637474353
Weekly Temperature,Control,2025-06-25,55,10274.798521839064
Weekly Temperature,Control,2025-06-25,55,18986.55357059783
Weekly Temperature,Control,2025-06-25,55,31988.425591562096
Weekly Temperature,Control,2025-06-25,55,30439.95399091872
Weekly Temperature,Control,2025-06-25,55,39385.56066653555
Weekly Temperature,Control,2025-06-25,55,9313.263656158162
Weekly Temperature,Control,2025-06-25,55,17743.353962446014
Weekly Temperature,Control,2025-06-25,55,22263.013636807602
Weekly Temperature,Control,2025-06-25,55,68008.6512674513
Weekly Temperature,Control,2025-06-25,55,25154.573384797768
Weekly Temperature,Control,2025-06-25,55,43870.574250721926
Weekly Temperature,Control,2025-06-25,55,27348.297374038862
Weekly Temperature,Control,2025-06-25,55,15692.134556519955
Weekly Temperature,Control,2025-06-25,55,9377.602196495372
Weekly Temperature,Control,2025-06-25,55,35815.34901769969
Weekly Temperature,Control,2025-06-25,55,26012.832560735664
Weekly Temperature,Control,2025-06-25,55,21252.599296842996
Weekly Temperature,Control,2025-06-25,55,23094.640562445882
Weekly Temperature,Control,2025-06-25,55,43174.16710098372
Weekly Temperature,Control,2025-06-25,55,34973.42158484181
Weekly Temperature,Control,2025-06-25,55,28113.225189054738
Weekly Temperature,Control,2025-06-25,55,16337.104360131356
Weekly Temperature,Control,2025-06-25,55,22050.768170892068
Weekly Temperature,Control,2025-06-25,55,63312.415078443584
Weekly Temperature,Control,2025-06-25,55,14110.17873645744
Weekly Temperature,Control,2025-06-25,55,22675.331304465348
Weekly Temperature,Control,2025-06-25,55,12386.702975520506
Weekly Temperature,Control,2025-06-25,55,23568.543925669434
Weekly Temperature,Control,2025-06-25,55,21565.907316510154
Weekly Temperature,Control,2025-06-25,55,16476.765260251494
Weekly Temperature,Control,2025-06-25,55,32596.344795061457
Weekly Temperature,Control,2025-06-25,55,26583.02973763154
Weekly Temperature,Control,2025-06-25,55,15067.540563950735
Weekly Temperature,Control,2025-06-25,55,6516.773781392098
Weekly Temperature,Control,2025-06-25,55,4342.491216834198
Weekly Temperature,Control,2025-06-25,55,44636.66272263314
Weekly Temperature,Control,2025-06-25,55,12604.619157045721
Weekly Temperature,Control,2025-06-25,55,20167.504111855134
Weekly Temperature,Control,2025-06-25,55,17417.448683579227
Weekly Temperature,Control,2025-06-25,55,5179.36737017756
Weekly Temperature,Control,2025-06-25,55,2240.2043437221655
Weekly Temperature,Control,2025-06-25,55,40419.95888856148
Weekly Temperature,Control,2025-06-25,55,12477.807088464857
Weekly Temperature,Control,2025-06-25,55,33845.25027960754
Weekly Temperature,Control,2025-06-25,55,17292.762207248226
Weekly Temperature,Control,2025-06-25,55,32569.534029176117
Weekly Temperature,Control,2025-06-25,55,16924.58380749648
Weekly Temperature,Control,2025-06-25,55,13579.792003724511
Weekly Temperature,Control,2025-06-25,55,39530.81386020265
Weekly Temperature,Control,2025-06-25,55,20018.805132697275
Weekly Temperature,Control,2025-06-25,55,13649.928738483919
Weekly Temperature,Control,2025-06-25,55,25861.80724135283
Weekly Temperature,Control,2025-06-25,55,45185.86452402072
Weekly Temperature,Control,2025-06-25,55,24486.228658017855
Weekly Temperature,Control,2025-06-25,55,23047.884868453046
Weekly Temperature,Control,2025-06-25,55,23687.01755216766
Weekly Temperature,Control,2025-06-25,55,31126.87132148914
Weekly Temperature,Control,2025-06-25,55,6816.273215860812
Weekly Temperature,Control,2025-06-25,55,5686.557829943547
Weekly Temperature,Control,2025-06-25,55,35483.07084697706
Weekly Temperature,Control,2025-06-25,55,16907.501488575475
Weekly Temperature,Control,2025-06-25,55,24517.285225948734
Weekly Temperature,Control,2025-06-25,55,17196.963724747522
Weekly Temperature,Control,2025-06-25,55,34331.21032950743
Weekly Temperature,Control,2025-06-25,55,9142.552168498614
Weekly Temperature,Control,2025-06-25,55,26373.774680756138
Weekly Temperature,Control,2025-06-25,55,53086.368802703546
Weekly Temperature,Control,2025-06-25,55,13480.394564544342
Weekly Temperature,Control,2025-06-25,55,9227.613145046816
Weekly Temperature,Control,2025-06-25,55,27668.31358830559
Weekly Temperature,Control,2025-06-25,55,17914.616311731916
Weekly Temperature,Control,2025-06-25,55,25819.492519351843
Weekly Temperature,Control,2025-06-25,55,26118.07657702457
Weekly Temperature,Control,2025-06-25,55,59892.00047656536
Weekly Temperature,Treated,2025-06-25,80,38599.20381999761
Weekly Temperature,Treated,2025-06-25,80,3211.5691704206356
Weekly Temperature,Treated,2025-06-25,80,6654.1151319271175
Weekly Temperature,Treated,2025-06-25,80,52525.670811865806
Weekly Temperature,Treated,2025-06-25,80,19166.906060771526
Weekly Temperature,Treated,2025-06-25,80,22088.23947262287
Weekly Temperature,Treated,2025-06-25,80,24454.009725315653
Weekly Temperature,Treated,2025-06-25,80,7333.222070019537
Weekly Temperature,Treated,2025-06-25,80,26419.321362021692
Weekly Temperature,Treated,2025-06-25,80,7148.377643502719
Weekly Temperature,Treated,2025-06-25,80,6779.083637737019
Weekly Temperature,Treated,2025-06-25,80,16355.49826731306
Weekly Temperature,Treated,2025-06-25,80,14321.283091964093
Weekly Temperature,Treated,2025-06-25,80,10559.53709754133
Weekly Temperature,Treated,2025-06-25,80,18443.67148869733
Weekly Temperature,Treated,2025-06-25,80,29294.3059255604
Weekly Temperature,Treated,2025-06-25,80,14078.092162404646
Weekly Temperature,Treated,2025-06-25,80,26743.68686009663
Weekly Temperature,Treated,2025-06-25,80,7261.055374870936
Weekly Temperature,Treated,2025-06-25,80,20761.323052965152
Weekly Temperature,Treated,2025-06-25,80,7827.158125293642
Weekly Temperature,Treated,2025-06-25,80,33202.62657196255
Weekly Temperature,Treated,2025-06-25,80,17097.94460181473
Weekly Temperature,Treated,2025-06-25,80,9003.20340837826
Weekly Temperature,Treated,2025-06-25,80,6949.467292351556
Weekly Temperature,Treated,2025-06-25,80,7136.1471533094245
Weekly Temperature,Treated,2025-06-25,80,24518.48031564628
Weekly Temperature,Treated,2025-06-25,80,16033.714853521975
Weekly Temperature,Treated,2025-06-25,80,24425.398126897973
Weekly Temperature,Treated,2025-06-25,80,11238.807102259469
Weekly Temperature,Treated,2025-06-25,80,7262.960270891165
Weekly Temperature,Treated,2025-06-25,80,8674.25336085059
Weekly Temperature,Treated,2025-06-25,80,23126.613215409747
Weekly Temperature,Treated,2025-06-25,80,11387.299425366096
Weekly Temperature,Treated,2025-06-25,80,16015.597165943329
Weekly Temperature,Treated,2025-06-25,80,49748.11507951177
Weekly Temperature,Treated,2025-06-25,80,42329.11093346331
Weekly Temperature,Treated,2025-06-25,80,14177.662336572943
Weekly Temperature,Treated,2025-06-25,80,51620.75293522442
Weekly Temperature,Treated,2025-06-25,80,25964.08077812214
Weekly Temperature,Treated,2025-06-25,80,17442.28401748699
Weekly Temperature,Treated,2025-06-25,80,14963.25944626996
Weekly Temperature,Treated,2025-06-25,80,5243.553618540798
Weekly Temperature,Treated,2025-06-25,80,19202.53903816735
Weekly Temperature,Treated,2025-06-25,80,7319.800257449072
Weekly Temperature,Treated,2025-06-25,80,14593.34232925552
Weekly Temperature,Treated,2025-06-25,80,41161.76939522571
Weekly Temperature,Treated,2025-06-25,80,10060.650430387306
Weekly Temperature,Treated,2025-06-25,80,6036.659545824401
Weekly Temperature,Treated,2025-06-25,80,10787.97520612083
Weekly Temperature,Treated,2025-06-25,80,30876.095310335488
Weekly Temperature,Treated,2025-06-25,80,29034.635187805136
Weekly Temperature,Treated,2025-06-25,80,23848.035073238956
Weekly Temperature,Treated,2025-06-25,80,6900.2708367494515
Weekly Temperature,Treated,2025-06-25,80,9603.060390733099
Weekly Temperature,Treated,2025-06-25,80,23403.217652985684
Weekly Temperature,Treated,2025-06-25,80,27252.204831446645
Weekly Temperature,Treated,2025-06-25,80,11841.646239253274
Weekly Temperature,Treated,2025-06-25,80,10026.69961141069
Weekly Temperature,Treated,2025-06-25,80,5195.359873709616
Weekly Temperature,Treated,2025-06-25,80,14562.030103057077
Weekly Temperature,Treated,2025-06-25,80,59406.337651917616
Weekly Temperature,Treated,2025-06-25,80,28493.791057238173
Weekly Temperature,Treated,2025-06-25,80,40337.208045609914
Weekly Temperature,Treated,2025-06-25,80,21479.423313454154
Weekly Temperature,Treated,2025-06-25,80,19030.781604307722
Weekly Temperature,Treated,2025-06-25,80,31374.886537431026
Weekly Temperature,Treated,2025-06-25,80,37504.99943585631
Weekly Temperature,Treated,2025-06-25,80,37790.0414506408
Weekly Temperature,Treated,2025-06-25,80,54433.03230876866
Weekly Temperature,Treated,2025-06-25,80,80362.77997817803
Weekly Temperature,Treated,2025-06-25,80,22158.906473537696
Weekly Temperature,Treated,2025-06-25,80,16089.89229813173
Weekly Temperature,Treated,2025-06-25,80,23738.265226595835
Weekly Temperature,Treated,2025-06-25,80,31415.405919322027
Weekly Temperature,Treated,2025-06-25,80,23879.636895236283
Weekly Temperature,Treated,2025-06-25,80,33472.51743164957
Weekly Temperature,Treated,2025-06-25,80,34213.46888070635
Weekly Temperature,Treated,2025-06-25,80,13030.678880693764
Weekly Temperature,Treated,2025-06-25,80,16059.624320817004
Weekly Temperature,Treated,2025-06-25,80,18077.67837801885
Weekly Temperature,Treated,2025-06-25,80,26175.84943182922
Weekly Temperature,Treated,2025-06-25,80,56467.8301523787
Weekly Temperature,Treated,2025-06-25,80,13958.065506978317
Weekly Temperature,Treated,2025-06-25,80,10877.163139824623
Weekly Temperature,Treated,2025-06-25,80,47999.826187746854
Weekly Temperature,Treated,2025-06-25,80,9173.106387769925
Weekly Temperature,Treated,2025-06-25,80,9617.724956853614
Weekly Temperature,Treated,2025-06-25,80,8278.509718116076
Weekly Temperature,Treated,2025-06-25,80,10461.682946224144
Weekly Temperature,Treated,2025-06-25,80,29486.791323745438
Weekly Temperature,Treated,2025-06-25,80,41129.60764027627
Weekly Temperature,Treated,2025-06-25,80,24318.334451151084
Weekly Temperature,Treated,2025-06-25,80,8831.803453361115
Weekly Temperature,Treated,2025-06-25,80,6928.285783273706
Weekly Temperature,Treated,2025-06-25,80,16288.130958153275
Weekly Temperature,Treated,2025-06-25,80,9256.66802801632
Weekly Temperature,Control,2025-06-25,42,28740.24967375294
Weekly Temperature,Control,2025-06-25,42,49862.267303453504
Weekly Temperature,Control,2025-06-25,42,6032.920214961854
Weekly Temperature,Control,2025-06-25,42,7424.780486056158
Weekly Temperature,Control,2025-06-25,42,40254.589729789084
Weekly Temperature,Control,2025-06-25,42,37950.80446386408
Weekly Temperature,Control,2025-06-25,42,12821.77458458456
Weekly Temperature,Control,2025-06-25,42,32011.92542205267
Weekly Temperature,Control,2025-06-25,42,25936.610926966656
Weekly Temperature,Control,2025-06-25,42,22864.98762725832
Weekly Temperature,Control,2025-06-25,42,13604.918289959787
Weekly Temperature,Control,2025-06-25,42,10816.788641187957
Weekly Temperature,Control,2025-06-25,42,29234.01214006378
Weekly Temperature,Control,2025-06-25,42,13419.211183551073
Weekly Temperature,Control,2025-06-25,42,21483.741175510044
Weekly Temperature,Control,2025-06-25,42,6990.12166367966
Weekly Temperature,Control,2025-06-25,42,16598.716011107404
Weekly Temperature,Control,2025-06-25,42,4782.3241098250855
Weekly Temperature,Control,2025-06-25,42,25965.329941476513
Weekly Temperature,Control,2025-06-25,42,11074.151369447676
Weekly Temperature,Control,2025-06-25,42,16452.105161736275
Weekly Temperature,Control,2025-06-25,42,14764.447156967855
Weekly Temperature,Control,2025-06-25,42,3805.220969581945
Weekly Temperature,Control,2025-06-25,42,34396.41316800144
Weekly Temperature,Control,2025-06-25,42,10862.367326687554
Weekly Temperature,Control,2025-06-25,42,14632.755719728073
Weekly Temperature,Control,2025-06-25,42,28183.69739842169
Weekly Temperature,Control,2025-06-25,42,14537.177283005638
Weekly Temperature,Control,2025-06-25,42,11931.783239596834
Weekly Temperature,Control,2025-06-25,42,16131.473259585695
Weekly Temperature,Control,2025-06-25,42,16788.293008841094
Weekly Temperature,Control,2025-06-25,42,17996.477533381185
Weekly Temperature,Control,2025-06-25,42,15673.462997045737
Weekly Temperature,Control,2025-06-25,42,24655.01532693849
Weekly Temperature,Control,2025-06-25,42,36120.9872231739
Weekly Temperature,Control,2025-06-25,42,7460.182268419492
Weekly Temperature,Control,2025-06-25,42,26541.076426360694
Weekly Temperature,Control,2025-06-25,42,19113.551520558834
Weekly Temperature,Control,2025-06-25,42,10353.342110570244
Weekly Temperature,Control,2025-06-25,42,25147.260436095283
Weekly Temperature,Control,2025-06-25,42,18611.36456764242
Weekly Temperature,Control,2025-06-25,42,42237.84511159483
Weekly Temperature,Control,2025-06-25,42,25839.398663171218
Weekly Temperature,Control,2025-06-25,42,31419.749690940786
Weekly Temperature,Control,2025-06-25,42,11922.815314386076
Weekly Temperature,Control,2025-06-25,42,10992.83122438754
Weekly Temperature,Control,2025-06-25,42,12252.39689125937
Weekly Temperature,Control,2025-06-25,42,7745.419853064066
Weekly Temperature,Control,2025-06-25,42,6458.494875564125
Weekly Temperature,Control,2025-06-25,42,18519.66416533269
Weekly Temperature,Control,2025-06-25,42,11754.069922839457
Weekly Temperature,Control,2025-06-25,42,6904.398919843313
Weekly Temperature,Control,2025-06-25,42,19099.737437830096
Weekly Temperature,Control,2025-06-25,42,29695.498208020632
Weekly Temperature,Control,2025-06-25,42,21961.69518166946
Weekly Temperature,Control,2025-06-25,42,17996.477533381185
Weekly Temperature,Control,2025-06-25,42,4932.639101986382
Weekly Temperature,Control,2025-06-25,42,5091.499283773623
Weekly Temperature,Control,2025-06-25,42,21171.35190375458
Weekly Temperature,Control,2025-06-25,42,11234.19031183106
Weekly Temperature,Control,2025-06-25,42,13030.678880693764
Weekly Temperature,Control,2025-06-25,42,24893.54819473688
Weekly Temperature,Control,2025-06-25,42,6208.395635594997
Weekly Temperature,Control,2025-06-25,42,8672.080020641448
Weekly Temperature,Control,2025-06-25,42,6163.546815489025
Weekly Temperature,Control,2025-06-25,42,8528.997341662856
Weekly Temperature,Control,2025-06-25,42,9925.962753716442
Weekly Temperature,Control,2025-06-25,42,14623.900793046165
Weekly Temperature,Control,2025-06-25,42,26888.405784391838
Weekly Temperature,Control,2025-06-25,42,18630.714079061727
Weekly Temperature,Control,2025-06-25,42,25839.398663171218
Weekly Temperature,Control,2025-06-25,42,9968.095071804491
Weekly Temperature,Control,2025-06-25,42,10947.488421870554
Weekly Temperature,Control,2025-06-25,42,6498.3282484235815
Weekly Temperature,Control,2025-06-25,42,17758.27763303238
Weekly Temperature,Control,2025-06-25,42,11125.123714899237
Weekly Temperature,Control,2025-06-25,42,12838.539000788645
Weekly Temperature,Control,2025-06-25,42,38771.17462233136
Weekly Temperature,Control,2025-06-25,42,14224.100525189162
Weekly Temperature,Control,2025-06-25,42,45639.49323745082
Weekly Temperature,Control,2025-06-25,42,7820.1126511540615
Weekly Temperature,Control,2025-06-25,42,10873.945371731425
Weekly Temperature,Control,2025-06-25,42,15283.583032147983
Weekly Temperature,Control,2025-06-25,42,37244.77428583437
Weekly Temperature,Control,2025-06-25,42,20295.337807097076
Weekly Temperature,Control,2025-06-25,42,13889.0539416874
Weekly Temperature,Control,2025-06-25,42,15735.48369553177
Weekly Temperature,Control,2025-06-25,42,25586.48127614569
Weekly Temperature,Control,2025-06-25,42,26563.953701060127
Weekly Temperature,Control,2025-06-25,42,8687.845931579737
Weekly Temperature,Control,2025-06-25,42,19667.373098037853
Weekly Temperature,Control,2025-06-25,42,9168.008732370015
Weekly Temperature,Control,2025-06-25,42,20213.82378921792
Weekly Temperature,Control,2025-06-25,42,18366.00271504443
Weekly Temperature,Control,2025-06-25,42,12986.486819227335
Weekly Temperature,Treated,2025-06-25,93,22016.645768534236
Weekly Temperature,Treated,2025-06-25,93,24146.604398905278
Weekly Temperature,Treated,2025-06-25,93,14422.153551881498
Weekly Temperature,Treated,2025-06-25,93,14247.757341422639
Weekly Temperature,Treated,2025-06-25,93,7807.543152861464
Weekly Temperature,Treated,2025-06-25,93,18415.835350447243
Weekly Temperature,Treated,2025-06-25,93,7094.866417603604
Weekly Temperature,Treated,2025-06-25,93,21275.091393568608
Weekly Temperature,Treated,2025-06-25,93,14105.47968153786
Weekly Temperature,Treated,2025-06-25,93,38377.040663463056
Weekly Temperature,Treated,2025-06-25,93,4625.0953826962905
Weekly Temperature,Treated,2025-06-25,93,18154.413957250657
Weekly Temperature,Treated,2025-06-25,93,19510.479024118195
Weekly Temperature,Treated,2025-06-25,93,17920.25276359566
Weekly Temperature,Treated,2025-06-25,93,8454.653103517312
Weekly Temperature,Treated,2025-06-25,93,7631.16272788064
Weekly Temperature,Treated,2025-06-25,93,16409.896128716355
Weekly Temperature,Treated,2025-06-25,93,9565.010765985966
Weekly Temperature,Treated,2025-06-25,93,9202.03308255449
Weekly Temperature,Treated,2025-06-25,93,23047.884868453046
Weekly Temperature,Treated,2025-06-25,93,9729.13170299316
Weekly Temperature,Treated,2025-06-25,93,25334.253947908386
Weekly Temperature,Treated,2025-06-25,93,15115.348201611194
Weekly Temperature,Treated,2025-06-25,93,32766.545036271364
Weekly Temperature,Treated,2025-06-25,93,19346.574537717977
Weekly Temperature,Treated,2025-06-25,93,15393.7380117167
Weekly Temperature,Treated,2025-06-25,93,17979.517332118532
Weekly Temperature,Treated,2025-06-25,93,27224.982962675156
Weekly Temperature,Treated,2025-06-25,93,7150.260632065408
Weekly Temperature,Treated,2025-06-25,93,14946.887313371575
Weekly Temperature,Treated,2025-06-25,93,16234.040897808558
Weekly Temperature,Treated,2025-06-25,93,9194.653153598376
Weekly Temperature,Treated,2025-06-25,93,16095.085451300027
Weekly Temperature,Treated,2025-06-25,93,16256.707146620523
Weekly Temperature,Treated,2025-06-25,93,12849.481234247458
Weekly Temperature,Treated,2025-06-25,93,22299.65094627454
Weekly Temperature,Treated,2025-06-25,93,11078.718626139345
Weekly Temperature,Treated,2025-06-25,93,23463.23260576644
Weekly Temperature,Treated,2025-06-25,93,20869.851602216128
Weekly Temperature,Treated,2025-06-25,93,14681.934183939611
Weekly Temperature,Treated,2025-06-25,93,5905.973698872095
Weekly Temperature,Treated,2025-06-25,93,11589.154796450186
Weekly Temperature,Treated,2025-06-25,93,7353.869595151101
Weekly Temperature,Treated,2025-06-25,93,20447.686482697754
Weekly Temperature,Treated,2025-06-25,93,27318.402745681866
Weekly Temperature,Treated,2025-06-25,93,7298.74558114496
Weekly Temperature,Treated,2025-06-25,93,24922.581796368577
Weekly Temperature,Treated,2025-06-25,93,7777.938571647239
Weekly Temperature,Treated,2025-06-25,93,20719.293004191608
Weekly Temperature,Treated,2025-06-25,93,15045.324505633309
Weekly Temperature,Treated,2025-06-25,93,15073.304348080494
Weekly Temperature,Treated,2025-06-25,93,35063.22094649284
Weekly Temperature,Treated,2025-06-25,93,42574.464860402746
Weekly Temperature,Treated,2025-06-25,93,15920.949410811914
Weekly Temperature,Treated,2025-06-25,93,8350.643191787052
Weekly Temperature,Treated,2025-06-25,93,20433.13941820519
Weekly Temperature,Treated,2025-06-25,93,13055.032915115456
Weekly Temperature,Treated,2025-06-25,93,12437.175056223768
Weekly Temperature,Treated,2025-06-25,93,14505.956556707126
Weekly Temperature,Treated,2025-06-25,93,10750.284959769959
Weekly Temperature,Treated,2025-06-25,93,17011.99873146314
Weekly Temperature,Treated,2025-06-25,93,38759.23658909296
Weekly Temperature,Treated,2025-06-25,93,24777.67463295567
Weekly Temperature,Treated,2025-06-25,93,7550.949178881308
Weekly Temperature,Treated,2025-06-25,93,5795.504573646896
Weekly Temperature,Treated,2025-06-25,93,18295.264841379994
Weekly Temperature,Treated,2025-06-25,93,33077.35877882669
Weekly Temperature,Treated,2025-06-25,93,23376.7103187958
Weekly Temperature,Treated,2025-06-25,93,28060.129015728173
Weekly Temperature,Treated,2025-06-25,93,35542.00163140387
Weekly Temperature,Treated,2025-06-25,93,7382.751972982927
Weekly Temperature,Treated,2025-06-25,93,54455.294205605176
Weekly Temperature,Treated,2025-06-25,93,35452.838697132334
Weekly Temperature,Treated,2025-06-25,93,15344.427757104759
Weekly Temperature,Treated,2025-06-25,93,3625.334086637119
Weekly Temperature,Treated,2025-06-25,93,23584.77792648148
Weekly Temperature,Treated,2025-06-25,93,39156.429725529444
Weekly Temperature,Treated,2025-06-25,93,21552.91769293278
Weekly Temperature,Treated,2025-06-25,93,30961.898280915422
Weekly Temperature,Treated,2025-06-25,93,27282.04341240536
Weekly Temperature,Treated,2025-06-25,93,32222.551469549766
Weekly Temperature,Treated,2025-06-25,93,22256.357283955425
Weekly Temperature,Treated,2025-06-25,93,39409.74052152634
Weekly Temperature,Treated,2025-06-25,93,34382.43302148276
Weekly Temperature,Treated,2025-06-25,93,20628.103078965345
Weekly Temperature,Treated,2025-06-25,93,11104.190695614883
Weekly Temperature,Control,2025-06-25,92,25548.215698702694
Weekly Temperature,Control,2025-06-25,92,61011.430743852085
Weekly Temperature,Control,2025-06-25,92,3617.8785654904177
Weekly Temperature,Control,2025-06-25,92,3495.0461800560756
Weekly Temperature,Control,2025-06-25,92,8716.714656137981
Weekly Temperature,Control,2025-06-25,92,16653.728830715958
Weekly Temperature,Control,2025-06-25,92,25192.38310339404
Weekly Temperature,Control,2025-06-25,92,27756.33068906127
Weekly Temperature,Control,2025-06-25,92,18589.131633127516
Weekly Temperature,Control,2025-06-25,92,23667.240158743432
Weekly Temperature,Control,2025-06-25,92,13410.918563904144
Weekly Temperature,Control,2025-06-25,92,25980.323523156396
Weekly Temperature,Control,2025-06-25,92,22178.81285051978
Weekly Temperature,Control,2025-06-25,92,20839.251091959057
Weekly Temperature,Control,2025-06-25,92,15753.359792044495
Weekly Temperature,Control,2025-06-25,92,19061.29564072719
Weekly Temperature,Control,2025-06-25,92,8884.791021244091
Weekly Temperature,Control,2025-06-25,92,16429.231683018526
Weekly Temperature,Control,2025-06-25,92,25725.100020933856
Weekly Temperature,Control,2025-06-25,92,29948.572588843057
Weekly Temperature,Control,2025-06-25,92,8667.191488339231
Weekly Temperature,Control,2025-06-25,92,18405.28522164879
Weekly Temperature,Control,2025-06-25,92,8001.248657061085
Weekly Temperature,Control,2025-06-25,92,10208.357723531353
Weekly Temperature,Control,2025-06-25,92,16557.989614490085
Weekly Temperature,Control,2025-06-25,92,32051.611803576863
Weekly Temperature,Control,2025-06-25,92,21613.587399925014
Weekly Temperature,Control,2025-06-25,92,9111.510283736616
Weekly Temperature,Control,2025-06-25,92,17700.50175063232
Weekly Temperature,Control,2025-06-25,92,11209.810964787546
Weekly Temperature,Control,2025-06-25,92,19648.212697758267
Weekly Temperature,Control,2025-06-25,92,14756.34212478511
Weekly Temperature,Control,2025-06-25,92,14505.15669474201
Weekly Temperature,Control,2025-06-25,92,21510.74292157251
Weekly Temperature,Control,2025-06-25,92,7724.959981977597
Weekly Temperature,Control,2025-06-25,92,34813.17518184324
Weekly Temperature,Control,2025-06-25,92,28747.0066114776
Weekly Temperature,Control,2025-06-25,92,20181.905948389558
Weekly Temperature,Control,2025-06-25,92,34741.09458093018
Weekly Temperature,Control,2025-06-25,92,13091.25842606126
Weekly Temperature,Control,2025-06-25,92,6963.307061887033
Weekly Temperature,Control,2025-06-25,92,24597.455622531335
Weekly Temperature,Control,2025-06-25,92,8933.015420758351
Weekly Temperature,Control,2025-06-25,92,25286.487361119074
Weekly Temperature,Control,2025-06-25,92,12427.210552912346
Weekly Temperature,Control,2025-06-25,92,24579.48948705395
Weekly Temperature,Control,2025-06-25,92,18987.535560403117
Weekly Temperature,Control,2025-06-25,92,42032.15180572975
Weekly Temperature,Control,2025-06-25,92,5821.359804611893
Weekly Temperature,Control,2025-06-25,92,25980.323523156396
Weekly Temperature,Control,2025-06-25,92,28936.70112102521
Weekly Temperature,Control,2025-06-25,92,35330.524364722165
Weekly Temperature,Control,2025-06-25,92,22939.828508886563
Weekly Temperature,Control,2025-06-25,92,39106.60744705482
Weekly Temperature,Control,2025-06-25,92,19323.672511917215
Weekly Temperature,Control,2025-06-25,92,12988.693727991333
Weekly Temperature,Control,2025-06-25,92,32403.09644485657
Weekly Temperature,Control,2025-06-25,92,11725.440534821784
Weekly Temperature,Control,2025-06-25,92,21517.22721795307
Weekly Temperature,Control,2025-06-25,92,6757.383722369497
Weekly Temperature,Control,2025-06-25,92,12840.726884052794
Weekly Temperature,Control,2025-06-25,92,38273.932013782185
Weekly Temperature,Control,2025-06-25,92,4560.422462438786
Weekly Temperature,Control,2025-06-25,92,8535.975197023557
Weekly Temperature,Control,2025-06-25,92,24054.613022547164
Weekly Temperature,Control,2025-06-25,92,4570.250886892255
Weekly Temperature,Control,2025-06-25,92,9097.42637083075
Weekly Temperature,Control,2025-06-25,92,5408.092438640663
Weekly Temperature,Control,2025-06-25,92,22960.272341044652
Weekly Temperature,Control,2025-06-25,92,10981.806451384231
Weekly Temperature,Control,2025-06-25,92,7767.92204642234
Weekly Temperature,Control,2025-06-25,92,20884.636598982204
Weekly Temperature,Control,2025-06-25,92,21579.98619474299
Weekly Temperature,Control,2025-06-25,92,17832.103816880717
Weekly Temperature,Control,2025-06-25,92,11207.177744761235
Weekly Temperature,Control,2025-06-25,92,9704.291663202117
Weekly Temperature,Control,2025-06-25,92,16472.359607421477
Weekly Temperature,Control,2025-06-25,92,8915.255075784487
Weekly Temperature,Control,2025-06-25,92,22868.38540329299
Weekly Temperature,Control,2025-06-25,92,36753.08376665399
Weekly Temperature,Control,2025-06-25,92,20080.23344396104
Weekly Temperature,Control,2025-06-25,92,19206.5013858506
Weekly Temperature,Control,2025-06-25,92,17552.99045739931
Weekly Temperature,Control,2025-06-25,92,24925.00244192707
Weekly Temperature,Control,2025-06-25,92,24332.588661910395
Weekly Temperature,Control,2025-06-25,92,12693.314128895994
Weekly Temperature,Control,2025-06-25,92,38393.964393516624
Weekly Temperature,Control,2025-06-25,92,10439.822253012846
Weekly Temperature,Control,2025-06-25,92,12905.030222852276
Weekly Temperature,Control,2025-06-25,92,17534.50224280484
Weekly Temperature,Control,2025-06-25,92,26463.66111581292
Weekly Temperature,Control,2025-06-25,92,21579.98619474299
Weekly Temperature,Control,2025-06-25,63,64459.088538169206
Weekly Temperature,Control,2025-06-25,63,89332.25446320766
Weekly Temperature,Control,2025-06-25,63,25652.00556252329
Weekly Temperature,Control,2025-06-25,63,6903.481410502344
Weekly Temperature,Control,2025-06-25,63,2619.825325429532
Weekly Temperature,Control,2025-06-25,63,16691.964404070575
Weekly Temperature,Control,2025-06-25,63,10592.307247119124
Weekly Temperature,Control,2025-06-25,63,18376.53562681448
Weekly Temperature,Control,2025-06-25,63,28149.109056201738
Weekly Temperature,Control,2025-06-25,63,17491.113447850876
Weekly Temperature,Control,2025-06-25,63,13175.088593865472
Weekly Temperature,Control,2025-06-25,63,15207.163350286603
Weekly Temperature,Control,2025-06-25,63,17419.287411886526
Weekly Temperature,Control,2025-06-25,63,11166.42227981354
Weekly Temperature,Control,2025-06-25,63,11093.735296183304
Weekly Temperature,Control,2025-06-25,63,9228.182193225382
Weekly Temperature,Control,2025-06-25,63,8138.742707122314
Weekly Temperature,Control,2025-06-25,63,27369.108559150387
Weekly Temperature,Control,2025-06-25,63,25178.961734677057
Weekly Temperature,Control,2025-06-25,63,45668.56906402288
Weekly Temperature,Control,2025-06-25,63,18802.628695621133
Weekly Temperature,Control,2025-06-25,63,16564.18219272531
Weekly Temperature,Control,2025-06-25,63,4586.212338712511
Weekly Temperature,Control,2025-06-25,63,11129.70676449767
Weekly Temperature,Control,2025-06-25,63,10435.454229302346
Weekly Temperature,Control,2025-06-25,63,33053.25309029809
Weekly Temperature,Control,2025-06-25,63,8385.559998531862
Weekly Temperature,Control,2025-06-25,63,4329.105735630281
Weekly Temperature,Control,2025-06-25,63,11629.711541005669
Weekly Temperature,Control,2025-06-25,63,14074.964728375251
Weekly Temperature,Control,2025-06-25,63,18454.23843446767
Weekly Temperature,Control,2025-06-25,63,7908.012814056082
Weekly Temperature,Control,2025-06-25,63,16306.482863262518
Weekly Temperature,Control,2025-06-25,63,14590.931884358302
Weekly Temperature,Control,2025-06-25,63,8614.634156975626
Weekly Temperature,Control,2025-06-25,63,7187.524864593796
Weekly Temperature,Control,2025-06-25,63,13210.075273548538
Weekly Temperature,Control,2025-06-25,63,17907.1031491798
Weekly Temperature,Control,2025-06-25,63,15838.696103212422
Weekly Temperature,Control,2025-06-25,63,10366.993697656873
Weekly Temperature,Control,2025-06-25,63,21191.64135412867
Weekly Temperature,Control,2025-06-25,63,3973.6340081679114
Weekly Temperature,Control,2025-06-25,63,11980.159484581667
Weekly Temperature,Control,2025-06-25,63,29993.241540433562
Weekly Temperature,Control,2025-06-25,63,25284.03966788989
Weekly Temperature,Control,2025-06-25,63,41903.31255239708
Weekly Temperature,Control,2025-06-25,63,9156.68818071375
Weekly Temperature,Control,2025-06-25,63,31700.180938427366
Weekly Temperature,Control,2025-06-25,63,18041.764494247316
Weekly Temperature,Control,2025-06-25,63,10613.143234757283
Weekly Temperature,Control,2025-06-25,63,25921.636837115715
Weekly Temperature,Control,2025-06-25,63,11959.408743029635
Weekly Temperature,Control,2025-06-25,63,38989.977008021626
Weekly Temperature,Control,2025-06-25,63,18538.940737440138
Weekly Temperature,Control,2025-06-25,63,15445.685265468494
Weekly Temperature,Control,2025-06-25,63,6360.345850900561
Weekly Temperature,Control,2025-06-25,63,21612.502863089885
Weekly Temperature,Control,2025-06-25,63,13591.208684257184
Weekly Temperature,Control,2025-06-25,63,8541.345669545059
Weekly Temperature,Control,2025-06-25,63,14582.899249854336
Weekly Temperature,Control,2025-06-25,63,15006.711467587114
Weekly Temperature,Control,2025-06-25,63,12182.152285831115
Weekly Temperature,Control,2025-06-25,63,22633.724906953637
Weekly Temperature,Control,2025-06-25,63,21848.82926308672
Weekly Temperature,Control,2025-06-25,63,10344.041941979587
Weekly Temperature,Control,2025-06-25,63,12585.930702223426
Weekly Temperature,Control,2025-06-25,63,14706.16627816765
Weekly Temperature,Control,2025-06-25,63,10805.896781841651
Weekly Temperature,Control,2025-06-25,63,23687.01755216766
Weekly Temperature,Control,2025-06-25,63,30923.26406859251
Weekly Temperature,Control,2025-06-25,63,5438.828952186249
Weekly Temperature,Control,2025-06-25,63,12751.979868375285
Weekly Temperature,Control,2025-06-25,63,4393.695361033603
Weekly Temperature,Control,2025-06-25,63,10043.05802504404
Weekly Temperature,Control,2025-06-25,63,17411.93338738317
Weekly Temperature,Control,2025-06-25,63,30823.275564870706
Weekly Temperature,Control,2025-06-25,63,27354.799553817877
Weekly Temperature,Control,2025-06-25,63,5212.134768070873
Weekly Temperature,Control,2025-06-25,63,11486.887551175023
Weekly Temperature,Control,2025-06-25,63,13813.363019180695
Weekly Temperature,Control,2025-06-25,63,32258.006582866303
Weekly Temperature,Control,2025-06-25,63,16719.57106015985
Weekly Temperature,Control,2025-06-25,63,15981.130394650936
Weekly Temperature,Control,2025-06-25,63,41903.31255239708
Weekly Temperature,Control,2025-06-25,63,16889.53430517839
Weekly Temperature,Control,2025-06-25,63,16388.822570669
Weekly Temperature,Control,2025-06-25,63,24455.202435834708
Weekly Temperature,Control,2025-06-25,63,5261.569191790078
Weekly Temperature,Control,2025-06-25,63,8043.803942606671
Weekly Temperature,Control,2025-06-25,63,4409.207579600845
Weekly Temperature,Treated,2025-06-25,76,36059.697534968596
Weekly Temperature,Treated,2025-06-25,76,11229.574947795032
Weekly Temperature,Treated,2025-06-25,76,45829.71806776543
Weekly Temperature,Treated,2025-06-25,76,37170.447878150786
Weekly Temperature,Treated,2025-06-25,76,12106.629701628937
Weekly Temperature,Treated,2025-06-25,76,13063.15856783972
Weekly Temperature,Treated,2025-06-25,76,52584.129091014685
Weekly Temperature,Treated,2025-06-25,76,31155.63181426015
Weekly Temperature,Treated,2025-06-25,76,15077.422362013785
Weekly Temperature,Treated,2025-06-25,76,18685.94460311654
Weekly Temperature,Treated,2025-06-25,76,8807.596378581859
Weekly Temperature,Treated,2025-06-25,76,10430.463880871614
Weekly Temperature,Treated,2025-06-25,76,43868.69551722573
Weekly Temperature,Treated,2025-06-25,76,35295.63787936955
Weekly Temperature,Treated,2025-06-25,76,31162.82516042782
Weekly Temperature,Treated,2025-06-25,76,7848.322810699471
Weekly Temperature,Treated,2025-06-25,76,29742.649394349985
Weekly Temperature,Treated,2025-06-25,76,38127.24980740649
Weekly Temperature,Treated,2025-06-25,76,22909.189033089395
Weekly Temperature,Treated,2025-06-25,76,33413.2385671545
Weekly Temperature,Treated,2025-06-25,76,14763.636501719515
Weekly Temperature,Treated,2025-06-25,76,35330.524364722165
Weekly Temperature,Treated,2025-06-25,76,10790.534063642881
Weekly Temperature,Treated,2025-06-25,76,29161.513294228298
Weekly Temperature,Treated,2025-06-25,76,23984.034422808432
Weekly Temperature,Treated,2025-06-25,76,38223.302260500524
Weekly Temperature,Treated,2025-06-25,76,10414.257609235769
Weekly Temperature,Treated,2025-06-25,76,19781.622972155965
Weekly Temperature,Treated,2025-06-25,76,59201.52909912265
Weekly Temperature,Treated,2025-06-25,76,27812.933337736067
Weekly Temperature,Treated,2025-06-25,76,26656.890067101704
Weekly Temperature,Treated,2025-06-25,76,26246.314817729875
Weekly Temperature,Treated,2025-06-25,76,38108.73508296071
Weekly Temperature,Treated,2025-06-25,76,35916.46791658019
Weekly Temperature,Treated,2025-06-25,76,21126.554465943565
Weekly Temperature,Treated,2025-06-25,76,18219.97740958047
Weekly Temperature,Treated,2025-06-25,76,5623.571287681483
Weekly Temperature,Treated,2025-06-25,76,13427.50768259154
Weekly Temperature,Treated,2025-06-25,76,41954.08542910217
Weekly Temperature,Treated,2025-06-25,76,14693.238720293613
Weekly Temperature,Treated,2025-06-25,76,13375.530130167386
Weekly Temperature,Treated,2025-06-25,76,15655.655912332875
Weekly Temperature,Treated,2025-06-25,76,14312.571528685381
Weekly Temperature,Treated,2025-06-25,76,15326.905652843094
Weekly Temperature,Treated,2025-06-25,76,12628.36928378576
Weekly Temperature,Treated,2025-06-25,76,31398.035496622673
Weekly Temperature,Treated,2025-06-25,76,15077.422362013785
Weekly Temperature,Treated,2025-06-25,76,6301.814431013045
Weekly Temperature,Treated,2025-06-25,76,8048.942408948298
Weekly Temperature,Treated,2025-06-25,76,9002.086110958506
Weekly Temperature,Treated,2025-06-25,76,20312.911704443675
Weekly Temperature,Treated,2025-06-25,76,18647.17325703737
Weekly Temperature,Treated,2025-06-25,76,11001.267543322358
Weekly Temperature,Treated,2025-06-25,76,13643.819029540657
Weekly Temperature,Treated,2025-06-25,76,21398.586748678303
Weekly Temperature,Treated,2025-06-25,76,20288.104886159963
Weekly Temperature,Treated,2025-06-25,76,13533.4389375355
Weekly Temperature,Treated,2025-06-25,76,13258.57683288574
Weekly Temperature,Treated,2025-06-25,76,18231.39819523961
Weekly Temperature,Treated,2025-06-25,76,14016.422767909551
Weekly Temperature,Treated,2025-06-25,76,8479.202610319748
Weekly Temperature,Treated,2025-06-25,76,19655.270128148764
Weekly Temperature,Treated,2025-06-25,76,35471.930350225055
Weekly Temperature,Treated,2025-06-25,76,13266.050548489668
Weekly Temperature,Treated,2025-06-25,76,29431.695748914048
Weekly Temperature,Treated,2025-06-25,76,8674.796759295914
Weekly Temperature,Treated,2025-06-25,76,29044.170236851045
Weekly Temperature,Treated,2025-06-25,76,13975.164518697029
Weekly Temperature,Treated,2025-06-25,76,23558.112328407995
Weekly Temperature,Treated,2025-06-25,76,32265.39687967726
Weekly Temperature,Treated,2025-06-25,76,8046.372871083169
Weekly Temperature,Treated,2025-06-25,76,19026.84703403341
Weekly Temperature,Treated,2025-06-25,76,16524.40353378861
Weekly Temperature,Treated,2025-06-25,76,25794.626497624613
Weekly Temperature,Treated,2025-06-25,76,27127.933657470152
Weekly Temperature,Treated,2025-06-25,76,15428.91354982913
Weekly Temperature,Treated,2025-06-25,76,8180.799282117506
Weekly Temperature,Treated,2025-06-25,76,27795.811496100254
Weekly Temperature,Treated,2025-06-25,76,25699.06493827902
Weekly Temperature,Treated,2025-06-25,76,23503.693975339018
Weekly Temperature,Treated,2025-06-25,76,12221.451733047501
Weekly Temperature,Treated,2025-06-25,76,15134.338275791051
Weekly Temperature,Treated,2025-06-25,76,18713.121209654062
Weekly Temperature,Treated,2025-06-25,76,22233.07209972297
Weekly Temperature,Treated,2025-06-25,76,31666.66001798261
Weekly Temperature,Treated,2025-06-25,76,8816.393221307902
Weekly Temperature,Treated,2025-06-25,76,25753.638001232834
Weekly Temperature,Treated,2025-06-25,76,65792.5806193038
Weekly Temperature,Treated,2025-06-25,76,29076.880257585424
Weekly Temperature,Treated,2025-06-25,76,15082.36510673405
Weekly Temperature,Treated,2025-06-25,76,72735.62694256482
Weekly Temperature,Treated,2025-06-25,76,37254.69322860113
Weekly Temperature,Treated,2025-06-25,76,31040.71351141357
Weekly Temperature,Treated,2025-06-25,76,33179.96054252078
Weekly Temperature,Treated,2025-06-25,76,30459.73850829218
Weekly Temperature,Treated,2025-06-25,76,26579.213683466984
Weekly Temperature,Treated,2025-06-25,76,42064.8644945494
Weekly Temperature,Treated,2025-06-25,76,17276.310765328886
Weekly Temperature,Treated,2025-06-25,76,14524.362619211657
Weekly Temperature,Treated,2025-06-25,76,41937.76032752614
Weekly Temperature,Treated,2025-06-25,76,20572.7017247855
Weekly Temperature,Treated,2025-06-25,76,21092.47195998409
Weekly Temperature,Treated,2025-06-25,74,30856.101204311184
Weekly Temperature,Treated,2025-06-25,74,27068.542610179134
Weekly Temperature,Treated,2025-06-25,74,18228.542486042825
Weekly Temperature,Treated,2025-06-25,74,41551.04794549624
Weekly Temperature,Treated,2025-06-25,74,7938.492567900144
Weekly Temperature,Treated,2025-06-25,74,22157.800966639086
Weekly Temperature,Treated,2025-06-25,74,27227.57461501317
Weekly Temperature,Treated,2025-06-25,74,28870.198063965723
Weekly Temperature,Treated,2025-06-25,74,31448.720090661256
Weekly Temperature,Treated,2025-06-25,74,23092.35810432906
Weekly Temperature,Treated,2025-06-25,74,22944.370371436187
Weekly Temperature,Treated,2025-06-25,74,29006.044594731724
Weekly Temperature,Treated,2025-06-25,74,29117.807922414362
Weekly Temperature,Treated,2025-06-25,74,32371.96314434856
Weekly Temperature,Treated,2025-06-25,74,34667.56711282319
Weekly Temperature,Treated,2025-06-25,74,50272.83076805881
Weekly Temperature,Treated,2025-06-25,74,18460.004173665835
Weekly Temperature,Treated,2025-06-25,74,54346.279416943544
Weekly Temperature,Treated,2025-06-25,74,77022.85857924989
Weekly Temperature,Treated,2025-06-25,74,29316.254819860496
Weekly Temperature,Treated,2025-06-25,74,22251.920565664772
Weekly Temperature,Treated,2025-06-25,74,25619.845403086343
Weekly Temperature,Treated,2025-06-25,74,31309.851146277368
Weekly Temperature,Treated,2025-06-25,74,16027.673891938564
Weekly Temperature,Treated,2025-06-25,74,5612.532454180999
Weekly Temperature,Treated,2025-06-25,74,17197.874177240323
Weekly Temperature,Treated,2025-06-25,74,25508.76210992806
Weekly Temperature,Treated,2025-06-25,74,43639.96259721331
Weekly Temperature,Treated,2025-06-25,74,25678.00382602917
Weekly Temperature,Treated,2025-06-25,74,38476.974934025275
Weekly Temperature,Treated,2025-06-25,74,18701.47039331788
Weekly Temperature,Treated,2025-06-25,74,32940.43973838975
Weekly Temperature,Treated,2025-06-25,74,7856.396708381056
Weekly Temperature,Treated,2025-06-25,74,31177.215721543398
Weekly Temperature,Treated,2025-06-25,74,26128.116946293285
Weekly Temperature,Treated,2025-06-25,74,22505.90137811491
Weekly Temperature,Treated,2025-06-25,74,22495.83375084843
Weekly Temperature,Treated,2025-06-25,74,32548.69306646259
Weekly Temperature,Treated,2025-06-25,74,20962.919465402756
Weekly Temperature,Treated,2025-06-25,74,24821.07834830301
Weekly Temperature,Treated,2025-06-25,74,32263.918715051084
Weekly Temperature,Treated,2025-06-25,74,12903.566086813811
Weekly Temperature,Treated,2025-06-25,74,29924.8632052035
Weekly Temperature,Treated,2025-06-25,74,14425.339302247505
Weekly Temperature,Treated,2025-06-25,74,24235.313148316487
Weekly Temperature,Treated,2025-06-25,74,28062.781979044095
Weekly Temperature,Treated,2025-06-25,74,24362.305623970442
Weekly Temperature,Treated,2025-06-25,74,15832.711140233772
Weekly Temperature,Treated,2025-06-25,74,32548.69306646259
Weekly Temperature,Treated,2025-06-25,74,17770.41017161533
Weekly Temperature,Treated,2025-06-25,74,22851.40040810148
Weekly Temperature,Treated,2025-06-25,74,10966.256212757358
Weekly Temperature,Treated,2025-06-25,74,28530.05046621409
Weekly Temperature,Treated,2025-06-25,74,34970.27398660866
Weekly Temperature,Treated,2025-06-25,74,22834.425122901277
Weekly Temperature,Treated,2025-06-25,74,13493.262276978292
Weekly Temperature,Treated,2025-06-25,74,14088.259960409207
Weekly Temperature,Treated,2025-06-25,74,8594.649190927925
Weekly Temperature,Treated,2025-06-25,74,15695.531202338505
Weekly Temperature,Treated,2025-06-25,74,7286.32526699437
Weekly Temperature,Treated,2025-06-25,74,11242.105683184933
Weekly Temperature,Treated,2025-06-25,74,17739.624541659363
Weekly Temperature,Treated,2025-06-25,74,15207.163350286603
Weekly Temperature,Treated,2025-06-25,74,11620.915192387927
Weekly Temperature,Treated,2025-06-25,74,14635.171405733043
Weekly Temperature,Treated,2025-06-25,74,20663.70378774673
Weekly Temperature,Treated,2025-06-25,74,24683.83410821309
Weekly Temperature,Treated,2025-06-25,74,13097.920343471444
Weekly Temperature,Treated,2025-06-25,74,105451.62296684575
Weekly Temperature,Treated,2025-06-25,74,19929.99004514822
Weekly Temperature,Treated,2025-06-25,74,13707.308054789304
Weekly Temperature,Treated,2025-06-25,74,20871.963252639674
Weekly Temperature,Treated,2025-06-25,74,26066.666460363344
Weekly Temperature,Treated,2025-06-25,74,17495.725377612376
Weekly Temperature,Treated,2025-06-25,74,25622.318155575067
Weekly Temperature,Treated,2025-06-25,74,18817.253302669502
Weekly Temperature,Treated,2025-06-25,74,22602.278046125688
Weekly Temperature,Treated,2025-06-25,74,39005.397766648806
Weekly Temperature,Treated,2025-06-25,74,20761.323052965152
Weekly Temperature,Treated,2025-06-25,74,5857.861689080025
Weekly Temperature,Treated,2025-06-25,74,23550.0013229168
Weekly Temperature,Treated,2025-06-25,74,64086.025432608665
Weekly Temperature,Treated,2025-06-25,74,31371.993849779345
Weekly Temperature,Treated,2025-06-25,74,63309.90730215761
Weekly Temperature,Treated,2025-06-25,74,30974.784675213563
Weekly Temperature,Treated,2025-06-25,74,54924.453739177436
Weekly Temperature,Treated,2025-06-25,74,59365.807944364766
Weekly Temperature,Treated,2025-06-25,74,44418.0738705982
Weekly Temperature,Treated,2025-06-25,74,35947.007727322205
Weekly Temperature,Treated,2025-06-25,74,22294.096860645634
Weekly Temperature,Treated,2025-06-25,74,29709.36018256023
Weekly Temperature,Treated,2025-06-25,74,21013.81783628335
Weekly Temperature,Treated,2025-06-25,74,26497.90534915271
Weekly Temperature,Treated,2025-06-25,74,17621.526274774602
Weekly Temperature,Treated,2025-06-25,74,10793.093376928364
Weekly Temperature,Treated,2025-06-25,74,37646.4764425328
Weekly Temperature,Treated,2025-06-25,74,24957.698915027046
Weekly Temperature,Treated,2025-06-25,74,21528.037715218787
Weekly Temperature,Treated,2025-06-25,74,11713.18688835024
Weekly Temperature,Control,2025-06-25,75,73794.16867620575
Weekly Temperature,Control,2025-06-25,75,35945.39986437935
Weekly Temperature,Control,2025-06-25,75,2083.470434118409
Weekly Temperature,Control,2025-06-25,75,8368.088046629362
Weekly Temperature,Control,2025-06-25,75,40052.99637594775
Weekly Temperature,Control,2025-06-25,75,38865.07342659799
Weekly Temperature,Control,2025-06-25,75,83519.64323201645
Weekly Temperature,Control,2025-06-25,75,5709.662149682546
Weekly Temperature,Control,2025-06-25,75,52977.33998451585
Weekly Temperature,Control,2025-06-25,75,16667.948214761986
Weekly Temperature,Control,2025-06-25,75,15707.423866765055
Weekly Temperature,Control,2025-06-25,75,15157.48108460495
Weekly Temperature,Control,2025-06-25,75,38577.11231380135
Weekly Temperature,Control,2025-06-25,75,30003.019758395498
Weekly Temperature,Control,2025-06-25,75,28925.835379455537
Weekly Temperature,Control,2025-06-25,75,14209.92073718645
Weekly Temperature,Control,2025-06-25,75,28878.33492643189
Weekly Temperature,Control,2025-06-25,75,43709.23344750281
Weekly Temperature,Control,2025-06-25,75,17474.51818337177
Weekly Temperature,Control,2025-06-25,75,12887.468873547385
Weekly Temperature,Control,2025-06-25,75,11307.567649780429
Weekly Temperature,Control,2025-06-25,75,32019.27186948548
Weekly Temperature,Control,2025-06-25,75,29580.63727991526
Weekly Temperature,Control,2025-06-25,75,16773.995434978206
Weekly Temperature,Control,2025-06-25,75,9012.14551241398
Weekly Temperature,Control,2025-06-25,75,48813.665533163454
Weekly Temperature,Control,2025-06-25,75,36958.02004966422
Weekly Temperature,Control,2025-06-25,75,7688.133901468801
Weekly Temperature,Control,2025-06-25,75,6822.6376702512325
Weekly Temperature,Control,2025-06-25,75,4437.030307258623
Weekly Temperature,Control,2025-06-25,75,10948.781976923132
Weekly Temperature,Control,2025-06-25,75,30834.690102472792
Weekly Temperature,Control,2025-06-25,75,24016.95121225302
Weekly Temperature,Control,2025-06-25,75,14397.482076427066
Weekly Temperature,Control,2025-06-25,75,29449.593049029947
Weekly Temperature,Control,2025-06-25,75,29688.569101789824
Weekly Temperature,Control,2025-06-25,75,20555.999240223675
Weekly Temperature,Control,2025-06-25,75,10115.394564496808
Weekly Temperature,Control,2025-06-25,75,15955.317385284332
Weekly Temperature,Control,2025-06-25,75,22811.80650663765
Weekly Temperature,Control,2025-06-25,75,19145.155282999465
Weekly Temperature,Control,2025-06-25,75,25110.72030010163
Weekly Temperature,Control,2025-06-25,75,51065.93777532154
Weekly Temperature,Control,2025-06-25,75,36137.12957854641
Weekly Temperature,Control,2025-06-25,75,55733.86625342941
Weekly Temperature,Control,2025-06-25,75,39634.82219491975
Weekly Temperature,Control,2025-06-25,75,19800.88295587193
Weekly Temperature,Control,2025-06-25,75,9113.20144612198
Weekly Temperature,Control,2025-06-25,75,18772.43206243426
Weekly Temperature,Control,2025-06-25,75,19300.79124950883
Weekly Temperature,Control,2025-06-25,75,15111.222321074245
Weekly Temperature,Control,2025-06-25,75,28617.48822901593
Weekly Temperature,Control,2025-06-25,75,31898.955432817933
Weekly Temperature,Control,2025-06-25,75,18371.747367357755
Weekly Temperature,Control,2025-06-25,75,5327.633906774213
Weekly Temperature,Control,2025-06-25,75,7589.255198684996
Weekly Temperature,Control,2025-06-25,75,26721.96720865026
Weekly Temperature,Control,2025-06-25,75,12752.705414108765
Weekly Temperature,Control,2025-06-25,75,10911.960631437792
Weekly Temperature,Control,2025-06-25,75,7757.414996859332
Weekly Temperature,Control,2025-06-25,75,9069.307290795834
Weekly Temperature,Control,2025-06-25,75,14121.931564785466
Weekly Temperature,Control,2025-06-25,75,26011.58163237345
Weekly Temperature,Control,2025-06-25,75,36440.029084084425
Weekly Temperature,Control,2025-06-25,75,30373.60745981563
Weekly Temperature,Control,2025-06-25,75,8269.066888318945
Weekly Temperature,Control,2025-06-25,75,24997.70620227647
Weekly Temperature,Control,2025-06-25,75,23986.384468322907
Weekly Temperature,Control,2025-06-25,75,22014.44571793584
Weekly Temperature,Control,2025-06-25,75,12018.272981436534
Weekly Temperature,Control,2025-06-25,75,15532.27921289029
Weekly Temperature,Control,2025-06-25,75,10694.252815128153
Weekly Temperature,Control,2025-06-25,75,6968.386741041007
Weekly Temperature,Control,2025-06-25,75,7555.8521821566565
Weekly Temperature,Control,2025-06-25,75,27466.824367615205
Weekly Temperature,Control,2025-06-25,75,24948.00762318862
Weekly Temperature,Control,2025-06-25,75,9064.8142639965
Weekly Temperature,Control,2025-06-25,75,13015.1987500705
Weekly Temperature,Control,2025-06-25,75,2216.4288620008956
Weekly Temperature,Control,2025-06-25,75,2937.2306615394477
Weekly Temperature,Control,2025-06-25,75,16091.623207442746
Weekly Temperature,Control,2025-06-25,75,27558.269118803433
Weekly Temperature,Control,2025-06-25,75,11274.470321377587
Weekly Temperature,Control,2025-06-25,75,21150.010704298402
Weekly Temperature,Control,2025-06-25,75,16009.561400807259
Weekly Temperature,Control,2025-06-25,75,19321.68201286848
Weekly Temperature,Control,2025-06-25,75,16188.780597179999
Weekly Temperature,Control,2025-06-25,75,15193.074165451699
Weekly Temperature,Control,2025-06-25,75,44414.27976375909
Weekly Temperature,Control,2025-06-25,75,16252.34638225759
Weekly Temperature,Control,2025-06-25,75,55175.97125202373
Weekly Temperature,Control,2025-06-25,75,45796.675375158535
Weekly Temperature,Control,2025-06-25,75,30029.573100432477
Weekly Temperature,Control,2025-06-25,75,17388.967331138014
Weekly Temperature,Control,2025-06-25,75,32392.71609315637
Weekly Temperature,Control,2025-06-25,75,20287.07177311768
Weekly Temperature,Control,2025-06-25,75,40344.245508785476
Weekly Temperature,Control,2025-06-25,75,9586.655934001234
Weekly Temperature,Treated,2025-06-25,96,12142.24901231064
Weekly Temperature,Treated,2025-06-25,96,6318.558472680192
Weekly Temperature,Treated,2025-06-25,96,19721.907132395267
Weekly Temperature,Treated,2025-06-25,96,8478.668361925374
Weekly Temperature,Treated,2025-06-25,96,44300.57463355385
Weekly Temperature,Treated,2025-06-25,96,16360.756565251053
Weekly Temperature,Treated,2025-06-25,96,14068.711439965773
Weekly Temperature,Treated,2025-06-25,96,8768.091520530405
Weekly Temperature,Treated,2025-06-25,96,24945.585253979014
Weekly Temperature,Treated,2025-06-25,96,22086.03392429005
Weekly Temperature,Treated,2025-06-25,96,21876.18283606209
Weekly Temperature,Treated,2025-06-25,96,15474.228986369466
Weekly Temperature,Treated,2025-06-25,96,57956.28342056908
Weekly Temperature,Treated,2025-06-25,96,17087.976059497843
Weekly Temperature,Treated,2025-06-25,96,11968.397402198634
Weekly Temperature,Treated,2025-06-25,96,28057.47624658554
Weekly Temperature,Treated,2025-06-25,96,11121.850976781252
Weekly Temperature,Treated,2025-06-25,96,28038.912298549145
Weekly Temperature,Treated,2025-06-25,96,14580.490113943337
Weekly Temperature,Treated,2025-06-25,96,28980.195718668692
Weekly Temperature,Treated,2025-06-25,96,23546.525836262183
Weekly Temperature,Treated,2025-06-25,96,28640.39077311321
Weekly Temperature,Treated,2025-06-25,96,22615.751153464116
Weekly Temperature,Treated,2025-06-25,96,22261.90413837188
Weekly Temperature,Treated,2025-06-25,96,28334.406159844104
Weekly Temperature,Treated,2025-06-25,96,21136.147784467907
Weekly Temperature,Treated,2025-06-25,96,9471.830369522471
Weekly Temperature,Treated,2025-06-25,96,5264.200233148297
Weekly Temperature,Treated,2025-06-25,96,19343.586138964398
Weekly Temperature,Treated,2025-06-25,96,10002.501616783353
Weekly Temperature,Treated,2025-06-25,96,18336.34388297965
Weekly Temperature,Treated,2025-06-25,96,14463.60995670096
Weekly Temperature,Treated,2025-06-25,96,6134.901545078876
Weekly Temperature,Treated,2025-06-25,96,14611.832446826578
Weekly Temperature,Treated,2025-06-25,96,17479.12677305835
Weekly Temperature,Treated,2025-06-25,96,17795.628746200615
Weekly Temperature,Treated,2025-06-25,96,24148.96671229126
Weekly Temperature,Treated,2025-06-25,96,22990.964379487614
Weekly Temperature,Treated,2025-06-25,96,29519.887028101763
Weekly Temperature,Treated,2025-06-25,96,26155.743338693945
Weekly Temperature,Treated,2025-06-25,96,25320.774275011834
Weekly Temperature,Treated,2025-06-25,96,28125.182540516642
Weekly Temperature,Treated,2025-06-25,96,49182.486595679264
Weekly Temperature,Treated,2025-06-25,96,21587.570053273634
Weekly Temperature,Treated,2025-06-25,96,26024.093007415257
Weekly Temperature,Treated,2025-06-25,96,13160.96494975882
Weekly Temperature,Treated,2025-06-25,96,9756.392008679497
Weekly Temperature,Treated,2025-06-25,96,18239.01509137974
Weekly Temperature,Treated,2025-06-25,96,12839.997558334075
Weekly Temperature,Treated,2025-06-25,96,29894.202086677455
Weekly Temperature,Treated,2025-06-25,96,6102.583228371114
Weekly Temperature,Treated,2025-06-25,96,11132.326287164782
Weekly Temperature,Treated,2025-06-25,96,16608.466230293736
Weekly Temperature,Treated,2025-06-25,96,17803.10616248748
Weekly Temperature,Treated,2025-06-25,96,19832.337982887868
Weekly Temperature,Treated,2025-06-25,96,7449.985414190873
Weekly Temperature,Treated,2025-06-25,96,12916.015245138358
Weekly Temperature,Treated,2025-06-25,96,24980.727374957507
Weekly Temperature,Treated,2025-06-25,96,24695.8495992301
Weekly Temperature,Treated,2025-06-25,96,19265.01875044868
Weekly Temperature,Treated,2025-06-25,96,27634.215935159507
Weekly Temperature,Treated,2025-06-25,96,33486.208781612724
Weekly Temperature,Treated,2025-06-25,96,13099.401117568525
Weekly Temperature,Treated,2025-06-25,96,29569.584576284822
Weekly Temperature,Treated,2025-06-25,96,12412.986001056239
Weekly Temperature,Treated,2025-06-25,96,10866.225645640077
Weekly Temperature,Treated,2025-06-25,96,23273.20813251867
Weekly Temperature,Treated,2025-06-25,96,14826.155894977393
Weekly Temperature,Treated,2025-06-25,96,26867.877897337654
Weekly Temperature,Treated,2025-06-25,96,20907.886405656387
Weekly Temperature,Treated,2025-06-25,96,10613.775108113834
Weekly Temperature,Treated,2025-06-25,96,51002.46776769436
Weekly Temperature,Treated,2025-06-25,96,26077.94490484322
Weekly Temperature,Treated,2025-06-25,96,12368.2589613464
Weekly Temperature,Treated,2025-06-25,96,21280.449347873582
Weekly Temperature,Treated,2025-06-25,96,25574.132709735535
Weekly Temperature,Treated,2025-06-25,96,22905.786592119377
Weekly Temperature,Treated,2025-06-25,96,21786.561403314347
Weekly Temperature,Treated,2025-06-25,96,18170.550505954085
Weekly Temperature,Treated,2025-06-25,96,9957.850650064389
Weekly Temperature,Treated,2025-06-25,96,13797.954359560183
Weekly Temperature,Treated,2025-06-25,96,26743.68686009663
Weekly Temperature,Treated,2025-06-25,96,29666.404386553106
Weekly Temperature,Treated,2025-06-25,96,22348.572796394896
Weekly Temperature,Treated,2025-06-25,96,22912.591863017667
Weekly Temperature,Treated,2025-06-25,96,6117.677479495743
Weekly Temperature,Treated,2025-06-25,96,10488.587355767668
Weekly Temperature,Treated,2025-06-25,96,18117.436193492857
Weekly Temperature,Treated,2025-06-25,96,28594.599874119005
Weekly Temperature,Treated,2025-06-25,96,12174.443964627302
Weekly Temperature,Treated,2025-06-25,96,5820.145955082763
Weekly Temperature,Treated,2025-06-25,96,9471.830369522471
Weekly Temperature,Treated,2025-06-25,96,18460.965264086735
Weekly Temperature,Treated,2025-06-25,96,21775.651294134335
Weekly Temperature,Treated,2025-06-25,96,25507.529943734782
Weekly Temperature,Treated,2025-06-25,96,30757.705609940524
Weekly Temperature,Control,2025-06-25,79,26558.868545507175
Weekly Temperature,Control,2025-06-25,79,24677.8280539187
Weekly Temperature,Control,2025-06-25,79,14127.418756563979
Weekly Temperature,Control,2025-06-25,79,6557.7546959897045
Weekly Temperature,Control,2025-06-25,79,5605.838049930748
Weekly Temperature,Control,2025-06-25,79,25350.191611210837
Weekly Temperature,Control,2025-06-25,79,8522.023733823133
Weekly Temperature,Control,2025-06-25,79,40509.902468479966
Weekly Temperature,Control,2025-06-25,79,24911.69113583706
Weekly Temperature,Control,2025-06-25,79,11484.205514265703
Weekly Temperature,Control,2025-06-25,79,26051.63439672666
Weekly Temperature,Control,2025-06-25,79,18084.300046686567
Weekly Temperature,Control,2025-06-25,79,11579.706897956612
Weekly Temperature,Control,2025-06-25,79,6713.68826643635
Weekly Temperature,Control,2025-06-25,79,11109.421172178412
Weekly Temperature,Control,2025-06-25,79,41382.06835350722
Weekly Temperature,Control,2025-06-25,79,14627.925255479322
Weekly Temperature,Control,2025-06-25,79,9504.947712776015
Weekly Temperature,Control,2025-06-25,79,16076.050125349695
Weekly Temperature,Control,2025-06-25,79,10726.699203622142
Weekly Temperature,Control,2025-06-25,79,14336.339807803386
Weekly Temperature,Control,2025-06-25,79,12642.058918621691
Weekly Temperature,Control,2025-06-25,79,31865.27130831861
Weekly Temperature,Control,2025-06-25,79,10331.651462935068
Weekly Temperature,Control,2025-06-25,79,12345.58709273693
Weekly Temperature,Control,2025-06-25,79,8134.079693677879
Weekly Temperature,Control,2025-06-25,79,12080.141087963377
Weekly Temperature,Control,2025-06-25,79,17973.866646037968
Weekly Temperature,Control,2025-06-25,79,8196.93766992544
Weekly Temperature,Control,2025-06-25,79,14175.3041474368
Weekly Temperature,Control,2025-06-25,79,13304.21607786665
Weekly Temperature,Control,2025-06-25,79,16246.242808646055
Weekly Temperature,Control,2025-06-25,79,13076.463336924533
Weekly Temperature,Control,2025-06-25,79,9604.8192552285691
Weekly Temperature,Control,2025-06-25,79,6116.418578678716
Weekly Temperature,Control,2025-06-25,79,10284.051981137145
Weekly Temperature,Control,2025-06-25,79,18418.71346052748
Weekly Temperature,Control,2025-06-25,79,12066.217275838259
Weekly Temperature,Control,2025-06-25,79,19254.09839593782
Weekly Temperature,Control,2025-06-25,79,10460.432839599964
Weekly Temperature,Control,2025-06-25,79,5066.5950598965
Weekly Temperature,Control,2025-06-25,79,14442.870471553191
Weekly Temperature,Control,2025-06-25,79,31534.303661906568
Weekly Temperature,Control,2025-06-25,79,27049.197723424346
Weekly Temperature,Control,2025-06-25,79,23510.63560256045
Weekly Temperature,Control,2025-06-25,79,7412.201729446967
Weekly Temperature,Control,2025-06-25,79,17227.02807778041
Weekly Temperature,Control,2025-06-25,79,27341.796390001753
Weekly Temperature,Control,2025-06-25,79,13358.238155532694
Weekly Temperature,Control,2025-06-25,79,2187.0086570387825
Weekly Temperature,Control,2025-06-25,79,55117.50251791312
Weekly Temperature,Control,2025-06-25,79,17718.191986621066
Weekly Temperature,Control,2025-06-25,79,39115.19395953958
Weekly Temperature,Control,2025-06-25,79,22620.243561998766
Weekly Temperature,Control,2025-06-25,79,7944.598969100265
Weekly Temperature,Control,2025-06-25,79,5838.778720959957
Weekly Temperature,Control,2025-06-25,79,13657.568787280485
Weekly Temperature,Control,2025-06-25,79,16325.725553671797
Weekly Temperature,Control,2025-06-25,79,15789.158327095172
Weekly Temperature,Control,2025-06-25,79,13878.995278589207
Weekly Temperature,Control,2025-06-25,79,8647.657884222128
Weekly Temperature,Control,2025-06-25,79,10717.785002781184
Weekly Temperature,Control,2025-06-25,79,5945.329025436937
Weekly Temperature,Control,2025-06-25,79,22969.3629885778
Weekly Temperature,Control,2025-06-25,79,14959.98393072515
Weekly Temperature,Control,2025-06-25,79,34284.695820376786
Weekly Temperature,Control,2025-06-25,79,13045.434797765758
Weekly Temperature,Control,2025-06-25,79,33053.25309029809
Weekly Temperature,Control,2025-06-25,79,33530.35499523703
Weekly Temperature,Control,2025-06-25,79,12704.886233694493
Weekly Temperature,Control,2025-06-25,79,4884.055844974011
Weekly Temperature,Control,2025-06-25,79,16027.673891938564
Weekly Temperature,Control,2025-06-25,79,17555.76497250916
Weekly Temperature,Control,2025-06-25,79,9304.09942653604
Weekly Temperature,Control,2025-06-25,79,11498.291467683153
Weekly Temperature,Control,2025-06-25,79,7662.334108906279
Weekly Temperature,Control,2025-06-25,79,27205.55165185397
Weekly Temperature,Control,2025-06-25,79,8914.145929258713
Weekly Temperature,Control,2025-06-25,79,16835.720084651348
Weekly Temperature,Control,2025-06-25,79,19249.136165353666
Weekly Temperature,Control,2025-06-25,79,26766.699011997
Weekly Temperature,Control,2025-06-25,79,13563.060672121585
Weekly Temperature,Control,2025-06-25,79,18454.23843446767
Weekly Temperature,Control,2025-06-25,79,42565.28991131194
Weekly Temperature,Control,2025-06-25,79,10040.633295919717
Weekly Temperature,Control,2025-06-25,79,17103.383857656376
Weekly Temperature,Control,2025-06-25,79,8391.39000920911
Weekly Temperature,Control,2025-06-25,79,11158.547014872343
Weekly Temperature,Control,2025-06-25,79,18649.110361788593
Weekly Temperature,Control,2025-06-25,79,8834.006553066874
Weekly Temperature,Control,2025-06-25,79,19949.3606167766
Weekly Temperature,Control,2025-06-25,79,37064.9386029283
Weekly Temperature,Control,2025-06-25,79,18649.110361788593
Weekly Temperature,Control,2025-06-25,79,9864.21065499764
Weekly Temperature,Control,2025-06-25,79,33190.53652466609
Weekly Temperature,Control,2025-06-25,79,11328.124662319986
Weekly Temperature,Control,2025-06-25,79,9361.486530844002
Daily Temperature,Treated,2025-06-25,77,17179.672112344117
Daily Temperature,Treated,2025-06-25,77,22417.64818088298
Daily Temperature,Treated,2025-06-25,77,70496.17167639903
Daily Temperature,Treated,2025-06-25,77,105508.08195427648
Daily Temperature,Treated,2025-06-25,77,46032.26903386251
Daily Temperature,Treated,2025-06-25,77,13596.538954279556
Daily Temperature,Treated,2025-06-25,77,34896.36892718111
Daily Temperature,Treated,2025-06-25,77,43105.561570329795
Daily Temperature,Treated,2025-06-25,77,12689.699479201998
Daily Temperature,Treated,2025-06-25,77,33487.73031163253
Daily Temperature,Treated,2025-06-25,77,17756.411650215807
Daily Temperature,Treated,2025-06-25,77,47407.950881564306
Daily Temperature,Treated,2025-06-25,77,38648.52047748756
Daily Temperature,Treated,2025-06-25,77,17070.768109621564
Daily Temperature,Treated,2025-06-25,77,35049.0301723579
Daily Temperature,Treated,2025-06-25,77,40942.38899989666
Daily Temperature,Treated,2025-06-25,77,44124.78272724492
Daily Temperature,Treated,2025-06-25,77,17442.28401748699
Daily Temperature,Treated,2025-06-25,77,29952.758109707378
Daily Temperature,Treated,2025-06-25,77,31403.82480848823
Daily Temperature,Treated,2025-06-25,77,19390.44501399916
Daily Temperature,Treated,2025-06-25,77,35596.22146325322
Daily Temperature,Treated,2025-06-25,77,29080.97101663301
Daily Temperature,Treated,2025-06-25,77,9968.697930509945
Daily Temperature,Treated,2025-06-25,77,35711.25271400084
Daily Temperature,Treated,2025-06-25,77,31171.458878031488
Daily Temperature,Treated,2025-06-25,77,43645.57594604837
Daily Temperature,Treated,2025-06-25,77,15035.458692204022
Daily Temperature,Treated,2025-06-25,77,19536.56122642565
Daily Temperature,Treated,2025-06-25,77,15166.580254499262
Daily Temperature,Treated,2025-06-25,77,13867.395986980855
Daily Temperature,Treated,2025-06-25,77,38091.909607308015
Daily Temperature,Treated,2025-06-25,77,24024.00933751923
Daily Temperature,Treated,2025-06-25,77,31660.833104641533
Daily Temperature,Treated,2025-06-25,77,33632.521139618846
Daily Temperature,Treated,2025-06-25,77,15587.115528987948
Daily Temperature,Treated,2025-06-25,77,30737.771043115717
Daily Temperature,Treated,2025-06-25,77,27921.120878557347
Daily Temperature,Treated,2025-06-25,77,17468.067715953897
Daily Temperature,Treated,2025-06-25,77,39504.84513662638
Daily Temperature,Treated,2025-06-25,77,28460.24936467479
Daily Temperature,Treated,2025-06-25,77,20296.37124290786
Daily Temperature,Treated,2025-06-25,77,27230.166458183096
Daily Temperature,Treated,2025-06-25,77,38781.40950802505
Daily Temperature,Treated,2025-06-25,77,54428.58079001784
Daily Temperature,Treated,2025-06-25,77,35890.76587157466
Daily Temperature,Control,2025-06-25,78,65761.56367994445
Daily Temperature,Control,2025-06-25,78,10520.564488955557
Daily Temperature,Control,2025-06-25,78,33423.872344488846
Daily Temperature,Control,2025-06-25,78,14475.585315872455
Daily Temperature,Control,2025-06-25,78,29409.67987919249
Daily Temperature,Control,2025-06-25,78,26676.017670020567
Daily Temperature,Control,2025-06-25,78,25273.027311423102
Daily Temperature,Control,2025-06-25,78,51593.006733865346
Daily Temperature,Control,2025-06-25,78,25754.879337348335
Daily Temperature,Control,2025-06-25,78,23220.44347485216
Daily Temperature,Control,2025-06-25,78,14558.019404893868
Daily Temperature,Control,2025-06-25,78,9267.509843182419
Daily Temperature,Control,2025-06-25,78,25205.809992907885
Daily Temperature,Control,2025-06-25,78,28393.25772426422
Daily Temperature,Control,2025-06-25,78,12203.895540590802
Daily Temperature,Control,2025-06-25,78,6919.550827462986
Daily Temperature,Control,2025-06-25,78,26933.352818009214
Daily Temperature,Control,2025-06-25,78,13901.441414719635
Daily Temperature,Control,2025-06-25,78,16740.96784380333
Daily Temperature,Control,2025-06-25,78,18170.550505954085
Daily Temperature,Control,2025-06-25,78,22800.50366605743
Daily Temperature,Control,2025-06-25,78,30550.309126673823
Daily Temperature,Control,2025-06-25,78,14072.619498419062
Daily Temperature,Control,2025-06-25,78,24206.899062113767
Daily Temperature,Control,2025-06-25,78,22692.21551621246
Daily Temperature,Control,2025-06-25,78,7812.066444011771
Daily Temperature,Control,2025-06-25,78,14395.891468319252
Daily Temperature,Control,2025-06-25,78,42095.77810769388
Daily Temperature,Control,2025-06-25,78,23887.835225152536
Daily Temperature,Control,2025-06-25,78,24039.307426524447
Daily Temperature,Control,2025-06-25,78,35036.419907194475
Daily Temperature,Control,2025-06-25,78,18300.99257356516
Daily Temperature,Control,2025-06-25,78,8825.747041028199
Daily Temperature,Control,2025-06-25,78,24293.405074420913
Daily Temperature,Control,2025-06-25,78,19625.03766463841
Daily Temperature,Control,2025-06-25,78,18362.173709775507
Daily Temperature,Control,2025-06-25,78,21259.023746038485
Daily Temperature,Control,2025-06-25,78,10228.010212722767
Daily Temperature,Control,2025-06-25,78,23601.020539344998
Daily Temperature,Control,2025-06-25,78,28722.68739389074
Daily Temperature,Control,2025-06-25,78,14509.956368468866
Daily Temperature,Control,2025-06-25,78,20181.905948389558
Daily Temperature,Control,2025-06-25,78,25131.421342622307
Daily Temperature,Control,2025-06-25,78,14993.583791752722
Daily Temperature,Control,2025-06-25,78,21545.343188719777
Daily Temperature,Control,2025-06-25,78,16802.599870405786
Daily Temperature,Control,2025-06-25,78,27832.69945124877
Daily Temperature,Control,2025-06-25,78,38105.36952372807
Daily Temperature,Control,2025-06-25,53,21394.282038643487
Daily Temperature,Control,2025-06-25,53,20632.288953417825
Daily Temperature,Control,2025-06-25,53,15930.39498228992
Daily Temperature,Control,2025-06-25,53,13954.95829960703
Daily Temperature,Control,2025-06-25,53,17236.146399137615
Daily Temperature,Control,2025-06-25,53,12662.253539477793
Daily Temperature,Control,2025-06-25,53,35852.23968795469
Daily Temperature,Control,2025-06-25,53,31700.180938427366
Daily Temperature,Control,2025-06-25,53,18099.4422483889
Daily Temperature,Control,2025-06-25,53,15637.86421860131
Daily Temperature,Control,2025-06-25,53,22364.156135615493
Daily Temperature,Control,2025-06-25,53,16806.178037516485
Daily Temperature,Control,2025-06-25,53,32287.57566603217
Daily Temperature,Control,2025-06-25,53,26780.769528274297
Daily Temperature,Control,2025-06-25,53,13777.173322888542
Daily Temperature,Control,2025-06-25,53,26116.821740491396
Daily Temperature,Control,2025-06-25,53,33136.173680336455
Daily Temperature,Control,2025-06-25,53,31929.734658784633
Daily Temperature,Control,2025-06-25,53,16141.013740316803
Daily Temperature,Control,2025-06-25,53,13552.421588459589
Daily Temperature,Control,2025-06-25,53,13238.413707370175
Daily Temperature,Control,2025-06-25,53,21542.09759870997
Daily Temperature,Control,2025-06-25,53,28466.95525544126
Daily Temperature,Control,2025-06-25,53,24202.165878966378
Daily Temperature,Control,2025-06-25,53,20425.868863241383
Daily Temperature,Control,2025-06-25,53,18300.99257356516
Daily Temperature,Control,2025-06-25,53,31609.883133238043
Daily Temperature,Control,2025-06-25,53,32374.927218399993
Daily Temperature,Control,2025-06-25,53,44438.94599991734
Daily Temperature,Control,2025-06-25,53,47631.9839387203
Daily Temperature,Control,2025-06-25,53,28194.346582825463
Daily Temperature,Control,2025-06-25,53,17382.540979886366
Daily Temperature,Control,2025-06-25,53,28875.622441534866
Daily Temperature,Control,2025-06-25,53,30767.67665566087
Daily Temperature,Control,2025-06-25,53,24943.16306624918
Daily Temperature,Control,2025-06-25,53,19752.253832925537
Daily Temperature,Control,2025-06-25,53,22673.08080674475
Daily Temperature,Control,2025-06-25,53,30581.490995622054
Daily Temperature,Control,2025-06-25,53,24988.002925278466
Daily Temperature,Control,2025-06-25,53,14690.008178920401
Daily Temperature,Control,2025-06-25,53,28060.129015728173
Daily Temperature,Control,2025-06-25,53,16477.646498525446
Daily Temperature,Control,2025-06-25,53,12471.38485322504
Daily Temperature,Control,2025-06-25,53,29493.683888697673
Daily Temperature,Control,2025-06-25,53,39871.36629850975
Daily Temperature,Control,2025-06-25,53,38607.70318353105
Daily Temperature,Control,2025-06-25,53,31860.87976513244
Daily Temperature,Control,2025-06-25,53,7786.961633876449
Daily Temperature,Treated,2025-06-25,67,51154.90015511309
Daily Temperature,Treated,2025-06-25,67,10132.471497939792
Daily Temperature,Treated,2025-06-25,67,41018.97871001713
Daily Temperature,Treated,2025-06-25,67,7996.13282471682
Daily Temperature,Treated,2025-06-25,67,24106.47231762121
Daily Temperature,Treated,2025-06-25,67,14162.732160033818
Daily Temperature,Treated,2025-06-25,67,25887.969550126563
Daily Temperature,Treated,2025-06-25,67,28824.12272453285
Daily Temperature,Treated,2025-06-25,67,11519.108779382841
Daily Temperature,Treated,2025-06-25,67,47754.351151402
Daily Temperature,Treated,2025-06-25,67,18864.110531506827
Daily Temperature,Treated,2025-06-25,67,41751.28242008663
Daily Temperature,Treated,2025-06-25,67,21427.66094472059
Daily Temperature,Treated,2025-06-25,67,24432.54860520291
Daily Temperature,Treated,2025-06-25,67,35648.908216717835
Daily Temperature,Treated,2025-06-25,67,26733.464148182033
Daily Temperature,Treated,2025-06-25,67,30366.555927206253
Daily Temperature,Treated,2025-06-25,67,32839.91325035887
Daily Temperature,Treated,2025-06-25,67,23741.762494209695
Daily Temperature,Treated,2025-06-25,67,22535.005104155684
Daily Temperature,Treated,2025-06-25,67,24949.21887585151
Daily Temperature,Treated,2025-06-25,67,18673.33715931669
Daily Temperature,Treated,2025-06-25,67,8434.945179501565
Daily Temperature,Treated,2025-06-25,67,10934.559185758935
Daily Temperature,Treated,2025-06-25,67,9337.925933071854
Daily Temperature,Treated,2025-06-25,67,22236.39740718268
Daily Temperature,Treated,2025-06-25,67,14848.939978226892
Daily Temperature,Treated,2025-06-25,67,25904.175506446783
Daily Temperature,Treated,2025-06-25,67,14578.081280032788
Daily Temperature,Treated,2025-06-25,67,24700.65705863274
Daily Temperature,Treated,2025-06-25,67,18341.125087439676
Daily Temperature,Treated,2025-06-25,67,23502.537190960935
Daily Temperature,Treated,2025-06-25,67,30801.882147692726
Daily Temperature,Treated,2025-06-25,67,23867.928756633755
Daily Temperature,Treated,2025-06-25,67,28577.106584443252
Daily Temperature,Treated,2025-06-25,67,13117.180281001605
Daily Temperature,Treated,2025-06-25,67,51475.74877758875
Daily Temperature,Treated,2025-06-25,67,35958.26433778041
Daily Temperature,Treated,2025-06-25,67,28089.322294063026
Daily Temperature,Treated,2025-06-25,67,15454.915614719997
Daily Temperature,Treated,2025-06-25,67,36999.11405637259
Daily Temperature,Treated,2025-06-25,67,32466.91820344771
Daily Temperature,Treated,2025-06-25,67,14707.782829679523
Daily Temperature,Treated,2025-06-25,67,21502.099528175368
Daily Temperature,Treated,2025-06-25,67,35333.697195116
Daily Temperature,Treated,2025-06-25,67,19417.403221793145
Weekly Temperature,Control,2025-06-25,66,19455.393014475343
Weekly Temperature,Control,2025-06-25,66,8605.447582621788
Weekly Temperature,Control,2025-06-25,66,27758.96139176287
Weekly Temperature,Control,2025-06-25,66,23512.94982916966
Weekly Temperature,Control,2025-06-25,66,69737.59585050336
Weekly Temperature,Control,2025-06-25,66,9413.360642629665
Weekly Temperature,Control,2025-06-25,66,7102.8273119311425
Weekly Temperature,Control,2025-06-25,66,12037.71128939044
Weekly Temperature,Control,2025-06-25,66,27349.597714330037
Weekly Temperature,Control,2025-06-25,66,23132.326201626092
Weekly Temperature,Control,2025-06-25,66,72811.23529538179
Weekly Temperature,Control,2025-06-25,66,26799.965811169448
Weekly Temperature,Control,2025-06-25,66,40147.55906102116
Weekly Temperature,Control,2025-06-25,66,3745.8350973265456
Weekly Temperature,Control,2025-06-25,66,51971.79145581108
Weekly Temperature,Control,2025-06-25,66,20040.288632872936
Weekly Temperature,Control,2025-06-25,66,29773.18990836959
Weekly Temperature,Control,2025-06-25,66,23945.28428340617
Weekly Temperature,Control,2025-06-25,66,36856.26054653885
Weekly Temperature,Control,2025-06-25,66,6628.258300147179
Weekly Temperature,Control,2025-06-25,66,13404.890003692044
Weekly Temperature,Control,2025-06-25,66,19158.005730354063
Weekly Temperature,Control,2025-06-25,66,11847.822390595318
Weekly Temperature,Control,2025-06-25,66,35575.48274538352
Weekly Temperature,Control,2025-06-25,66,28961.16060331027
Weekly Temperature,Control,2025-06-25,66,35319.42120646312
Weekly Temperature,Control,2025-06-25,66,21159.612199052837
Weekly Temperature,Control,2025-06-25,66,17962.569343955696
Weekly Temperature,Control,2025-06-25,66,32893.89778196558
Weekly Temperature,Control,2025-06-25,66,16395.84479825363
Weekly Temperature,Control,2025-06-25,66,12462.82575422208
Weekly Temperature,Control,2025-06-25,66,56086.22677296963
Weekly Temperature,Control,2025-06-25,66,12259.438116501047
Weekly Temperature,Control,2025-06-25,66,24735.53273161188
Weekly Temperature,Control,2025-06-25,66,12395.932761757813
Weekly Temperature,Control,2025-06-25,66,6775.4634199513985
Weekly Temperature,Control,2025-06-25,66,24051.08029548038
Weekly Temperature,Control,2025-06-25,66,18701.47039331788
Weekly Temperature,Control,2025-06-25,66,19212.446080886693
Weekly Temperature,Control,2025-06-25,66,33370.72977472608
Weekly Temperature,Control,2025-06-25,66,23260.582107073646
Weekly Temperature,Control,2025-06-25,66,24961.333898244127
Weekly Temperature,Control,2025-06-25,66,17185.13118796672
Weekly Temperature,Control,2025-06-25,66,16511.160168404396
Weekly Temperature,Control,2025-06-25,66,55650.0130028013
Weekly Temperature,Control,2025-06-25,66,47883.00167574925
Weekly Temperature,Control,2025-06-25,66,16198.346869064117
Weekly Temperature,Control,2025-06-25,66,51622.8877446351
Weekly Temperature,Control,2025-06-25,66,40237.02844780854
Weekly Temperature,Control,2025-06-25,66,43226.141629180565
Weekly Temperature,Control,2025-06-25,66,21939.74449014718
Weekly Temperature,Control,2025-06-25,66,24523.261123688557
Weekly Temperature,Control,2025-06-25,66,10287.137855414043
Weekly Temperature,Control,2025-06-25,66,17349.51979576019
Weekly Temperature,Control,2025-06-25,66,22691.0896012515
Weekly Temperature,Control,2025-06-25,66,21485.900356550384
Weekly Temperature,Control,2025-06-25,66,36234.101860114984
Weekly Temperature,Control,2025-06-25,66,51216.39768305451
Weekly Temperature,Control,2025-06-25,66,22060.682285359213
Weekly Temperature,Control,2025-06-25,66,23102.63053353495
Weekly Temperature,Control,2025-06-25,66,12592.397413538636
Weekly Temperature,Control,2025-06-25,66,22931.881914520894
Weekly Temperature,Control,2025-06-25,66,28256.97347870047
Weekly Temperature,Control,2025-06-25,66,14503.557071190868
Weekly Temperature,Control,2025-06-25,66,16003.527367096223
Weekly Temperature,Control,2025-06-25,66,5443.450419170121
Weekly Temperature,Control,2025-06-25,66,29876.09560921005
Weekly Temperature,Control,2025-06-25,66,42552.44758365881
Weekly Temperature,Control,2025-06-25,66,24528.04265059415
Weekly Temperature,Control,2025-06-25,66,20002.44860375548
Weekly Temperature,Control,2025-06-25,66,25409.105426168957
Weekly Temperature,Control,2025-06-25,66,12011.33646614874
Weekly Temperature,Control,2025-06-25,66,25991.573097803077
Weekly Temperature,Control,2025-06-25,66,30341.180926760127
Weekly Temperature,Control,2025-06-25,66,9868.996605828825
Weekly Temperature,Control,2025-06-25,66,10301.959715891786
Weekly Temperature,Control,2025-06-25,66,27111.139024776858
Weekly Temperature,Control,2025-06-25,66,19286.873684496753
Weekly Temperature,Control,2025-06-25,66,24812.634146932785
Weekly Temperature,Control,2025-06-25,66,19925.91386752194
Weekly Temperature,Control,2025-06-25,66,40584.09110731043
Weekly Temperature,Control,2025-06-25,66,7105.170007542927
Weekly Temperature,Control,2025-06-25,66,5113.179564608004
Weekly Temperature,Control,2025-06-25,66,20874.07506703808
Weekly Temperature,Control,2025-06-25,66,32226.98170160218
Weekly Temperature,Control,2025-06-25,66,31195.9311646921
Weekly Temperature,Control,2025-06-25,66,13404.890003692044
Weekly Temperature,Control,2025-06-25,66,34976.56940375226
Weekly Temperature,Control,2025-06-25,66,24202.165878966378
Weekly Temperature,Control,2025-06-25,66,63129.55373068569
Weekly Temperature,Control,2025-06-25,66,28260.97459414278
Weekly Temperature,Control,2025-06-25,66,41552.84849849564
Weekly Temperature,Control,2025-06-25,66,19056.3714910925
Weekly Temperature,Control,2025-06-25,66,32836.91613111046
Weekly Temperature,Control,2025-06-25,66,18598.7956292479
Weekly Temperature,Control,2025-06-25,66,30468.220641115095
Weekly Temperature,Control,2025-06-25,66,28699.733881603428
Weekly Temperature,Control,2025-06-25,66,34408.843680073056
Weekly Temperature,Control,2025-06-25,66,18239.967374377924
Weekly Temperature,Control,2025-06-25,66,20240.623421401888
Weekly Temperature,Treated,2025-06-25,65,23364.041074215536
Weekly Temperature,Treated,2025-06-25,65,36456.28249803428
Weekly Temperature,Treated,2025-06-25,65,5635.811386346897
Weekly Temperature,Treated,2025-06-25,65,15241.183993411232
Weekly Temperature,Treated,2025-06-25,65,46529.9142370083
Weekly Temperature,Treated,2025-06-25,65,10710.784890461719
Weekly Temperature,Treated,2025-06-25,65,21010.63391175547
Weekly Temperature,Treated,2025-06-25,65,9158.95145580215
Weekly Temperature,Treated,2025-06-25,65,56341.92699624183
Weekly Temperature,Treated,2025-06-25,65,79403.85622343751
Weekly Temperature,Treated,2025-06-25,65,61556.45902292987
Weekly Temperature,Treated,2025-06-25,65,18367.91744655198
Weekly Temperature,Treated,2025-06-25,65,15571.07125036987
Weekly Temperature,Treated,2025-06-25,65,35363.85015799597
Weekly Temperature,Treated,2025-06-25,65,34601.96430342361
Weekly Temperature,Treated,2025-06-25,65,18435.029247152324
Weekly Temperature,Treated,2025-06-25,65,44317.6158406817
Weekly Temperature,Treated,2025-06-25,65,41511.45122341597
Weekly Temperature,Treated,2025-06-25,65,43393.53465766513
Weekly Temperature,Treated,2025-06-25,65,21992.454505395235
Weekly Temperature,Treated,2025-06-25,65,30050.549138370974
Weekly Temperature,Treated,2025-06-25,65,25422.621382292895
Weekly Temperature,Treated,2025-06-25,65,45093.64494399231
Weekly Temperature,Treated,2025-06-25,65,15131.034352946042
Weekly Temperature,Treated,2025-06-25,65,74106.14844218179
Weekly Temperature,Treated,2025-06-25,65,27726.09147421227
Weekly Temperature,Treated,2025-06-25,65,35589.83931608158
Weekly Temperature,Treated,2025-06-25,65,24268.495405005528
Weekly Temperature,Treated,2025-06-25,65,32345.295969003986
Weekly Temperature,Treated,2025-06-25,65,40044.24938778328
Weekly Temperature,Treated,2025-06-25,65,36606.07932416578
Weekly Temperature,Treated,2025-06-25,65,24935.897591837896
Weekly Temperature,Treated,2025-06-25,65,23838.67776206176
Weekly Temperature,Treated,2025-06-25,65,14114.878977789409
Weekly Temperature,Treated,2025-06-25,65,18654.922599472728
Weekly Temperature,Treated,2025-06-25,65,4066.677368389646
Weekly Temperature,Treated,2025-06-25,65,14262.755412971168
Weekly Temperature,Treated,2025-06-25,65,42175.872399426255
Weekly Temperature,Treated,2025-06-25,65,36951.44831420458
Weekly Temperature,Treated,2025-06-25,65,24639.41599342726
Weekly Temperature,Treated,2025-06-25,65,30622.632100510727
Weekly Temperature,Treated,2025-06-25,65,33272.2108383689
Weekly Temperature,Treated,2025-06-25,65,21583.23616915259
Weekly Temperature,Treated,2025-06-25,65,30592.83597877465
Weekly Temperature,Treated,2025-06-25,65,25450.899952973396
Weekly Temperature,Treated,2025-06-25,65,32741.120560719104
Weekly Temperature,Treated,2025-06-25,65,13114.956888415192
Weekly Temperature,Treated,2025-06-25,65,17700.50175063232
Weekly Temperature,Treated,2025-06-25,65,12987.958060243103
Weekly Temperature,Treated,2025-06-25,65,30162.613372948013
Weekly Temperature,Treated,2025-06-25,65,29091.881887969554
Weekly Temperature,Treated,2025-06-25,65,14434.899756028439
Weekly Temperature,Treated,2025-06-25,65,5565.794292439993
Weekly Temperature,Treated,2025-06-25,65,10901.641558234713
Weekly Temperature,Treated,2025-06-25,65,52432.6762192523
Weekly Temperature,Treated,2025-06-25,65,23546.525836262183
Weekly Temperature,Treated,2025-06-25,65,40801.96924717219
Weekly Temperature,Treated,2025-06-25,65,36043.5821528766
Weekly Temperature,Treated,2025-06-25,65,12115.701641653653
Weekly Temperature,Treated,2025-06-25,65,32721.688666717622
Weekly Temperature,Treated,2025-06-25,65,16913.79344432331
Weekly Temperature,Treated,2025-06-25,65,19971.807722535264
Weekly Temperature,Treated,2025-06-25,65,19313.72158650233
Weekly Temperature,Treated,2025-06-25,65,6774.1062061017965
Weekly Temperature,Treated,2025-06-25,65,46750.685003590006
Weekly Temperature,Treated,2025-06-25,65,33201.11512874469
Weekly Temperature,Treated,2025-06-25,65,25532.182000287805
Weekly Temperature,Treated,2025-06-25,65,26920.504884517373
Weekly Temperature,Treated,2025-06-25,65,16847.36872344354
Weekly Temperature,Treated,2025-06-25,65,33793.11935293954
Weekly Temperature,Treated,2025-06-25,65,42655.27120511364
Weekly Temperature,Treated,2025-06-25,65,15813.912457639057
Weekly Temperature,Treated,2025-06-25,65,27601.460405151407
Weekly Temperature,Treated,2025-06-25,65,19972.828505271667
Weekly Temperature,Treated,2025-06-25,65,52391.62689450818
Weekly Temperature,Treated,2025-06-25,65,22935.287338344475
Weekly Temperature,Treated,2025-06-25,65,36043.5821528766
Weekly Temperature,Treated,2025-06-25,65,22820.85188317648
Weekly Temperature,Treated,2025-06-25,65,35238.60880294628
Weekly Temperature,Treated,2025-06-25,65,39607.06575238297
Weekly Temperature,Treated,2025-06-25,65,15753.359792044495
Weekly Temperature,Treated,2025-06-25,65,24783.699422813683
Weekly Temperature,Treated,2025-06-25,65,48924.082843693664
Weekly Temperature,Treated,2025-06-25,65,24869.37346638609
Weekly Temperature,Treated,2025-06-25,65,19682.509838049995
Weekly Temperature,Treated,2025-06-25,65,45130.13086170912
Weekly Temperature,Treated,2025-06-25,65,11747.930626519448
Weekly Temperature,Treated,2025-06-25,65,15058.4865714957
Weekly Temperature,Treated,2025-06-25,65,17154.213914766216
Weekly Temperature,Treated,2025-06-25,65,19138.238544726984
Weekly Temperature,Treated,2025-06-25,65,16166.186508083112
Weekly Temperature,Treated,2025-06-25,65,7633.139063349776
Weekly Temperature,Treated,2025-06-25,65,12240.43380984303
Weekly Temperature,Treated,2025-06-25,65,28820.059990439804
Weekly Temperature,Treated,2025-06-25,65,28917.688148223006
Weekly Temperature,Treated,2025-06-25,65,30119.1500787858
Weekly Temperature,Treated,2025-06-25,65,30185.065069327826
Weekly Temperature,Treated,2025-06-25,65,30722.11520549609
Weekly Temperature,Treated,2025-06-25,65,14757.96286096508
Weekly Temperature,Treated,2025-06-25,65,40449.92271244311
Weekly Temperature,Treated,2025-06-25,65,21443.82638084125
Weekly Temperature,Treated,2025-06-25,65,10308.758416619761
Weekly Temperature,Treated,2025-06-25,65,34433.71519714305
Weekly Temperature,Treated,2025-06-25,65,25042.621684190883
Weekly Temperature,Treated,2025-06-25,57,77198.78008020643
Weekly Temperature,Treated,2025-06-25,57,8488.288667249219
Weekly Temperature,Treated,2025-06-25,57,29428.943066707005
Weekly Temperature,Treated,2025-06-25,57,26584.30184979467
Weekly Temperature,Treated,2025-06-25,57,76333.98797757985
Weekly Temperature,Treated,2025-06-25,57,55286.2952036028
Weekly Temperature,Treated,2025-06-25,57,14597.360408869003
Weekly Temperature,Treated,2025-06-25,57,21076.510324109673
Weekly Temperature,Treated,2025-06-25,57,19897.39851057111
Weekly Temperature,Treated,2025-06-25,57,34781.82149288746
Weekly Temperature,Treated,2025-06-25,57,3613.5823126881187
Weekly Temperature,Treated,2025-06-25,57,23991.08509173405
Weekly Temperature,Treated,2025-06-25,57,8184.961764251789
Weekly Temperature,Treated,2025-06-25,57,11486.887551175023
Weekly Temperature,Treated,2025-06-25,57,43483.01833742633
Weekly Temperature,Treated,2025-06-25,57,9419.137661444021
Weekly Temperature,Treated,2025-06-25,57,13221.25601119866
Weekly Temperature,Treated,2025-06-25,57,11939.375453686444
Weekly Temperature,Treated,2025-06-25,57,11322.153603736955
Weekly Temperature,Treated,2025-06-25,57,21712.455426578294
Weekly Temperature,Treated,2025-06-25,57,25946.597364947644
Weekly Temperature,Treated,2025-06-25,57,7641.048199774357
Weekly Temperature,Treated,2025-06-25,57,8140.815795075736
Weekly Temperature,Treated,2025-06-25,57,32262.44060305834
Weekly Temperature,Treated,2025-06-25,57,14531.569812569749
Weekly Temperature,Treated,2025-06-25,57,6353.87063222265
Weekly Temperature,Treated,2025-06-25,57,19228.30548731253
Weekly Temperature,Treated,2025-06-25,57,18856.294801041877
Weekly Temperature,Treated,2025-06-25,57,25788.41288312267
Weekly Temperature,Treated,2025-06-25,57,10741.993640055534
Weekly Temperature,Treated,2025-06-25,57,45409.339198458045
Weekly Temperature,Treated,2025-06-25,57,14942.796406582433
Weekly Temperature,Treated,2025-06-25,57,17474.51818337177
Weekly Temperature,Treated,2025-06-25,57,20242.68605939438
Weekly Temperature,Treated,2025-06-25,57,31688.518362915645
Weekly Temperature,Treated,2025-06-25,57,12386.702975520506
Weekly Temperature,Treated,2025-06-25,57,49831.11447772147
Weekly Temperature,Treated,2025-06-25,57,29849.64759706587
Weekly Temperature,Treated,2025-06-25,57,31502.37002040615
Weekly Temperature,Treated,2025-06-25,57,29831.562053676036
Weekly Temperature,Treated,2025-06-25,57,26344.707198117165
Weekly Temperature,Treated,2025-06-25,57,9845.084222037956
Weekly Temperature,Treated,2025-06-25,57,8516.126304962181
Weekly Temperature,Treated,2025-06-25,57,19824.21689371283
Weekly Temperature,Treated,2025-06-25,57,15392.901242591413
Weekly Temperature,Treated,2025-06-25,57,20848.744114537654
Weekly Temperature,Treated,2025-06-25,57,17128.784504469182
Weekly Temperature,Treated,2025-06-25,57,3597.5753147766422
Weekly Temperature,Treated,2025-06-25,57,14504.356866236934
Weekly Temperature,Treated,2025-06-25,57,10188.120748679474
Weekly Temperature,Treated,2025-06-25,57,13928.568191085762
Weekly Temperature,Treated,2025-06-25,57,8401.997754264186
Weekly Temperature,Treated,2025-06-25,57,7449.985414190873
Weekly Temperature,Treated,2025-06-25,57,19411.41003023363
Weekly Temperature,Treated,2025-06-25,57,17142.403824236513
Weekly Temperature,Treated,2025-06-25,57,18163.904717891095
Weekly Temperature,Treated,2025-06-25,57,25115.589949322664
Weekly Temperature,Treated,2025-06-25,57,27785.27903379903
Weekly Temperature,Treated,2025-06-25,57,26065.4135325215
Weekly Temperature,Treated,2025-06-25,57,7072.891207959694
Weekly Temperature,Treated,2025-06-25,57,21647.228786491018
Weekly Temperature,Treated,2025-06-25,57,26461.12586731821
Weekly Temperature,Treated,2025-06-25,57,34609.769088195586
Weekly Temperature,Treated,2025-06-25,57,5770.53769458759
Weekly Temperature,Treated,2025-06-25,57,13093.478780489324
Weekly Temperature,Treated,2025-06-25,57,14839.17211854213
Weekly Temperature,Treated,2025-06-25,57,16142.748834582128
Weekly Temperature,Treated,2025-06-25,57,10832.821056967075
Weekly Temperature,Treated,2025-06-25,57,5956.432297873739
Weekly Temperature,Treated,2025-06-25,57,8594.109536366741
Weekly Temperature,Treated,2025-06-25,57,17986.111514340508
Weekly Temperature,Treated,2025-06-25,57,22807.284853118133
Weekly Temperature,Treated,2025-06-25,57,22869.51808165046
Weekly Temperature,Treated,2025-06-25,57,16330.101303150472
Weekly Temperature,Treated,2025-06-25,57,28264.976148276626
Weekly Temperature,Treated,2025-06-25,57,21086.08619242731
Weekly Temperature,Treated,2025-06-25,57,49835.2673034666
Weekly Temperature,Treated,2025-06-25,57,47011.93374982996
Weekly Temperature,Treated,2025-06-25,57,42130.34965881156
Weekly Temperature,Treated,2025-06-25,57,26896.106867846305
Weekly Temperature,Treated,2025-06-25,57,18667.52053391042
Weekly Temperature,Treated,2025-06-25,57,33385.9066536578
Weekly Temperature,Treated,2025-06-25,57,16982.221087827933
Weekly Temperature,Treated,2025-06-25,57,21201.257355731414
Weekly Temperature,Treated,2025-06-25,57,13834.185379081217
Weekly Temperature,Treated,2025-06-25,57,11838.902061858536
Weekly Temperature,Treated,2025-06-25,57,32207.78744777951
Weekly Temperature,Treated,2025-06-25,57,21562.659346939337
Weekly Temperature,Treated,2025-06-25,57,9607.751231373328
Weekly Temperature,Treated,2025-06-25,57,18843.599523246634
Weekly Temperature,Treated,2025-06-25,57,14783.913021742965
Weekly Temperature,Treated,2025-06-25,57,16634.192274075715
Weekly Temperature,Treated,2025-06-25,57,33632.521139618846
Weekly Temperature,Treated,2025-06-25,57,9701.928422108065
Weekly Temperature,Treated,2025-06-25,57,22458.94875208775
Weekly Temperature,Control,2025-06-25,58,37059.99859520042
Weekly Temperature,Control,2025-06-25,58,48799.366527654376
Weekly Temperature,Control,2025-06-25,58,20825.544804917936
Weekly Temperature,Control,2025-06-25,58,36838.2292929366
Weekly Temperature,Control,2025-06-25,58,12826.146315128239
Weekly Temperature,Control,2025-06-25,58,8122.689574610098
Weekly Temperature,Control,2025-06-25,58,6917.253507161933
Weekly Temperature,Control,2025-06-25,58,18265.69338274329
Weekly Temperature,Control,2025-06-25,58,24915.32094795686
Weekly Temperature,Control,2025-06-25,58,11123.159985163831
Weekly Temperature,Control,2025-06-25,58,20098.690082045847
Weekly Temperature,Control,2025-06-25,58,29507.47276585907
Weekly Temperature,Control,2025-06-25,58,19513.487147136613
Weekly Temperature,Control,2025-06-25,58,15920.949410811914
Weekly Temperature,Control,2025-06-25,58,10085.561826915284
Weekly Temperature,Control,2025-06-25,58,52577.63119857984
Weekly Temperature,Control,2025-06-25,58,32001.64259614653
Weekly Temperature,Control,2025-06-25,58,9516.00603668301
Weekly Temperature,Control,2025-06-25,58,33130.13764212906
Weekly Temperature,Control,2025-06-25,58,44970.91516212924
Weekly Temperature,Control,2025-06-25,58,24857.29289642659
Weekly Temperature,Control,2025-06-25,58,28993.79816416821
Weekly Temperature,Control,2025-06-25,58,40865.911198595655
Weekly Temperature,Control,2025-06-25,58,14926.441281314714
Weekly Temperature,Control,2025-06-25,58,28935.342730396616
Weekly Temperature,Control,2025-06-25,58,31508.17426794933
Weekly Temperature,Control,2025-06-25,58,22281.881616802206
Weekly Temperature,Control,2025-06-25,58,24147.78553333098
Weekly Temperature,Control,2025-06-25,58,43116.6809865931
Weekly Temperature,Control,2025-06-25,58,18030.434600982873
Weekly Temperature,Control,2025-06-25,58,28749.70973113886
Weekly Temperature,Control,2025-06-25,58,17621.526274774602
Weekly Temperature,Control,2025-06-25,58,12732.401916642224
Weekly Temperature,Control,2025-06-25,58,17474.51818337177
Weekly Temperature,Control,2025-06-25,58,30976.216753786215
Weekly Temperature,Control,2025-06-25,58,45465.34307139822
Weekly Temperature,Control,2025-06-25,58,29660.865213173656
Weekly Temperature,Control,2025-06-25,58,46386.460043073916
Weekly Temperature,Control,2025-06-25,58,29851.039144838956
Weekly Temperature,Control,2025-06-25,58,27314.505310854398
Weekly Temperature,Control,2025-06-25,58,14883.16593531884
Weekly Temperature,Control,2025-06-25,58,6920.4699133188005
Weekly Temperature,Control,2025-06-25,58,29014.211108389918
Weekly Temperature,Control,2025-06-25,58,22877.448039120354
Weekly Temperature,Control,2025-06-25,58,17523.416451330235
Weekly Temperature,Control,2025-06-25,58,16845.57622536497
Weekly Temperature,Control,2025-06-25,58,34689.456226223556
Weekly Temperature,Control,2025-06-25,58,19631.081305619206
Weekly Temperature,Control,2025-06-25,58,20261.25705482339
Weekly Temperature,Control,2025-06-25,58,34609.769088195586
Weekly Temperature,Treated,2025-06-25,56,12565.110576036212
Weekly Temperature,Treated,2025-06-25,56,4146.406977893236
Weekly Temperature,Treated,2025-06-25,56,14639.198221585473
Weekly Temperature,Treated,2025-06-25,56,47635.99207003226
Weekly Temperature,Treated,2025-06-25,56,25785.92776102551
Weekly Temperature,Treated,2025-06-25,56,49363.59431741514
Weekly Temperature,Treated,2025-06-25,56,84347.6824788945
Weekly Temperature,Treated,2025-06-25,56,24845.216854265393
Weekly Temperature,Treated,2025-06-25,56,19205.510740258163
Weekly Temperature,Treated,2025-06-25,56,24610.6372242572
Weekly Temperature,Treated,2025-06-25,56,12583.775689076474
Weekly Temperature,Treated,2025-06-25,56,27564.809889072723
Weekly Temperature,Treated,2025-06-25,56,21108.44287443828
Weekly Temperature,Treated,2025-06-25,56,21050.990996239085
Weekly Temperature,Treated,2025-06-25,56,21752.753731018074
Weekly Temperature,Treated,2025-06-25,56,17045.433118631066
Weekly Temperature,Treated,2025-06-25,56,20386.43475044485
Weekly Temperature,Treated,2025-06-25,56,47099.27084971942
Weekly Temperature,Treated,2025-06-25,56,15232.050833054705
Weekly Temperature,Treated,2025-06-25,56,13569.142986218369
Weekly Temperature,Treated,2025-06-25,56,41818.19478100199
Weekly Temperature,Treated,2025-06-25,56,45255.12621701832
Weekly Temperature,Treated,2025-06-25,56,11780.701470325112
Weekly Temperature,Treated,2025-06-25,56,32994.55271257235
Weekly Temperature,Treated,2025-06-25,56,27175.777812422195
Weekly Temperature,Treated,2025-06-25,56,9827.178413398666
Weekly Temperature,Treated,2025-06-25,56,23266.320555543938
Weekly Temperature,Treated,2025-06-25,56,37962.54761559125
Weekly Temperature,Treated,2025-06-25,56,18586.233183246313
Weekly Temperature,Treated,2025-06-25,56,18209.51316008035
Weekly Temperature,Treated,2025-06-25,56,54328.49742457458
Weekly Temperature,Treated,2025-06-25,56,19882.135296513945
Weekly Temperature,Treated,2025-06-25,56,35012.78518616206
Weekly Temperature,Treated,2025-06-25,56,32216.645229790913
Weekly Temperature,Treated,2025-06-25,56,9123.917582186554
Weekly Temperature,Treated,2025-06-25,56,9781.926111192468
Weekly Temperature,Treated,2025-06-25,56,19989.1664681023
Weekly Temperature,Treated,2025-06-25,56,36821.843216076195
Weekly Temperature,Treated,2025-06-25,56,18609.4304621322
Weekly Temperature,Treated,2025-06-25,56,23561.589132254474
Weekly Temperature,Treated,2025-06-25,56,8081.370841009082
Weekly Temperature,Treated,2025-06-25,56,47728.25221661218
Weekly Temperature,Treated,2025-06-25,56,51484.269551674355
Weekly Temperature,Treated,2025-06-25,56,60511.34642511763
Weekly Temperature,Treated,2025-06-25,56,28593.25394203965
Weekly Temperature,Treated,2025-06-25,56,18271.414037632447
Weekly Temperature,Treated,2025-06-25,56,15592.184754112552
Weekly Temperature,Treated,2025-06-25,56,19974.870190707286
Weekly Temperature,Treated,2025-06-25,56,48058.32233126081
Weekly Temperature,Treated,2025-06-25,56,27722.149109300444
Weekly Temperature,Treated,2025-06-25,56,30712.155622725284
Weekly Temperature,Treated,2025-06-25,56,43481.152620814166
Weekly Temperature,Treated,2025-06-25,56,19921.83832884413
Weekly Temperature,Treated,2025-06-25,56,20629.14948649205
Weekly Temperature,Treated,2025-06-25,56,32216.645229790913
Weekly Temperature,Treated,2025-06-25,56,44566.24233300934
Weekly Temperature,Treated,2025-06-25,56,38196.32111665153
Weekly Temperature,Treated,2025-06-25,56,30100.938002019786
Weekly Temperature,Treated,2025-06-25,56,70397.92505582231
Weekly Temperature,Control,2025-06-25,41,34678.5103245527
Weekly Temperature,Control,2025-06-25,41,3716.831648675748
Weekly Temperature,Control,2025-06-25,41,67453.12969944382
Weekly Temperature,Control,2025-06-25,41,39465.052322383744
Weekly Temperature,Control,2025-06-25,41,14608.615497931913
Weekly Temperature,Control,2025-06-25,41,40004.032474472035
Weekly Temperature,Control,2025-06-25,41,14169.802862450535
Weekly Temperature,Control,2025-06-25,41,59396.79928516587
Weekly Temperature,Control,2025-06-25,41,18586.233183246313
Weekly Temperature,Control,2025-06-25,41,3870.6928255814814
Weekly Temperature,Control,2025-06-25,41,19459.395248580553
Weekly Temperature,Control,2025-06-25,41,18976.73580987716
Weekly Temperature,Control,2025-06-25,41,50149.592362892065
Weekly Temperature,Control,2025-06-25,41,8695.464698820053
Weekly Temperature,Control,2025-06-25,41,33186.003639864924
Weekly Temperature,Control,2025-06-25,41,23408.983178636838
Weekly Temperature,Control,2025-06-25,41,30537.560021566464
Weekly Temperature,Control,2025-06-25,41,4953.824690872026
Weekly Temperature,Control,2025-06-25,41,54940.14706063184
Weekly Temperature,Control,2025-06-25,41,25785.92776102551
Weekly Temperature,Control,2025-06-25,41,32808.45410522143
Weekly Temperature,Control,2025-06-25,41,28363.82012136948
Weekly Temperature,Control,2025-06-25,41,54095.53338601147
Weekly Temperature,Control,2025-06-25,41,20372.95754603653
Weekly Temperature,Control,2025-06-25,41,9777.171798768972
Weekly Temperature,Control,2025-06-25,41,13147.595218967826
Weekly Temperature,Control,2025-06-25,41,18935.5436288383
Weekly Temperature,Control,2025-06-25,41,14705.35805298414
Weekly Temperature,Control,2025-06-25,41,8445.061189393959
Weekly Temperature,Control,2025-06-25,41,16179.218627346929
Weekly Temperature,Control,2025-06-25,41,21161.74631895956
Weekly Temperature,Control,2025-06-25,41,5912.928901897869
Weekly Temperature,Control,2025-06-25,41,37718.20563206852
Weekly Temperature,Control,2025-06-25,41,17011.0957940456
Weekly Temperature,Control,2025-06-25,41,18402.408715888032
Weekly Temperature,Control,2025-06-25,41,12586.649101855208
Weekly Temperature,Control,2025-06-25,41,65498.38671094541
Weekly Temperature,Control,2025-06-25,41,7310.702959146012
Weekly Temperature,Control,2025-06-25,41,35077.416196052574
Weekly Temperature,Control,2025-06-25,41,30598.509695067594
Weekly Temperature,Control,2025-06-25,41,21161.74631895956
Weekly Temperature,Control,2025-06-25,41,8135.633810832543
Weekly Temperature,Control,2025-06-25,41,19966.704408621765
Weekly Temperature,Control,2025-06-25,41,15058.4865714957
Weekly Temperature,Control,2025-06-25,41,17129.692202263082
Weekly Temperature,Control,2025-06-25,41,7073.358241121542
Weekly Temperature,Control,2025-06-25,41,31890.165603999943
Weekly Temperature,Control,2025-06-25,41,11719.99327840331
Weekly Temperature,Control,2025-06-25,41,12608.21549138248
Weekly Temperature,Control,2025-06-25,41,24052.257826735062
Weekly Temperature,Control,2025-06-25,41,8394.041010753752
Weekly Temperature,Control,2025-06-25,41,13937.878025662141
Weekly Temperature,Control,2025-06-25,41,44446.537771008174
Weekly Temperature,Control,2025-06-25,41,17914.616311731916
Weekly Temperature,Control,2025-06-25,41,24444.46965588814
Weekly Temperature,Control,2025-06-25,41,31545.922126935668
Weekly Temperature,Control,2025-06-25,41,23104.91377322367
Weekly Temperature,Control,2025-06-25,41,13725.70795018788
Weekly Temperature,Control,2025-06-25,41,10469.1859395448
Weekly Temperature,Control,2025-06-25,41,8914.700489658104
Weekly Temperature,Control,2025-06-25,41,12492.087659320558
Weekly Temperature,Control,2025-06-25,41,35169.00411975027
Weekly Temperature,Control,2025-06-25,41,34885.372207885914
Weekly Temperature,Control,2025-06-25,41,14818.838079415353
Weekly Temperature,Control,2025-06-25,41,45625.929488856724
Weekly Temperature,Control,2025-06-25,41,48632.108852999365
Weekly Temperature,Control,2025-06-25,41,34824.154171899194
Weekly Temperature,Control,2025-06-25,41,14175.3041474368
Weekly Temperature,Control,2025-06-25,41,22850.26842037826
Weekly Temperature,Control,2025-06-25,41,8637.903388670242
Weekly Temperature,Control,2025-06-25,41,29795.416461824756
Weekly Temperature,Control,2025-06-25,41,2946.6240848320513
Weekly Temperature,Control,2025-06-25,41,15913.22438642526
Weekly Temperature,Control,2025-06-25,41,10782.858858134694
Weekly Temperature,Control,2025-06-25,41,21291.1683650622
Weekly Temperature,Control,2025-06-25,41,26352.287631621148
Weekly Temperature,Control,2025-06-25,41,11242.105683184933
Weekly Temperature,Control,2025-06-25,41,5476.655008608785
Weekly Temperature,Control,2025-06-25,41,8525.241794375019
Weekly Temperature,Control,2025-06-25,41,24996.493133680295
Weekly Temperature,Control,2025-06-25,41,55906.41780056163
Weekly Temperature,Control,2025-06-25,41,11782.06841478367
Weekly Temperature,Control,2025-06-25,41,11566.894026046855
Weekly Temperature,Control,2025-06-25,41,23244.520248840636
Weekly Temperature,Control,2025-06-25,41,34711.356101374964
Weekly Temperature,Control,2025-06-25,41,4303.3984383774805
Daily Temperature,Treated,2025-06-25,62,28916.330449239573
Daily Temperature,Treated,2025-06-25,62,12924.808349379671
Daily Temperature,Treated,2025-06-25,62,45736.469169098455
Daily Temperature,Treated,2025-06-25,62,16455.62631044486
Daily Temperature,Treated,2025-06-25,62,46329.567817901225
Daily Temperature,Treated,2025-06-25,62,15571.915372862895
Daily Temperature,Treated,2025-06-25,62,33490.77353303688
Daily Temperature,Treated,2025-06-25,62,31474.811184783935
Daily Temperature,Treated,2025-06-25,62,25480.433911235777
Daily Temperature,Treated,2025-06-25,62,18483.080904864622
Daily Temperature,Treated,2025-06-25,62,29031.911333686836
Daily Temperature,Treated,2025-06-25,62,28894.613982063594
Daily Temperature,Treated,2025-06-25,62,25320.774275011834
Daily Temperature,Treated,2025-06-25,62,17258.958311974075
Daily Temperature,Treated,2025-06-25,62,39352.763693468565
Daily Temperature,Treated,2025-06-25,62,31691.433694253978
Daily Temperature,Treated,2025-06-25,62,27401.65056135337
Daily Temperature,Treated,2025-06-25,62,37040.24370065304
Daily Temperature,Treated,2025-06-25,62,21218.360741915214
Daily Temperature,Treated,2025-06-25,62,27577.895033333327
Daily Temperature,Treated,2025-06-25,62,24173.781760147514
Daily Temperature,Treated,2025-06-25,62,45287.86205570982
Daily Temperature,Treated,2025-06-25,62,32110.47670930322
Daily Temperature,Treated,2025-06-25,62,39833.02719365542
Daily Temperature,Treated,2025-06-25,62,40796.644285694005
Daily Temperature,Treated,2025-06-25,62,32224.02816097128
Daily Temperature,Treated,2025-06-25,62,9186.710480438549
Daily Temperature,Treated,2025-06-25,62,36046.8047800347
Daily Temperature,Treated,2025-06-25,62,37162.196537767806
Daily Temperature,Treated,2025-06-25,62,42616.689573726406
Daily Temperature,Treated,2025-06-25,62,31400.930048935377
Daily Temperature,Treated,2025-06-25,62,25741.22718121431
Daily Temperature,Treated,2025-06-25,62,23824.64710008636
Daily Temperature,Treated,2025-06-25,62,15807.080785066446
Daily Temperature,Treated,2025-06-25,62,33420.833853775126
Daily Temperature,Treated,2025-06-25,62,35505.360019834305
Daily Temperature,Treated,2025-06-25,62,28697.034402921814
Daily Temperature,Treated,2025-06-25,62,38641.71525569131
Daily Temperature,Treated,2025-06-25,62,25517.3885600611
Daily Temperature,Treated,2025-06-25,62,17804.975891412007
Daily Temperature,Treated,2025-06-25,62,30991.973010910482
Daily Temperature,Treated,2025-06-25,62,25246.123803083967
Daily Temperature,Treated,2025-06-25,62,12853.860099994068
Daily Temperature,Treated,2025-06-25,62,24491.00461582813
Daily Temperature,Treated,2025-06-25,62,28878.33492643189
Daily Temperature,Treated,2025-06-25,62,25176.522078831254
Daily Temperature,Treated,2025-06-25,62,30930.415727252097
Daily Temperature,Treated,2025-06-25,62,18537.976544611163
Daily Temperature,Treated,2025-06-25,62,34256.81067500086
Daily Temperature,Control,2025-07-24,36,54560.02123345318
Daily Temperature,Control,2025-07-24,36,30495.09282116445
Daily Temperature,Control,2025-07-24,36,7308.788805180709
Daily Temperature,Control,2025-07-24,36,43479.286966919426
Daily Temperature,Control,2025-07-24,36,22700.09812456609
Daily Temperature,Control,2025-07-24,36,31792.140291391905
Daily Temperature,Control,2025-07-24,36,28197.0093656714
Daily Temperature,Control,2025-07-24,36,53210.87709476681
Daily Temperature,Control,2025-07-24,36,28628.26412891314
Daily Temperature,Control,2025-07-24,36,13163.937396624833
Daily Temperature,Control,2025-07-24,36,23514.107008267692
Daily Temperature,Control,2025-07-24,36,20046.430020442473
Daily Temperature,Control,2025-07-24,36,6854.982094140542
Daily Temperature,Control,2025-07-24,36,31879.91318232963
Daily Temperature,Control,2025-07-24,36,37811.780265609865
Daily Temperature,Control,2025-07-24,36,14064.02285559885
Daily Temperature,Control,2025-07-24,36,26584.30184979467
Daily Temperature,Control,2025-07-24,36,13266.050548489668
Daily Temperature,Control,2025-07-24,36,14223.312477877631
Daily Temperature,Control,2025-07-24,36,16790.080858525187
Daily Temperature,Control,2025-07-24,36,23170.059165166673
Daily Temperature,Control,2025-07-24,36,48296.91884898362
Daily Temperature,Control,2025-07-24,36,17394.477075114606
Daily Temperature,Control,2025-07-24,36,22826.50664496094
Daily Temperature,Control,2025-07-24,36,37010.62676350403
Daily Temperature,Control,2025-07-24,36,24506.53144004182
Daily Temperature,Control,2025-07-24,36,18052.155007308444
Daily Temperature,Control,2025-07-24,36,17324.785337304715
Daily Temperature,Control,2025-07-24,36,18259.974096912887
Daily Temperature,Control,2025-07-24,36,21856.485612339875
Daily Temperature,Control,2025-07-24,36,21069.064734919655
Daily Temperature,Control,2025-07-24,36,15127.73097807775
Daily Temperature,Control,2025-07-24,36,28965.238740758556
Daily Temperature,Control,2025-07-24,36,59165.86384920936
Daily Temperature,Control,2025-07-24,36,22003.44799975891
Daily Temperature,Control,2025-07-24,36,21891.512328854264
Daily Temperature,Control,2025-07-24,36,8758.235975322677
Daily Temperature,Control,2025-07-24,36,34337.415974290685
Daily Temperature,Control,2025-07-24,36,17722.849554820194
Daily Temperature,Control,2025-07-24,36,18443.67148869733
Daily Temperature,Control,2025-07-24,36,38480.3660938886
Weekly Temperature,Control,2025-07-24,41,35812.142532162114
Weekly Temperature,Control,2025-07-24,41,6614.0242089219
Weekly Temperature,Control,2025-07-24,41,26920.504884517373
Weekly Temperature,Control,2025-07-24,41,28927.193424228706
Weekly Temperature,Control,2025-07-24,41,9794.41441223997
Weekly Temperature,Control,2025-07-24,41,15859.229045230866
Weekly Temperature,Control,2025-07-24,41,11995.393933699583
Weekly Temperature,Control,2025-07-24,41,39471.97056071612
Weekly Temperature,Control,2025-07-24,41,39401.103527769395
Weekly Temperature,Control,2025-07-24,41,22043.059561238966
Weekly Temperature,Control,2025-07-24,41,18201.905682145636
Weekly Temperature,Control,2025-07-24,41,30689.40027240828
Weekly Temperature,Control,2025-07-24,41,3431.7288727693945
Weekly Temperature,Control,2025-07-24,41,53289.63231362271
Weekly Temperature,Control,2025-07-24,41,28098.615993873496
Weekly Temperature,Control,2025-07-24,41,14161.94669156175
Weekly Temperature,Control,2025-07-24,41,7358.677505955066
Weekly Temperature,Control,2025-07-24,41,14852.197015997543
Weekly Temperature,Control,2025-07-24,41,12326.482106202842
Weekly Temperature,Control,2025-07-24,41,11479.51308377335
Weekly Temperature,Control,2025-07-24,41,18612.33167804362
Weekly Temperature,Control,2025-07-24,41,4578.735993913015
Weekly Temperature,Control,2025-07-24,41,4232.711395947332
Weekly Temperature,Control,2025-07-24,41,20514.288537283046
Weekly Temperature,Control,2025-07-24,41,22492.478645039075
Weekly Temperature,Control,2025-07-24,41,17863.011911274454
Weekly Temperature,Control,2025-07-24,41,14584.505508253282
Weekly Temperature,Control,2025-07-24,41,21259.023746038485
Weekly Temperature,Control,2025-07-24,41,12588.804486512483
Weekly Temperature,Control,2025-07-24,41,12499.232569199341
Weekly Temperature,Control,2025-07-24,41,24448.046845541212
Weekly Temperature,Control,2025-07-24,41,52814.1274220834
Weekly Temperature,Control,2025-07-24,41,31595.337703435154
Weekly Temperature,Control,2025-07-24,41,15001.787566588677
Weekly Temperature,Control,2025-07-24,41,8961.37549229272
Weekly Temperature,Control,2025-07-24,41,5946.56197165238
Weekly Temperature,Control,2025-07-24,41,3089.334440231622
Weekly Temperature,Control,2025-07-24,41,14780.667358818724
Weekly Temperature,Control,2025-07-24,41,4809.370795644057
Weekly Temperature,Control,2025-07-24,41,7935.949262808796
Weekly Temperature,Control,2025-07-24,41,4715.711715934284
Weekly Temperature,Control,2025-07-24,41,41682.648865924646
Weekly Temperature,Control,2025-07-24,41,43507.278361391385
Weekly Temperature,Control,2025-07-24,41,13371.017548545793
Weekly Temperature,Control,2025-07-24,41,10409.897610860644
Weekly Temperature,Control,2025-07-24,41,7152.614883481709
Weekly Temperature,Control,2025-07-24,41,20832.924253375357
Weekly Temperature,Control,2025-07-24,41,12739.650360737398
Weekly Temperature,Control,2025-07-24,41,10713.966334047274
Weekly Temperature,Control,2025-07-24,41,32486.23237724057
Weekly Temperature,Control,2025-07-24,41,24668.220711697504
Weekly Temperature,Control,2025-07-24,41,34863.38686673883
Weekly Temperature,Control,2025-07-24,41,26031.602063596332
Weekly Temperature,Control,2025-07-24,41,56713.40469279136
Weekly Temperature,Control,2025-07-24,41,37922.29718703987
Weekly Temperature,Control,2025-07-24,41,13123.110721211819
Weekly Temperature,Control,2025-07-24,41,7942.054211610364
Weekly Temperature,Control,2025-07-24,41,25380.862716346826
Weekly Temperature,Control,2025-07-24,41,9211.122142041027
Weekly Temperature,Control,2025-07-24,41,35424.216231589795
Weekly Temperature,Control,2025-07-24,41,43348.84695187128
Weekly Temperature,Control,2025-07-24,41,33537.97098576507
Weekly Temperature,Control,2025-07-24,41,10948.781976923132
Weekly Temperature,Control,2025-07-24,41,3935.449652098601
Weekly Temperature,Control,2025-07-24,41,17060.8116549038
Weekly Temperature,Control,2025-07-24,41,18622.004896011524
Weekly Temperature,Control,2025-07-24,41,6552.014797124612
Weekly Temperature,Control,2025-07-24,41,11340.073885756176
Weekly Temperature,Control,2025-07-24,41,4952.3862900705935
Weekly Temperature,Control,2025-07-24,41,11553.418325614646
Weekly Temperature,Control,2025-07-24,41,26547.42969666614
Weekly Temperature,Control,2025-07-24,41,24544.783656969437
Weekly Temperature,Control,2025-07-24,41,4920.460459744982
Weekly Temperature,Control,2025-07-24,41,23465.543237803864
Weekly Temperature,Control,2025-07-24,41,23173.491782760524
Weekly Temperature,Control,2025-07-24,41,18430.229339829984
Weekly Temperature,Control,2025-07-24,41,24602.24830206928
Weekly Temperature,Control,2025-07-24,41,5878.212892433468
Weekly Temperature,Control,2025-07-24,41,16351.993450508575
Weekly Temperature,Control,2025-07-24,41,19411.41003023363
Weekly Temperature,Control,2025-07-24,41,21244.03568377989
Weekly Temperature,Control,2025-07-24,41,19412.408797110944
Weekly Temperature,Control,2025-07-24,41,19701.695852335113
Weekly Temperature,Control,2025-07-24,41,15615.0117835345
Weekly Temperature,Control,2025-07-24,41,18575.608490403967
Weekly Temperature,Control,2025-07-24,41,41872.50963522019
Weekly Temperature,Control,2025-07-24,41,17054.47803549995
Weekly Temperature,Control,2025-07-24,42,44501.6085215668
Weekly Temperature,Control,2025-07-24,42,67087.40848709899
Weekly Temperature,Control,2025-07-24,42,7301.135898044535
Weekly Temperature,Control,2025-07-24,42,12685.3629257746
Weekly Temperature,Control,2025-07-24,42,15627.704442977529
Weekly Temperature,Control,2025-07-24,42,15745.696717276314
Weekly Temperature,Control,2025-07-24,42,9657.69730878177
Weekly Temperature,Control,2025-07-24,42,19042.589051240207
Weekly Temperature,Control,2025-07-24,42,17107.917578936846
Weekly Temperature,Control,2025-07-24,42,25038.977570202573
Weekly Temperature,Control,2025-07-24,42,11472.142180008057
Weekly Temperature,Control,2025-07-24,42,44137.99531683607
Weekly Temperature,Control,2025-07-24,42,40259.85928278475
Weekly Temperature,Control,2025-07-24,42,16478.527772704565
Weekly Temperature,Control,2025-07-24,42,18412.957584204963
Weekly Temperature,Control,2025-07-24,42,17282.70712868556
Weekly Temperature,Control,2025-07-24,42,18357.38831137147
Weekly Temperature,Control,2025-07-24,42,25189.94244394798
Weekly Temperature,Control,2025-07-24,42,13598.823840083192
Weekly Temperature,Control,2025-07-24,42,6996.142282020638
Weekly Temperature,Control,2025-07-24,42,17652.1553243418
Weekly Temperature,Control,2025-07-24,42,14632.755719728073
Weekly Temperature,Control,2025-07-24,42,28343.762584058364
Weekly Temperature,Control,2025-07-24,42,12182.853224773393
Weekly Temperature,Control,2025-07-24,42,6029.182585266624
Weekly Temperature,Control,2025-07-24,42,10976.621198763203
Weekly Temperature,Control,2025-07-24,42,18310.541839636855
Weekly Temperature,Control,2025-07-24,42,14521.960824181753
Weekly Temperature,Control,2025-07-24,42,20528.87989115543
Weekly Temperature,Control,2025-07-24,42,28430.757978719164
Weekly Temperature,Control,2025-07-24,42,15453.237057575803
Weekly Temperature,Control,2025-07-24,42,7260.57920862765
Weekly Temperature,Control,2025-07-24,42,10706.968094420921
Weekly Temperature,Control,2025-07-24,42,30901.816794547132
Weekly Temperature,Control,2025-07-24,42,30131.763446077006
Weekly Temperature,Control,2025-07-24,42,13072.766540624401
Weekly Temperature,Control,2025-07-24,42,8738.003282592053
Weekly Temperature,Control,2025-07-24,42,17355.936829447146
Weekly Temperature,Control,2025-07-24,42,7198.874032326915
Weekly Temperature,Control,2025-07-24,42,7237.275348627852
Weekly Temperature,Control,2025-07-24,42,8984.223415545737
Weekly Temperature,Control,2025-07-24,42,24133.61485914849
Weekly Temperature,Control,2025-07-24,42,33357.0751732033
Weekly Temperature,Control,2025-07-24,42,13561.540416104981
Weekly Temperature,Control,2025-07-24,42,5659.953688303586
Weekly Temperature,Control,2025-07-24,42,20975.635176602194
Weekly Temperature,Control,2025-07-24,42,16187.911149445677
Weekly Temperature,Control,2025-07-24,42,10487.961082959466
Weekly Temperature,Control,2025-07-24,42,9240.707883868747
Weekly Temperature,Control,2025-07-24,42,11487.558134054423
Weekly Temperature,Control,2025-07-24,42,23991.08509173405
Weekly Temperature,Control,2025-07-24,42,7438.344509913294
Weekly Temperature,Control,2025-07-24,42,5265.3281162924995
Weekly Temperature,Control,2025-07-24,42,12691.868175718326
Weekly Temperature,Control,2025-07-24,42,13861.212701530654
Weekly Temperature,Control,2025-07-24,42,22099.2697543052
Weekly Temperature,Control,2025-07-24,42,7985.908447916656
Weekly Temperature,Control,2025-07-24,42,44359.29375685123
Weekly Temperature,Control,2025-07-24,42,20169.561034521794
Weekly Temperature,Control,2025-07-24,42,30880.381069783627
Weekly Temperature,Control,2025-07-24,42,17109.73132408381
Weekly Temperature,Control,2025-07-24,42,14819.651034592589
Weekly Temperature,Control,2025-07-24,42,23626.56205326619
Weekly Temperature,Control,2025-07-24,42,25946.597364947644
Weekly Temperature,Control,2025-07-24,42,6465.485480650504
Weekly Temperature,Control,2025-07-24,42,5204.301573283966
Weekly Temperature,Control,2025-07-24,42,26905.093620695832
Weekly Temperature,Control,2025-07-24,42,39060.265723152574
Weekly Temperature,Control,2025-07-24,42,25550.683111384755
Weekly Temperature,Control,2025-07-24,42,20462.241489269116
Weekly Temperature,Control,2025-07-24,42,13868.942134757497
Weekly Temperature,Control,2025-07-24,42,16344.109704130313
Weekly Temperature,Control,2025-07-24,42,27265.17502394619
Weekly Temperature,Control,2025-07-24,42,27102.09909253283
Weekly Temperature,Control,2025-07-24,42,13398.110324670219
Weekly Temperature,Control,2025-07-24,42,6030.428272846318
Weekly Temperature,Control,2025-07-24,42,16430.110983999082
Weekly Temperature,Control,2025-07-24,42,21178.825228325422
Weekly Temperature,Control,2025-07-24,42,5291.318159568653
Weekly Temperature,Control,2025-07-24,42,29905.348763801005
Weekly Temperature,Control,2025-07-24,42,13133.493869430211
Weekly Temperature,Control,2025-07-24,42,18134.495694872367
Weekly Temperature,Control,2025-07-24,42,21447.060591829875
Weekly Temperature,Control,2025-07-24,42,21847.735667195182
Weekly Temperature,Control,2025-07-24,42,12939.473575220829
Weekly Temperature,Control,2025-07-24,42,32997.56101463334
Weekly Temperature,Control,2025-07-24,42,16504.982699264805
Weekly Temperature,Control,2025-07-24,42,16353.745787401052
Weekly Temperature,Control,2025-07-24,42,24128.892725822498
Weekly Temperature,Control,2025-07-24,42,11192.045754740595
Weekly Temperature,Control,2025-07-24,42,12024.518426582345
Weekly Temperature,Control,2025-07-24,42,24014.59885901727
Weekly Temperature,Control,2025-07-24,43,46677.66106716624
Weekly Temperature,Control,2025-07-24,43,30675.184825077584
Weekly Temperature,Control,2025-07-24,43,26969.352258386647
Weekly Temperature,Control,2025-07-24,43,22235.288928873
Weekly Temperature,Control,2025-07-24,43,19713.820715119895
Weekly Temperature,Control,2025-07-24,43,23029.65852364816
Weekly Temperature,Control,2025-07-24,43,20537.221381268588
Weekly Temperature,Control,2025-07-24,43,20955.50470012781
Weekly Temperature,Control,2025-07-24,43,40571.71896146672
Weekly Temperature,Control,2025-07-24,43,23002.33981133859
Weekly Temperature,Control,2025-07-24,43,16383.55740350355
Weekly Temperature,Control,2025-07-24,43,30068.737563045517
Weekly Temperature,Control,2025-07-24,43,11892.500021925278
Weekly Temperature,Control,2025-07-24,43,35187.97658281781
Weekly Temperature,Control,2025-07-24,43,25384.5451730824
Weekly Temperature,Control,2025-07-24,43,6508.424603102997
Weekly Temperature,Control,2025-07-24,43,13362.74747390456
Weekly Temperature,Control,2025-07-24,43,48084.56290959761
Weekly Temperature,Control,2025-07-24,43,8149.1120714408125
Weekly Temperature,Control,2025-07-24,43,34032.823737379156
Weekly Temperature,Control,2025-07-24,43,10860.438553148544
Weekly Temperature,Control,2025-07-24,43,33791.587036952325
Weekly Temperature,Control,2025-07-24,43,18223.783730421503
Weekly Temperature,Control,2025-07-24,43,19132.3114344223
Weekly Temperature,Control,2025-07-24,43,26697.70844490993
Weekly Temperature,Control,2025-07-24,43,14690.008178920401
Weekly Temperature,Control,2025-07-24,43,6693.488104696452
Weekly Temperature,Control,2025-07-24,43,20678.376596555667
Weekly Temperature,Control,2025-07-24,43,44105.912976756386
Weekly Temperature,Control,2025-07-24,43,4815.3570984096095
Weekly Temperature,Control,2025-07-24,43,17610.398504442437
Weekly Temperature,Control,2025-07-24,43,17692.126873813802
Weekly Temperature,Control,2025-07-24,43,24275.610443132897
Weekly Temperature,Control,2025-07-24,43,63309.90730215761
Weekly Temperature,Control,2025-07-24,43,4064.4958952705733
Weekly Temperature,Control,2025-07-24,43,23094.640562445882
Weekly Temperature,Control,2025-07-24,43,30616.954913082907
Weekly Temperature,Control,2025-07-24,43,15683.645387990333
Weekly Temperature,Control,2025-07-24,43,30351.047026719392
Weekly Temperature,Control,2025-07-24,43,18653.95379699482
Weekly Temperature,Control,2025-07-24,43,44032.38137063689
Weekly Temperature,Control,2025-07-24,43,25043.836479793805
Weekly Temperature,Control,2025-07-24,43,9104.184619826648
Weekly Temperature,Control,2025-07-24,43,15885.780730201961
Weekly Temperature,Control,2025-07-24,43,13354.481269718268
Weekly Temperature,Control,2025-07-24,43,25372.27192099656
Weekly Temperature,Control,2025-07-24,43,11266.537816778584
Weekly Temperature,Control,2025-07-24,43,9446.32514599944
Weekly Temperature,Control,2025-07-24,43,18454.23843446767
Weekly Temperature,Control,2025-07-24,43,11489.570059472533
Weekly Temperature,Control,2025-07-24,43,6748.357232731637
Weekly Temperature,Control,2025-07-24,43,27457.69282217015
Weekly Temperature,Control,2025-07-24,43,32775.5220447721
Weekly Temperature,Control,2025-07-24,43,17651.226574571127
Weekly Temperature,Control,2025-07-24,43,7543.109277793146
Weekly Temperature,Control,2025-07-24,43,9628.88122230321
Weekly Temperature,Control,2025-07-24,43,7428.654050821675
Weekly Temperature,Control,2025-07-24,43,14613.441122841745
Weekly Temperature,Control,2025-07-24,43,33299.470322009925
Weekly Temperature,Control,2025-07-24,43,18524.48187083041
Weekly Temperature,Control,2025-07-24,43,24426.589761208863
Weekly Temperature,Control,2025-07-24,43,23365.19260517753
Weekly Temperature,Control,2025-07-24,43,3603.8576968572656
Weekly Temperature,Control,2025-07-24,43,15800.251358046215
Weekly Temperature,Control,2025-07-24,43,12330.725729679245
Weekly Temperature,Control,2025-07-24,43,10448.562414442482
Weekly Temperature,Control,2025-07-24,43,12143.647456312687
Weekly Temperature,Control,2025-07-24,43,10570.87198867712
Weekly Temperature,Control,2025-07-24,43,25865.543463184462
Weekly Temperature,Control,2025-07-24,43,10524.331307457194
Weekly Temperature,Control,2025-07-24,43,38422.74810926332
Weekly Temperature,Control,2025-07-24,43,14439.681784829516
Weekly Temperature,Control,2025-07-24,43,13937.878025662141
Weekly Temperature,Control,2025-07-24,43,14003.95773491755
Weekly Temperature,Control,2025-07-24,43,29986.25861254288
Weekly Temperature,Control,2025-07-24,43,29011.488739225875
Weekly Temperature,Control,2025-07-24,43,20005.514672386842
Weekly Temperature,Control,2025-07-24,43,36112.91815391605
Weekly Temperature,Control,2025-07-24,43,14848.125803523531
Weekly Temperature,Control,2025-07-24,43,34466.380303486636
Weekly Temperature,Control,2025-07-24,43,9851.655799540222
Weekly Temperature,Control,2025-07-24,43,8104.076768316629
Weekly Temperature,Control,2025-07-24,43,19190.655749555473
Weekly Temperature,Control,2025-07-24,43,11945.589972748086
Weekly Temperature,Control,2025-07-24,43,8121.1372953687505
Weekly Temperature,Control,2025-07-24,43,3837.4079932271666
Weekly Temperature,Control,2025-07-24,43,35599.412871286884
Weekly Temperature,Control,2025-07-24,43,12771.580550709665
Weekly Temperature,Control,2025-07-24,43,10063.685935147589
Weekly Temperature,Control,2025-07-24,43,12369.67699546287
Weekly Temperature,Control,2025-07-24,43,25280.36847095367
Weekly Temperature,Control,2025-07-24,43,12714.294434352445
Weekly Temperature,Control,2025-07-24,43,10067.93679431816
Weekly Temperature,Control,2025-07-24,43,12774.486289851426
Weekly Temperature,Control,2025-07-24,43,7419.940633645194
Weekly Temperature,Control,2025-07-24,43,11164.453071934857
Weekly Temperature,Control,2025-07-24,43,6877.370216550773
Weekly Temperature,Control,2025-07-24,43,7625.729761221717
Weekly Temperature,Control,2025-07-24,43,22466.768952611288
Weekly Temperature,Control,2025-07-24,43,29938.808137636195
Weekly Temperature,Control,2025-07-24,43,12117.097779550093
Weekly Temperature,Control,2025-07-24,43,7778.439649293363
Weekly Temperature,Treated,2025-07-24,44,17452.409861053246
Weekly Temperature,Treated,2025-07-24,44,16127.138096889117
Weekly Temperature,Treated,2025-07-24,44,17149.67083801549
Weekly Temperature,Treated,2025-07-24,44,16841.095616256236
Weekly Temperature,Treated,2025-07-24,44,46904.921124013796
Weekly Temperature,Treated,2025-07-24,44,4715.711715934284
Weekly Temperature,Treated,2025-07-24,44,16321.350697213851
Weekly Temperature,Treated,2025-07-24,44,15624.31896689361
Weekly Temperature,Treated,2025-07-24,44,6577.2095422236125
Weekly Temperature,Treated,2025-07-24,44,31416.853791369227
Weekly Temperature,Treated,2025-07-24,44,18639.426376844298
Weekly Temperature,Treated,2025-07-24,44,51465.0993703733
Weekly Temperature,Treated,2025-07-24,44,6333.182528235136
Weekly Temperature,Treated,2025-07-24,44,4224.3754676096505
Weekly Temperature,Treated,2025-07-24,44,52411.068156818146
Weekly Temperature,Treated,2025-07-24,44,16608.466230293736
Weekly Temperature,Treated,2025-07-24,44,16965.995498632063
Weekly Temperature,Treated,2025-07-24,44,31208.893119477976
Weekly Temperature,Treated,2025-07-24,44,14284.089050618024
Weekly Temperature,Treated,2025-07-24,44,44281.64598341135
Weekly Temperature,Treated,2025-07-24,44,38348.28369193979
Weekly Temperature,Treated,2025-07-24,44,24584.27946660774
Weekly Temperature,Treated,2025-07-24,44,25723.859793417363
Weekly Temperature,Treated,2025-07-24,44,29083.698437107
Weekly Temperature,Treated,2025-07-24,44,14904.383428701247
Weekly Temperature,Treated,2025-07-24,44,21050.990996239085
Weekly Temperature,Treated,2025-07-24,44,28745.65512548638
Weekly Temperature,Treated,2025-07-24,44,18253.30332679521
Weekly Temperature,Treated,2025-07-24,44,15697.22973493984
Weekly Temperature,Treated,2025-07-24,44,22975.046049916353
Weekly Temperature,Treated,2025-07-24,44,19351.555987850832
Weekly Temperature,Treated,2025-07-24,44,11425.319843142444
Weekly Temperature,Treated,2025-07-24,44,12164.638694581654
Weekly Temperature,Treated,2025-07-24,44,14570.856590029176
Weekly Temperature,Treated,2025-07-24,44,45843.32931730489
Weekly Temperature,Treated,2025-07-24,44,29198.42923408742
Weekly Temperature,Treated,2025-07-24,44,35289.297766729964
Weekly Temperature,Treated,2025-07-24,44,18839.69459981965
Weekly Temperature,Treated,2025-07-24,44,15444.00747051536
Weekly Temperature,Treated,2025-07-24,44,19733.030105277277
Weekly Temperature,Treated,2025-07-24,44,13553.941070671723
Weekly Temperature,Treated,2025-07-24,44,8890.877612768052
Weekly Temperature,Treated,2025-07-24,44,35127.9244558028
Weekly Temperature,Treated,2025-07-24,44,32651.509697987847
Weekly Temperature,Treated,2025-07-24,44,26580.485654469005
Weekly Temperature,Treated,2025-07-24,44,19345.578365525194
Weekly Temperature,Treated,2025-07-24,44,36088.71937764795
Weekly Temperature,Treated,2025-07-24,44,17223.381779846495
Weekly Temperature,Treated,2025-07-24,44,29559.916087498037
Weekly Temperature,Treated,2025-07-24,44,13617.875861020357
Weekly Temperature,Treated,2025-07-24,44,31812.603818198786
Weekly Temperature,Treated,2025-07-24,44,7287.757581378168
Weekly Temperature,Treated,2025-07-24,44,9716.705744814804
Weekly Temperature,Treated,2025-07-24,44,10187.507976734702
Weekly Temperature,Treated,2025-07-24,44,30360.91561575083
Weekly Temperature,Treated,2025-07-24,44,10960.429140925926
Weekly Temperature,Treated,2025-07-24,44,12410.142565802962
Weekly Temperature,Treated,2025-07-24,44,8953.027334308033
Weekly Temperature,Treated,2025-07-24,44,8378.67387176076
Weekly Temperature,Treated,2025-07-24,44,26715.581671950302
Weekly Temperature,Treated,2025-07-24,44,28722.68739389074
Weekly Temperature,Treated,2025-07-24,44,13056.51002223873
Weekly Temperature,Treated,2025-07-24,44,18146.824077556128
Weekly Temperature,Treated,2025-07-24,44,17661.44487425307
Weekly Temperature,Treated,2025-07-24,44,14280.13655275373
Weekly Temperature,Treated,2025-07-24,44,10393.093296600384
Weekly Temperature,Treated,2025-07-24,44,13214.546710177101
Weekly Temperature,Treated,2025-07-24,44,25749.914270119065
Weekly Temperature,Treated,2025-07-24,44,10453.559255973221
Weekly Temperature,Treated,2025-07-24,44,7837.231257606987
Weekly Temperature,Treated,2025-07-24,44,17465.303786315537
Weekly Temperature,Treated,2025-07-24,44,11529.864290981552
Weekly Temperature,Treated,2025-07-24,44,22023.246934427912
Weekly Temperature,Treated,2025-07-24,44,16528.819786825858
Weekly Temperature,Treated,2025-07-24,44,17654.01293581281
Weekly Temperature,Treated,2025-07-24,44,19762.37734580529
Weekly Temperature,Treated,2025-07-24,44,19999.38289531012
Weekly Temperature,Treated,2025-07-24,44,10770.714834477361
Weekly Temperature,Treated,2025-07-24,44,14740.951868627335
Weekly Temperature,Treated,2025-07-24,44,12094.077010565374
Weekly Temperature,Treated,2025-07-24,44,24459.973726499695
Daily Temperature,Control,2025-07-24,53,47728.25221661218
Daily Temperature,Control,2025-07-24,53,39352.763693468565
Daily Temperature,Control,2025-07-24,53,16706.208659053173
Daily Temperature,Control,2025-07-24,53,33045.722865339754
Daily Temperature,Control,2025-07-24,53,16483.816171847022
Daily Temperature,Control,2025-07-24,53,38361.81428757868
Daily Temperature,Control,2025-07-24,53,26743.68686009663
Daily Temperature,Control,2025-07-24,53,26040.364744538445
Daily Temperature,Control,2025-07-24,53,52610.12698299521
Daily Temperature,Control,2025-07-24,53,24686.236845600713
Daily Temperature,Control,2025-07-24,53,15626.858021660626
Daily Temperature,Control,2025-07-24,53,19249.136165353666
Daily Temperature,Control,2025-07-24,53,46421.80002454328
Daily Temperature,Control,2025-07-24,53,31162.82516042782
Daily Temperature,Control,2025-07-24,53,24629.82018799358
Daily Temperature,Control,2025-07-24,53,31319.960880370898
Daily Temperature,Control,2025-07-24,53,23688.18132462024
Daily Temperature,Control,2025-07-24,53,29573.72896484242
Daily Temperature,Control,2025-07-24,53,27429.008970040864
Daily Temperature,Control,2025-07-24,53,5978.684490877297
Daily Temperature,Control,2025-07-24,53,17991.76514091333
Daily Temperature,Control,2025-07-24,53,30773.37552245776
Daily Temperature,Control,2025-07-24,53,17668.879201204556
Daily Temperature,Control,2025-07-24,53,12002.32350842027
Daily Temperature,Control,2025-07-24,53,14681.934183939611
Daily Temperature,Control,2025-07-24,53,19448.390621667877
Daily Temperature,Control,2025-07-24,53,16786.50530427736
Daily Temperature,Control,2025-07-24,53,18507.14261469091
Daily Temperature,Control,2025-07-24,53,28948.928860441152
Daily Temperature,Control,2025-07-24,53,9880.96908736054
Daily Temperature,Control,2025-07-24,53,23539.576048176208
Daily Temperature,Control,2025-07-24,53,22530.525724527808
Daily Temperature,Control,2025-07-24,53,28897.32784914387
Daily Temperature,Control,2025-07-24,53,10548.840299089386
Daily Temperature,Control,2025-07-24,53,35551.565157212826
Daily Temperature,Control,2025-07-24,53,12934.339316524158
Daily Temperature,Control,2025-07-24,53,29608.28305349165
Daily Temperature,Control,2025-07-24,53,22961.40852052009
Daily Temperature,Control,2025-07-24,53,14414.987564698851
Daily Temperature,Control,2025-07-24,53,16044.938379870697
Daily Temperature,Control,2025-07-24,53,15938.126348510816
Daily Temperature,Control,2025-07-24,53,23443.59930773785
Daily Temperature,Control,2025-07-24,53,13414.68745563817
Daily Temperature,Control,2025-07-24,53,15794.277451035616
Daily Temperature,Control,2025-07-24,53,15148.38606278331
Daily Temperature,Control,2025-07-24,53,16141.013740316803
Daily Temperature,Control,2025-07-24,53,22626.98346202525
Weekly Temperature,Control,2025-07-24,55,74353.63674959872
Weekly Temperature,Control,2025-07-24,55,5092.233109091415
Weekly Temperature,Control,2025-07-24,55,95508.05863337309
Weekly Temperature,Control,2025-07-24,55,39530.81386020265
Weekly Temperature,Control,2025-07-24,55,15428.07532762165
Weekly Temperature,Control,2025-07-24,55,16807.967338877104
Weekly Temperature,Control,2025-07-24,55,27873.583873517022
Weekly Temperature,Control,2025-07-24,55,19261.047163958905
Weekly Temperature,Control,2025-07-24,55,29519.887028101763
Weekly Temperature,Control,2025-07-24,55,4063.5612367987
Weekly Temperature,Control,2025-07-24,55,8127.865431144853
Weekly Temperature,Control,2025-07-24,55,30544.642347891364
Weekly Temperature,Control,2025-07-24,55,33855.990882135055
Weekly Temperature,Control,2025-07-24,55,45289.788271462894
Weekly Temperature,Control,2025-07-24,55,20254.033449409857
Weekly Temperature,Control,2025-07-24,55,8234.51168657421
Weekly Temperature,Control,2025-07-24,55,18373.662556673837
Weekly Temperature,Control,2025-07-24,55,21272.948501933726
Weekly Temperature,Control,2025-07-24,55,47324.15213271685
Weekly Temperature,Control,2025-07-24,55,26855.054123022735
Weekly Temperature,Control,2025-07-24,55,39067.12845512147
Weekly Temperature,Control,2025-07-24,55,21661.348431480383
Weekly Temperature,Control,2025-07-24,55,6983.642202213499
Weekly Temperature,Control,2025-07-24,55,15599.79094234017
Weekly Temperature,Control,2025-07-24,55,22485.769588143634
Weekly Temperature,Control,2025-07-24,55,17267.176236736206
Weekly Temperature,Control,2025-07-24,55,41999.45903355829
Weekly Temperature,Control,2025-07-24,55,11549.37792102627
Weekly Temperature,Control,2025-07-24,55,38914.655178048175
Weekly Temperature,Control,2025-07-24,55,9761.732223994235
Weekly Temperature,Control,2025-07-24,55,23648.6377645296
Weekly Temperature,Control,2025-07-24,55,16370.400122179963
Weekly Temperature,Control,2025-07-24,55,13523.575915950472
Weekly Temperature,Control,2025-07-24,55,20767.633198614243
Weekly Temperature,Control,2025-07-24,55,16612.899590554265
Weekly Temperature,Control,2025-07-24,55,16285.510541957276
Weekly Temperature,Control,2025-07-24,55,53739.85103361908
Weekly Temperature,Control,2025-07-24,55,7072.42419758929
Weekly Temperature,Control,2025-07-24,55,11216.396050299338
Weekly Temperature,Control,2025-07-24,55,18823.105581424963
Weekly Temperature,Control,2025-07-24,55,25607.484404548253
Weekly Temperature,Control,2025-07-24,55,14885.612936437732
Weekly Temperature,Control,2025-07-24,55,26852.489936176615
Weekly Temperature,Control,2025-07-24,55,19216.40999335745
Weekly Temperature,Control,2025-07-24,55,20166.475710832165
Weekly Temperature,Control,2025-07-24,55,11469.462734670773
Weekly Temperature,Control,2025-07-24,55,2104.0933947412786
Weekly Temperature,Control,2025-07-24,55,28820.059990439804
Weekly Temperature,Control,2025-07-24,55,5297.358190535076
Weekly Temperature,Control,2025-07-24,55,15732.080474995673
Weekly Temperature,Control,2025-07-24,55,18806.527740329893
Weekly Temperature,Control,2025-07-24,55,37796.72927743765
Weekly Temperature,Control,2025-07-24,55,9821.811426846563
Weekly Temperature,Control,2025-07-24,55,15158.308110439419
Weekly Temperature,Control,2025-07-24,55,20549.738491133332
Weekly Temperature,Control,2025-07-24,55,11535.917587156327
Weekly Temperature,Control,2025-07-24,55,21399.663030123727
Weekly Temperature,Control,2025-07-24,55,17179.672112344117
Weekly Temperature,Control,2025-07-24,55,4481.342836322432
Weekly Temperature,Control,2025-07-24,55,8391.39000920911
Weekly Temperature,Control,2025-07-24,55,27090.479748296628
Weekly Temperature,Control,2025-07-24,55,21287.952224654975
Weekly Temperature,Control,2025-07-24,55,46472.88396308597
Weekly Temperature,Control,2025-07-24,55,35294.052768014015
Weekly Temperature,Control,2025-07-24,55,22230.85544052418
Weekly Temperature,Control,2025-07-24,55,11907.6503982382
Weekly Temperature,Control,2025-07-24,55,14345.855495712345
Weekly Temperature,Control,2025-07-24,55,23856.225041949536
Weekly Temperature,Control,2025-07-24,55,10464.183495668865
Weekly Temperature,Control,2025-07-24,55,39404.558147753974
Weekly Temperature,Control,2025-07-24,55,6455.874834179378
Weekly Temperature,Control,2025-07-24,55,16343.23391104053
Weekly Temperature,Control,2025-07-24,55,48632.108852999365
Weekly Temperature,Control,2025-07-24,55,35268.69852853823
Weekly Temperature,Control,2025-07-24,55,7875.091205410293
Weekly Temperature,Control,2025-07-24,55,28326.388271523443
Weekly Temperature,Control,2025-07-24,55,23741.762494209695
Weekly Temperature,Control,2025-07-24,55,23832.83087938395
Weekly Temperature,Control,2025-07-24,55,14026.556796511399
Weekly Temperature,Control,2025-07-24,55,25205.809992907885
Weekly Temperature,Control,2025-07-24,55,17279.051842704695
Weekly Temperature,Control,2025-07-24,55,28107.912074188072
Weekly Temperature,Control,2025-07-24,55,7089.250935100293
Weekly Temperature,Control,2025-07-24,55,29719.066549911284
Weekly Temperature,Control,2025-07-24,55,29938.808137636195
Weekly Temperature,Control,2025-07-24,55,21771.288426235405
Weekly Temperature,Control,2025-07-24,55,13330.456125296883
Weekly Temperature,Control,2025-07-24,55,25297.50424413358
Weekly Temperature,Control,2025-07-24,55,20937.505793865083
Weekly Temperature,Control,2025-07-24,55,5021.047005437253
Weekly Temperature,Control,2025-07-24,55,7442.708269233849
Weekly Temperature,Treated,2025-07-24,56,20471.602474596275
Weekly Temperature,Treated,2025-07-24,56,9858.23065974583
Weekly Temperature,Treated,2025-07-24,56,6213.912429550873
Weekly Temperature,Treated,2025-07-24,56,74018.12113390694
Weekly Temperature,Treated,2025-07-24,56,44511.10888230623
Weekly Temperature,Treated,2025-07-24,56,7546.538491982183
Weekly Temperature,Treated,2025-07-24,56,19859.765481257764
Weekly Temperature,Treated,2025-07-24,56,76753.73099441387
Weekly Temperature,Treated,2025-07-24,56,36188.82291428396
Weekly Temperature,Treated,2025-07-24,56,35012.78518616206
Weekly Temperature,Treated,2025-07-24,56,51469.358925219334
Weekly Temperature,Treated,2025-07-24,56,61301.79878735554
Weekly Temperature,Treated,2025-07-24,56,10142.850168964182
Weekly Temperature,Treated,2025-07-24,56,16469.716646516874
Weekly Temperature,Treated,2025-07-24,56,30259.52893260119
Weekly Temperature,Treated,2025-07-24,56,29435.825146480896
Weekly Temperature,Treated,2025-07-24,56,22315.20804699904
Weekly Temperature,Treated,2025-07-24,56,24531.629267575627
Weekly Temperature,Treated,2025-07-24,56,18934.5636972685
Weekly Temperature,Treated,2025-07-24,56,28563.655849541403
Weekly Temperature,Treated,2025-07-24,56,32126.679277345473
Weekly Temperature,Treated,2025-07-24,56,32278.702730047415
Weekly Temperature,Treated,2025-07-24,56,7663.820811036486
Weekly Temperature,Treated,2025-07-24,56,10113.5661728623
Weekly Temperature,Treated,2025-07-24,56,37347.36945878368
Weekly Temperature,Treated,2025-07-24,56,14229.61778327786
Weekly Temperature,Treated,2025-07-24,56,17375.198797849996
Weekly Temperature,Treated,2025-07-24,56,20954.44561230076
Weekly Temperature,Treated,2025-07-24,56,7031.88145252773
Weekly Temperature,Treated,2025-07-24,56,35743.25719574643
Weekly Temperature,Treated,2025-07-24,56,15806.226983896275
Weekly Temperature,Treated,2025-07-24,56,15075.775053903244
Weekly Temperature,Treated,2025-07-24,56,21187.368650730987
Weekly Temperature,Treated,2025-07-24,56,25407.87697801568
Weekly Temperature,Treated,2025-07-24,56,20239.592162839326
Weekly Temperature,Treated,2025-07-24,56,15245.336805296061
Weekly Temperature,Treated,2025-07-24,56,9925.962753716442
Weekly Temperature,Treated,2025-07-24,56,28725.38874180738
Weekly Temperature,Treated,2025-07-24,56,32899.900320411
Weekly Temperature,Treated,2025-07-24,56,38044.82912865154
Weekly Temperature,Treated,2025-07-24,56,34130.00169312815
Weekly Temperature,Treated,2025-07-24,56,50677.631213509376
Weekly Temperature,Treated,2025-07-24,56,27369.108559150387
Weekly Temperature,Treated,2025-07-24,56,48110.81474068313
Weekly Temperature,Treated,2025-07-24,56,37688.16649115707
Weekly Temperature,Treated,2025-07-24,56,60045.764135140045
Weekly Temperature,Treated,2025-07-24,56,28849.86367941622
Weekly Temperature,Treated,2025-07-24,56,16769.52934715444
Weekly Temperature,Treated,2025-07-24,56,16266.30396445173
Weekly Temperature,Treated,2025-07-24,56,11429.327541531376
Weekly Temperature,Treated,2025-07-24,56,20409.25790259057
Weekly Temperature,Treated,2025-07-24,56,57218.65551136248
Weekly Temperature,Treated,2025-07-24,56,11132.981240247816
Weekly Temperature,Treated,2025-07-24,56,23023.965066838013
Weekly Temperature,Treated,2025-07-24,56,19377.475362440673
Weekly Temperature,Treated,2025-07-24,56,21474.026923332887
Weekly Temperature,Treated,2025-07-24,56,43919.443456801346
Weekly Temperature,Treated,2025-07-24,56,17851.767874002668
Weekly Temperature,Treated,2025-07-24,56,17402.744188952594
Weekly Temperature,Treated,2025-07-24,57,6186.364460652931
Weekly Temperature,Treated,2025-07-24,57,85614.7281987602
Weekly Temperature,Treated,2025-07-24,57,27917.157066299274
Weekly Temperature,Treated,2025-07-24,57,21422.274546604658
Weekly Temperature,Treated,2025-07-24,57,47668.06665636332
Weekly Temperature,Treated,2025-07-24,57,6602.91951249133
Weekly Temperature,Treated,2025-07-24,57,24241.23598447288
Weekly Temperature,Treated,2025-07-24,57,47125.099353536025
Weekly Temperature,Treated,2025-07-24,57,3189.7829547364186
Weekly Temperature,Treated,2025-07-24,57,17212.44641865734
Weekly Temperature,Treated,2025-07-24,57,30255.310195716233
Weekly Temperature,Treated,2025-07-24,57,13143.14092505506
Weekly Temperature,Treated,2025-07-24,57,22065.08965821552
Weekly Temperature,Treated,2025-07-24,57,11684.632552717425
Weekly Temperature,Treated,2025-07-24,57,48840.229563563335
Weekly Temperature,Treated,2025-07-24,57,24872.998520482874
Weekly Temperature,Treated,2025-07-24,57,27547.806384429477
Weekly Temperature,Treated,2025-07-24,57,17831.167846026612
Weekly Temperature,Treated,2025-07-24,57,6884.692300374076
Weekly Temperature,Treated,2025-07-24,57,35796.11346064497
Weekly Temperature,Treated,2025-07-24,57,11925.574134782451
Weekly Temperature,Treated,2025-07-24,57,39290.68058682782
Weekly Temperature,Treated,2025-07-24,57,6818.091184108027
Weekly Temperature,Treated,2025-07-24,57,11757.481687040045
Weekly Temperature,Treated,2025-07-24,57,36174.27834027964
Weekly Temperature,Treated,2025-07-24,57,15164.098251252268
Weekly Temperature,Treated,2025-07-24,57,21796.384092665325
Weekly Temperature,Treated,2025-07-24,57,16425.71483755037
Weekly Temperature,Treated,2025-07-24,57,9134.643120479539
Weekly Temperature,Treated,2025-07-24,57,11338.08169036239
Weekly Temperature,Treated,2025-07-24,57,22335.22229625081
Weekly Temperature,Treated,2025-07-24,57,27820.838478893493
Weekly Temperature,Treated,2025-07-24,57,20951.268595326583
Weekly Temperature,Treated,2025-07-24,57,15759.321922425435
Weekly Temperature,Treated,2025-07-24,57,13214.546710177101
Weekly Temperature,Treated,2025-07-24,57,7231.101990730139
Weekly Temperature,Treated,2025-07-24,57,13422.981838483152
Weekly Temperature,Treated,2025-07-24,57,14607.811344688876
Weekly Temperature,Treated,2025-07-24,57,20847.689170395006
Weekly Temperature,Treated,2025-07-24,57,9068.183878339627
Weekly Temperature,Treated,2025-07-24,57,5402.726632567524
Weekly Temperature,Treated,2025-07-24,57,9085.608444882582
Weekly Temperature,Treated,2025-07-24,57,10450.43602001495
Weekly Temperature,Treated,2025-07-24,57,15030.527628562833
Weekly Temperature,Treated,2025-07-24,57,8939.126628988626
Weekly Temperature,Treated,2025-07-24,57,8293.740029937888
Weekly Temperature,Treated,2025-07-24,57,15533.121735862482
Weekly Temperature,Treated,2025-07-24,57,14375.225688846753
Weekly Temperature,Treated,2025-07-24,57,23050.163942044856
Weekly Temperature,Treated,2025-07-24,57,5768.929640273061
Weekly Temperature,Treated,2025-07-24,57,32618.700204365276
Weekly Temperature,Treated,2025-07-24,57,8084.464317128752
Weekly Temperature,Treated,2025-07-24,57,5985.7024219330215
Weekly Temperature,Treated,2025-07-24,57,16497.924890807037
Weekly Temperature,Treated,2025-07-24,57,34592.60037093545
Weekly Temperature,Treated,2025-07-24,57,26860.183064700617
Weekly Temperature,Treated,2025-07-24,57,5303.40325507109
Weekly Temperature,Treated,2025-07-24,57,9869.594971872137
Weekly Temperature,Treated,2025-07-24,57,7925.7820913639
Weekly Temperature,Treated,2025-07-24,57,15870.359508344589
Weekly Temperature,Treated,2025-07-24,57,12906.494484426765
Weekly Temperature,Treated,2025-07-24,57,16141.013740316803
Weekly Temperature,Treated,2025-07-24,57,24469.518461316373
Weekly Temperature,Treated,2025-07-24,57,20095.61307297519
Weekly Temperature,Treated,2025-07-24,57,8815.293257965117
Weekly Temperature,Treated,2025-07-24,57,6031.258836219726
Weekly Temperature,Treated,2025-07-24,57,24044.016040994607
Weekly Temperature,Treated,2025-07-24,57,26275.298383010177
Weekly Temperature,Treated,2025-07-24,57,12046.744270040497
Weekly Temperature,Treated,2025-07-24,57,13410.164881712055
Weekly Temperature,Treated,2025-07-24,57,17850.831114963705
Weekly Temperature,Treated,2025-07-24,57,13023.305655203383
Weekly Temperature,Treated,2025-07-24,57,7635.115778222463
Weekly Temperature,Treated,2025-07-24,57,9917.552316178168
Weekly Temperature,Treated,2025-07-24,57,25753.638001232834
Weekly Temperature,Treated,2025-07-24,57,8450.921951778937
Weekly Temperature,Treated,2025-07-24,57,6972.082771948262
Weekly Temperature,Treated,2025-07-24,57,16250.602325940928
Weekly Temperature,Treated,2025-07-24,57,15792.570936115966
Weekly Temperature,Treated,2025-07-24,57,27643.39287179466
Weekly Temperature,Treated,2025-07-24,57,10679.644261747813
Weekly Temperature,Treated,2025-07-24,57,12551.483909623892
Weekly Temperature,Treated,2025-07-24,57,10381.901727959605
Weekly Temperature,Treated,2025-07-24,57,20101.76745227852
Weekly Temperature,Treated,2025-07-24,57,15346.932157157791
Weekly Temperature,Treated,2025-07-24,57,3871.59528986702
Weekly Temperature,Treated,2025-07-24,57,20229.281792837573
Weekly Temperature,Treated,2025-07-24,57,5978.684490877297
Weekly Temperature,Treated,2025-07-24,57,13959.619307222043
Weekly Temperature,Treated,2025-07-24,57,14843.241467034108
Weekly Temperature,Treated,2025-07-24,57,19568.699050066738
Weekly Temperature,Treated,2025-07-24,57,10164.854824186546
Weekly Temperature,Control,2025-07-24,58,27156.373673928094
Weekly Temperature,Control,2025-07-24,58,14351.408525159872
Weekly Temperature,Control,2025-07-24,58,32129.62588129184
Weekly Temperature,Control,2025-07-24,58,7376.968791234109
Weekly Temperature,Control,2025-07-24,58,22266.342387241424
Weekly Temperature,Control,2025-07-24,58,10386.252930176293
Weekly Temperature,Control,2025-07-24,58,7665.307727028334
Weekly Temperature,Control,2025-07-24,58,24100.574880010663
Weekly Temperature,Control,2025-07-24,58,17420.206831590483
Weekly Temperature,Control,2025-07-24,58,18450.39537332736
Weekly Temperature,Control,2025-07-24,58,34622.259595227784
Weekly Temperature,Control,2025-07-24,58,26637.773068459166
Weekly Temperature,Control,2025-07-24,58,15756.766513543831
Weekly Temperature,Control,2025-07-24,58,29941.597728835826
Weekly Temperature,Control,2025-07-24,58,13163.194237321513
Weekly Temperature,Control,2025-07-24,58,13976.719760924483
Weekly Temperature,Control,2025-07-24,58,16531.469970244692
Weekly Temperature,Control,2025-07-24,58,15116.998793421244
Weekly Temperature,Control,2025-07-24,58,9545.736463211178
Weekly Temperature,Control,2025-07-24,58,17812.456306785232
Weekly Temperature,Control,2025-07-24,58,19693.615785041893
Weekly Temperature,Control,2025-07-24,58,14544.389299949682
Weekly Temperature,Control,2025-07-24,58,11546.6849089455
Weekly Temperature,Control,2025-07-24,58,10804.615928343996
Weekly Temperature,Control,2025-07-24,58,17767.609793372525
Weekly Temperature,Control,2025-07-24,58,26296.73690936248
Weekly Temperature,Control,2025-07-24,58,6054.548734809495
Weekly Temperature,Control,2025-07-24,58,19417.403221793145
Weekly Temperature,Control,2025-07-24,58,21565.907316510154
Weekly Temperature,Control,2025-07-24,58,24996.493133680295
Weekly Temperature,Control,2025-07-24,58,20785.519937061872
Weekly Temperature,Control,2025-07-24,58,8048.942408948298
Weekly Temperature,Control,2025-07-24,58,10069.15157251252
Weekly Temperature,Control,2025-07-24,58,15232.880948465832
Weekly Temperature,Control,2025-07-24,58,23987.55955762607
Weekly Temperature,Control,2025-07-24,58,38643.41647339426
Weekly Temperature,Control,2025-07-24,58,10757.304444259209
Weekly Temperature,Control,2025-07-24,58,39096.30557602693
Weekly Temperature,Control,2025-07-24,58,8999.293319946983
Weekly Temperature,Control,2025-07-24,58,16750.781675030285
Weekly Temperature,Control,2025-07-24,58,11552.744850970648
Weekly Temperature,Control,2025-07-24,58,13815.67544171742
Weekly Temperature,Control,2025-07-24,58,40453.44900981496
Weekly Temperature,Control,2025-07-24,58,35791.30582980228
Weekly Temperature,Control,2025-07-24,58,14640.003685641736
Weekly Temperature,Control,2025-07-24,58,28119.867676064394
Weekly Temperature,Control,2025-07-24,58,26542.346986391993
Weekly Temperature,Control,2025-07-24,58,30994.838453300592
Weekly Temperature,Control,2025-07-24,58,34198.00001850472
Weekly Temperature,Control,2025-07-24,58,12610.373663839337
Daily Temperature,Control,2025-07-24,59,28853.929668286106
Daily Temperature,Control,2025-07-24,59,12859.700341392754
Daily Temperature,Control,2025-07-24,59,10780.30136755437
Daily Temperature,Control,2025-07-24,59,70122.86805699304
Daily Temperature,Control,2025-07-24,59,20950.209671833574
Daily Temperature,Control,2025-07-24,59,36725.28105096554
Daily Temperature,Control,2025-07-24,59,14854.640150259145
Daily Temperature,Control,2025-07-24,59,13286.99390507233
Daily Temperature,Control,2025-07-24,59,15423.046721329285
Daily Temperature,Control,2025-07-24,59,7921.210020549647
Daily Temperature,Control,2025-07-24,59,16305.608606122767
Daily Temperature,Control,2025-07-24,59,21696.134628481366
Daily Temperature,Control,2025-07-24,59,18549.54938971717
Daily Temperature,Control,2025-07-24,59,20721.392954697654
Daily Temperature,Control,2025-07-24,59,19979.97510413365
Daily Temperature,Control,2025-07-24,59,9347.115035958102
Daily Temperature,Control,2025-07-24,59,17017.417123524912
Daily Temperature,Control,2025-07-24,59,17519.72237663242
Daily Temperature,Control,2025-07-24,59,27358.701435709587
Daily Temperature,Control,2025-07-24,59,33600.47289050773
Daily Temperature,Control,2025-07-24,59,15397.922376002056
Daily Temperature,Control,2025-07-24,59,12871.386838863189
Daily Temperature,Control,2025-07-24,59,15657.351161906772
Daily Temperature,Control,2025-07-24,59,19553.629407506683
Daily Temperature,Control,2025-07-24,59,45684.08211177398
Daily Temperature,Control,2025-07-24,59,16354.622009479097
Daily Temperature,Control,2025-07-24,59,21701.573846752683
Daily Temperature,Control,2025-07-24,59,12094.774124731413
Daily Temperature,Control,2025-07-24,59,21612.502863089885
Daily Temperature,Control,2025-07-24,59,19771.49190592918
Daily Temperature,Control,2025-07-24,59,33202.62657196255
Daily Temperature,Control,2025-07-24,59,23994.61102516606
Daily Temperature,Control,2025-07-24,59,15090.605749724611
Daily Temperature,Control,2025-07-24,59,22722.631472179226
Daily Temperature,Control,2025-07-24,59,25384.5451730824
Daily Temperature,Control,2025-07-24,59,36021.0300510963
Daily Temperature,Control,2025-07-24,59,23108.33895846511
Daily Temperature,Control,2025-07-24,59,20737.147789492315
Daily Temperature,Control,2025-07-24,59,15296.070378749519
Daily Temperature,Control,2025-07-24,59,25565.491451594382
Daily Temperature,Control,2025-07-24,59,13094.218961897363
Daily Temperature,Control,2025-07-24,59,23191.80568951182
Daily Temperature,Control,2025-07-24,59,25868.034509343655
Daily Temperature,Control,2025-07-24,59,22844.60912905231
Daily Temperature,Control,2025-07-24,59,12279.169786510809
Daily Temperature,Control,2025-07-24,59,26688.77529872441
Daily Temperature,Control,2025-07-24,59,27621.11011552351
Daily Temperature,Control,2025-07-24,59,15478.429972289603
Weekly Temperature,Treated,2025-07-24,61,4843.954524764946
Weekly Temperature,Treated,2025-07-24,61,15942.422785586736
Weekly Temperature,Treated,2025-07-24,61,53405.74451492204
Weekly Temperature,Treated,2025-07-24,61,33982.00702806156
Weekly Temperature,Treated,2025-07-24,61,66924.78832590932
Weekly Temperature,Treated,2025-07-24,61,43750.46234549187
Weekly Temperature,Treated,2025-07-24,61,7861.951087603237
Weekly Temperature,Treated,2025-07-24,61,7750.416156415353
Weekly Temperature,Treated,2025-07-24,61,14866.0454782483
Weekly Temperature,Treated,2025-07-24,61,58914.3126269457
Weekly Temperature,Treated,2025-07-24,61,12788.29537132655
Weekly Temperature,Treated,2025-07-24,61,29863.56533894385
Weekly Temperature,Treated,2025-07-24,61,9348.264148605902
Weekly Temperature,Treated,2025-07-24,61,31441.47554657172
Weekly Temperature,Treated,2025-07-24,61,12753.43099102372
Weekly Temperature,Treated,2025-07-24,61,21613.587399925014
Weekly Temperature,Treated,2025-07-24,61,7480.1202001722095
Weekly Temperature,Treated,2025-07-24,61,21780.014833865454
Weekly Temperature,Treated,2025-07-24,61,24446.8544041417
Weekly Temperature,Treated,2025-07-24,61,7546.538491982183
Weekly Temperature,Treated,2025-07-24,61,25685.43563720317
Weekly Temperature,Treated,2025-07-24,61,40967.312892226735
Weekly Temperature,Treated,2025-07-24,61,24504.142203898195
Weekly Temperature,Treated,2025-07-24,61,49373.900243309865
Weekly Temperature,Treated,2025-07-24,61,18423.511074827235
Weekly Temperature,Treated,2025-07-24,61,37395.43315497117
Weekly Temperature,Treated,2025-07-24,61,28625.569859315994
Weekly Temperature,Treated,2025-07-24,61,22718.12342642296
Weekly Temperature,Treated,2025-07-24,61,54020.26633689001
Weekly Temperature,Treated,2025-07-24,61,15486.834545332733
Weekly Temperature,Treated,2025-07-24,61,11494.936490470087
Weekly Temperature,Treated,2025-07-24,61,12732.401916642224
Weekly Temperature,Treated,2025-07-24,61,7201.7133939275145
Weekly Temperature,Treated,2025-07-24,61,29615.197626052915
Weekly Temperature,Treated,2025-07-24,61,25019.54920576779
Weekly Temperature,Treated,2025-07-24,61,22548.44735355848
Weekly Temperature,Treated,2025-07-24,61,10864.939424962293
Weekly Temperature,Treated,2025-07-24,61,9203.168848637133
Weekly Temperature,Treated,2025-07-24,61,6717.284107690324
Weekly Temperature,Treated,2025-07-24,61,19144.16706040296
Weekly Temperature,Treated,2025-07-24,61,7568.1200115033025
Weekly Temperature,Treated,2025-07-24,61,14832.662922785736
Weekly Temperature,Treated,2025-07-24,61,21038.240230841646
Weekly Temperature,Treated,2025-07-24,61,12758.510902591295
Weekly Temperature,Treated,2025-07-24,61,35537.22062036832
Weekly Temperature,Treated,2025-07-24,61,21758.20385276806
Weekly Temperature,Treated,2025-07-24,61,27202.96162116559
Weekly Temperature,Treated,2025-07-24,61,27016.980007247035
Weekly Temperature,Treated,2025-07-24,61,25438.601940035463
Weekly Temperature,Treated,2025-07-24,61,5629.49148294201
Weekly Temperature,Treated,2025-07-24,61,8556.934266540762
Weekly Temperature,Treated,2025-07-24,61,41646.561425752116
Weekly Temperature,Treated,2025-07-24,61,12094.774124731413
Weekly Temperature,Treated,2025-07-24,61,9472.41063118437
Weekly Temperature,Treated,2025-07-24,61,12610.373663839337
Weekly Temperature,Treated,2025-07-24,61,24243.605431357293
Weekly Temperature,Treated,2025-07-24,61,27991.22009336493
Weekly Temperature,Treated,2025-07-24,61,7367.33760866207
Weekly Temperature,Treated,2025-07-24,61,34633.19166820144
Weekly Temperature,Treated,2025-07-24,61,15910.650012242837
Weekly Temperature,Treated,2025-07-24,61,22368.610052782216
Weekly Temperature,Treated,2025-07-24,61,16785.61150641294
Weekly Temperature,Treated,2025-07-24,61,26923.074091993327
Weekly Temperature,Treated,2025-07-24,61,16228.813644176747
Weekly Temperature,Treated,2025-07-24,61,11345.387694216473
Weekly Temperature,Treated,2025-07-24,61,18747.1344707702
Weekly Temperature,Treated,2025-07-24,61,43542.75439333833
Weekly Temperature,Treated,2025-07-24,61,25066.926237399683
Weekly Temperature,Treated,2025-07-24,61,20827.65301403454
Weekly Temperature,Treated,2025-07-24,61,24006.367021042573
Weekly Temperature,Treated,2025-07-24,61,33472.51743164957
Weekly Temperature,Treated,2025-07-24,61,31450.16915504106
Weekly Temperature,Treated,2025-07-24,61,14685.163377666648
Weekly Temperature,Treated,2025-07-24,61,24393.24094077962
Weekly Temperature,Treated,2025-07-24,61,18656.8603198742
Weekly Temperature,Treated,2025-07-24,61,41919.6271577219
Weekly Temperature,Treated,2025-07-24,61,31147.001500802657
Weekly Temperature,Treated,2025-07-24,61,16612.899590554265
Weekly Temperature,Treated,2025-07-24,61,14937.07056558195
Weekly Temperature,Treated,2025-07-24,61,27024.709551132448
Weekly Temperature,Treated,2025-07-24,61,32682.851780574336
Weekly Temperature,Treated,2025-07-24,61,43576.38416795545
Weekly Temperature,Treated,2025-07-24,61,21599.491681975636
Weekly Temperature,Treated,2025-07-24,61,23098.06457524703
Weekly Temperature,Treated,2025-07-24,61,39742.52203721485
Weekly Temperature,Treated,2025-07-24,61,36011.36823271801
Weekly Temperature,Treated,2025-07-24,61,21742.94615552929
Weekly Temperature,Treated,2025-07-24,61,19313.72158650233
Weekly Temperature,Treated,2025-07-24,61,20601.956122525793
Weekly Temperature,Treated,2025-07-24,61,34667.56711282319
Daily Temperature,Treated,2025-07-24,62,53995.93290421672
Daily Temperature,Treated,2025-07-24,62,18767.565114161247
Daily Temperature,Treated,2025-07-24,62,6407.979297425019
Daily Temperature,Treated,2025-07-24,62,17285.448980319074
Daily Temperature,Treated,2025-07-24,62,13819.530130823356
Daily Temperature,Treated,2025-07-24,62,24425.398126897973
Daily Temperature,Treated,2025-07-24,62,23098.06457524703
Daily Temperature,Treated,2025-07-24,62,17510.489790439828
Daily Temperature,Treated,2025-07-24,62,24031.069061332364
Daily Temperature,Treated,2025-07-24,62,26395.275267167926
Daily Temperature,Treated,2025-07-24,62,15589.649984866313
Daily Temperature,Treated,2025-07-24,62,18822.130104949523
Daily Temperature,Treated,2025-07-24,62,34908.93991229597
Daily Temperature,Treated,2025-07-24,62,22443.314632302925
Daily Temperature,Treated,2025-07-24,62,21331.938449740624
Daily Temperature,Treated,2025-07-24,62,20776.04901534493
Daily Temperature,Treated,2025-07-24,62,10585.999376581027
Daily Temperature,Treated,2025-07-24,62,31925.33621428722
Daily Temperature,Treated,2025-07-24,62,25630.9742405906
Daily Temperature,Treated,2025-07-24,62,24068.747930422833
Daily Temperature,Treated,2025-07-24,62,21396.43431051386
Daily Temperature,Treated,2025-07-24,62,23627.723536881665
Daily Temperature,Treated,2025-07-24,62,23473.631830085575
Daily Temperature,Treated,2025-07-24,62,32950.95629627951
Daily Temperature,Treated,2025-07-24,62,22556.29151371774
Daily Temperature,Treated,2025-07-24,62,29677.48513965426
Daily Temperature,Treated,2025-07-24,62,25320.774275011834
Daily Temperature,Treated,2025-07-24,62,26070.425523060512
Daily Temperature,Treated,2025-07-24,62,18025.71541679597
Daily Temperature,Treated,2025-07-24,62,24425.398126897973
Daily Temperature,Treated,2025-07-24,62,24637.01677179081
Daily Temperature,Treated,2025-07-24,62,30099.537426956256
Daily Temperature,Treated,2025-07-24,62,13954.181579657537
Daily Temperature,Treated,2025-07-24,62,8306.360176250857
Daily Temperature,Treated,2025-07-24,62,16113.27153606994
Daily Temperature,Treated,2025-07-24,62,39666.066362074256
Daily Temperature,Treated,2025-07-24,62,33627.941362695
Daily Temperature,Treated,2025-07-24,62,21063.747693317335
Daily Temperature,Treated,2025-07-24,62,21715.720717918957
Daily Temperature,Treated,2025-07-24,62,19752.253832925537
Daily Temperature,Treated,2025-07-24,62,13906.088874251958
Daily Temperature,Treated,2025-07-24,62,29997.43190255051
Daily Temperature,Treated,2025-07-24,62,31656.463466258294
Daily Temperature,Treated,2025-07-24,62,41374.88967955942
Daily Temperature,Treated,2025-07-24,62,35554.75344474409
Daily Temperature,Treated,2025-07-24,62,25871.771426015363
Daily Temperature,Treated,2025-07-24,62,36088.71937764795
Weekly Temperature,Control,2025-07-24,64,5693.322677082572
Weekly Temperature,Control,2025-07-24,64,90665.1870758136
Weekly Temperature,Control,2025-07-24,64,22250.811492365767
Weekly Temperature,Control,2025-07-24,64,64877.32049245451
Weekly Temperature,Control,2025-07-24,64,20045.406355678704
Weekly Temperature,Control,2025-07-24,64,38827.492613248476
Weekly Temperature,Control,2025-07-24,64,36467.663251111175
Weekly Temperature,Control,2025-07-24,64,49804.12774147952
Weekly Temperature,Control,2025-07-24,64,35797.71611610813
Weekly Temperature,Control,2025-07-24,64,12103.141858089873
Weekly Temperature,Control,2025-07-24,64,10843.091164992164
Weekly Temperature,Control,2025-07-24,64,12918.945777425306
Weekly Temperature,Control,2025-07-24,64,25609.956235769125
Weekly Temperature,Control,2025-07-24,64,27487.705294823296
Weekly Temperature,Control,2025-07-24,64,26534.72433136287
Weekly Temperature,Control,2025-07-24,64,22356.363421779028
Weekly Temperature,Control,2025-07-24,64,11835.472513912815
Weekly Temperature,Control,2025-07-24,64,12035.62748071278
Weekly Temperature,Control,2025-07-24,64,15212.967663910678
Weekly Temperature,Control,2025-07-24,64,17071.673461559814
Weekly Temperature,Control,2025-07-24,64,33757.889762934465
Weekly Temperature,Control,2025-07-24,64,37238.1628021853
Weekly Temperature,Control,2025-07-24,64,29287.449509038517
Weekly Temperature,Control,2025-07-24,64,11166.42227981354
Weekly Temperature,Control,2025-07-24,64,27409.465094266092
Weekly Temperature,Control,2025-07-24,64,10869.441697719176
Weekly Temperature,Control,2025-07-24,64,33313.10657707131
Weekly Temperature,Control,2025-07-24,64,26570.31120381187
Weekly Temperature,Control,2025-07-24,64,23440.135921924844
Weekly Temperature,Control,2025-07-24,64,37256.34658609889
Weekly Temperature,Control,2025-07-24,64,19184.716216671786
Weekly Temperature,Control,2025-07-24,64,24640.615671820677
Weekly Temperature,Control,2025-07-24,64,19792.77173861104
Weekly Temperature,Control,2025-07-24,64,29177.915909897623
Weekly Temperature,Control,2025-07-24,64,17365.107162007567
Weekly Temperature,Control,2025-07-24,64,30314.414055824378
Weekly Temperature,Control,2025-07-24,64,25031.69056980392
Weekly Temperature,Control,2025-07-24,64,16057.03194100183
Weekly Temperature,Control,2025-07-24,64,15160.789393642799
Weekly Temperature,Control,2025-07-24,64,32757.569939707515
Weekly Temperature,Control,2025-07-24,64,16654.617271288374
Weekly Temperature,Control,2025-07-24,64,26138.160297367092
Weekly Temperature,Control,2025-07-24,64,40743.42456033028
Weekly Temperature,Control,2025-07-24,64,15975.96525206062
Weekly Temperature,Control,2025-07-24,64,7863.971584251227
Weekly Temperature,Control,2025-07-24,64,18411.998405194117
Weekly Temperature,Control,2025-07-24,64,10957.840078128786
Weekly Temperature,Control,2025-07-24,64,16270.667580232695
Weekly Temperature,Control,2025-07-24,64,28366.49528995834
Weekly Temperature,Control,2025-07-24,64,44266.507628149724
Weekly Temperature,Control,2025-07-24,64,23420.51751149541
Weekly Temperature,Control,2025-07-24,64,22601.155565977144
Weekly Temperature,Control,2025-07-24,64,32404.57956329287
Weekly Temperature,Control,2025-07-24,64,7944.089969178437
Weekly Temperature,Control,2025-07-24,64,28475.0039396684
Weekly Temperature,Control,2025-07-24,64,21907.94594575142
Weekly Temperature,Control,2025-07-24,64,36772.7190953164
Weekly Temperature,Control,2025-07-24,64,7841.7673042124925
Weekly Temperature,Control,2025-07-24,64,10496.731455549867
Weekly Temperature,Control,2025-07-24,64,7081.768736260385
Weekly Temperature,Control,2025-07-24,64,9743.9400068868
Weekly Temperature,Control,2025-07-24,64,52659.98455926834
Weekly Temperature,Control,2025-07-24,64,36643.60342362873
Weekly Temperature,Control,2025-07-24,64,16431.869693503926
Weekly Temperature,Control,2025-07-24,64,25141.167565626998
Weekly Temperature,Control,2025-07-24,64,21612.502863089885
Weekly Temperature,Control,2025-07-24,64,6389.327803736336
Weekly Temperature,Control,2025-07-24,64,36425.40584342864
Weekly Temperature,Control,2025-07-24,64,19100.72390452763
Weekly Temperature,Control,2025-07-24,64,28500.503068202703
Weekly Temperature,Control,2025-07-24,64,14987.023225436587
Weekly Temperature,Control,2025-07-24,64,33598.94737633902
Weekly Temperature,Control,2025-07-24,64,17790.022258120665
Weekly Temperature,Control,2025-07-24,64,50469.66854500619
Weekly Temperature,Control,2025-07-24,64,11016.205255866496
Weekly Temperature,Control,2025-07-24,64,5124.966475470694
Weekly Temperature,Control,2025-07-24,64,24495.781291960982
Weekly Temperature,Control,2025-07-24,64,13497.048666744651
Weekly Temperature,Control,2025-07-24,64,12647.826326664741
Weekly Temperature,Control,2025-07-24,64,20204.553335225617
Weekly Temperature,Control,2025-07-24,64,40647.7659005503
Weekly Temperature,Control,2025-07-24,64,16553.567424414374
Weekly Temperature,Treated,2025-07-24,65,53889.85167766395
Weekly Temperature,Treated,2025-07-24,65,8890.877612768052
Weekly Temperature,Treated,2025-07-24,65,57288.143539064185
Weekly Temperature,Treated,2025-07-24,65,47619.96113377149
Weekly Temperature,Treated,2025-07-24,65,44509.20868297595
Weekly Temperature,Treated,2025-07-24,65,39432.203629457195
Weekly Temperature,Treated,2025-07-24,65,18595.89602708919
Weekly Temperature,Treated,2025-07-24,65,106452.631318405
Weekly Temperature,Treated,2025-07-24,65,26934.637872095307
Weekly Temperature,Treated,2025-07-24,65,11724.759523510395
Weekly Temperature,Treated,2025-07-24,65,29750.976215004364
Weekly Temperature,Treated,2025-07-24,65,32198.93155865105
Weekly Temperature,Treated,2025-07-24,65,33030.666418190856
Weekly Temperature,Treated,2025-07-24,65,13606.442225441651
Weekly Temperature,Treated,2025-07-24,65,9301.809421929616
Weekly Temperature,Treated,2025-07-24,65,30218.766921004528
Weekly Temperature,Treated,2025-07-24,65,40830.3782237397
Weekly Temperature,Treated,2025-07-24,65,14879.90374228401
Weekly Temperature,Treated,2025-07-24,65,14057.773251951025
Weekly Temperature,Treated,2025-07-24,65,12224.262490595105
Weekly Temperature,Treated,2025-07-24,65,22276.33093496363
Weekly Temperature,Treated,2025-07-24,65,49046.998837729276
Weekly Temperature,Treated,2025-07-24,65,11416.640124344029
Weekly Temperature,Treated,2025-07-24,65,38344.90162539066
Weekly Temperature,Treated,2025-07-24,65,25238.79032049575
Weekly Temperature,Treated,2025-07-24,65,24053.43540242354
Weekly Temperature,Treated,2025-07-24,65,23264.02504536468
Weekly Temperature,Treated,2025-07-24,65,20360.523115289376
Weekly Temperature,Treated,2025-07-24,65,14679.512642329993
Weekly Temperature,Treated,2025-07-24,65,20896.25902056682
Weekly Temperature,Treated,2025-07-24,65,11357.350612026428
Weekly Temperature,Treated,2025-07-24,65,51873.140455839544
Weekly Temperature,Treated,2025-07-24,65,15402.944754331573
Weekly Temperature,Treated,2025-07-24,65,7928.322977089997
Weekly Temperature,Treated,2025-07-24,65,22394.23331694902
Weekly Temperature,Treated,2025-07-24,65,18920.848729216643
Weekly Temperature,Treated,2025-07-24,65,21498.858943564028
Weekly Temperature,Treated,2025-07-24,65,33553.207004613374
Weekly Temperature,Treated,2025-07-24,65,23582.458256318732
Weekly Temperature,Treated,2025-07-24,65,31242.037115677893
Weekly Temperature,Treated,2025-07-24,65,7628.692842002401
Weekly Temperature,Treated,2025-07-24,65,16671.50450600755
Weekly Temperature,Treated,2025-07-24,65,7601.563189433413
Weekly Temperature,Treated,2025-07-24,65,34025.12043644089
Weekly Temperature,Treated,2025-07-24,65,24554.353901838134
Weekly Temperature,Treated,2025-07-24,65,24567.517687142226
Weekly Temperature,Treated,2025-07-24,65,28821.414185837613
Weekly Temperature,Treated,2025-07-24,65,14031.235912712358
Weekly Temperature,Treated,2025-07-24,65,38421.05448318977
Weekly Temperature,Treated,2025-07-24,65,35008.05973266491
Weekly Temperature,Treated,2025-07-24,65,27831.381372184995
Weekly Temperature,Treated,2025-07-24,65,19669.390814614668
Weekly Temperature,Treated,2025-07-24,65,19044.557504006523
Weekly Temperature,Treated,2025-07-24,65,24034.59952277781
Weekly Temperature,Treated,2025-07-24,65,17842.40197294381
Weekly Temperature,Treated,2025-07-24,65,5385.123521296524
Weekly Temperature,Treated,2025-07-24,65,12703.439285027642
Weekly Temperature,Treated,2025-07-24,65,14714.250384475845
Weekly Temperature,Treated,2025-07-24,65,40430.53237321924
Weekly Temperature,Treated,2025-07-24,65,15603.172376006816
Weekly Temperature,Treated,2025-07-24,65,14207.558481481237
Weekly Temperature,Treated,2025-07-24,65,43537.15140840988
Weekly Temperature,Treated,2025-07-24,65,14006.294288500956
Weekly Temperature,Treated,2025-07-24,65,17893.02245663438
Weekly Temperature,Treated,2025-07-24,65,18587.199294803246
Weekly Temperature,Treated,2025-07-24,65,24480.259720774193
Weekly Temperature,Treated,2025-07-24,65,10457.308063268265
Weekly Temperature,Treated,2025-07-24,65,2568.495513282028
Weekly Temperature,Treated,2025-07-24,65,11063.717240053065
Weekly Temperature,Treated,2025-07-24,65,21183.096608821757
Weekly Temperature,Treated,2025-07-24,65,10550.727378323147
Weekly Temperature,Treated,2025-07-24,65,10930.68265300787
Weekly Temperature,Treated,2025-07-24,65,31460.31405777935
Weekly Temperature,Treated,2025-07-24,65,16976.811243944372
Weekly Temperature,Treated,2025-07-24,65,16128.005058466304
Weekly Temperature,Treated,2025-07-24,65,23403.217652985684
Weekly Temperature,Treated,2025-07-24,65,9940.393068868894
Weekly Temperature,Treated,2025-07-24,65,24796.957938431107
Weekly Temperature,Treated,2025-07-24,65,13960.396256486927
Weekly Temperature,Treated,2025-07-24,65,8860.475718303558
Weekly Temperature,Treated,2025-07-24,65,26605.93495723762
Weekly Temperature,Treated,2025-07-24,65,11470.132551846378
Weekly Temperature,Treated,2025-07-24,65,7026.7676166032315
Weekly Temperature,Treated,2025-07-24,65,40305.551338738915
Weekly Temperature,Treated,2025-07-24,65,3455.7916350647215
Weekly Temperature,Treated,2025-07-24,65,8926.35220228884
Weekly Temperature,Treated,2025-07-24,65,18576.574179600742
Weekly Temperature,Treated,2025-07-24,65,27304.11425422638
Weekly Temperature,Treated,2025-07-24,65,14913.36697123361
Weekly Temperature,Treated,2025-07-24,65,15175.683573841474
Weekly Temperature,Treated,2025-07-24,65,11658.842876654642
Weekly Temperature,Treated,2025-07-24,65,17537.27452693425
Weekly Temperature,Treated,2025-07-24,65,17042.72035709558
Weekly Temperature,Treated,2025-07-24,65,36961.306259285695
Weekly Temperature,Treated,2025-07-24,65,32450.582414155706
Weekly Temperature,Treated,2025-07-24,65,16918.288791332296
Weekly Temperature,Treated,2025-07-24,65,26286.64650799255
Weekly Temperature,Treated,2025-07-24,65,18157.260787447485
Weekly Temperature,Treated,2025-07-24,65,30636.82864350871
Weekly Temperature,Treated,2025-07-24,65,37243.12132906266
Weekly Temperature,Control,2025-07-24,66,72707.63966253163
Weekly Temperature,Control,2025-07-24,66,9524.743083616238
Weekly Temperature,Control,2025-07-24,66,49638.30832110817
Weekly Temperature,Control,2025-07-24,66,39423.562788810625
Weekly Temperature,Control,2025-07-24,66,86967.84501685879
Weekly Temperature,Control,2025-07-24,66,21875.088188075166
Weekly Temperature,Control,2025-07-24,66,4143.246849911189
Weekly Temperature,Control,2025-07-24,66,46498.44247034545
Weekly Temperature,Control,2025-07-24,66,16507.629970388087
Weekly Temperature,Control,2025-07-24,66,40158.07679055556
Weekly Temperature,Control,2025-07-24,66,34759.88699948451
Weekly Temperature,Control,2025-07-24,66,24856.0850884803
Weekly Temperature,Control,2025-07-24,66,19031.765344160474
Weekly Temperature,Control,2025-07-24,66,27726.09147421227
Weekly Temperature,Control,2025-07-24,66,19866.88105654005
Weekly Temperature,Control,2025-07-24,66,30088.334646240448
Weekly Temperature,Control,2025-07-24,66,21630.9456765348
Weekly Temperature,Control,2025-07-24,66,12643.500584410318
Weekly Temperature,Control,2025-07-24,66,34795.927930103426
Weekly Temperature,Control,2025-07-24,66,10972.085612029863
Weekly Temperature,Control,2025-07-24,66,20970.33624431576
Weekly Temperature,Control,2025-07-24,66,20442.490190969307
Weekly Temperature,Control,2025-07-24,66,22359.70290052737
Weekly Temperature,Control,2025-07-24,66,35332.11075216925
Weekly Temperature,Control,2025-07-24,66,29075.516770341103
Weekly Temperature,Control,2025-07-24,66,21687.43405811537
Weekly Temperature,Control,2025-07-24,66,14161.16125611199
Weekly Temperature,Control,2025-07-24,66,25839.398663171218
Weekly Temperature,Control,2025-07-24,66,15965.638778410943
Weekly Temperature,Control,2025-07-24,66,15501.130281736943
Weekly Temperature,Control,2025-07-24,66,19889.25701272973
Weekly Temperature,Control,2025-07-24,66,16684.845748607073
Weekly Temperature,Control,2025-07-24,66,9187.844834300056
Weekly Temperature,Control,2025-07-24,66,29587.5468461475
Weekly Temperature,Control,2025-07-24,66,19125.39824830704
Weekly Temperature,Control,2025-07-24,66,18418.71346052748
Weekly Temperature,Control,2025-07-24,66,32187.126650440852
Weekly Temperature,Control,2025-07-24,66,16458.267548696484
Weekly Temperature,Control,2025-07-24,66,29044.170236851045
Weekly Temperature,Control,2025-07-24,66,13155.021578633283
Weekly Temperature,Control,2025-07-24,66,9625.357146150634
Weekly Temperature,Control,2025-07-24,66,8633.570689005463
Weekly Temperature,Control,2025-07-24,66,39747.739115372926
Weekly Temperature,Control,2025-07-24,66,19527.52975158967
Weekly Temperature,Control,2025-07-24,66,43114.82759454521
Weekly Temperature,Control,2025-07-24,66,23883.1501996662
Weekly Temperature,Control,2025-07-24,66,14759.583732265162
Weekly Temperature,Control,2025-07-24,66,22976.182792043957
Weekly Temperature,Control,2025-07-24,66,23308.81896150831
Weekly Temperature,Control,2025-07-24,66,19942.22241245455
Weekly Temperature,Control,2025-07-24,66,59427.803399230565
Weekly Temperature,Control,2025-07-24,66,32481.774467660536
Weekly Temperature,Control,2025-07-24,66,11419.97789033104
Weekly Temperature,Control,2025-07-24,66,32334.93001344578
Weekly Temperature,Control,2025-07-24,66,23324.91501744307
Weekly Temperature,Control,2025-07-24,66,6870.968110608015
Weekly Temperature,Control,2025-07-24,66,17158.757909478612
Weekly Temperature,Control,2025-07-24,66,16576.57264301075
Weekly Temperature,Control,2025-07-24,66,14121.931564785466
Weekly Temperature,Control,2025-07-24,66,5745.649740476259
Weekly Temperature,Control,2025-07-24,66,18010.620368533328
Weekly Temperature,Control,2025-07-24,66,17369.69371457813
Weekly Temperature,Control,2025-07-24,66,42394.91786837773
Weekly Temperature,Control,2025-07-24,66,5365.274864862933
Weekly Temperature,Control,2025-07-24,66,23070.683411919425
Weekly Temperature,Control,2025-07-24,66,13518.26731212618
Weekly Temperature,Control,2025-07-24,66,18726.720844731215
Weekly Temperature,Control,2025-07-24,66,17167.84865333085
Weekly Temperature,Control,2025-07-24,66,22688.83790027747
Weekly Temperature,Control,2025-07-24,66,7826.151340732372
Weekly Temperature,Control,2025-07-24,66,19867.897726755735
Weekly Temperature,Control,2025-07-24,66,6663.9423217017975
Weekly Temperature,Control,2025-07-24,66,5720.840538251234
Weekly Temperature,Control,2025-07-24,66,11017.504907337847
Weekly Temperature,Control,2025-07-24,66,18160.10795876985
Weekly Temperature,Control,2025-07-24,66,39988.3040194599
Weekly Temperature,Control,2025-07-24,66,29183.38503717174
Weekly Temperature,Control,2025-07-24,66,7496.68400874988
Weekly Temperature,Control,2025-07-24,66,16658.17139477936
Weekly Temperature,Control,2025-07-24,66,22013.345756012422
Weekly Temperature,Control,2025-07-24,66,17726.57628244567
Weekly Temperature,Control,2025-07-24,66,5111.707591947343
Weekly Temperature,Control,2025-07-24,66,7392.880616820713
Weekly Temperature,Control,2025-07-24,66,20411.33370588513
Weekly Temperature,Control,2025-07-24,66,38304.3349911088
Weekly Temperature,Control,2025-07-24,66,8902.506102312516
Weekly Temperature,Control,2025-07-24,66,3352.6567432806723
Weekly Temperature,Control,2025-07-24,66,25038.977570202573
Weekly Temperature,Control,2025-07-24,66,11474.822096406468
Weekly Temperature,Control,2025-07-24,66,36268.090047164915
Weekly Temperature,Control,2025-07-24,66,17833.03982525642
Weekly Temperature,Control,2025-07-24,66,31796.52447167992
Weekly Temperature,Control,2025-07-24,66,21939.74449014718
Weekly Temperature,Control,2025-07-24,66,17158.757909478612
Weekly Temperature,Control,2025-07-24,66,11688.029126548685
Weekly Temperature,Control,2025-07-24,66,26104.27593680004
Weekly Temperature,Control,2025-07-24,66,7604.519307262667
Weekly Temperature,Control,2025-07-24,66,36754.71973162223
Weekly Temperature,Control,2025-07-24,66,19150.096981694907
Weekly Temperature,Control,2025-07-24,66,16841.095616256236
Daily Temperature,Treated,2025-07-24,67,17147.853864314144
Daily Temperature,Treated,2025-07-24,67,9618.89884514492
Daily Temperature,Treated,2025-07-24,67,48846.361337248345
Daily Temperature,Treated,2025-07-24,67,32317.165811541792
Daily Temperature,Treated,2025-07-24,67,44476.915022747766
Daily Temperature,Treated,2025-07-24,67,32515.963930450594
Daily Temperature,Treated,2025-07-24,67,10473.564549313738
Daily Temperature,Treated,2025-07-24,67,30445.605692331497
Daily Temperature,Treated,2025-07-24,67,19200.558099000806
Daily Temperature,Treated,2025-07-24,67,44554.831022230355
Daily Temperature,Treated,2025-07-24,67,31528.495675943414
Daily Temperature,Treated,2025-07-24,67,21388.90208644188
Daily Temperature,Treated,2025-07-24,67,16176.611563843913
Daily Temperature,Treated,2025-07-24,67,7691.114939968578
Daily Temperature,Treated,2025-07-24,67,32514.47685059591
Daily Temperature,Treated,2025-07-24,67,16850.057743197325
Daily Temperature,Treated,2025-07-24,67,24604.64491190305
Daily Temperature,Treated,2025-07-24,67,22819.721060192485
Daily Temperature,Treated,2025-07-24,67,29588.928909547947
Daily Temperature,Treated,2025-07-24,67,31406.719775292186
Daily Temperature,Treated,2025-07-24,67,10191.185022735377
Daily Temperature,Treated,2025-07-24,67,16336.22885294862
Daily Temperature,Treated,2025-07-24,67,14310.196345360164
Daily Temperature,Treated,2025-07-24,67,12616.13015408462
Daily Temperature,Treated,2025-07-24,67,21071.191840037995
Daily Temperature,Treated,2025-07-24,67,23703.314375393973
Daily Temperature,Treated,2025-07-24,67,14562.030103057077
Daily Temperature,Treated,2025-07-24,67,18344.95073711242
Daily Temperature,Treated,2025-07-24,67,30423.00377115732
Daily Temperature,Treated,2025-07-24,67,18102.28248937536
Daily Temperature,Treated,2025-07-24,67,23282.394010537206
Daily Temperature,Treated,2025-07-24,67,19442.390107014406
Daily Temperature,Treated,2025-07-24,67,18707.29510772872
Daily Temperature,Treated,2025-07-24,67,20879.355320485956
Daily Temperature,Treated,2025-07-24,67,25803.327500399526
Daily Temperature,Treated,2025-07-24,67,17281.79325188569
Daily Temperature,Treated,2025-07-24,67,22531.645505216948
Daily Temperature,Treated,2025-07-24,67,16826.763772163227
Daily Temperature,Treated,2025-07-24,67,16460.028553604127
Daily Temperature,Treated,2025-07-24,67,42627.710107434905
Daily Temperature,Treated,2025-07-24,67,7131.91712903997
Weekly Temperature,Treated,2025-07-24,71,5812.058366881751
Weekly Temperature,Treated,2025-07-24,71,42261.55939075091
Weekly Temperature,Treated,2025-07-24,71,13899.892523051656
Weekly Temperature,Treated,2025-07-24,71,25548.215698702694
Weekly Temperature,Treated,2025-07-24,71,6367.690301307744
Weekly Temperature,Treated,2025-07-24,71,32953.96150663389
Weekly Temperature,Treated,2025-07-24,71,35569.103496163494
Weekly Temperature,Treated,2025-07-24,71,32591.875142961806
Weekly Temperature,Treated,2025-07-24,71,26349.760633187427
Weekly Temperature,Treated,2025-07-24,71,21348.048397857423
Weekly Temperature,Treated,2025-07-24,71,38226.67594953857
Weekly Temperature,Treated,2025-07-24,71,21175.62212695998
Weekly Temperature,Treated,2025-07-24,71,21279.377674125823
Weekly Temperature,Treated,2025-07-24,71,12740.37537653346
Weekly Temperature,Treated,2025-07-24,71,16275.905095759466
Weekly Temperature,Treated,2025-07-24,71,22973.909351077014
Weekly Temperature,Treated,2025-07-24,71,35053.75993319887
Weekly Temperature,Treated,2025-07-24,71,7259.150848513422
Weekly Temperature,Treated,2025-07-24,71,22909.189033089395
Weekly Temperature,Treated,2025-07-24,71,42130.34965881156
Weekly Temperature,Treated,2025-07-24,71,20189.109822829425
Weekly Temperature,Treated,2025-07-24,71,24534.020570249817
Weekly Temperature,Treated,2025-07-24,71,46349.17963759305
Weekly Temperature,Treated,2025-07-24,71,30563.06236201385
Weekly Temperature,Treated,2025-07-24,71,24938.319235188734
Weekly Temperature,Treated,2025-07-24,71,27993.868011616334
Weekly Temperature,Treated,2025-07-24,71,32744.11087907567
Weekly Temperature,Treated,2025-07-24,71,16422.198565557563
Weekly Temperature,Treated,2025-07-24,71,44741.50286788308
Weekly Temperature,Treated,2025-07-24,71,9157.819766065522
Weekly Temperature,Treated,2025-07-24,71,13515.992679077544
Weekly Temperature,Treated,2025-07-24,71,14213.85849171588
Weekly Temperature,Treated,2025-07-24,71,14538.779718906773
Weekly Temperature,Treated,2025-07-24,71,8272.738147641812
Weekly Temperature,Treated,2025-07-24,71,16677.729407096493
Weekly Temperature,Treated,2025-07-24,71,15182.306776776973
Weekly Temperature,Treated,2025-07-24,71,17849.89439346833
Weekly Temperature,Treated,2025-07-24,71,33178.449901935586
Weekly Temperature,Treated,2025-07-24,71,29375.305643550935
Weekly Temperature,Treated,2025-07-24,71,9289.793803655819
Weekly Temperature,Treated,2025-07-24,71,7366.37500264787
Weekly Temperature,Treated,2025-07-24,71,21549.671226392275
Weekly Temperature,Treated,2025-07-24,71,24949.21887585151
Weekly Temperature,Treated,2025-07-24,71,24080.53190986839
Weekly Temperature,Treated,2025-07-24,71,39648.70611587044
Weekly Temperature,Treated,2025-07-24,71,18541.833546014495
Weekly Temperature,Treated,2025-07-24,71,17644.72637075082
Weekly Temperature,Treated,2025-07-24,71,29982.069461131
Weekly Temperature,Treated,2025-07-24,71,6666.624320504763
Weekly Temperature,Treated,2025-07-24,71,27151.201047351376
Weekly Temperature,Treated,2025-07-24,71,27009.252173190805
Weekly Temperature,Treated,2025-07-24,71,31434.232298704177
Weekly Temperature,Treated,2025-07-24,71,24074.63936442701
Weekly Temperature,Treated,2025-07-24,71,11961.482597240825
Weekly Temperature,Treated,2025-07-24,71,9814.06298605542
Weekly Temperature,Treated,2025-07-24,71,23120.901315458388
Weekly Temperature,Treated,2025-07-24,71,52696.859713013015
Weekly Temperature,Treated,2025-07-24,71,10979.213595056797
Weekly Temperature,Treated,2025-07-24,71,8590.872138888692
Weekly Temperature,Treated,2025-07-24,71,30881.809758883453
Weekly Temperature,Treated,2025-07-24,71,32256.52868139311
Weekly Temperature,Treated,2025-07-24,71,10552.614710847745
Weekly Temperature,Treated,2025-07-24,71,18764.645408546698
Weekly Temperature,Treated,2025-07-24,71,16634.192274075715
Weekly Temperature,Treated,2025-07-24,71,25592.657285549423
Weekly Temperature,Treated,2025-07-24,71,17921.192303921373
Weekly Temperature,Treated,2025-07-24,71,24458.78083654263
Weekly Temperature,Treated,2025-07-24,71,17703.294048797332
Weekly Temperature,Treated,2025-07-24,71,11832.729414521073
Weekly Temperature,Treated,2025-07-24,71,22452.247389650514
Weekly Temperature,Treated,2025-07-24,71,15615.0117835345
Weekly Temperature,Treated,2025-07-24,71,14265.914426444106
Weekly Temperature,Treated,2025-07-24,71,13991.50110369919
Weekly Temperature,Treated,2025-07-24,71,14878.272849372595
Weekly Temperature,Treated,2025-07-24,71,10354.582606601085
Weekly Temperature,Treated,2025-07-24,71,13675.918113926966
Weekly Temperature,Treated,2025-07-24,71,18893.441597593883
Weekly Temperature,Treated,2025-07-24,71,29533.68540161007
Weekly Temperature,Treated,2025-07-24,71,11082.634544372018
Weekly Temperature,Treated,2025-07-24,71,18281.905461475853
Weekly Temperature,Treated,2025-07-24,71,17353.186450422523
Weekly Temperature,Treated,2025-07-24,71,15475.069114197817
Weekly Temperature,Treated,2025-07-24,71,8099.94489668399
Weekly Temperature,Treated,2025-07-24,71,12171.641850928969
Weekly Temperature,Treated,2025-07-24,71,6809.913144035957
Weekly Temperature,Treated,2025-07-24,71,26390.215087437293
Weekly Temperature,Treated,2025-07-24,71,26461.12586731821
Weekly Temperature,Treated,2025-07-24,71,12771.580550709665
Weekly Temperature,Treated,2025-07-24,71,13339.461719332343
Weekly Temperature,Treated,2025-07-24,71,20464.321424441183
Weekly Temperature,Treated,2025-07-24,71,16289.878080657787
Weekly Temperature,Treated,2025-07-24,71,18391.864468392283
Weekly Temperature,Treated,2025-07-24,71,28507.21630370635
Weekly Temperature,Treated,2025-07-24,71,13046.911083881785
Weekly Temperature,Treated,2025-07-24,71,21287.952224654975
Weekly Temperature,Treated,2025-07-24,71,20965.038339601295
Daily Temperature,Treated,2025-07-24,72,14856.26907594113
Daily Temperature,Treated,2025-07-24,72,28033.610060351773
Daily Temperature,Treated,2025-07-24,72,26937.208122504486
Daily Temperature,Treated,2025-07-24,72,29426.190584090575
Daily Temperature,Treated,2025-07-24,72,16917.3896490624
Daily Temperature,Treated,2025-07-24,72,39256.2230565672
Daily Temperature,Treated,2025-07-24,72,15051.904445779483
Daily Temperature,Treated,2025-07-24,72,14917.451758604046
Daily Temperature,Treated,2025-07-24,72,18241.872054373554
Daily Temperature,Treated,2025-07-24,72,20240.623421401888
Daily Temperature,Treated,2025-07-24,72,11063.717240053065
Daily Temperature,Treated,2025-07-24,72,26473.803987233216
Daily Temperature,Treated,2025-07-24,72,20757.117106629546
Daily Temperature,Treated,2025-07-24,72,11412.63577417081
Daily Temperature,Treated,2025-07-24,72,26212.322161584932
Daily Temperature,Treated,2025-07-24,72,15128.556770425597
Daily Temperature,Treated,2025-07-24,72,18894.419900358957
Daily Temperature,Treated,2025-07-24,72,25901.681772496097
Daily Temperature,Treated,2025-07-24,72,17786.28534885689
Daily Temperature,Treated,2025-07-24,72,30697.931994722443
Daily Temperature,Treated,2025-07-24,72,15154.173324072559
Daily Temperature,Treated,2025-07-24,72,32480.288603482393
Daily Temperature,Treated,2025-07-24,72,16549.146134264087
Daily Temperature,Treated,2025-07-24,72,11222.984044328081
Daily Temperature,Treated,2025-07-24,72,8117.516167725747
Daily Temperature,Treated,2025-07-24,72,14964.8974082686
Daily Temperature,Treated,2025-07-24,72,35565.91420586381
Daily Temperature,Treated,2025-07-24,72,23724.280124977813
Daily Temperature,Treated,2025-07-24,72,20399.918791282016
Daily Temperature,Treated,2025-07-24,72,11780.018042896889
Daily Temperature,Treated,2025-07-24,72,26042.86878615276
Daily Temperature,Treated,2025-07-24,72,12032.15507054972
Daily Temperature,Treated,2025-07-24,72,39482.3496952009
Daily Temperature,Treated,2025-07-24,72,38820.662788899994
Daily Temperature,Treated,2025-07-24,72,74779.01978012355
Daily Temperature,Treated,2025-07-24,72,31577.890051047092
Daily Temperature,Treated,2025-07-24,72,18799.704817941165
Daily Temperature,Treated,2025-07-24,72,29095.974282527768
Daily Temperature,Treated,2025-07-24,72,24338.52981725043
Daily Temperature,Treated,2025-07-24,72,25418.934662133688
Daily Temperature,Treated,2025-07-24,72,20408.220061660566
Daily Temperature,Treated,2025-07-24,72,31934.133574121384
Daily Temperature,Control,2025-07-24,73,30565.89697530802
Daily Temperature,Control,2025-07-24,73,61150.378671290004
Daily Temperature,Control,2025-07-24,73,41772.97453831193
Daily Temperature,Control,2025-07-24,73,25012.266568878687
Daily Temperature,Control,2025-07-24,73,34315.70003757864
Daily Temperature,Control,2025-07-24,73,8013.536572195014
Daily Temperature,Control,2025-07-24,73,70764.17166240707
Daily Temperature,Control,2025-07-24,73,21489.139440653104
Daily Temperature,Control,2025-07-24,73,12341.339610786315
Daily Temperature,Control,2025-07-24,73,49291.500169265586
Daily Temperature,Control,2025-07-24,73,12148.542966787474
Daily Temperature,Control,2025-07-24,73,36414.035375842854
Daily Temperature,Control,2025-07-24,73,55218.72931024997
Daily Temperature,Control,2025-07-24,73,39939.40196137098
Daily Temperature,Control,2025-07-24,73,12778.845834898466
Daily Temperature,Control,2025-07-24,73,91458.41985473581
Daily Temperature,Control,2025-07-24,73,66634.42553813939
Daily Temperature,Control,2025-07-24,73,25824.467944524647
Daily Temperature,Control,2025-07-24,73,16289.004501567446
Daily Temperature,Control,2025-07-24,73,23582.458256318732
Daily Temperature,Control,2025-07-24,73,23698.6572590377
Daily Temperature,Control,2025-07-24,73,50926.385689652656
Daily Temperature,Control,2025-07-24,73,29798.195685508526
Daily Temperature,Control,2025-07-24,73,21282.592819707537
Daily Temperature,Control,2025-07-24,73,44268.39970068675
Daily Temperature,Control,2025-07-24,73,21484.820745194866
Daily Temperature,Control,2025-07-24,73,39380.38077764317
Daily Temperature,Control,2025-07-24,73,38287.44212096268
Daily Temperature,Control,2025-07-24,73,16438.02630609145
Daily Temperature,Control,2025-07-24,73,31252.129842136008
Daily Temperature,Control,2025-07-24,73,36004.92814293019
Daily Temperature,Control,2025-07-24,73,39867.87973389779
Daily Temperature,Control,2025-07-24,73,23358.28407494315
Daily Temperature,Control,2025-07-24,73,21499.93909674678
Daily Temperature,Control,2025-07-24,73,21187.368650730987
Daily Temperature,Control,2025-07-24,73,25251.013705102076
Daily Temperature,Control,2025-07-24,73,9882.765896880876
Daily Temperature,Control,2025-07-24,73,23412.443019042123
Weekly Temperature,Treated,2025-07-24,74,106206.40022014582
Weekly Temperature,Treated,2025-07-24,74,51184.58135961153
Weekly Temperature,Treated,2025-07-24,74,122001.51316611226
Weekly Temperature,Treated,2025-07-24,74,59341.97714078
Weekly Temperature,Treated,2025-07-24,74,17360.521533675972
Weekly Temperature,Treated,2025-07-24,74,36735.09190029686
Weekly Temperature,Treated,2025-07-24,74,47495.86496704396
Weekly Temperature,Treated,2025-07-24,74,33516.64960331279
Weekly Temperature,Treated,2025-07-24,74,35001.75990081323
Weekly Temperature,Treated,2025-07-24,74,28370.50840920847
Weekly Temperature,Treated,2025-07-24,74,39619.207326058044
Weekly Temperature,Treated,2025-07-24,74,35175.327388387646
Weekly Temperature,Treated,2025-07-24,74,37800.07353726424
Weekly Temperature,Treated,2025-07-24,74,17295.505275895375
Weekly Temperature,Treated,2025-07-24,74,26933.352818009214
Weekly Temperature,Treated,2025-07-24,74,38960.861903325575
Weekly Temperature,Treated,2025-07-24,74,24229.391427827763
Weekly Temperature,Treated,2025-07-24,74,53565.99875450219
Weekly Temperature,Treated,2025-07-24,74,31138.37304372892
Weekly Temperature,Treated,2025-07-24,74,25410.333920173092
Weekly Temperature,Treated,2025-07-24,74,23532.62784016637
Weekly Temperature,Treated,2025-07-24,74,30814.716814391515
Weekly Temperature,Treated,2025-07-24,74,15507.019676705324
Weekly Temperature,Treated,2025-07-24,74,13817.217219623113
Weekly Temperature,Treated,2025-07-24,74,9172.53987714859
Weekly Temperature,Treated,2025-07-24,74,8552.094161149811
Weekly Temperature,Treated,2025-07-24,74,28183.69739842169
Weekly Temperature,Treated,2025-07-24,74,23466.698619540373
Weekly Temperature,Treated,2025-07-24,74,17683.75502288784
Weekly Temperature,Treated,2025-07-24,74,27472.043448432138
Weekly Temperature,Treated,2025-07-24,74,31113.935827268906
Weekly Temperature,Treated,2025-07-24,74,21845.54860161576
Weekly Temperature,Treated,2025-07-24,74,18381.32484023399
Weekly Temperature,Treated,2025-07-24,74,23623.077866315245
Weekly Temperature,Treated,2025-07-24,74,27076.283560120643
Weekly Temperature,Treated,2025-07-24,74,9393.7385807187
Weekly Temperature,Treated,2025-07-24,74,27475.958262559478
Weekly Temperature,Treated,2025-07-24,74,23469.009514455047
Weekly Temperature,Treated,2025-07-24,74,31580.79747325179
Weekly Temperature,Treated,2025-07-24,74,17215.179762244497
Weekly Temperature,Treated,2025-07-24,74,11696.863698338997
Weekly Temperature,Treated,2025-07-24,74,21698.310190074048
Weekly Temperature,Treated,2025-07-24,74,46786.24256809596
Weekly Temperature,Treated,2025-07-24,74,8624.910145933967
Weekly Temperature,Treated,2025-07-24,74,34218.11060137461
Weekly Temperature,Treated,2025-07-24,74,30896.099472205813
Weekly Temperature,Treated,2025-07-24,74,16160.107588191575
Weekly Temperature,Treated,2025-07-24,74,8706.902181504141
Weekly Temperature,Treated,2025-07-24,74,24592.66366309949
Weekly Temperature,Treated,2025-07-24,74,16693.744429555947
Weekly Temperature,Treated,2025-07-24,74,28110.568534434125
Weekly Temperature,Treated,2025-07-24,74,26741.130898834217
Weekly Temperature,Treated,2025-07-24,74,22594.421585651056
Weekly Temperature,Treated,2025-07-24,74,35479.887569734725
Weekly Temperature,Treated,2025-07-24,74,28155.758106572248
Weekly Temperature,Treated,2025-07-24,74,20037.218479958636
Weekly Temperature,Treated,2025-07-24,74,26263.954044068018
Weekly Temperature,Treated,2025-07-24,74,17744.28641118271
Weekly Temperature,Treated,2025-07-24,74,6396.263219574632
Weekly Temperature,Treated,2025-07-24,74,23289.285250933375
Weekly Temperature,Treated,2025-07-24,74,20367.775825690343
Weekly Temperature,Treated,2025-07-24,74,18533.1561556344
Weekly Temperature,Treated,2025-07-24,74,24452.817059653014
Weekly Temperature,Treated,2025-07-24,74,19126.38572924432
Weekly Temperature,Treated,2025-07-24,74,19963.642900046856
Weekly Temperature,Treated,2025-07-24,74,29566.821900759707
Weekly Temperature,Treated,2025-07-24,74,11737.703833615225
Weekly Temperature,Treated,2025-07-24,74,24517.285225948734
Weekly Temperature,Treated,2025-07-24,74,17796.563292049552
Weekly Temperature,Treated,2025-07-24,74,6732.131970018392
Weekly Temperature,Treated,2025-07-24,74,35796.11346064497
Weekly Temperature,Treated,2025-07-24,74,28726.739489571748
Weekly Temperature,Treated,2025-07-24,74,25754.879337348335
Weekly Temperature,Treated,2025-07-24,74,16243.627525767419
Weekly Temperature,Treated,2025-07-24,74,25981.57329012084
Weekly Temperature,Treated,2025-07-24,74,13221.25601119866
Weekly Temperature,Treated,2025-07-24,74,19768.453361425927
Weekly Temperature,Treated,2025-07-24,74,44678.57564228075
Weekly Temperature,Treated,2025-07-24,74,28131.82721477656
Weekly Temperature,Treated,2025-07-24,74,32434.253014929644
Weekly Temperature,Treated,2025-07-24,74,45440.231191668216
Weekly Temperature,Treated,2025-07-24,74,13940.206220761276
Weekly Temperature,Treated,2025-07-24,74,9131.819698500347
Weekly Temperature,Treated,2025-07-24,74,18607.496510337307
Weekly Temperature,Treated,2025-07-24,74,26661.989724170246
Weekly Temperature,Treated,2025-07-24,74,31932.66721669128
Weekly Temperature,Treated,2025-07-24,74,13313.208259779298
Weekly Temperature,Treated,2025-07-24,74,47023.835861970765
Weekly Temperature,Treated,2025-07-24,74,31149.878065675486
Weekly Temperature,Treated,2025-07-24,74,39873.109670191625
Weekly Temperature,Treated,2025-07-24,74,17620.598755602976
Weekly Temperature,Treated,2025-07-24,74,22309.650981789175
Daily Temperature,Treated,2025-07-24,77,62576.01957152824
Daily Temperature,Treated,2025-07-24,77,15227.070862419612
Daily Temperature,Treated,2025-07-24,77,42918.7216135467
Daily Temperature,Treated,2025-07-24,77,20236.49862887219
Daily Temperature,Treated,2025-07-24,77,15479.270273512395
Daily Temperature,Treated,2025-07-24,77,71131.927431666
Daily Temperature,Treated,2025-07-24,77,50164.20143538051
Daily Temperature,Treated,2025-07-24,77,25368.590838777884
Daily Temperature,Treated,2025-07-24,77,37591.50070155947
Daily Temperature,Treated,2025-07-24,77,17045.433118631066
Daily Temperature,Treated,2025-07-24,77,30578.65526006844
Daily Temperature,Treated,2025-07-24,77,18824.0810965762
Daily Temperature,Treated,2025-07-24,77,16703.53715584184
Daily Temperature,Treated,2025-07-24,77,19056.3714910925
Daily Temperature,Treated,2025-07-24,77,48001.842364710064
Daily Temperature,Treated,2025-07-24,77,39773.83253617735
Daily Temperature,Treated,2025-07-24,77,29526.785589935727
Daily Temperature,Treated,2025-07-24,77,25503.833720865226
Daily Temperature,Treated,2025-07-24,77,13785.636807697543
Daily Temperature,Treated,2025-07-24,77,10696.159383962504
Daily Temperature,Treated,2025-07-24,77,7870.540859977895
Daily Temperature,Treated,2025-07-24,77,12023.824367443487
Daily Temperature,Treated,2025-07-24,77,50339.7714719186
Daily Temperature,Treated,2025-07-24,77,12973.986355755356
Daily Temperature,Treated,2025-07-24,77,8676.427106788595
Daily Temperature,Treated,2025-07-24,77,15121.951390428381
Daily Temperature,Treated,2025-07-24,77,32126.679277345473
Daily Temperature,Treated,2025-07-24,77,11812.856265716599
Daily Temperature,Treated,2025-07-24,77,26542.346986391993
Daily Temperature,Control,2025-07-24,78,68437.00037653177
Daily Temperature,Control,2025-07-24,78,14687.585626683322
Daily Temperature,Control,2025-07-24,78,22147.853312680298
Daily Temperature,Control,2025-07-24,78,18516.774001940557
Daily Temperature,Control,2025-07-24,78,21742.94615552929
Daily Temperature,Control,2025-07-24,78,19892.309775192138
Daily Temperature,Control,2025-07-24,78,22498.070701914545
Daily Temperature,Control,2025-07-24,78,32240.275238220063
Daily Temperature,Control,2025-07-24,78,35845.82179259904
Daily Temperature,Control,2025-07-24,78,33434.50875449137
Daily Temperature,Control,2025-07-24,78,37392.11686851409
Daily Temperature,Control,2025-07-24,78,17257.132511775824
Daily Temperature,Control,2025-07-24,78,18859.22540958002
Daily Temperature,Control,2025-07-24,78,40344.245508785476
Daily Temperature,Control,2025-07-24,78,20239.592162839326
Daily Temperature,Control,2025-07-24,78,29474.387853846063
Daily Temperature,Control,2025-07-24,78,28860.707303051255
Daily Temperature,Control,2025-07-24,78,12721.535091652464
Daily Temperature,Control,2025-07-24,78,33560.82703329032
Daily Temperature,Control,2025-07-24,78,23316.865919956486
Daily Temperature,Control,2025-07-24,78,24198.61645982438
Daily Temperature,Control,2025-07-24,78,25321.999470997827
Daily Temperature,Control,2025-07-24,78,21419.043206967926
Daily Temperature,Control,2025-07-24,78,51254.59780685694
Daily Temperature,Control,2025-07-24,78,15572.759530152649
Daily Temperature,Control,2025-07-24,78,22680.958300694107
Daily Temperature,Control,2025-07-24,78,12870.656197767343
Daily Temperature,Control,2025-07-24,78,28354.458569881463
Daily Temperature,Control,2025-07-24,78,44638.56718635549
Daily Temperature,Control,2025-07-24,78,33272.2108383689
Daily Temperature,Control,2025-07-24,78,22104.786482912717
Daily Temperature,Control,2025-07-24,78,19717.86360616683
Daily Temperature,Control,2025-07-24,78,23393.995086666506
Daily Temperature,Control,2025-07-24,78,13260.071321170053
Daily Temperature,Control,2025-07-24,78,24526.847201469944
Daily Temperature,Control,2025-07-24,78,21661.348431480383
Daily Temperature,Control,2025-07-24,78,5758.48529148898
Daily Temperature,Control,2025-07-24,78,11702.302856922171
Weekly Temperature,Control,2025-07-24,79,7198.400885901572
Weekly Temperature,Control,2025-07-24,79,56243.64789790786
Weekly Temperature,Control,2025-07-24,79,1936.3920228404027
Weekly Temperature,Control,2025-07-24,79,8413.677794285646
Weekly Temperature,Control,2025-07-24,79,7810.558464311651
Weekly Temperature,Control,2025-07-24,79,33874.40951495535
Weekly Temperature,Control,2025-07-24,79,27773.433706220396
Weekly Temperature,Control,2025-07-24,79,17292.762207248226
Weekly Temperature,Control,2025-07-24,79,10470.436830761191
Weekly Temperature,Control,2025-07-24,79,21534.526015974945
Weekly Temperature,Control,2025-07-24,79,19040.620754187334
Weekly Temperature,Control,2025-07-24,79,18340.168770317516
Weekly Temperature,Control,2025-07-24,79,25409.105426168957
Weekly Temperature,Control,2025-07-24,79,26544.8882474967
Weekly Temperature,Control,2025-07-24,79,8307.412499384574
Weekly Temperature,Control,2025-07-24,79,8425.901658923187
Weekly Temperature,Control,2025-07-24,79,9257.238413608475
Weekly Temperature,Control,2025-07-24,79,8675.34018310013
Weekly Temperature,Control,2025-07-24,79,8515.590325762003
Weekly Temperature,Control,2025-07-24,79,13678.213091494164
Weekly Temperature,Control,2025-07-24,79,6235.164463949879
Weekly Temperature,Control,2025-07-24,79,13362.74747390456
Weekly Temperature,Control,2025-07-24,79,16264.55876768674
Weekly Temperature,Control,2025-07-24,79,26458.590806546898
Weekly Temperature,Control,2025-07-24,79,5529.076946993094
Weekly Temperature,Control,2025-07-24,79,10592.938189273986
Weekly Temperature,Control,2025-07-24,79,8226.150862422175
Weekly Temperature,Control,2025-07-24,79,14928.893683104308
Weekly Temperature,Control,2025-07-24,79,11192.045754740595
Weekly Temperature,Control,2025-07-24,79,10589.152959370189
Weekly Temperature,Control,2025-07-24,79,8351.171425918505
Weekly Temperature,Control,2025-07-24,79,10593.569159632669
Weekly Temperature,Control,2025-07-24,79,15191.417266587607
Weekly Temperature,Control,2025-07-24,79,6675.57006487747
Weekly Temperature,Control,2025-07-24,79,6891.561979489711
Weekly Temperature,Control,2025-07-24,79,5216.614740466147
Weekly Temperature,Control,2025-07-24,79,17492.958108390696
Weekly Temperature,Control,2025-07-24,79,4939.095495163493
Weekly Temperature,Control,2025-07-24,79,9513.677169690038
Weekly Temperature,Control,2025-07-24,79,17229.763187682616
Weekly Temperature,Control,2025-07-24,79,11549.37792102627
Weekly Temperature,Control,2025-07-24,79,11092.428891770165
Weekly Temperature,Control,2025-07-24,79,15120.300387821593
Weekly Temperature,Control,2025-07-24,79,6437.992159227345
Weekly Temperature,Control,2025-07-24,79,12366.841049895023
Weekly Temperature,Control,2025-07-24,79,38187.89255959087
Weekly Temperature,Control,2025-07-24,79,17177.852714472207
Weekly Temperature,Control,2025-07-24,79,9819.426803761646
Weekly Temperature,Control,2025-07-24,79,13370.265563607807
Weekly Temperature,Control,2025-07-24,79,9550.406352511749
Weekly Temperature,Control,2025-07-24,79,27134.395273759907
Weekly Temperature,Control,2025-07-24,79,11389.964414570379
Weekly Temperature,Control,2025-07-24,79,8747.84185853572
Weekly Temperature,Control,2025-07-24,79,16266.30396445173
Weekly Temperature,Control,2025-07-24,79,30720.692254498324
Weekly Temperature,Control,2025-07-24,79,22880.847240049858
Weekly Temperature,Control,2025-07-24,79,8597.34784227622
Weekly Temperature,Control,2025-07-24,79,16899.414453610083
Weekly Temperature,Control,2025-07-24,79,24199.79955494861
Weekly Temperature,Control,2025-07-24,79,20840.305708400385
Weekly Temperature,Control,2025-07-24,79,8299.52249220528
Weekly Temperature,Control,2025-07-24,79,11055.896493554657
Weekly Temperature,Control,2025-07-24,79,9572.611656582287
Weekly Temperature,Control,2025-07-24,79,12228.479541087983
Weekly Temperature,Control,2025-07-24,79,4514.871151700933
Weekly Temperature,Control,2025-07-24,79,21883.846550819202
Weekly Temperature,Control,2025-07-24,79,12255.213015184834
Weekly Temperature,Control,2025-07-24,79,21370.61802076755
Weekly Temperature,Control,2025-07-24,79,5272.851846731543
Weekly Temperature,Control,2025-07-24,79,13084.599070712628
Weekly Temperature,Control,2025-07-24,79,11651.385450372982
Weekly Temperature,Control,2025-07-24,79,23952.32617199426
Weekly Temperature,Control,2025-07-24,79,10923.578358074868
Weekly Temperature,Control,2025-07-24,79,7651.933180302286
Weekly Temperature,Control,2025-07-24,79,17063.526612301575
Weekly Temperature,Control,2025-07-24,79,21174.554509166508
Weekly Temperature,Control,2025-07-24,79,10879.09414396896
Weekly Temperature,Control,2025-07-24,79,11952.497852775947
Weekly Temperature,Control,2025-07-24,79,11943.518195592733
Weekly Temperature,Control,2025-07-24,79,16787.39913841973
Weekly Temperature,Control,2025-07-24,79,12474.952453596272
Weekly Temperature,Control,2025-07-24,79,8982.550144513085
Weekly Temperature,Control,2025-07-24,79,10165.466574780774
Weekly Temperature,Control,2025-07-24,79,14414.191510641327
Weekly Temperature,Control,2025-07-24,79,13646.109927713436
Weekly Temperature,Control,2025-07-24,79,14048.402792952862
Weekly Temperature,Control,2025-07-24,79,13409.41123156925
Weekly Temperature,Control,2025-07-24,79,28292.999313585722
Weekly Temperature,Control,2025-07-24,79,13077.942276713791
Weekly Temperature,Control,2025-07-24,79,17210.62437354063
Weekly Temperature,Control,2025-07-24,79,14803.398362667625
Weekly Temperature,Control,2025-07-24,79,8263.300214418512
Weekly Temperature,Control,2025-07-24,79,8079.3090122282465
Weekly Temperature,Control,2025-07-24,79,32026.619626937838
Weekly Temperature,Control,2025-07-24,79,15272.766933095198
Weekly Temperature,Control,2025-07-24,79,31762.92442336587
Weekly Temperature,Control,2025-07-24,79,12110.118302973
Weekly Temperature,Control,2025-07-24,79,46231.60637553388
Weekly Temperature,Control,2025-07-24,79,13731.07810765417
Weekly Temperature,Treated,2025-07-24,80,49268.8591087074
Weekly Temperature,Treated,2025-07-24,80,17132.415515784247
Weekly Temperature,Treated,2025-07-24,80,22251.920565664772
Weekly Temperature,Treated,2025-07-24,80,67574.50683276176
Weekly Temperature,Treated,2025-07-24,80,10414.880577929753
Weekly Temperature,Treated,2025-07-24,80,27934.336732575175
Weekly Temperature,Treated,2025-07-24,80,15190.588868642013
Weekly Temperature,Treated,2025-07-24,80,5094.435047689362
Weekly Temperature,Treated,2025-07-24,80,17759.210680592172
Weekly Temperature,Treated,2025-07-24,80,39549.86606812858
Weekly Temperature,Treated,2025-07-24,80,11836.844243257992
Weekly Temperature,Treated,2025-07-24,80,9433.013315706607
Weekly Temperature,Treated,2025-07-24,80,12612.532115219105
Weekly Temperature,Treated,2025-07-24,80,16703.53715584184
Weekly Temperature,Treated,2025-07-24,80,20907.886405656387
Weekly Temperature,Treated,2025-07-24,80,29210.742592800267
Weekly Temperature,Treated,2025-07-24,80,22244.15794517774
Weekly Temperature,Treated,2025-07-24,80,14016.422767909551
Weekly Temperature,Treated,2025-07-24,80,21988.05829004917
Weekly Temperature,Treated,2025-07-24,80,25282.815889858073
Weekly Temperature,Treated,2025-07-24,80,7430.107023350411
Weekly Temperature,Treated,2025-07-24,80,57921.21166889641
Weekly Temperature,Treated,2025-07-24,80,32585.916348041843
Weekly Temperature,Treated,2025-07-24,80,14393.50580606319
Weekly Temperature,Treated,2025-07-24,80,19767.440592772055
Weekly Temperature,Treated,2025-07-24,80,36485.55288912544
Weekly Temperature,Treated,2025-07-24,80,6485.176432962685
Weekly Temperature,Treated,2025-07-24,80,14807.460261429404
Weekly Temperature,Treated,2025-07-24,80,16461.789702046965
Weekly Temperature,Treated,2025-07-24,80,17035.487936006615
Weekly Temperature,Treated,2025-07-24,80,61920.30081544244
Weekly Temperature,Treated,2025-07-24,80,6496.134916192594
Weekly Temperature,Treated,2025-07-24,80,34256.81067500086
Weekly Temperature,Treated,2025-07-24,80,23094.640562445882
Weekly Temperature,Treated,2025-07-24,80,22877.448039120354
Weekly Temperature,Treated,2025-07-24,80,13591.208684257184
Weekly Temperature,Treated,2025-07-24,80,12002.32350842027
Weekly Temperature,Treated,2025-07-24,80,72968.25141741302
Weekly Temperature,Treated,2025-07-24,80,18557.267688425032
Weekly Temperature,Treated,2025-07-24,80,30663.81614729523
Weekly Temperature,Treated,2025-07-24,80,22712.489336992003
Weekly Temperature,Treated,2025-07-24,80,8742.92153927919
Weekly Temperature,Treated,2025-07-24,80,23905.410378456916
Weekly Temperature,Treated,2025-07-24,80,38926.630586568695
Weekly Temperature,Treated,2025-07-24,80,20543.47920489886
Weekly Temperature,Treated,2025-07-24,80,17231.58677832499
Weekly Temperature,Treated,2025-07-24,80,10147.126053776892
Weekly Temperature,Treated,2025-07-24,80,9857.632809502058
Weekly Temperature,Treated,2025-07-24,80,7033.741710860512
Weekly Temperature,Treated,2025-07-24,80,24263.75293950265
Weekly Temperature,Treated,2025-07-24,80,35672.87682246832
Weekly Temperature,Treated,2025-07-24,80,38996.8300904101
Weekly Temperature,Treated,2025-07-24,80,7699.068566389523
Weekly Temperature,Treated,2025-07-24,80,9232.73552201086
Weekly Temperature,Treated,2025-07-24,80,12217.236510745393
Weekly Temperature,Treated,2025-07-24,80,10863.010308373405
Weekly Temperature,Treated,2025-07-24,80,46212.033606803736
Weekly Temperature,Treated,2025-07-24,80,8787.82740429208
Weekly Temperature,Treated,2025-07-24,80,24299.33885236513
Weekly Temperature,Treated,2025-07-24,80,5078.303606435413
Weekly Temperature,Treated,2025-07-24,80,4783.7264024712385
Weekly Temperature,Treated,2025-07-24,80,5303.025291015009
Weekly Temperature,Treated,2025-07-24,80,39177.06034092479
Weekly Temperature,Treated,2025-07-24,80,35401.966765286496
Weekly Temperature,Treated,2025-07-24,80,3307.025971986512
Weekly Temperature,Treated,2025-07-24,80,8769.187091069442
Weekly Temperature,Treated,2025-07-24,80,9087.858594598785
Weekly Temperature,Treated,2025-07-24,80,19132.3114344223
Weekly Temperature,Treated,2025-07-24,80,8283.759198259202
Weekly Temperature,Treated,2025-07-24,80,26255.133286243505
Weekly Temperature,Treated,2025-07-24,80,13894.472431749766
Weekly Temperature,Treated,2025-07-24,80,24757.198797952893
Weekly Temperature,Treated,2025-07-24,80,15780.62925892583
Weekly Temperature,Treated,2025-07-24,80,13610.25262950521
Weekly Temperature,Treated,2025-07-24,80,23968.763451804825
Weekly Temperature,Treated,2025-07-24,80,49841.49705224545
Weekly Temperature,Treated,2025-07-24,80,48571.02968930446
Weekly Temperature,Treated,2025-07-24,80,21531.281677849027
Weekly Temperature,Treated,2025-07-24,80,11100.922587950687
Weekly Temperature,Treated,2025-07-24,80,17345.85373231443
Weekly Temperature,Treated,2025-07-24,80,20914.23070831951
Weekly Temperature,Treated,2025-07-24,80,12721.535091652464
Weekly Temperature,Treated,2025-07-24,80,34125.36927938404
Weekly Temperature,Treated,2025-07-24,80,10380.658778448973
Weekly Temperature,Treated,2025-07-24,80,6177.060901439788
Weekly Temperature,Treated,2025-07-24,80,13095.69941961729
Weekly Temperature,Treated,2025-07-24,80,21023.371832151257
Weekly Temperature,Treated,2025-07-24,80,7727.951602706923
Weekly Temperature,Treated,2025-07-24,80,14664.183250316977
Weekly Temperature,Treated,2025-07-24,80,4203.906829278337
Weekly Temperature,Treated,2025-07-24,80,8805.947699224384
Weekly Temperature,Treated,2025-07-24,80,18136.391952431935
Weekly Temperature,Treated,2025-07-24,80,24384.909223841983
Weekly Temperature,Treated,2025-07-24,80,9761.732223994235
Weekly Temperature,Treated,2025-07-24,80,17645.654859385566
Weekly Temperature,Treated,2025-07-24,80,25756.120719671428
Weekly Temperature,Control,2025-07-24,92,59406.337651917616
Weekly Temperature,Control,2025-07-24,92,36466.03725964056
Weekly Temperature,Control,2025-07-24,92,4914.736914656118
Weekly Temperature,Control,2025-07-24,92,31279.537148554962
Weekly Temperature,Control,2025-07-24,92,4695.618036707237
Weekly Temperature,Control,2025-07-24,92,32207.78744777951
Weekly Temperature,Control,2025-07-24,92,26744.964911554674
Weekly Temperature,Control,2025-07-24,92,14235.136663702484
Weekly Temperature,Control,2025-07-24,92,17703.294048797332
Weekly Temperature,Control,2025-07-24,92,15830.146682895127
Weekly Temperature,Control,2025-07-24,92,8231.375637509707
Weekly Temperature,Control,2025-07-24,92,30816.14314468139
Weekly Temperature,Control,2025-07-24,92,24055.790687107205
Weekly Temperature,Control,2025-07-24,92,32824.9297810352
Weekly Temperature,Control,2025-07-24,92,14458.821917880981
Weekly Temperature,Control,2025-07-24,92,29268.258160151847
Weekly Temperature,Control,2025-07-24,92,16076.914995479638
Weekly Temperature,Control,2025-07-24,92,14700.509409833365
Weekly Temperature,Control,2025-07-24,92,14594.14587803037
Weekly Temperature,Control,2025-07-24,92,11817.650928641247
Weekly Temperature,Control,2025-07-24,92,14542.786394974955
Weekly Temperature,Control,2025-07-24,92,24224.65485461281
Weekly Temperature,Control,2025-07-24,92,8110.277511941752
Weekly Temperature,Control,2025-07-24,92,32088.392533049537
Weekly Temperature,Control,2025-07-24,92,23236.49252281643
Weekly Temperature,Control,2025-07-24,92,7680.188654101087
Weekly Temperature,Control,2025-07-24,92,27387.32839457347
Weekly Temperature,Control,2025-07-24,92,18512.92098724597
Weekly Temperature,Control,2025-07-24,92,12889.66305407303
Weekly Temperature,Control,2025-07-24,92,25702.7829894719
Weekly Temperature,Control,2025-07-24,92,23020.549512849953
Weekly Temperature,Control,2025-07-24,92,23930.0323314129
Weekly Temperature,Control,2025-07-24,92,55133.239294007304
Weekly Temperature,Control,2025-07-24,92,28628.26412891314
Weekly Temperature,Control,2025-07-24,92,16347.613233931761
Weekly Temperature,Control,2025-07-24,92,6451.073457854336
Weekly Temperature,Control,2025-07-24,92,11719.99327840331
Weekly Temperature,Control,2025-07-24,92,39669.53912410642
Weekly Temperature,Control,2025-07-24,92,15834.420954049123
Weekly Temperature,Control,2025-07-24,92,12691.145245780484
Weekly Temperature,Control,2025-07-24,92,33705.86359882914
Weekly Temperature,Control,2025-07-24,92,9274.933389289099
Weekly Temperature,Control,2025-07-24,92,12036.322053388456
Weekly Temperature,Control,2025-07-24,92,15010.81565596437
Weekly Temperature,Control,2025-07-24,92,3253.0693335138794
Weekly Temperature,Control,2025-07-24,92,20529.922435266795
Weekly Temperature,Control,2025-07-24,92,16519.988179795004
Weekly Temperature,Control,2025-07-24,92,25792.14091308734
Weekly Temperature,Control,2025-07-24,92,25559.32050474912
Weekly Temperature,Control,2025-07-24,92,15295.237647833786
Weekly Temperature,Control,2025-07-24,92,25601.305632449534
Weekly Temperature,Control,2025-07-24,92,15736.334588159736
Weekly Temperature,Control,2025-07-24,92,15079.069806850292
Weekly Temperature,Control,2025-07-24,92,35146.87965296233
Weekly Temperature,Control,2025-07-24,92,20101.76745227852
Weekly Temperature,Control,2025-07-24,92,22669.70538238809
Weekly Temperature,Control,2025-07-24,92,14148.598779123407
Weekly Temperature,Control,2025-07-24,92,6921.38908931841
Weekly Temperature,Control,2025-07-24,92,8496.311792970873
Weekly Temperature,Control,2025-07-24,92,21680.910389879064
Weekly Temperature,Control,2025-07-24,92,9777.171798768972
Weekly Temperature,Control,2025-07-24,92,9632.406263293513
Weekly Temperature,Control,2025-07-24,92,8216.230582847968
Weekly Temperature,Control,2025-07-24,92,9300.664577508443
Weekly Temperature,Control,2025-07-24,92,5763.7057319724545
Weekly Temperature,Control,2025-07-24,92,8990.918824873705
Weekly Temperature,Control,2025-07-24,92,42095.77810769388
Weekly Temperature,Control,2025-07-24,92,21619.010711305204
Weekly Temperature,Control,2025-07-24,92,8754.40549371171
Weekly Temperature,Control,2025-07-24,92,16992.142549067637
Weekly Temperature,Control,2025-07-24,92,10939.083112670014
Weekly Temperature,Control,2025-07-24,92,19296.814018016357
Weekly Temperature,Control,2025-07-24,92,8274.836554221098
Weekly Temperature,Control,2025-07-24,92,16115.870824583712
Weekly Temperature,Control,2025-07-24,92,8602.20700484414
Weekly Temperature,Control,2025-07-24,92,16683.95607938522
Weekly Temperature,Control,2025-07-24,92,32465.432867592393
Weekly Temperature,Control,2025-07-24,92,4927.263469825973
Weekly Temperature,Control,2025-07-24,92,5212.507991823041
Weekly Temperature,Control,2025-07-24,92,21770.197814225463
Weekly Temperature,Control,2025-07-24,92,7926.29022013887
Weekly Temperature,Control,2025-07-24,92,43610.03428937612
Weekly Temperature,Control,2025-07-24,92,22255.24804061615
Weekly Temperature,Control,2025-07-24,92,13054.294408928165
Weekly Temperature,Control,2025-07-24,92,10141.628735599492
Weekly Temperature,Control,2025-07-24,92,22700.09812456609
Weekly Temperature,Control,2025-07-24,92,14430.118928574111
Weekly Temperature,Control,2025-07-24,92,10570.87198867712
Weekly Temperature,Treated,2025-07-24,93,58829.07248311356
Weekly Temperature,Treated,2025-07-24,93,32272.78849235822
Weekly Temperature,Treated,2025-07-24,93,3737.90899041589
Weekly Temperature,Treated,2025-07-24,93,49824.88574923076
Weekly Temperature,Treated,2025-07-24,93,16575.687376720914
Weekly Temperature,Treated,2025-07-24,93,33319.168529038456
Weekly Temperature,Treated,2025-07-24,93,10430.463880871614
Weekly Temperature,Treated,2025-07-24,93,73802.66336402271
Weekly Temperature,Treated,2025-07-24,93,15893.495615537877
Weekly Temperature,Treated,2025-07-24,93,33888.22860655395
Weekly Temperature,Treated,2025-07-24,93,27102.09909253283
Weekly Temperature,Treated,2025-07-24,93,29665.019518016175
Weekly Temperature,Treated,2025-07-24,93,24306.460860814735
Weekly Temperature,Treated,2025-07-24,93,18654.922599472728
Weekly Temperature,Treated,2025-07-24,93,6964.230436413034
Weekly Temperature,Treated,2025-07-24,93,10690.440442840185
Weekly Temperature,Treated,2025-07-24,93,46163.130130959624
Weekly Temperature,Treated,2025-07-24,93,41711.53643393412
Weekly Temperature,Treated,2025-07-24,93,8587.63564966165
Weekly Temperature,Treated,2025-07-24,93,15868.646742652085
Weekly Temperature,Treated,2025-07-24,93,15009.99475009693
Weekly Temperature,Treated,2025-07-24,93,11522.469065152376
Weekly Temperature,Treated,2025-07-24,93,13699.646946654415
Weekly Temperature,Treated,2025-07-24,93,20031.07925571519
Weekly Temperature,Treated,2025-07-24,93,19014.063979852603
Weekly Temperature,Treated,2025-07-24,93,9508.438776721208
Weekly Temperature,Treated,2025-07-24,93,37599.82632913521
Weekly Temperature,Treated,2025-07-24,93,21416.889188537352
Weekly Temperature,Treated,2025-07-24,93,29176.54875221004
Weekly Temperature,Treated,2025-07-24,93,16079.509818379254
Weekly Temperature,Treated,2025-07-24,93,25580.306417594147
Weekly Temperature,Treated,2025-07-24,93,15481.791385276912
Weekly Temperature,Treated,2025-07-24,93,7230.152589220305
Weekly Temperature,Treated,2025-07-24,93,23871.440733646756
Weekly Temperature,Treated,2025-07-24,93,13125.335158858376
Weekly Temperature,Treated,2025-07-24,93,28863.418702315514
Weekly Temperature,Treated,2025-07-24,93,38255.361694659456
Weekly Temperature,Treated,2025-07-24,93,37018.85183662685
Weekly Temperature,Treated,2025-07-24,93,25048.69611693961
Weekly Temperature,Treated,2025-07-24,93,42372.97333006887
Weekly Temperature,Treated,2025-07-24,93,8057.683397289909
Weekly Temperature,Treated,2025-07-24,93,22715.869661622597
Weekly Temperature,Treated,2025-07-24,93,14227.253045463747
Weekly Temperature,Treated,2025-07-24,93,18265.69338274329
Weekly Temperature,Treated,2025-07-24,93,16071.72630592681
Weekly Temperature,Treated,2025-07-24,93,25175.302319323928
Weekly Temperature,Treated,2025-07-24,93,22820.85188317648
Weekly Temperature,Treated,2025-07-24,93,13819.530130823356
Weekly Temperature,Treated,2025-07-24,93,8879.260452791288
Weekly Temperature,Treated,2025-07-24,93,17965.393160790965
Weekly Temperature,Treated,2025-07-24,93,15464.989868628838
Weekly Temperature,Treated,2025-07-24,93,12938.740015411488
Weekly Temperature,Treated,2025-07-24,93,11072.846698949825
Weekly Temperature,Treated,2025-07-24,93,7831.689845180337
Weekly Temperature,Treated,2025-07-24,93,13317.706074434855
Weekly Temperature,Treated,2025-07-24,93,38597.50412266783
Weekly Temperature,Treated,2025-07-24,93,23838.67776206176
Weekly Temperature,Treated,2025-07-24,93,13978.275134289408
Weekly Temperature,Treated,2025-07-24,93,22623.613318915643
Weekly Temperature,Treated,2025-07-24,93,12112.21182757513
Weekly Temperature,Treated,2025-07-24,93,27521.66299552378
Weekly Temperature,Treated,2025-07-24,93,6824.4568910479065
Weekly Temperature,Treated,2025-07-24,93,29265.517334806555
Weekly Temperature,Treated,2025-07-24,93,30646.76926244332
Weekly Temperature,Treated,2025-07-24,93,32342.33400388381
Weekly Temperature,Treated,2025-07-24,93,20390.582957828236
Weekly Temperature,Treated,2025-07-24,93,20535.13576503818
Weekly Temperature,Treated,2025-07-24,93,17222.470297368065
Weekly Temperature,Treated,2025-07-24,93,26968.06592372201
Weekly Temperature,Treated,2025-07-24,93,8376.026482021553
Weekly Temperature,Treated,2025-07-24,93,23805.94944973503
Weekly Temperature,Treated,2025-07-24,93,29665.019518016175
Weekly Temperature,Treated,2025-07-24,93,18800.679405184186
Weekly Temperature,Treated,2025-07-24,93,7991.019421940002
Weekly Temperature,Treated,2025-07-24,93,20492.416424242485
Weekly Temperature,Treated,2025-07-24,93,24197.433409288224
Weekly Temperature,Treated,2025-07-24,93,25601.305632449534
Weekly Temperature,Treated,2025-07-24,93,20733.99608747056
Weekly Temperature,Treated,2025-07-24,93,16956.986391893177
Weekly Temperature,Treated,2025-07-24,93,10959.134552079766
Weekly Temperature,Treated,2025-07-24,93,45921.16873836991
Weekly Temperature,Treated,2025-07-24,93,19394.437013001643
Weekly Temperature,Treated,2025-07-24,93,23739.430938363595
Weekly Temperature,Treated,2025-07-24,93,8861.579881748183
Weekly Temperature,Treated,2025-07-24,93,25205.809992907885
Weekly Temperature,Treated,2025-07-24,93,24729.516976343493
Weekly Temperature,Treated,2025-07-24,93,13489.476691157188
Weekly Temperature,Treated,2025-07-24,93,10835.387898743389
Weekly Temperature,Treated,2025-07-24,93,19832.337982887868
Weekly Temperature,Treated,2025-07-24,93,23285.83943444197
Weekly Temperature,Treated,2025-07-24,93,24715.083768156965
Daily Temperature,Treated,2025-07-24,95,40418.19685136137
Daily Temperature,Treated,2025-07-24,95,54678.30798496164
Daily Temperature,Treated,2025-07-24,95,15827.582541592585
Daily Temperature,Treated,2025-07-24,95,40309.06779098674
Daily Temperature,Treated,2025-07-24,95,24217.55133323029
Daily Temperature,Treated,2025-07-24,95,17596.496336494445
Daily Temperature,Treated,2025-07-24,95,32803.96185529696
Daily Temperature,Treated,2025-07-24,95,42212.31830867112
Daily Temperature,Treated,2025-07-24,95,35730.45272160752
Daily Temperature,Treated,2025-07-24,95,32629.136807078667
Daily Temperature,Treated,2025-07-24,95,49912.14367108816
Daily Temperature,Treated,2025-07-24,95,36571.84436903418
Daily Temperature,Treated,2025-07-24,95,15022.311918871083
Daily Temperature,Treated,2025-07-24,95,45241.65214926612
Daily Temperature,Treated,2025-07-24,95,32982.521637191494
Daily Temperature,Treated,2025-07-24,95,25459.51129265296
Daily Temperature,Treated,2025-07-24,95,11326.797555748413
Daily Temperature,Treated,2025-07-24,95,26057.896942481726
Daily Temperature,Treated,2025-07-24,95,26553.784142440858
Daily Temperature,Treated,2025-07-24,95,25252.236294821516
Daily Temperature,Treated,2025-07-24,95,16947.980933416082
Daily Temperature,Treated,2025-07-24,95,36072.593884550144
Daily Temperature,Treated,2025-07-24,95,28672.74794525099
Daily Temperature,Treated,2025-07-24,95,17806.84577029521
Daily Temperature,Treated,2025-07-24,95,21426.58358188638
Daily Temperature,Treated,2025-07-24,95,39175.340798672754
Daily Temperature,Treated,2025-07-24,95,27087.898195098493
Daily Temperature,Treated,2025-07-24,95,34399.520468178795
Daily Temperature,Treated,2025-07-24,95,21522.631945182864
Daily Temperature,Treated,2025-07-24,95,53627.566527057745
Daily Temperature,Treated,2025-07-24,95,24548.37216162453
Daily Temperature,Treated,2025-07-24,95,27724.777304367537
Daily Temperature,Treated,2025-07-24,95,46302.122211120506
Daily Temperature,Treated,2025-07-24,95,13490.990829020104
Daily Temperature,Treated,2025-07-24,95,21241.895194593537
Daily Temperature,Treated,2025-07-24,95,26548.700491778396
Daily Temperature,Treated,2025-07-24,95,24709.07184954511
Daily Temperature,Treated,2025-07-24,95,40310.82610706406
Daily Temperature,Treated,2025-07-24,95,27434.222490679997
Daily Temperature,Treated,2025-07-24,95,54037.968804064105
Daily Temperature,Treated,2025-07-24,95,30776.225263087912
Daily Temperature,Treated,2025-07-24,95,41859.83123349349
Daily Temperature,Treated,2025-07-24,95,32440.190239056297
Daily Temperature,Treated,2025-07-24,95,22076.11105189156
Daily Temperature,Treated,2025-07-24,95,19685.538256715012
Daily Temperature,Treated,2025-07-24,95,26830.701990516918
Weekly Temperature,Treated,2025-07-24,96,10887.464804423722
Weekly Temperature,Treated,2025-07-24,96,40330.171542341144
Weekly Temperature,Treated,2025-07-24,96,7489.86033004981
Weekly Temperature,Treated,2025-07-24,96,64382.81403519276
Weekly Temperature,Treated,2025-07-24,96,8560.700202814869
Weekly Temperature,Treated,2025-07-24,96,21224.777242372664
Weekly Temperature,Treated,2025-07-24,96,25987.822821576683
Weekly Temperature,Treated,2025-07-24,96,8740.735392816456
Weekly Temperature,Treated,2025-07-24,96,18973.79123933965
Weekly Temperature,Treated,2025-07-24,96,10560.796079297124
Weekly Temperature,Treated,2025-07-24,96,33980.46805028551
Weekly Temperature,Treated,2025-07-24,96,28258.30713510662
Weekly Temperature,Treated,2025-07-24,96,16211.398720876781
Weekly Temperature,Treated,2025-07-24,96,16832.137123671175
Weekly Temperature,Treated,2025-07-24,96,37485.05968402751
Weekly Temperature,Treated,2025-07-24,96,11330.779226364139
Weekly Temperature,Treated,2025-07-24,96,28204.998882566666
Weekly Temperature,Treated,2025-07-24,96,19675.44491583447
Weekly Temperature,Treated,2025-07-24,96,6047.887750795494
Weekly Temperature,Treated,2025-07-24,96,11021.40455312682
Weekly Temperature,Treated,2025-07-24,96,12664.418692808877
Weekly Temperature,Treated,2025-07-24,96,6129.43640318823
Weekly Temperature,Treated,2025-07-24,96,13459.976699313156
Weekly Temperature,Treated,2025-07-24,96,12728.054345659424
Weekly Temperature,Treated,2025-07-24,96,17911.79859366582
Weekly Temperature,Treated,2025-07-24,96,13776.40411035909
Weekly Temperature,Treated,2025-07-24,96,21894.798294015116
Weekly Temperature,Treated,2025-07-24,96,24835.559279705347
Weekly Temperature,Treated,2025-07-24,96,19903.5063098067
Weekly Temperature,Treated,2025-07-24,96,9952.430325349267
Weekly Temperature,Treated,2025-07-24,96,16965.094423755636
Weekly Temperature,Treated,2025-07-24,96,27469.433812120475
Weekly Temperature,Treated,2025-07-24,96,29812.09481969389
Weekly Temperature,Treated,2025-07-24,96,29138.288489806815
Weekly Temperature,Treated,2025-07-24,96,12986.486819227335
Weekly Temperature,Treated,2025-07-24,96,15932.97178718178
Weekly Temperature,Treated,2025-07-24,96,9003.762095880486
Weekly Temperature,Treated,2025-07-24,96,10464.808703076185
Weekly Temperature,Treated,2025-07-24,96,30893.2411189884
Weekly Temperature,Treated,2025-07-24,96,24113.55071097198
Weekly Temperature,Treated,2025-07-24,96,16354.622009479097
Weekly Temperature,Treated,2025-07-24,96,15922.666470363629
Weekly Temperature,Treated,2025-07-24,96,12672.359980458587
Weekly Temperature,Treated,2025-07-24,96,5959.725076944571
Weekly Temperature,Treated,2025-07-24,96,15819.892013617584
Weekly Temperature,Treated,2025-07-24,96,21940.841624041124
Weekly Temperature,Treated,2025-07-24,96,31389.353083013808
Weekly Temperature,Treated,2025-07-24,96,7923.749818091001
Weekly Temperature,Treated,2025-07-24,96,9106.438201901927
Weekly Temperature,Treated,2025-07-24,96,20612.411852092675
Weekly Temperature,Treated,2025-07-24,96,59461.2067346531
Weekly Temperature,Treated,2025-07-24,96,42660.78509871804
Weekly Temperature,Treated,2025-07-24,96,24847.63170053419
Weekly Temperature,Treated,2025-07-24,96,30276.40844427798
Weekly Temperature,Treated,2025-07-24,96,13517.509068920857
Weekly Temperature,Treated,2025-07-24,96,24888.711799284745
Weekly Temperature,Treated,2025-07-24,96,20566.43707351546
Weekly Temperature,Treated,2025-07-24,96,29305.278779870197
Weekly Temperature,Treated,2025-07-24,96,23866.75818610946
Weekly Temperature,Treated,2025-07-24,96,13665.21207324492
Weekly Temperature,Treated,2025-07-24,96,50709.199411456386
Weekly Temperature,Treated,2025-07-24,96,13247.372231167239
Weekly Temperature,Treated,2025-07-24,96,9456.173344351728
Weekly Temperature,Treated,2025-07-24,96,12327.896524911775
Weekly Temperature,Treated,2025-07-24,96,22668.580326857475
Weekly Temperature,Treated,2025-07-24,96,19601.883576486558
Weekly Temperature,Treated,2025-07-24,96,21007.450357555415
Weekly Temperature,Treated,2025-07-24,96,21383.523173370835
Weekly Temperature,Treated,2025-07-24,96,16108.940097773053
Weekly Temperature,Treated,2025-07-24,96,14611.028159212487
Weekly Temperature,Treated,2025-07-24,96,37246.42729984819
Weekly Temperature,Treated,2025-07-24,96,13533.4389375355
Weekly Temperature,Treated,2025-07-24,96,15907.218006323837
Weekly Temperature,Treated,2025-07-24,96,14694.854193165924
Weekly Temperature,Treated,2025-07-24,96,14747.430490701794
Weekly Temperature,Treated,2025-07-24,96,7841.7673042124925
Weekly Temperature,Treated,2025-07-24,96,21620.095499030478
Weekly Temperature,Treated,2025-07-24,96,12732.401916642224
Weekly Temperature,Treated,2025-07-24,96,19409.41261452914
Weekly Temperature,Treated,2025-07-24,96,36004.92814293019
Weekly Temperature,Treated,2025-07-24,96,14738.522942393773
Weekly Temperature,Treated,2025-07-24,96,30960.466716285435
Weekly Temperature,Treated,2025-07-24,96,22532.765328717207
Weekly Temperature,Treated,2025-07-24,96,40495.783331812796
Weekly Temperature,Treated,2025-07-24,96,25285.263491643134
Weekly Temperature,Treated,2025-07-24,96,19685.538256715012
Weekly Temperature,Treated,2025-07-24,96,41686.2589554379
Weekly Temperature,Treated,2025-07-24,96,24663.41812256229
Weekly Temperature,Treated,2025-07-24,96,7516.205611141471
Weekly Temperature,Control,2025-07-24,75,120855.4573716467
Weekly Temperature,Control,2025-07-24,75,3944.2847575003243
Weekly Temperature,Control,2025-07-24,75,73421.16989945996
Weekly Temperature,Control,2025-07-24,75,77784.5396867607
Weekly Temperature,Control,2025-07-24,75,8686.213985842985
Weekly Temperature,Control,2025-07-24,75,40086.24855433467
Weekly Temperature,Control,2025-07-24,75,67524.35184852655
Weekly Temperature,Control,2025-07-24,75,35841.00895878197
Weekly Temperature,Control,2025-07-24,75,74796.18967349244
Weekly Temperature,Control,2025-07-24,75,6503.594471254188
Weekly Temperature,Control,2025-07-24,75,40361.843366964604
Weekly Temperature,Control,2025-07-24,75,49118.81182399449
Weekly Temperature,Control,2025-07-24,75,43231.71323422261
Weekly Temperature,Control,2025-07-24,75,7307.35343312768
Weekly Temperature,Control,2025-07-24,75,53280.87720368932
Weekly Temperature,Control,2025-07-24,75,25219.242404903798
Weekly Temperature,Control,2025-07-24,75,16730.26684484394
Weekly Temperature,Control,2025-07-24,75,16231.427110765184
Weekly Temperature,Control,2025-07-24,75,16528.819786825858
Weekly Temperature,Control,2025-07-24,75,20949.150789421063
Weekly Temperature,Control,2025-07-24,75,17590.011526113205
Weekly Temperature,Control,2025-07-24,75,22277.440986257043
Weekly Temperature,Control,2025-07-24,75,14814.773811360292
Weekly Temperature,Control,2025-07-24,75,20882.523964568514
Weekly Temperature,Control,2025-07-24,75,43951.419457417236
Weekly Temperature,Control,2025-07-24,75,28133.156295467805
Weekly Temperature,Control,2025-07-24,75,27927.72820042785
Weekly Temperature,Control,2025-07-24,75,44552.92935982013
Weekly Temperature,Control,2025-07-24,75,31285.309485385893
Weekly Temperature,Control,2025-07-24,75,27478.568378432956
Weekly Temperature,Control,2025-07-24,75,14171.374492984105
Weekly Temperature,Control,2025-07-24,75,12673.082102125982
Weekly Temperature,Control,2025-07-24,75,65153.91203171662
Weekly Temperature,Control,2025-07-24,75,21739.677718909872
Weekly Temperature,Control,2025-07-24,75,11903.517035880508
Weekly Temperature,Control,2025-07-24,75,25501.3698020316
Weekly Temperature,Control,2025-07-24,75,17279.051842704695
Weekly Temperature,Control,2025-07-24,75,11061.761663730678
Weekly Temperature,Control,2025-07-24,75,45909.48621981538
Weekly Temperature,Control,2025-07-24,75,23788.430672987244
Weekly Temperature,Control,2025-07-24,75,16238.397921747437
Weekly Temperature,Control,2025-07-24,75,37816.79830115891
Weekly Temperature,Control,2025-07-24,75,29165.613277984045
Weekly Temperature,Control,2025-07-24,75,15177.33916872871
Weekly Temperature,Control,2025-07-24,75,35792.908317493544
Weekly Temperature,Control,2025-07-24,75,2675.57135578929
Weekly Temperature,Control,2025-07-24,75,50559.91314882717
Weekly Temperature,Control,2025-07-24,75,16637.74307554984
Weekly Temperature,Control,2025-07-24,75,18109.858130316854
Weekly Temperature,Control,2025-07-24,75,24850.04672787464
Weekly Temperature,Control,2025-07-24,75,8965.27328563864
Weekly Temperature,Control,2025-07-24,75,16154.898470688942
Weekly Temperature,Control,2025-07-24,75,7104.232860767854
Weekly Temperature,Control,2025-07-24,75,21268.66321590426
Weekly Temperature,Control,2025-07-24,75,29060.521680669313
Weekly Temperature,Control,2025-07-24,75,21947.425313014202
Weekly Temperature,Control,2025-07-24,75,23037.63118378171
Weekly Temperature,Control,2025-07-24,75,9543.402158851453
Weekly Temperature,Control,2025-07-24,75,10684.723797493536
Weekly Temperature,Control,2025-07-24,75,17650.29786210886
Weekly Temperature,Control,2025-07-24,75,35047.45369589101
Weekly Temperature,Control,2025-07-24,75,38299.266519099154
Weekly Temperature,Control,2025-07-24,75,27981.953906362844
Weekly Temperature,Control,2025-07-24,75,39848.70788827162
Weekly Temperature,Control,2025-07-24,75,11275.131552986513
Weekly Temperature,Control,2025-07-24,75,2073.018793949589
Weekly Temperature,Control,2025-07-24,75,8412.615473523272
Weekly Temperature,Control,2025-07-24,75,10067.329446390755
Weekly Temperature,Control,2025-07-24,75,8258.58425137146
Weekly Temperature,Control,2025-07-24,75,49378.023087164125
Weekly Temperature,Control,2025-07-24,75,21126.554465943565
Weekly Temperature,Control,2025-07-24,75,13140.172029768826
Weekly Temperature,Control,2025-07-24,75,38209.809829080215
Weekly Temperature,Control,2025-07-24,75,39039.68317809484
Weekly Temperature,Control,2025-07-24,75,20052.572850540895
Weekly Temperature,Control,2025-07-24,75,20001.426660921254
Weekly Temperature,Control,2025-07-24,75,18858.24850135137
Weekly Temperature,Control,2025-07-24,75,32274.26697281429
Weekly Temperature,Control,2025-07-24,75,24270.86690572159
Weekly Temperature,Control,2025-07-24,75,14991.12332383921
Weekly Temperature,Control,2025-07-24,75,30291.8877466278
Weekly Temperature,Control,2025-07-24,75,31656.463466258294
Weekly Temperature,Control,2025-07-24,75,7639.070346383491
Weekly Temperature,Control,2025-07-24,75,28742.952301176043
Weekly Temperature,Control,2025-07-24,75,31553.185355873236
Weekly Temperature,Control,2025-07-24,75,18428.30964445548
Weekly Temperature,Control,2025-07-24,75,34165.53312993424
Weekly Temperature,Control,2025-07-24,75,14092.954667006783
Weekly Temperature,Control,2025-07-24,75,7107.0445752426085
Weekly Temperature,Control,2025-07-24,75,10968.199087210745
Weekly Temperature,Control,2025-07-24,75,43757.96178152856
Weekly Temperature,Control,2025-07-24,75,20127.42625358448
Weekly Temperature,Control,2025-07-24,75,47491.86609723482
Weekly Temperature,Control,2025-07-24,75,18561.127758584862
Weekly Temperature,Control,2025-07-24,63,75800.30512942433
Weekly Temperature,Control,2025-07-24,63,4444.3381817210275
Weekly Temperature,Control,2025-07-24,63,5910.473438537232
Weekly Temperature,Control,2025-07-24,63,15064.247724762577
Weekly Temperature,Control,2025-07-24,63,19392.44093484289
Weekly Temperature,Control,2025-07-24,63,14091.389633083098
Weekly Temperature,Control,2025-07-24,63,16943.479571938413
Weekly Temperature,Control,2025-07-24,63,9675.371613992435
Weekly Temperature,Control,2025-07-24,63,14946.069063982197
Weekly Temperature,Control,2025-07-24,63,7720.972490534386
Weekly Temperature,Control,2025-07-24,63,12791.931213598064
Weekly Temperature,Control,2025-07-24,63,12382.444823701571
Weekly Temperature,Control,2025-07-24,63,27967.397553246145
Weekly Temperature,Control,2025-07-24,63,18684.97456867441
Weekly Temperature,Control,2025-07-24,63,17532.65423923916
Weekly Temperature,Control,2025-07-24,63,3393.259330712321
Weekly Temperature,Control,2025-07-24,63,39311.36644590958
Weekly Temperature,Control,2025-07-24,63,16850.057743197325
Weekly Temperature,Control,2025-07-24,63,9873.784294595955
Weekly Temperature,Control,2025-07-24,63,18766.591840346195
Weekly Temperature,Control,2025-07-24,63,8502.734356774323
Weekly Temperature,Control,2025-07-24,63,35000.18508084265
Weekly Temperature,Control,2025-07-24,63,17168.757929739215
Weekly Temperature,Control,2025-07-24,63,24723.502349691877
Weekly Temperature,Control,2025-07-24,63,13672.09379921175
Weekly Temperature,Control,2025-07-24,63,7731.442912806445
Weekly Temperature,Control,2025-07-24,63,31272.32289061083
Weekly Temperature,Control,2025-07-24,63,9522.412618334389
Weekly Temperature,Control,2025-07-24,63,27956.814796971037
Weekly Temperature,Control,2025-07-24,63,25635.921588616442
Weekly Temperature,Control,2025-07-24,63,25122.895789580998
Weekly Temperature,Control,2025-07-24,63,38762.647162712245
Weekly Temperature,Control,2025-07-24,63,26776.931547745655
Weekly Temperature,Control,2025-07-24,63,13492.505095502398
Weekly Temperature,Control,2025-07-24,63,20881.467708870437
Weekly Temperature,Control,2025-07-24,63,16086.430904702616
Weekly Temperature,Control,2025-07-24,63,12829.0614277293
Weekly Temperature,Control,2025-07-24,63,20700.40079682801
Weekly Temperature,Control,2025-07-24,63,3843.6892584582033
Weekly Temperature,Control,2025-07-24,63,11739.748655551259
Weekly Temperature,Control,2025-07-24,63,5095.536277260397
Weekly Temperature,Control,2025-07-24,63,12847.292224075736
Weekly Temperature,Control,2025-07-24,63,14474.786724674934
Weekly Temperature,Control,2025-07-24,63,9353.436461569114
Weekly Temperature,Control,2025-07-24,63,21314.764797604243
Weekly Temperature,Control,2025-07-24,63,49367.71648485446
Weekly Temperature,Control,2025-07-24,63,13588.924767120101
Weekly Temperature,Control,2025-07-24,63,13120.145247758801
Weekly Temperature,Control,2025-07-24,63,16543.841773797194
Weekly Temperature,Control,2025-07-24,63,11855.37431558318
Weekly Temperature,Control,2025-07-24,63,32733.645693796574
Weekly Temperature,Control,2025-07-24,63,4542.4998022309865
Weekly Temperature,Control,2025-07-24,63,7065.421776476461
Weekly Temperature,Control,2025-07-24,63,5216.614740466147
Weekly Temperature,Control,2025-07-24,63,23406.67683712886
Weekly Temperature,Control,2025-07-24,63,7971.10035033376
Weekly Temperature,Control,2025-07-24,63,5138.619777606433
Weekly Temperature,Control,2025-07-24,63,18980.66244787002
Weekly Temperature,Control,2025-07-24,63,10827.6887435252
Weekly Temperature,Control,2025-07-24,63,6940.252072980969
Weekly Temperature,Control,2025-07-24,63,39838.25355584954
Weekly Temperature,Control,2025-07-24,63,15093.078609435493
Weekly Temperature,Control,2025-07-24,63,10449.811456825695
Weekly Temperature,Control,2025-07-24,63,45753.94198981303
Weekly Temperature,Control,2025-07-24,63,12989.429427234429
Weekly Temperature,Control,2025-07-24,63,11331.442940484965
Weekly Temperature,Control,2025-07-24,63,13443.35723076601
Weekly Temperature,Control,2025-07-24,63,11715.909087027909
Weekly Temperature,Control,2025-07-24,63,28887.830178344728
Weekly Temperature,Control,2025-07-24,63,7664.812064600644
Weekly Temperature,Control,2025-07-24,63,14687.585626683322
Weekly Temperature,Control,2025-07-24,63,12082.230704125594
Weekly Temperature,Control,2025-07-24,63,25114.37246870048
Weekly Temperature,Control,2025-07-24,63,34684.76479609502
Weekly Temperature,Control,2025-07-24,63,9701.928422108065
Weekly Temperature,Control,2025-07-24,63,15917.515714419513
Weekly Temperature,Control,2025-07-24,63,12050.915061059744
Weekly Temperature,Control,2025-07-24,63,27741.865273047828
Weekly Temperature,Control,2025-07-24,63,17577.047378681033
Weekly Temperature,Control,2025-07-24,63,31451.618271278083
Weekly Temperature,Control,2025-07-24,63,18983.60783436129
Weekly Temperature,Control,2025-07-24,63,30266.561174931718
Weekly Temperature,Control,2025-07-24,63,6534.37678625435
Weekly Temperature,Control,2025-07-24,63,10543.180580890019
Weekly Temperature,Control,2025-07-24,63,16770.422492199858
Weekly Temperature,Control,2025-07-24,63,8679.688486554604
Weekly Temperature,Control,2025-07-24,63,22102.579664432833
Weekly Temperature,Treated,2025-07-24,76,92541.61373454849
Weekly Temperature,Treated,2025-07-24,76,13815.67544171742
Weekly Temperature,Treated,2025-07-24,76,9413.938225335754
Weekly Temperature,Treated,2025-07-24,76,25650.768057187062
Weekly Temperature,Treated,2025-07-24,76,12889.66305407303
Weekly Temperature,Treated,2025-07-24,76,6180.442823078396
Weekly Temperature,Treated,2025-07-24,76,22399.80657763489
Weekly Temperature,Treated,2025-07-24,76,7040.255478831277
Weekly Temperature,Treated,2025-07-24,76,32572.51215624336
Weekly Temperature,Treated,2025-07-24,76,61984.394113821356
Weekly Temperature,Treated,2025-07-24,76,19570.70900765858
Weekly Temperature,Treated,2025-07-24,76,28686.23845514326
Weekly Temperature,Treated,2025-07-24,76,51091.34316891046
Weekly Temperature,Treated,2025-07-24,76,11766.355764967793
Weekly Temperature,Treated,2025-07-24,76,29965.317394586436
Weekly Temperature,Treated,2025-07-24,76,22092.651077263363
Weekly Temperature,Treated,2025-07-24,76,14627.120295765402
Weekly Temperature,Treated,2025-07-24,76,18613.29882687702
Weekly Temperature,Treated,2025-07-24,76,40149.31186636565
Weekly Temperature,Treated,2025-07-24,76,18075.78681298971
Weekly Temperature,Treated,2025-07-24,76,19369.497340746013
Weekly Temperature,Treated,2025-07-24,76,14965.71644032805
Weekly Temperature,Treated,2025-07-24,76,10708.876364780093
Weekly Temperature,Treated,2025-07-24,76,31363.317029554433
Weekly Temperature,Treated,2025-07-24,76,33917.41665281606
Weekly Temperature,Treated,2025-07-24,76,21673.30134939048
Weekly Temperature,Treated,2025-07-24,76,55616.046789097156
Weekly Temperature,Treated,2025-07-24,76,19641.15720873922
Weekly Temperature,Treated,2025-07-24,76,18773.40556793632
Weekly Temperature,Treated,2025-07-24,76,34480.38701852459
Weekly Temperature,Treated,2025-07-24,76,15968.219920453164
Weekly Temperature,Treated,2025-07-24,76,28605.369097562245
Weekly Temperature,Treated,2025-07-24,76,55128.74271096217
Weekly Temperature,Treated,2025-07-24,76,24659.816654009213
Weekly Temperature,Treated,2025-07-24,76,28314.36473353221
Weekly Temperature,Treated,2025-07-24,76,24007.542864729818
Weekly Temperature,Treated,2025-07-24,76,29500.577702679228
Weekly Temperature,Treated,2025-07-24,76,31223.300195947937
Weekly Temperature,Treated,2025-07-24,76,27872.26429604295
Weekly Temperature,Treated,2025-07-24,76,43373.04831490461
Weekly Temperature,Treated,2025-07-24,76,20225.15877262894
Weekly Temperature,Treated,2025-07-24,76,8365.443145762283
Weekly Temperature,Treated,2025-07-24,76,10633.37719049334
Weekly Temperature,Treated,2025-07-24,76,32176.80011520507
Weekly Temperature,Treated,2025-07-24,76,61169.90012644013
Weekly Temperature,Treated,2025-07-24,76,19859.765481257764
Weekly Temperature,Treated,2025-07-24,76,40568.18460447559
Weekly Temperature,Treated,2025-07-24,76,13272.779616573545
Weekly Temperature,Treated,2025-07-24,76,26561.411029217663
Weekly Temperature,Treated,2025-07-24,76,18851.411227744156
Weekly Temperature,Treated,2025-07-24,76,15346.097322623784
Weekly Temperature,Treated,2025-07-24,76,28181.035589012605
Weekly Temperature,Treated,2025-07-24,76,13340.96309901993
Weekly Temperature,Treated,2025-07-24,76,40580.55590746797
Weekly Temperature,Treated,2025-07-24,76,28904.113380920007
Weekly Temperature,Treated,2025-07-24,76,8703.088442649238
Weekly Temperature,Treated,2025-07-24,76,50419.3545763491
Weekly Temperature,Treated,2025-07-24,76,7976.714812535757
Weekly Temperature,Treated,2025-07-24,76,28577.106584443252
Weekly Temperature,Treated,2025-07-24,76,8863.236319260977
Weekly Temperature,Treated,2025-07-24,76,14562.832343282264
Weekly Temperature,Treated,2025-07-24,76,17377.034121448014
Weekly Temperature,Treated,2025-07-24,76,15346.097322623784
Weekly Temperature,Treated,2025-07-24,76,21935.35637624662
Weekly Temperature,Treated,2025-07-24,76,27622.42048099762
Weekly Temperature,Treated,2025-07-24,76,10007.942348130975
Weekly Temperature,Treated,2025-07-24,76,8538.660118931071
Weekly Temperature,Treated,2025-07-24,76,24542.39154529227
Weekly Temperature,Treated,2025-07-24,76,12834.893154583142
Weekly Temperature,Treated,2025-07-24,76,14403.845841864071
Weekly Temperature,Treated,2025-07-24,76,11722.035776157296
Weekly Temperature,Treated,2025-07-24,76,15073.304348080494
Weekly Temperature,Treated,2025-07-24,76,23501.380450434463
Weekly Temperature,Treated,2025-07-24,76,27071.122736622838
Weekly Temperature,Treated,2025-07-24,76,9060.884228221628
Weekly Temperature,Treated,2025-07-24,76,36045.193438379065
Weekly Temperature,Treated,2025-07-24,76,15728.67781437046
Weekly Temperature,Treated,2025-07-24,76,17581.676593712167
Weekly Temperature,Treated,2025-07-24,76,21360.94308243857
Weekly Temperature,Treated,2025-07-24,76,15521.329575910435
Weekly Temperature,Treated,2025-07-24,76,35172.16564336388
Weekly Temperature,Treated,2025-07-24,76,13383.053659958903
Weekly Temperature,Treated,2025-07-24,76,15042.857591438107
Weekly Temperature,Treated,2025-07-24,76,20328.427773030744
Weekly Temperature,Treated,2025-07-24,76,40275.67117795623
Weekly Temperature,Treated,2025-07-24,76,14341.097053235053
Weekly Temperature,Treated,2025-07-24,76,15443.16862499675
Weekly Temperature,Treated,2025-07-24,76,10857.224502257477
Weekly Temperature,Treated,2025-07-24,76,33519.694869221836
Weekly Temperature,Treated,2025-07-24,76,34924.65860365858
Weekly Temperature,Treated,2025-07-24,76,33647.790567933545
Weekly Temperature,Treated,2025-07-24,76,13089.778347929452
Weekly Temperature,Treated,2025-07-24,76,17225.2048552072
Weekly Temperature,Treated,2025-07-24,76,7638.575942343612
Weekly Temperature,Treated,2025-07-24,76,39612.26892781977
Weekly Temperature,Treated,2025-07-24,76,7299.223598189466
Weekly Temperature,Treated,2025-07-24,76,23873.782272867837
Daily Temperature,Control,2025-08-20,36,53942.87174935385
Daily Temperature,Control,2025-08-20,36,28493.791057238173
Daily Temperature,Control,2025-08-20,36,67163.58008722031
Daily Temperature,Control,2025-08-20,36,18322.96157890761
Daily Temperature,Control,2025-08-20,36,22970.499514276336
Daily Temperature,Control,2025-08-20,36,16199.216743518116
Daily Temperature,Control,2025-08-20,36,12477.093383529578
Daily Temperature,Control,2025-08-20,36,21589.73724603054
Daily Temperature,Control,2025-08-20,36,49729.45520170176
Daily Temperature,Control,2025-08-20,36,21830.243853405133
Daily Temperature,Control,2025-08-20,36,20234.436474316433
Daily Temperature,Control,2025-08-20,36,9608.33770690796
Daily Temperature,Control,2025-08-20,36,19297.808267057237
Daily Temperature,Control,2025-08-20,36,38682.56062862604
Daily Temperature,Control,2025-08-20,36,30421.591583513236
Daily Temperature,Control,2025-08-20,36,16507.629970388087
Daily Temperature,Control,2025-08-20,36,33541.01775881027
Daily Temperature,Control,2025-08-20,36,15911.508101754938
Daily Temperature,Control,2025-08-20,36,46045.92745614152
Daily Temperature,Control,2025-08-20,36,29828.780416836056
Daily Temperature,Control,2025-08-20,36,32600.814923697344
Daily Temperature,Control,2025-08-20,36,25751.15546761948
Daily Temperature,Control,2025-08-20,36,44334.66218565665
Daily Temperature,Control,2025-08-20,36,20757.117106629546
Daily Temperature,Control,2025-08-20,36,30485.190405446774
Daily Temperature,Control,2025-08-20,36,51456.58109278001
Daily Temperature,Control,2025-08-20,36,49036.74657899919
Daily Temperature,Control,2025-08-20,36,23247.961356475927
Daily Temperature,Control,2025-08-20,36,37586.50601568064
Daily Temperature,Control,2025-08-20,36,42323.63063430833
Daily Temperature,Control,2025-08-20,36,37638.142753857945
Daily Temperature,Control,2025-08-20,36,24302.899655449975
Daily Temperature,Control,2025-08-20,36,20933.272482102813
Daily Temperature,Control,2025-08-20,36,29109.61881999741
Daily Temperature,Control,2025-08-20,36,24198.61645982438
Daily Temperature,Control,2025-08-20,36,31760.003984187315
Daily Temperature,Control,2025-08-20,36,66550.90285875533
Weekly Temperature,Control,2025-08-20,41,41304.94865871665
Weekly Temperature,Control,2025-08-20,41,4154.6314588489995
Weekly Temperature,Control,2025-08-20,41,23844.52574994554
Weekly Temperature,Control,2025-08-20,41,7742.423218024655
Weekly Temperature,Control,2025-08-20,41,9802.151241827723
Weekly Temperature,Control,2025-08-20,41,11458.7496627439
Weekly Temperature,Control,2025-08-20,41,18292.40148916481
Weekly Temperature,Control,2025-08-20,41,22098.16653561582
Weekly Temperature,Control,2025-08-20,41,3936.97192762025
Weekly Temperature,Control,2025-08-20,41,24914.110965246808
Weekly Temperature,Control,2025-08-20,41,25476.740720188245
Weekly Temperature,Control,2025-08-20,41,36702.397016725714
Weekly Temperature,Control,2025-08-20,41,27346.997081577312
Weekly Temperature,Control,2025-08-20,41,12324.360707711521
Weekly Temperature,Control,2025-08-20,41,5162.298904527941
Weekly Temperature,Control,2025-08-20,41,2866.728302405124
Weekly Temperature,Control,2025-08-20,41,14631.14543050213
Weekly Temperature,Control,2025-08-20,41,54060.10331417288
Weekly Temperature,Control,2025-08-20,41,21096.729963102207
Weekly Temperature,Control,2025-08-20,41,20223.097504157286
Weekly Temperature,Control,2025-08-20,41,15218.773660726876
Weekly Temperature,Control,2025-08-20,41,3324.793088580687
Weekly Temperature,Control,2025-08-20,41,17184.221250147606
Weekly Temperature,Control,2025-08-20,41,7556.3426122007995
Weekly Temperature,Control,2025-08-20,41,20128.45312761556
Weekly Temperature,Control,2025-08-20,41,24438.508570043898
Weekly Temperature,Control,2025-08-20,41,8935.237317667896
Weekly Temperature,Control,2025-08-20,41,9212.25874558457
Weekly Temperature,Control,2025-08-20,41,9658.874843910962
Weekly Temperature,Control,2025-08-20,41,7259.150848513422
Weekly Temperature,Control,2025-08-20,41,17300.07779472475
Weekly Temperature,Control,2025-08-20,41,15624.31896689361
Weekly Temperature,Control,2025-08-20,41,16483.816171847022
Weekly Temperature,Control,2025-08-20,41,13126.818275664424
Weekly Temperature,Control,2025-08-20,41,10838.597093319124
Weekly Temperature,Control,2025-08-20,41,8711.262264715138
Weekly Temperature,Control,2025-08-20,41,35154.78000312797
Weekly Temperature,Control,2025-08-20,41,9111.510283736616
Weekly Temperature,Control,2025-08-20,41,17277.224420922063
Weekly Temperature,Control,2025-08-20,41,32971.99724519456
Weekly Temperature,Control,2025-08-20,41,8423.243173617007
Weekly Temperature,Control,2025-08-20,41,20288.104886159963
Weekly Temperature,Control,2025-08-20,41,21673.30134939048
Weekly Temperature,Control,2025-08-20,41,12044.659282658758
Weekly Temperature,Control,2025-08-20,41,20621.82548893356
Weekly Temperature,Control,2025-08-20,41,45742.29286095242
Weekly Temperature,Control,2025-08-20,41,27657.818536900846
Weekly Temperature,Control,2025-08-20,41,22509.258023925246
Weekly Temperature,Control,2025-08-20,41,22843.477400236658
Weekly Temperature,Control,2025-08-20,41,4970.027670670483
Weekly Temperature,Control,2025-08-20,41,30834.690102472792
Weekly Temperature,Control,2025-08-20,41,50247.74605868833
Weekly Temperature,Control,2025-08-20,41,18465.771290063458
Weekly Temperature,Control,2025-08-20,41,12413.696936683471
Weekly Temperature,Control,2025-08-20,41,7130.507532994865
Weekly Temperature,Control,2025-08-20,41,11213.103144036375
Weekly Temperature,Control,2025-08-20,41,13677.448066574596
Weekly Temperature,Control,2025-08-20,41,14972.269922382893
Weekly Temperature,Control,2025-08-20,41,10919.704750542382
Weekly Temperature,Control,2025-08-20,41,10267.40024947487
Weekly Temperature,Control,2025-08-20,41,3758.4830918804373
Weekly Temperature,Control,2025-08-20,41,20337.74177575395
Weekly Temperature,Control,2025-08-20,41,8529.533948944636
Weekly Temperature,Control,2025-08-20,41,28175.712554150454
Weekly Temperature,Control,2025-08-20,41,6251.351717277853
Weekly Temperature,Control,2025-08-20,41,5547.413391015746
Weekly Temperature,Control,2025-08-20,41,3538.565886785212
Weekly Temperature,Control,2025-08-20,41,13741.823195584187
Weekly Temperature,Control,2025-08-20,41,11915.231038205799
Weekly Temperature,Control,2025-08-20,41,4037.143642551249
Weekly Temperature,Control,2025-08-20,41,15820.746376301842
Weekly Temperature,Control,2025-08-20,41,17961.6281470285
Weekly Temperature,Control,2025-08-20,41,32182.70067714798
Weekly Temperature,Control,2025-08-20,41,9988.00382901064
Weekly Temperature,Control,2025-08-20,41,5108.764573599561
Weekly Temperature,Control,2025-08-20,41,12866.273009264418
Weekly Temperature,Control,2025-08-20,41,12262.959873537831
Weekly Temperature,Control,2025-08-20,41,10688.53463933769
Weekly Temperature,Control,2025-08-20,41,7615.365696506824
Weekly Temperature,Control,2025-08-20,41,19689.576703544306
Weekly Temperature,Control,2025-08-20,41,17198.78466650369
Weekly Temperature,Control,2025-08-20,41,8580.626371282338
Weekly Temperature,Control,2025-08-20,41,21436.281345376836
Weekly Temperature,Control,2025-08-20,41,15498.606775979244
Weekly Temperature,Control,2025-08-20,41,11074.80374802475
Weekly Temperature,Control,2025-08-20,41,12211.617920192277
Weekly Temperature,Control,2025-08-20,42,18241.872054373554
Weekly Temperature,Control,2025-08-20,42,39728.61244539805
Weekly Temperature,Control,2025-08-20,42,41470.086227732114
Weekly Temperature,Control,2025-08-20,42,6365.0974300488415
Weekly Temperature,Control,2025-08-20,42,10422.981714591084
Weekly Temperature,Control,2025-08-20,42,40427.00763804564
Weekly Temperature,Control,2025-08-20,42,7344.260749820689
Weekly Temperature,Control,2025-08-20,42,32446.128307992734
Weekly Temperature,Control,2025-08-20,42,14728.810275178079
Weekly Temperature,Control,2025-08-20,42,4043.9692152299795
Weekly Temperature,Control,2025-08-20,42,6846.771413293041
Weekly Temperature,Control,2025-08-20,42,20420.676824610877
Weekly Temperature,Control,2025-08-20,42,8333.752818625928
Weekly Temperature,Control,2025-08-20,42,26773.09399248535
Weekly Temperature,Control,2025-08-20,42,21660.26205378967
Weekly Temperature,Control,2025-08-20,42,24198.61645982438
Weekly Temperature,Control,2025-08-20,42,10651.105640457821
Weekly Temperature,Control,2025-08-20,42,18201.905682145636
Weekly Temperature,Control,2025-08-20,42,11155.266887249174
Weekly Temperature,Control,2025-08-20,42,12131.764552744027
Weekly Temperature,Control,2025-08-20,42,23443.59930773785
Weekly Temperature,Control,2025-08-20,42,13523.575915950472
Weekly Temperature,Control,2025-08-20,42,12799.932815333748
Weekly Temperature,Control,2025-08-20,42,20203.523486038433
Weekly Temperature,Control,2025-08-20,42,10314.323491488667
Weekly Temperature,Control,2025-08-20,42,10626.418505494263
Weekly Temperature,Control,2025-08-20,42,26294.21402846695
Weekly Temperature,Control,2025-08-20,42,18426.39010195586
Weekly Temperature,Control,2025-08-20,42,16481.171810683434
Weekly Temperature,Control,2025-08-20,42,11582.405705610026
Weekly Temperature,Control,2025-08-20,42,17557.614835225195
Weekly Temperature,Control,2025-08-20,42,33929.712208407385
Weekly Temperature,Control,2025-08-20,42,9687.75801506456
Weekly Temperature,Control,2025-08-20,42,15471.708810934835
Weekly Temperature,Control,2025-08-20,42,6372.87837574652
Weekly Temperature,Control,2025-08-20,42,6082.082262663429
Weekly Temperature,Control,2025-08-20,42,9313.263656158162
Weekly Temperature,Control,2025-08-20,42,22152.27406821291
Weekly Temperature,Control,2025-08-20,42,21786.561403314347
Weekly Temperature,Control,2025-08-20,42,40324.894794768836
Weekly Temperature,Control,2025-08-20,42,19412.408797110944
Weekly Temperature,Control,2025-08-20,42,15742.291816604993
Weekly Temperature,Control,2025-08-20,42,34539.57535336461
Weekly Temperature,Control,2025-08-20,42,6245.384401471946
Weekly Temperature,Control,2025-08-20,42,37643.14279426129
Weekly Temperature,Control,2025-08-20,42,9486.344883585967
Weekly Temperature,Control,2025-08-20,42,12007.869340408446
Weekly Temperature,Control,2025-08-20,42,12016.191709877472
Weekly Temperature,Control,2025-08-20,42,18606.52959208033
Weekly Temperature,Control,2025-08-20,42,18095.655790095003
Weekly Temperature,Control,2025-08-20,42,14221.736482556054
Weekly Temperature,Control,2025-08-20,42,12719.36256753711
Weekly Temperature,Control,2025-08-20,42,22073.90643465682
Weekly Temperature,Control,2025-08-20,42,16900.312867381985
Weekly Temperature,Control,2025-08-20,42,18740.32803845393
Weekly Temperature,Control,2025-08-20,42,18585.267110091354
Weekly Temperature,Control,2025-08-20,42,4522.944934653226
Weekly Temperature,Control,2025-08-20,42,42186.80358461952
Weekly Temperature,Control,2025-08-20,42,9976.537578424963
Weekly Temperature,Control,2025-08-20,42,29019.656440605817
Weekly Temperature,Control,2025-08-20,42,5714.051749166137
Weekly Temperature,Control,2025-08-20,42,13809.509633077765
Weekly Temperature,Control,2025-08-20,42,12313.051234069124
Weekly Temperature,Control,2025-08-20,42,16972.30404464318
Weekly Temperature,Control,2025-08-20,42,10771.35373744906
Weekly Temperature,Control,2025-08-20,42,15788.30526250437
Weekly Temperature,Control,2025-08-20,42,28980.195718668692
Weekly Temperature,Control,2025-08-20,42,18417.754052294662
Weekly Temperature,Control,2025-08-20,42,35884.342601038894
Weekly Temperature,Control,2025-08-20,42,19267.997851735992
Weekly Temperature,Control,2025-08-20,42,30632.569144392153
Weekly Temperature,Control,2025-08-20,42,23443.59930773785
Weekly Temperature,Control,2025-08-20,42,20576.878972160503
Weekly Temperature,Control,2025-08-20,42,31904.81636440095
Weekly Temperature,Control,2025-08-20,42,27646.015286807626
Weekly Temperature,Control,2025-08-20,42,15557.570021983312
Weekly Temperature,Control,2025-08-20,42,14164.303196048731
Weekly Temperature,Control,2025-08-20,42,26984.791975605094
Weekly Temperature,Control,2025-08-20,42,20963.97888195411
Weekly Temperature,Control,2025-08-20,42,14847.31166271379
Weekly Temperature,Control,2025-08-20,42,18348.776996733137
Weekly Temperature,Control,2025-08-20,42,21816.03968119601
Weekly Temperature,Control,2025-08-20,42,23018.272693545117
Weekly Temperature,Control,2025-08-20,42,12251.692936554948
Weekly Temperature,Control,2025-08-20,42,31863.80740833773
Weekly Temperature,Control,2025-08-20,42,9869.594971872137
Weekly Temperature,Control,2025-08-20,42,22311.873680152115
Weekly Temperature,Control,2025-08-20,42,21391.053942618557
Weekly Temperature,Control,2025-08-20,42,39589.72569185983
Weekly Temperature,Control,2025-08-20,42,16344.109704130313
Weekly Temperature,Control,2025-08-20,42,8989.244623716282
Weekly Temperature,Control,2025-08-20,43,19113.551520558834
Weekly Temperature,Control,2025-08-20,43,51205.79051364352
Weekly Temperature,Control,2025-08-20,43,14017.202111530372
Weekly Temperature,Control,2025-08-20,43,11399.962303698072
Weekly Temperature,Control,2025-08-20,43,57914.19932873275
Weekly Temperature,Control,2025-08-20,43,12565.828078255823
Weekly Temperature,Control,2025-08-20,43,4342.491216834198
Weekly Temperature,Control,2025-08-20,43,43962.709459479775
Weekly Temperature,Control,2025-08-20,43,42848.589843882655
Weekly Temperature,Control,2025-08-20,43,8162.087580390318
Weekly Temperature,Control,2025-08-20,43,32955.46419173962
Weekly Temperature,Control,2025-08-20,43,21510.74292157251
Weekly Temperature,Control,2025-08-20,43,33481.64451426581
Weekly Temperature,Control,2025-08-20,43,16159.239313149375
Weekly Temperature,Control,2025-08-20,43,21555.082212685265
Weekly Temperature,Control,2025-08-20,43,11978.775258173195
Weekly Temperature,Control,2025-08-20,43,20588.369757544253
Weekly Temperature,Control,2025-08-20,43,27164.134042903315
Weekly Temperature,Control,2025-08-20,43,16842.887750861533
Weekly Temperature,Control,2025-08-20,43,11196.649515630652
Weekly Temperature,Control,2025-08-20,43,54846.040114403695
Weekly Temperature,Control,2025-08-20,43,34453.93360976603
Weekly Temperature,Control,2025-08-20,43,10172.809734035432
Weekly Temperature,Control,2025-08-20,43,7152.143987353128
Weekly Temperature,Control,2025-08-20,43,11421.313202301797
Weekly Temperature,Control,2025-08-20,43,32865.39735345824
Weekly Temperature,Control,2025-08-20,43,22799.373619073893
Weekly Temperature,Control,2025-08-20,43,29653.94237424944
Weekly Temperature,Control,2025-08-20,43,27710.324617508697
Weekly Temperature,Control,2025-08-20,43,39739.04428246631
Weekly Temperature,Control,2025-08-20,43,18705.35338210215
Weekly Temperature,Control,2025-08-20,43,17166.939413657197
Weekly Temperature,Control,2025-08-20,43,25485.358808916342
Weekly Temperature,Control,2025-08-20,43,34284.695820376786
Weekly Temperature,Control,2025-08-20,43,11377.309893965372
Weekly Temperature,Control,2025-08-20,43,11920.056974977077
Weekly Temperature,Control,2025-08-20,43,16200.086653538943
Weekly Temperature,Control,2025-08-20,43,39387.287414475075
Weekly Temperature,Control,2025-08-20,43,46374.68474221528
Weekly Temperature,Control,2025-08-20,43,18247.587006435147
Weekly Temperature,Control,2025-08-20,43,9395.468708660888
Weekly Temperature,Control,2025-08-20,43,15046.146878646252
Weekly Temperature,Control,2025-08-20,43,41287.029973136676
Weekly Temperature,Control,2025-08-20,43,21911.233806620094
Weekly Temperature,Control,2025-08-20,43,11330.779226364139
Weekly Temperature,Control,2025-08-20,43,11468.123188631482
Weekly Temperature,Control,2025-08-20,43,8230.330485174414
Weekly Temperature,Control,2025-08-20,43,13013.725177246053
Weekly Temperature,Control,2025-08-20,43,19131.323719320993
Weekly Temperature,Control,2025-08-20,43,14322.867444458705
Weekly Temperature,Control,2025-08-20,43,26095.496644986943
Weekly Temperature,Control,2025-08-20,43,9802.746571939553
Weekly Temperature,Control,2025-08-20,43,12900.638191313947
Weekly Temperature,Control,2025-08-20,43,4266.174094683295
Weekly Temperature,Control,2025-08-20,43,26345.970486663336
Weekly Temperature,Control,2025-08-20,43,15751.656641422867
Weekly Temperature,Control,2025-08-20,43,13706.541798029193
Weekly Temperature,Control,2025-08-20,43,7849.331711007914
Weekly Temperature,Control,2025-08-20,43,13591.970054539055
Weekly Temperature,Control,2025-08-20,43,27610.62892336308
Weekly Temperature,Control,2025-08-20,43,52517.01467898675
Weekly Temperature,Control,2025-08-20,43,18146.824077556128
Weekly Temperature,Control,2025-08-20,43,36016.198889337305
Weekly Temperature,Control,2025-08-20,43,47846.79123764568
Weekly Temperature,Control,2025-08-20,43,38439.687576723096
Weekly Temperature,Control,2025-08-20,43,8326.37127682865
Weekly Temperature,Control,2025-08-20,43,33983.54606008742
Weekly Temperature,Control,2025-08-20,43,29064.61065607971
Weekly Temperature,Control,2025-08-20,43,31393.69405670438
Weekly Temperature,Control,2025-08-20,43,41052.85635561928
Weekly Temperature,Control,2025-08-20,43,13336.459343430064
Weekly Temperature,Control,2025-08-20,43,31043.58245185081
Weekly Temperature,Control,2025-08-20,43,13381.548697921637
Weekly Temperature,Control,2025-08-20,43,30764.827529472168
Weekly Temperature,Control,2025-08-20,43,10196.702456510744
Weekly Temperature,Control,2025-08-20,43,13770.251580967193
Weekly Temperature,Control,2025-08-20,43,7538.2124034641165
Weekly Temperature,Control,2025-08-20,43,17465.303786315537
Weekly Temperature,Control,2025-08-20,43,25640.86967400339
Weekly Temperature,Control,2025-08-20,43,22994.376554281593
Weekly Temperature,Control,2025-08-20,43,34196.45343178827
Weekly Temperature,Control,2025-08-20,43,14003.178949363282
Weekly Temperature,Control,2025-08-20,43,3077.8322727312793
Weekly Temperature,Control,2025-08-20,43,30516.32068863364
Weekly Temperature,Control,2025-08-20,43,59599.749954809144
Weekly Temperature,Control,2025-08-20,43,20267.45028875452
Weekly Temperature,Control,2025-08-20,43,6940.712619490302
Weekly Temperature,Control,2025-08-20,43,13169.140400136264
Weekly Temperature,Control,2025-08-20,43,28338.41576301001
Weekly Temperature,Control,2025-08-20,43,28118.53908146196
Weekly Temperature,Control,2025-08-20,43,19747.193566725768
Weekly Temperature,Control,2025-08-20,43,23459.766986280698
Weekly Temperature,Control,2025-08-20,43,15150.866111979527
Weekly Temperature,Control,2025-08-20,43,20617.64124323476
Weekly Temperature,Control,2025-08-20,43,9047.98020453
Weekly Temperature,Control,2025-08-20,43,19580.761167707315
Weekly Temperature,Treated,2025-08-20,44,27556.96110887745
Weekly Temperature,Treated,2025-08-20,44,27265.17502394619
Weekly Temperature,Treated,2025-08-20,44,39330.335958185635
Weekly Temperature,Treated,2025-08-20,44,15761.025703484695
Weekly Temperature,Treated,2025-08-20,44,13801.805303392091
Weekly Temperature,Treated,2025-08-20,44,31675.401949953895
Weekly Temperature,Treated,2025-08-20,44,42669.97616168541
Weekly Temperature,Treated,2025-08-20,44,25748.67311882117
Weekly Temperature,Treated,2025-08-20,44,8916.364325221719
Weekly Temperature,Treated,2025-08-20,44,29345.082086768794
Weekly Temperature,Treated,2025-08-20,44,6316.409973698712
Weekly Temperature,Treated,2025-08-20,44,3981.3028045405636
Weekly Temperature,Treated,2025-08-20,44,53537.43264787078
Weekly Temperature,Treated,2025-08-20,44,41832.67334722287
Weekly Temperature,Treated,2025-08-20,44,21001.084360011777
Weekly Temperature,Treated,2025-08-20,44,24572.305867333147
Weekly Temperature,Treated,2025-08-20,44,15063.424600380567
Weekly Temperature,Treated,2025-08-20,44,26649.241995376433
Weekly Temperature,Treated,2025-08-20,44,13649.164911610276
Weekly Temperature,Treated,2025-08-20,44,14883.16593531884
Weekly Temperature,Treated,2025-08-20,44,8294.791163787333
Weekly Temperature,Treated,2025-08-20,44,28999.2405274421
Weekly Temperature,Treated,2025-08-20,44,18380.366921226378
Weekly Temperature,Treated,2025-08-20,44,16233.16959985289
Weekly Temperature,Treated,2025-08-20,44,40739.878510305425
Weekly Temperature,Treated,2025-08-20,44,28996.519246860546
Weekly Temperature,Treated,2025-08-20,44,29775.967524151394
Weekly Temperature,Treated,2025-08-20,44,31172.898011521407
Weekly Temperature,Treated,2025-08-20,44,11529.864290981552
Weekly Temperature,Treated,2025-08-20,44,19445.390187090048
Weekly Temperature,Treated,2025-08-20,44,32943.44420282702
Weekly Temperature,Treated,2025-08-20,44,16333.602545797703
Weekly Temperature,Treated,2025-08-20,44,31437.129442315665
Weekly Temperature,Treated,2025-08-20,44,19199.56768808231
Weekly Temperature,Treated,2025-08-20,44,8765.353040461965
Weekly Temperature,Treated,2025-08-20,44,5039.230263093472
Weekly Temperature,Treated,2025-08-20,44,18143.978497896678
Weekly Temperature,Treated,2025-08-20,44,16506.747510740315
Weekly Temperature,Treated,2025-08-20,44,17616.889051628044
Weekly Temperature,Treated,2025-08-20,44,19698.665529527796
Weekly Temperature,Treated,2025-08-20,44,13519.025587521912
Weekly Temperature,Treated,2025-08-20,44,11431.331787369056
Weekly Temperature,Treated,2025-08-20,44,12794.113093757956
Weekly Temperature,Treated,2025-08-20,44,29684.412239886256
Weekly Temperature,Treated,2025-08-20,44,5870.473336337448
Weekly Temperature,Treated,2025-08-20,44,26173.33551734152
Weekly Temperature,Treated,2025-08-20,44,21417.966176954065
Weekly Temperature,Treated,2025-08-20,44,8824.09582966767
Weekly Temperature,Treated,2025-08-20,44,17103.383857656376
Weekly Temperature,Treated,2025-08-20,44,10181.994272028025
Weekly Temperature,Treated,2025-08-20,44,13480.394564544342
Weekly Temperature,Treated,2025-08-20,44,17455.1722332286
Weekly Temperature,Treated,2025-08-20,44,17830.231912693005
Weekly Temperature,Treated,2025-08-20,44,13077.942276713791
Weekly Temperature,Treated,2025-08-20,44,22798.24361518993
Weekly Temperature,Treated,2025-08-20,44,37219.98594384468
Weekly Temperature,Treated,2025-08-20,44,10383.766361485517
Weekly Temperature,Treated,2025-08-20,44,13074.245164319676
Weekly Temperature,Treated,2025-08-20,44,13346.969896196917
Weekly Temperature,Treated,2025-08-20,44,18150.618714242773
Weekly Temperature,Treated,2025-08-20,44,12545.033068288601
Weekly Temperature,Treated,2025-08-20,44,53344.37742210946
Weekly Temperature,Treated,2025-08-20,44,25810.78730680129
Weekly Temperature,Treated,2025-08-20,44,24817.45913344243
Weekly Temperature,Treated,2025-08-20,44,13203.370264155219
Weekly Temperature,Treated,2025-08-20,44,7205.973989267217
Weekly Temperature,Treated,2025-08-20,44,18605.56271224885
Weekly Temperature,Treated,2025-08-20,44,34143.90187144796
Weekly Temperature,Treated,2025-08-20,44,20995.78049333577
Weekly Temperature,Treated,2025-08-20,44,18898.333499010096
Weekly Temperature,Treated,2025-08-20,44,14885.612936437732
Daily Temperature,Control,2025-08-20,53,19890.274560322792
Daily Temperature,Control,2025-08-20,53,24108.831604094015
Daily Temperature,Control,2025-08-20,53,25869.28010190857
Daily Temperature,Control,2025-08-20,53,33623.36207104278
Daily Temperature,Control,2025-08-20,53,15225.411147166566
Daily Temperature,Control,2025-08-20,53,31994.29929204721
Daily Temperature,Control,2025-08-20,53,10415.503574572229
Daily Temperature,Control,2025-08-20,53,30432.890509023884
Daily Temperature,Control,2025-08-20,53,15445.685265468494
Daily Temperature,Control,2025-08-20,53,13984.497939284154
Daily Temperature,Control,2025-08-20,53,28713.234225967426
Daily Temperature,Control,2025-08-20,53,25507.529943734782
Daily Temperature,Control,2025-08-20,53,16447.70453301207
Daily Temperature,Control,2025-08-20,53,25511.226580177656
Daily Temperature,Control,2025-08-20,53,22177.70658010655
Daily Temperature,Control,2025-08-20,53,17730.303608428418
Daily Temperature,Control,2025-08-20,53,24745.160287956318
Daily Temperature,Control,2025-08-20,53,21842.268318737868
Daily Temperature,Control,2025-08-20,53,16238.397921747437
Daily Temperature,Control,2025-08-20,53,16846.472456229247
Daily Temperature,Control,2025-08-20,53,25653.24311396121
Daily Temperature,Control,2025-08-20,53,22484.65156166665
Daily Temperature,Control,2025-08-20,53,23747.59215569458
Daily Temperature,Control,2025-08-20,53,19189.665729669417
Daily Temperature,Control,2025-08-20,53,6029.182585266624
Daily Temperature,Control,2025-08-20,53,18225.687118720718
Daily Temperature,Control,2025-08-20,53,12605.338361941765
Daily Temperature,Control,2025-08-20,53,37073.17309075432
Daily Temperature,Control,2025-08-20,53,23184.93666913994
Daily Temperature,Control,2025-08-20,53,17807.780765974094
Daily Temperature,Control,2025-08-20,53,19706.74718397286
Daily Temperature,Control,2025-08-20,53,26368.71768683737
Daily Temperature,Control,2025-08-20,53,14770.122689833323
Daily Temperature,Control,2025-08-20,53,8920.24750877731
Daily Temperature,Control,2025-08-20,53,23357.132806187594
Daily Temperature,Control,2025-08-20,53,32958.46972181528
Daily Temperature,Control,2025-08-20,53,23739.430938363595
Daily Temperature,Control,2025-08-20,53,24049.902808658404
Daily Temperature,Control,2025-08-20,53,31425.542112031726
Daily Temperature,Control,2025-08-20,53,13052.817491297386
Daily Temperature,Control,2025-08-20,53,14617.46340085111
Daily Temperature,Control,2025-08-20,53,19461.396602059136
Daily Temperature,Control,2025-08-20,53,19343.586138964398
Daily Temperature,Control,2025-08-20,53,16539.42246301249
Weekly Temperature,Control,2025-08-20,55,37410.35928441183
Weekly Temperature,Control,2025-08-20,55,3205.2586659051726
Weekly Temperature,Control,2025-08-20,55,11174.958531856077
Weekly Temperature,Control,2025-08-20,55,18532.192192864866
Weekly Temperature,Control,2025-08-20,55,23385.927637302375
Weekly Temperature,Control,2025-08-20,55,15401.270489883545
Weekly Temperature,Control,2025-08-20,55,80408.23858193481
Weekly Temperature,Control,2025-08-20,55,10832.821056967075
Weekly Temperature,Control,2025-08-20,55,10328.555582740417
Weekly Temperature,Control,2025-08-20,55,27550.421779814536
Weekly Temperature,Control,2025-08-20,55,25375.953415530268
Weekly Temperature,Control,2025-08-20,55,30081.334550954336
Weekly Temperature,Control,2025-08-20,55,10228.010212722767
Weekly Temperature,Control,2025-08-20,55,4623.727029350429
Weekly Temperature,Control,2025-08-20,55,25892.95516389474
Weekly Temperature,Control,2025-08-20,55,20658.465435249454
Weekly Temperature,Control,2025-08-20,55,42763.81360534341
Weekly Temperature,Control,2025-08-20,55,12621.16871048692
Weekly Temperature,Control,2025-08-20,55,15246.99817078134
Weekly Temperature,Control,2025-08-20,55,13595.015858540564
Weekly Temperature,Control,2025-08-20,55,13794.87419046635
Weekly Temperature,Control,2025-08-20,55,20884.636598982204
Weekly Temperature,Control,2025-08-20,55,7340.8998505615855
Weekly Temperature,Control,2025-08-20,55,12842.185629387084
Weekly Temperature,Control,2025-08-20,55,17840.529243171844
Weekly Temperature,Control,2025-08-20,55,12426.499033299415
Weekly Temperature,Control,2025-08-20,55,34025.12043644089
Weekly Temperature,Control,2025-08-20,55,19398.429641300772
Weekly Temperature,Control,2025-08-20,55,24601.050064670435
Weekly Temperature,Control,2025-08-20,55,10328.555582740417
Weekly Temperature,Control,2025-08-20,55,16618.22081314608
Weekly Temperature,Control,2025-08-20,55,22169.963875121884
Weekly Temperature,Control,2025-08-20,55,25856.826260683767
Weekly Temperature,Control,2025-08-20,55,18454.23843446767
Weekly Temperature,Control,2025-08-20,55,8750.576260693077
Weekly Temperature,Control,2025-08-20,55,25692.869109276497
Weekly Temperature,Control,2025-08-20,55,13257.082472003955
Weekly Temperature,Control,2025-08-20,55,13283.252187032982
Weekly Temperature,Control,2025-08-20,55,59556.72653436789
Weekly Temperature,Control,2025-08-20,55,48697.3264612952
Weekly Temperature,Control,2025-08-20,55,28574.41604504517
Weekly Temperature,Control,2025-08-20,55,18797.75575940034
Weekly Temperature,Control,2025-08-20,55,11947.662020738875
Weekly Temperature,Control,2025-08-20,55,5787.845035582014
Weekly Temperature,Control,2025-08-20,55,32982.521637191494
Weekly Temperature,Control,2025-08-20,55,13457.709493122593
Weekly Temperature,Control,2025-08-20,55,6531.734105077992
Weekly Temperature,Control,2025-08-20,55,23387.079998876423
Weekly Temperature,Control,2025-08-20,55,16638.63086616248
Weekly Temperature,Control,2025-08-20,55,21607.080806053436
Weekly Temperature,Control,2025-08-20,55,26887.122436268077
Weekly Temperature,Control,2025-08-20,55,5448.074756652765
Weekly Temperature,Control,2025-08-20,55,25984.072963372648
Weekly Temperature,Control,2025-08-20,55,15259.462797638393
Weekly Temperature,Control,2025-08-20,55,21607.080806053436
Weekly Temperature,Control,2025-08-20,55,24790.9306622978
Weekly Temperature,Control,2025-08-20,55,34349.829883813116
Weekly Temperature,Control,2025-08-20,55,9330.464757375008
Weekly Temperature,Control,2025-08-20,55,9029.489692344061
Weekly Temperature,Control,2025-08-20,55,23826.985101757295
Weekly Temperature,Control,2025-08-20,55,19593.834887650464
Weekly Temperature,Control,2025-08-20,55,25421.39242971001
Weekly Temperature,Control,2025-08-20,55,31078.02579787432
Weekly Temperature,Control,2025-08-20,55,18028.54681405257
Weekly Temperature,Control,2025-08-20,55,7870.035386527549
Weekly Temperature,Control,2025-08-20,55,14382.376679941586
Weekly Temperature,Control,2025-08-20,55,26924.358766830905
Weekly Temperature,Control,2025-08-20,55,8227.195620135066
Weekly Temperature,Control,2025-08-20,55,30565.89697530802
Weekly Temperature,Control,2025-08-20,55,13902.215909584173
Weekly Temperature,Control,2025-08-20,55,16368.646426258525
Weekly Temperature,Control,2025-08-20,55,34567.639531281246
Weekly Temperature,Control,2025-08-20,55,5886.367876777869
Weekly Temperature,Control,2025-08-20,55,19832.337982887868
Weekly Temperature,Control,2025-08-20,55,16408.13921097565
Weekly Temperature,Control,2025-08-20,55,21649.400579162622
Weekly Temperature,Control,2025-08-20,55,5918.661227014427
Weekly Temperature,Control,2025-08-20,55,16436.267094653915
Weekly Temperature,Control,2025-08-20,55,3836.2123999650325
Weekly Temperature,Control,2025-08-20,55,8718.350869284734
Weekly Temperature,Control,2025-08-20,55,7537.233311326036
Weekly Temperature,Control,2025-08-20,55,16135.809309388069
Weekly Temperature,Control,2025-08-20,55,10322.9847512351
Weekly Temperature,Control,2025-08-20,55,4014.8635082961478
Weekly Temperature,Control,2025-08-20,55,16450.34480263146
Weekly Temperature,Control,2025-08-20,55,14672.249836162251
Weekly Temperature,Control,2025-08-20,55,11055.896493554657
Weekly Temperature,Control,2025-08-20,55,12235.51039687427
Weekly Temperature,Control,2025-08-20,55,45991.312838616366
Weekly Temperature,Control,2025-08-20,55,20541.393101189602
Weekly Temperature,Treated,2025-08-20,56,21595.15595919673
Weekly Temperature,Treated,2025-08-20,56,65950.42915589124
Weekly Temperature,Treated,2025-08-20,56,20569.56921619383
Weekly Temperature,Treated,2025-08-20,56,8132.525797153901
Weekly Temperature,Treated,2025-08-20,56,63214.669994124866
Weekly Temperature,Treated,2025-08-20,56,9285.791174872453
Weekly Temperature,Treated,2025-08-20,56,33991.24203401332
Weekly Temperature,Treated,2025-08-20,56,15420.532885462808
Weekly Temperature,Treated,2025-08-20,56,8999.851826434084
Weekly Temperature,Treated,2025-08-20,56,26839.67184145896
Weekly Temperature,Treated,2025-08-20,56,5797.118054354034
Weekly Temperature,Treated,2025-08-20,56,25144.82315117803
Weekly Temperature,Treated,2025-08-20,56,8664.476524249923
Weekly Temperature,Treated,2025-08-20,56,11778.651277637808
Weekly Temperature,Treated,2025-08-20,56,16631.529551965195
Weekly Temperature,Treated,2025-08-20,56,31432.783804662035
Weekly Temperature,Treated,2025-08-20,56,45418.9911762998
Weekly Temperature,Treated,2025-08-20,56,10516.798682062123
Weekly Temperature,Treated,2025-08-20,56,48834.09839473744
Weekly Temperature,Treated,2025-08-20,56,32729.16141059369
Weekly Temperature,Treated,2025-08-20,56,27774.749660684847
Weekly Temperature,Treated,2025-08-20,56,15555.882994544152
Weekly Temperature,Treated,2025-08-20,56,6115.579417218446
Weekly Temperature,Treated,2025-08-20,56,19745.16973837856
Weekly Temperature,Treated,2025-08-20,56,13503.866194660259
Weekly Temperature,Treated,2025-08-20,56,26315.664479091276
Weekly Temperature,Treated,2025-08-20,56,50444.50662747375
Weekly Temperature,Treated,2025-08-20,56,17284.53499290116
Weekly Temperature,Treated,2025-08-20,56,14237.502394889343
Weekly Temperature,Treated,2025-08-20,56,29541.966825646705
Weekly Temperature,Treated,2025-08-20,56,31669.573787033914
Weekly Temperature,Treated,2025-08-20,56,7925.27398677244
Weekly Temperature,Treated,2025-08-20,56,16376.53918487634
Weekly Temperature,Treated,2025-08-20,56,15522.171647244213
Weekly Temperature,Treated,2025-08-20,56,60530.706534801415
Weekly Temperature,Treated,2025-08-20,56,18002.13364893791
Weekly Temperature,Treated,2025-08-20,56,18878.771706307307
Weekly Temperature,Treated,2025-08-20,56,14918.268818016593
Weekly Temperature,Treated,2025-08-20,56,32201.883311392197
Weekly Temperature,Treated,2025-08-20,56,45285.935904207865
Weekly Temperature,Treated,2025-08-20,56,39846.96535063229
Weekly Temperature,Treated,2025-08-20,56,44846.535976871135
Weekly Temperature,Treated,2025-08-20,56,17295.505275895375
Weekly Temperature,Treated,2025-08-20,56,35516.50869694209
Weekly Temperature,Treated,2025-08-20,56,24285.09966215118
Weekly Temperature,Treated,2025-08-20,56,22033.1515358789
Weekly Temperature,Treated,2025-08-20,56,37063.29187660799
Weekly Temperature,Treated,2025-08-20,56,32690.3176276694
Weekly Temperature,Treated,2025-08-20,56,26041.616742094575
Weekly Temperature,Treated,2025-08-20,56,22883.113589936653
Weekly Temperature,Treated,2025-08-20,56,55786.041430775396
Weekly Temperature,Treated,2025-08-20,56,18142.08163422881
Weekly Temperature,Treated,2025-08-20,56,29302.535267662144
Weekly Temperature,Treated,2025-08-20,56,17794.694237830336
Weekly Temperature,Treated,2025-08-20,56,9436.484614670959
Weekly Temperature,Treated,2025-08-20,56,22639.343958049587
Weekly Temperature,Treated,2025-08-20,56,12579.466498563894
Weekly Temperature,Treated,2025-08-20,56,29583.4009562596
Weekly Temperature,Treated,2025-08-20,57,19101.710410220156
Weekly Temperature,Treated,2025-08-20,57,23228.466931626943
Weekly Temperature,Treated,2025-08-20,57,14541.984992749763
Weekly Temperature,Treated,2025-08-20,57,10190.572112676962
Weekly Temperature,Treated,2025-08-20,57,3612.1510424787534
Weekly Temperature,Treated,2025-08-20,57,16409.896128716355
Weekly Temperature,Treated,2025-08-20,57,13708.840665619275
Weekly Temperature,Treated,2025-08-20,57,23580.13876190226
Weekly Temperature,Treated,2025-08-20,57,35712.85240743733
Weekly Temperature,Treated,2025-08-20,57,5024.679826117562
Weekly Temperature,Treated,2025-08-20,57,26555.055172666343
Weekly Temperature,Treated,2025-08-20,57,31069.412181121395
Weekly Temperature,Treated,2025-08-20,57,10450.43602001495
Weekly Temperature,Treated,2025-08-20,57,21547.507124076903
Weekly Temperature,Treated,2025-08-20,57,15691.285482430907
Weekly Temperature,Treated,2025-08-20,57,51029.96381388151
Weekly Temperature,Treated,2025-08-20,57,4331.062718504156
Weekly Temperature,Treated,2025-08-20,57,15646.334534815172
Weekly Temperature,Treated,2025-08-20,57,11857.434560794594
Weekly Temperature,Treated,2025-08-20,57,5608.200112984617
Weekly Temperature,Treated,2025-08-20,57,25766.053441882847
Weekly Temperature,Treated,2025-08-20,57,26817.89193869186
Weekly Temperature,Treated,2025-08-20,57,11998.858343991024
Weekly Temperature,Treated,2025-08-20,57,12769.401574026388
Weekly Temperature,Treated,2025-08-20,57,14623.900793046165
Weekly Temperature,Treated,2025-08-20,57,32492.176996506616
Weekly Temperature,Treated,2025-08-20,57,8870.969413511673
Weekly Temperature,Treated,2025-08-20,57,11854.00096862436
Weekly Temperature,Treated,2025-08-20,57,10383.144789074357
Weekly Temperature,Treated,2025-08-20,57,10834.746145478357
Weekly Temperature,Treated,2025-08-20,57,16927.282218201883
Weekly Temperature,Treated,2025-08-20,57,14841.613625981972
Weekly Temperature,Treated,2025-08-20,57,17898.653718427224
Weekly Temperature,Treated,2025-08-20,57,50860.94213022234
Weekly Temperature,Treated,2025-08-20,57,12003.01663181303
Weekly Temperature,Treated,2025-08-20,57,6490.4348042587635
Weekly Temperature,Treated,2025-08-20,57,15509.544223845418
Weekly Temperature,Treated,2025-08-20,57,18234.254246341046
Weekly Temperature,Treated,2025-08-20,57,23027.381010892255
Weekly Temperature,Treated,2025-08-20,57,9435.905998561613
Weekly Temperature,Treated,2025-08-20,57,21428.738349162595
Weekly Temperature,Treated,2025-08-20,57,17697.709788766468
Weekly Temperature,Treated,2025-08-20,57,25258.349928771117
Weekly Temperature,Treated,2025-08-20,57,6153.425521002061
Weekly Temperature,Treated,2025-08-20,57,19884.16987313425
Weekly Temperature,Treated,2025-08-20,57,8041.749238516732
Weekly Temperature,Treated,2025-08-20,57,13746.43018196778
Weekly Temperature,Treated,2025-08-20,57,21348.048397857423
Weekly Temperature,Treated,2025-08-20,57,12674.526438687535
Weekly Temperature,Treated,2025-08-20,57,36379.94057891276
Weekly Temperature,Treated,2025-08-20,57,7779.943025918929
Weekly Temperature,Treated,2025-08-20,57,22059.58054789928
Weekly Temperature,Treated,2025-08-20,57,11167.735230140548
Weekly Temperature,Treated,2025-08-20,57,30543.225780661767
Weekly Temperature,Treated,2025-08-20,57,29945.782493631952
Weekly Temperature,Treated,2025-08-20,57,20306.707820527787
Weekly Temperature,Treated,2025-08-20,57,5981.5734952936145
Weekly Temperature,Treated,2025-08-20,57,11622.268150620976
Weekly Temperature,Treated,2025-08-20,57,22651.70964827373
Weekly Temperature,Treated,2025-08-20,57,7484.015125505722
Weekly Temperature,Treated,2025-08-20,57,6735.735094369095
Weekly Temperature,Treated,2025-08-20,57,9683.037988336442
Weekly Temperature,Treated,2025-08-20,57,14648.866010129559
Weekly Temperature,Treated,2025-08-20,57,16439.78566095756
Weekly Temperature,Treated,2025-08-20,57,43716.727345434745
Weekly Temperature,Treated,2025-08-20,57,11762.942061238027
Weekly Temperature,Treated,2025-08-20,57,18622.972429228554
Weekly Temperature,Treated,2025-08-20,57,15132.686245867362
Weekly Temperature,Treated,2025-08-20,57,35052.18329101041
Weekly Temperature,Treated,2025-08-20,57,29135.557102630773
Weekly Temperature,Treated,2025-08-20,57,16594.285535444233
Weekly Temperature,Treated,2025-08-20,57,13598.823840083192
Weekly Temperature,Treated,2025-08-20,57,21366.317632777223
Weekly Temperature,Treated,2025-08-20,57,7286.32526699437
Weekly Temperature,Treated,2025-08-20,57,17361.438585409727
Weekly Temperature,Treated,2025-08-20,57,18403.36751295154
Weekly Temperature,Treated,2025-08-20,57,23584.77792648148
Weekly Temperature,Treated,2025-08-20,57,28057.47624658554
Weekly Temperature,Treated,2025-08-20,57,5988.593915162088
Weekly Temperature,Treated,2025-08-20,57,22791.464496909528
Weekly Temperature,Treated,2025-08-20,57,12958.557164924707
Weekly Temperature,Treated,2025-08-20,57,11129.051956242565
Weekly Temperature,Treated,2025-08-20,57,6483.862330553157
Weekly Temperature,Treated,2025-08-20,57,2754.7345916840977
Weekly Temperature,Treated,2025-08-20,57,16041.484350442888
Weekly Temperature,Treated,2025-08-20,57,7676.714523576124
Weekly Temperature,Treated,2025-08-20,57,22307.428453709657
Weekly Temperature,Treated,2025-08-20,57,13252.600153695383
Weekly Temperature,Treated,2025-08-20,57,21462.15853083601
Weekly Temperature,Treated,2025-08-20,57,11117.924646469643
Weekly Temperature,Control,2025-08-20,58,15890.923670394071
Weekly Temperature,Control,2025-08-20,58,31013.46884275867
Weekly Temperature,Control,2025-08-20,58,15223.751569379063
Weekly Temperature,Control,2025-08-20,58,37332.46294520842
Weekly Temperature,Control,2025-08-20,58,38075.08993202732
Weekly Temperature,Control,2025-08-20,58,30636.82864350871
Weekly Temperature,Control,2025-08-20,58,24548.37216162453
Weekly Temperature,Control,2025-08-20,58,38492.23699154506
Weekly Temperature,Control,2025-08-20,58,18068.22206508639
Weekly Temperature,Control,2025-08-20,58,9628.293809280229
Weekly Temperature,Control,2025-08-20,58,31729.351965768063
Weekly Temperature,Control,2025-08-20,58,19956.500779175738
Weekly Temperature,Control,2025-08-20,58,10009.756417671842
Weekly Temperature,Control,2025-08-20,58,28374.52196813059
Weekly Temperature,Control,2025-08-20,58,26155.743338693945
Weekly Temperature,Control,2025-08-20,58,26892.256112958625
Weekly Temperature,Control,2025-08-20,58,5279.2531867807575
Weekly Temperature,Control,2025-08-20,58,16574.80214645482
Weekly Temperature,Control,2025-08-20,58,16519.105216869768
Weekly Temperature,Control,2025-08-20,58,34562.96093565589
Weekly Temperature,Control,2025-08-20,58,21988.05829004917
Weekly Temperature,Control,2025-08-20,58,15415.50614814889
Weekly Temperature,Control,2025-08-20,58,10113.5661728623
Weekly Temperature,Control,2025-08-20,58,47316.17736925683
Weekly Temperature,Control,2025-08-20,58,31780.451439962166
Weekly Temperature,Control,2025-08-20,58,32380.855999378942
Weekly Temperature,Control,2025-08-20,58,7241.551495079896
Weekly Temperature,Control,2025-08-20,58,16220.104402911049
Weekly Temperature,Control,2025-08-20,58,14983.743759948326
Weekly Temperature,Control,2025-08-20,58,37339.08748907604
Weekly Temperature,Control,2025-08-20,58,28436.118287634097
Weekly Temperature,Control,2025-08-20,58,21378.14529928239
Weekly Temperature,Control,2025-08-20,58,40119.52231101173
Weekly Temperature,Control,2025-08-20,58,11709.784809917024
Weekly Temperature,Control,2025-08-20,58,21392.129933057702
Weekly Temperature,Control,2025-08-20,58,19106.64352364875
Weekly Temperature,Control,2025-08-20,58,6967.00110264441
Weekly Temperature,Control,2025-08-20,58,12456.409340051627
Weekly Temperature,Control,2025-08-20,58,18007.79112246034
Weekly Temperature,Control,2025-08-20,58,19437.390761254115
Weekly Temperature,Control,2025-08-20,58,25650.768057187062
Weekly Temperature,Control,2025-08-20,58,11687.349752306916
Weekly Temperature,Control,2025-08-20,58,30169.628135909916
Weekly Temperature,Control,2025-08-20,58,14137.613542984402
Weekly Temperature,Control,2025-08-20,58,17355.936829447146
Weekly Temperature,Control,2025-08-20,58,19595.84682248827
Weekly Temperature,Control,2025-08-20,58,29192.957921724603
Weekly Temperature,Control,2025-08-20,58,16800.811004638454
Weekly Temperature,Control,2025-08-20,58,12081.534135127082
Weekly Temperature,Control,2025-08-20,58,19655.270128148764
Daily Temperature,Control,2025-08-20,59,21005.32819381069
Daily Temperature,Control,2025-08-20,59,28550.210019061105
Daily Temperature,Control,2025-08-20,59,22264.123177763668
Daily Temperature,Control,2025-08-20,59,22827.637726699257
Daily Temperature,Control,2025-08-20,59,10070.973945666248
Daily Temperature,Control,2025-08-20,59,23532.62784016637
Daily Temperature,Control,2025-08-20,59,11647.996898794672
Daily Temperature,Control,2025-08-20,59,31787.75658076224
Daily Temperature,Control,2025-08-20,59,26014.083535570382
Daily Temperature,Control,2025-08-20,59,28825.477067832882
Daily Temperature,Control,2025-08-20,59,18595.89602708919
Daily Temperature,Control,2025-08-20,59,43994.71014139617
Daily Temperature,Control,2025-08-20,59,58138.92677244871
Daily Temperature,Control,2025-08-20,59,21534.526015974945
Daily Temperature,Control,2025-08-20,59,45985.46428826975
Daily Temperature,Control,2025-08-20,59,40152.817656543484
Daily Temperature,Control,2025-08-20,59,21966.0873449139
Daily Temperature,Control,2025-08-20,59,23739.430938363595
Daily Temperature,Control,2025-08-20,59,30054.745709453902
Daily Temperature,Control,2025-08-20,59,32947.95129905842
Daily Temperature,Control,2025-08-20,59,41047.505799066894
Daily Temperature,Control,2025-08-20,59,14815.586597263884
Daily Temperature,Control,2025-08-20,59,25407.87697801568
Daily Temperature,Control,2025-08-20,59,28282.321286387887
Daily Temperature,Control,2025-08-20,59,18417.754052294662
Daily Temperature,Control,2025-08-20,59,29936.01874802211
Daily Temperature,Control,2025-08-20,59,36953.0911626003
Daily Temperature,Control,2025-08-20,59,24889.92083017851
Daily Temperature,Control,2025-08-20,59,26138.160297367092
Daily Temperature,Control,2025-08-20,59,36388.05612886247
Daily Temperature,Control,2025-08-20,59,21975.972180879642
Daily Temperature,Control,2025-08-20,59,31291.08264940231
Daily Temperature,Control,2025-08-20,59,69109.06055369462
Daily Temperature,Control,2025-08-20,59,16891.33036814476
Daily Temperature,Control,2025-08-20,59,34201.09335529176
Daily Temperature,Control,2025-08-20,59,55011.932966982706
Daily Temperature,Control,2025-08-20,59,18038.9315111418
Daily Temperature,Control,2025-08-20,59,16263.68622277444
Daily Temperature,Control,2025-08-20,59,27934.336732575175
Daily Temperature,Control,2025-08-20,59,48479.52396730484
Daily Temperature,Control,2025-08-20,59,24523.261123688557
Daily Temperature,Control,2025-08-20,59,30367.966132097776
Daily Temperature,Control,2025-08-20,59,30697.931994722443
Daily Temperature,Control,2025-08-20,59,27157.666949659386
Daily Temperature,Control,2025-08-20,59,13011.515054466761
Daily Temperature,Control,2025-08-20,59,11792.3243070294
Weekly Temperature,Treated,2025-08-20,61,62623.243401326945
Weekly Temperature,Treated,2025-08-20,61,16986.73029515769
Weekly Temperature,Treated,2025-08-20,61,9009.909365530246
Weekly Temperature,Treated,2025-08-20,61,5077.93741610804
Weekly Temperature,Treated,2025-08-20,61,34625.38277040374
Weekly Temperature,Treated,2025-08-20,61,12448.570442337845
Weekly Temperature,Treated,2025-08-20,61,12385.993206828456
Weekly Temperature,Treated,2025-08-20,61,43393.53465766513
Weekly Temperature,Treated,2025-08-20,61,37111.070119675
Weekly Temperature,Treated,2025-08-20,61,25242.456856237328
Weekly Temperature,Treated,2025-08-20,61,20804.47171948084
Weekly Temperature,Treated,2025-08-20,61,10467.309812916981
Weekly Temperature,Treated,2025-08-20,61,22859.325530586593
Weekly Temperature,Treated,2025-08-20,61,30793.328008806628
Weekly Temperature,Treated,2025-08-20,61,6443.222332603752
Weekly Temperature,Treated,2025-08-20,61,42771.18023336563
Weekly Temperature,Treated,2025-08-20,61,32871.3958472652
Weekly Temperature,Treated,2025-08-20,61,25556.852448062342
Weekly Temperature,Treated,2025-08-20,61,26591.935511001004
Weekly Temperature,Treated,2025-08-20,61,14442.870471553191
Weekly Temperature,Treated,2025-08-20,61,23815.296861038998
Weekly Temperature,Treated,2025-08-20,61,22611.259431358732
Weekly Temperature,Treated,2025-08-20,61,33764.01459412096
Weekly Temperature,Treated,2025-08-20,61,62934.62941713427
Weekly Temperature,Treated,2025-08-20,61,23578.97908059582
Weekly Temperature,Treated,2025-08-20,61,37573.18938543032
Weekly Temperature,Treated,2025-08-20,61,28091.97739398391
Weekly Temperature,Treated,2025-08-20,61,13962.727300865681
Weekly Temperature,Treated,2025-08-20,61,23662.58850374936
Weekly Temperature,Treated,2025-08-20,61,22577.593387677953
Weekly Temperature,Treated,2025-08-20,61,20087.409480897346
Weekly Temperature,Treated,2025-08-20,61,23257.139561126598
Weekly Temperature,Treated,2025-08-20,61,28476.345558378707
Weekly Temperature,Treated,2025-08-20,61,13227.221996815466
Weekly Temperature,Treated,2025-08-20,61,16599.602214390507
Weekly Temperature,Treated,2025-08-20,61,6886.065831551909
Weekly Temperature,Treated,2025-08-20,61,14603.791082306698
Weekly Temperature,Treated,2025-08-20,61,11228.256534302362
Weekly Temperature,Treated,2025-08-20,61,13927.017010149024
Weekly Temperature,Treated,2025-08-20,61,29050.98247172134
Weekly Temperature,Treated,2025-08-20,61,31424.093929012102
Weekly Temperature,Treated,2025-08-20,61,27914.514766798624
Weekly Temperature,Treated,2025-08-20,61,30029.573100432477
Weekly Temperature,Treated,2025-08-20,61,33513.60455266321
Weekly Temperature,Treated,2025-08-20,61,21633.116213970563
Weekly Temperature,Treated,2025-08-20,61,40501.07755702104
Weekly Temperature,Treated,2025-08-20,61,13384.558750051443
Weekly Temperature,Treated,2025-08-20,61,18305.766730649546
Weekly Temperature,Treated,2025-08-20,61,21253.66993483112
Weekly Temperature,Treated,2025-08-20,61,26552.513159240607
Weekly Temperature,Treated,2025-08-20,61,22263.013636807602
Weekly Temperature,Treated,2025-08-20,61,45755.883737532335
Weekly Temperature,Treated,2025-08-20,61,7079.431746601611
Weekly Temperature,Treated,2025-08-20,61,8415.80273526198
Weekly Temperature,Treated,2025-08-20,61,17467.146368984177
Weekly Temperature,Treated,2025-08-20,61,9182.741065283031
Weekly Temperature,Treated,2025-08-20,61,19740.110862761925
Weekly Temperature,Treated,2025-08-20,61,34383.986152587575
Weekly Temperature,Treated,2025-08-20,61,38948.878268648376
Weekly Temperature,Treated,2025-08-20,61,16746.320299216135
Weekly Temperature,Treated,2025-08-20,61,6437.992159227345
Weekly Temperature,Treated,2025-08-20,61,21396.43431051386
Weekly Temperature,Treated,2025-08-20,61,14212.28329064495
Weekly Temperature,Treated,2025-08-20,61,28407.98539565026
Weekly Temperature,Treated,2025-08-20,61,22165.5404055241
Weekly Temperature,Treated,2025-08-20,61,14681.126969720388
Weekly Temperature,Treated,2025-08-20,61,35756.0652460152
Weekly Temperature,Treated,2025-08-20,61,23148.32834326226
Weekly Temperature,Treated,2025-08-20,61,14276.184884226059
Weekly Temperature,Treated,2025-08-20,61,29699.65627365365
Weekly Temperature,Treated,2025-08-20,61,13225.730309574206
Weekly Temperature,Treated,2025-08-20,61,18587.199294803246
Weekly Temperature,Treated,2025-08-20,61,40922.81426389629
Weekly Temperature,Treated,2025-08-20,61,25205.809992907885
Weekly Temperature,Treated,2025-08-20,61,8098.395848442491
Weekly Temperature,Treated,2025-08-20,61,31938.532960335317
Weekly Temperature,Treated,2025-08-20,61,23196.385906816286
Weekly Temperature,Treated,2025-08-20,61,10316.797580951617
Weekly Temperature,Treated,2025-08-20,61,30986.242743123497
Weekly Temperature,Treated,2025-08-20,61,16108.940097773053
Weekly Temperature,Treated,2025-08-20,61,5758.083862735739
Weekly Temperature,Treated,2025-08-20,61,15408.80576945464
Weekly Temperature,Treated,2025-08-20,61,11142.80901320921
Weekly Temperature,Treated,2025-08-20,61,27118.889394139303
Weekly Temperature,Treated,2025-08-20,61,6518.0927935658765
Weekly Temperature,Treated,2025-08-20,61,16597.829843875887
Weekly Temperature,Treated,2025-08-20,61,26506.789071929466
Weekly Temperature,Treated,2025-08-20,61,9735.053002585642
Weekly Temperature,Treated,2025-08-20,61,9068.183878339627
Daily Temperature,Treated,2025-08-20,62,46045.92745614152
Daily Temperature,Treated,2025-08-20,62,55945.072436091294
Daily Temperature,Treated,2025-08-20,62,50408.87746630824
Daily Temperature,Treated,2025-08-20,62,41301.364434930205
Daily Temperature,Treated,2025-08-20,62,43587.598613879876
Daily Temperature,Treated,2025-08-20,62,7046.773703238392
Daily Temperature,Treated,2025-08-20,62,16692.854398730677
Daily Temperature,Treated,2025-08-20,62,27699.817235322396
Daily Temperature,Treated,2025-08-20,62,34421.27768954073
Daily Temperature,Treated,2025-08-20,62,34874.37818790439
Daily Temperature,Treated,2025-08-20,62,11929.7132673603
Daily Temperature,Treated,2025-08-20,62,25193.603501556063
Daily Temperature,Treated,2025-08-20,62,28301.009882512408
Daily Temperature,Treated,2025-08-20,62,30351.047026719392
Daily Temperature,Treated,2025-08-20,62,30182.257898488682
Daily Temperature,Treated,2025-08-20,62,9780.73737094094
Daily Temperature,Treated,2025-08-20,62,33337.35953375352
Daily Temperature,Treated,2025-08-20,62,25431.225334660394
Daily Temperature,Treated,2025-08-20,62,21799.659078625187
Daily Temperature,Treated,2025-08-20,62,29507.47276585907
Daily Temperature,Treated,2025-08-20,62,28632.3059016241
Daily Temperature,Treated,2025-08-20,62,27851.157631924063
Daily Temperature,Treated,2025-08-20,62,18679.15517082394
Daily Temperature,Treated,2025-08-20,62,36573.47403855657
Daily Temperature,Treated,2025-08-20,62,25304.850890845097
Daily Temperature,Treated,2025-08-20,62,39925.43853504409
Daily Temperature,Treated,2025-08-20,62,22324.10156539561
Daily Temperature,Treated,2025-08-20,62,38075.08993202732
Daily Temperature,Treated,2025-08-20,62,19643.172864668413
Daily Temperature,Treated,2025-08-20,62,37897.15759214048
Daily Temperature,Treated,2025-08-20,62,14276.975151590737
Daily Temperature,Treated,2025-08-20,62,22467.886295068787
Daily Temperature,Treated,2025-08-20,62,28657.914061411007
Daily Temperature,Treated,2025-08-20,62,40379.44722672274
Daily Temperature,Treated,2025-08-20,62,32163.52692490891
Daily Temperature,Treated,2025-08-20,62,25753.638001232834
Daily Temperature,Treated,2025-08-20,62,35115.29208279518
Daily Temperature,Treated,2025-08-20,62,21185.232547095027
Daily Temperature,Treated,2025-08-20,62,19205.510740258163
Daily Temperature,Treated,2025-08-20,62,17903.347470573284
Daily Temperature,Treated,2025-08-20,62,12291.867076256098
Daily Temperature,Treated,2025-08-20,62,37139.100387384045
Daily Temperature,Treated,2025-08-20,62,40770.02763100975
Daily Temperature,Treated,2025-08-20,62,27249.61136578268
Daily Temperature,Treated,2025-08-20,62,51763.938846138255
Daily Temperature,Treated,2025-08-20,62,42179.515881425585
Daily Temperature,Treated,2025-08-20,62,43761.71187726325
Weekly Temperature,Control,2025-08-20,64,19017.013331908587
Weekly Temperature,Control,2025-08-20,64,10298.252750824717
Weekly Temperature,Control,2025-08-20,64,35634.53307896703
Weekly Temperature,Control,2025-08-20,64,3075.025276879626
Weekly Temperature,Control,2025-08-20,64,9643.575260482083
Weekly Temperature,Control,2025-08-20,64,24798.163529297904
Weekly Temperature,Control,2025-08-20,64,13186.991076071808
Weekly Temperature,Control,2025-08-20,64,56614.61483960806
Weekly Temperature,Control,2025-08-20,64,39043.11301371215
Weekly Temperature,Control,2025-08-20,64,32219.59824448776
Weekly Temperature,Control,2025-08-20,64,42495.61088196399
Weekly Temperature,Control,2025-08-20,64,18863.133429679896
Weekly Temperature,Control,2025-08-20,64,56770.9031238215
Weekly Temperature,Control,2025-08-20,64,14644.031510408195
Weekly Temperature,Control,2025-08-20,64,49055.20185747597
Weekly Temperature,Control,2025-08-20,64,13982.942041289185
Weekly Temperature,Control,2025-08-20,64,10983.75139556215
Weekly Temperature,Control,2025-08-20,64,30067.338150355397
Weekly Temperature,Control,2025-08-20,64,28103.927748248105
Weekly Temperature,Control,2025-08-20,64,30977.648883760674
Weekly Temperature,Control,2025-08-20,64,19627.052053245756
Weekly Temperature,Control,2025-08-20,64,18230.44625418607
Weekly Temperature,Control,2025-08-20,64,21251.52870026993
Weekly Temperature,Control,2025-08-20,64,11324.807115183421
Weekly Temperature,Control,2025-08-20,64,20382.287190297327
Weekly Temperature,Control,2025-08-20,64,11126.43301284127
Weekly Temperature,Control,2025-08-20,64,15499.447909857809
Weekly Temperature,Control,2025-08-20,64,11292.333815217882
Weekly Temperature,Control,2025-08-20,64,12943.141845732187
Weekly Temperature,Control,2025-08-20,64,15714.222751660216
Weekly Temperature,Control,2025-08-20,64,18382.282797405667
Weekly Temperature,Control,2025-08-20,64,18614.266014143715
Weekly Temperature,Control,2025-08-20,64,42728.83568985086
Weekly Temperature,Control,2025-08-20,64,23546.525836262183
Weekly Temperature,Control,2025-08-20,64,21007.450357555415
Weekly Temperature,Control,2025-08-20,64,18452.3168274043
Weekly Temperature,Control,2025-08-20,64,16223.587672250176
Weekly Temperature,Control,2025-08-20,64,4658.368049338
Weekly Temperature,Control,2025-08-20,64,16001.803675430687
Weekly Temperature,Control,2025-08-20,64,27452.475850905597
Weekly Temperature,Control,2025-08-20,64,24071.104370661997
Weekly Temperature,Control,2025-08-20,64,17555.76497250916
Weekly Temperature,Control,2025-08-20,64,21018.06364510752
Weekly Temperature,Control,2025-08-20,64,9927.164680557738
Weekly Temperature,Control,2025-08-20,64,13525.092949661514
Weekly Temperature,Control,2025-08-20,64,53563.80093558036
Weekly Temperature,Control,2025-08-20,64,5972.497216222714
Weekly Temperature,Control,2025-08-20,64,39000.25698446266
Weekly Temperature,Control,2025-08-20,64,22094.85713359024
Weekly Temperature,Control,2025-08-20,64,35510.13769032636
Weekly Temperature,Control,2025-08-20,64,11318.174213533213
Weekly Temperature,Control,2025-08-20,64,12092.68287311772
Weekly Temperature,Control,2025-08-20,64,10915.832175062333
Weekly Temperature,Control,2025-08-20,64,18885.61657062484
Weekly Temperature,Control,2025-08-20,64,36064.53324477338
Weekly Temperature,Control,2025-08-20,64,9270.364527889398
Weekly Temperature,Control,2025-08-20,64,34410.39773997745
Weekly Temperature,Control,2025-08-20,64,28771.34177823128
Weekly Temperature,Control,2025-08-20,64,33396.53366351784
Weekly Temperature,Control,2025-08-20,64,37388.80081155703
Weekly Temperature,Control,2025-08-20,64,29608.28305349165
Weekly Temperature,Control,2025-08-20,64,17728.439870637987
Weekly Temperature,Control,2025-08-20,64,19183.72643135081
Weekly Temperature,Control,2025-08-20,64,30437.128445519567
Weekly Temperature,Control,2025-08-20,64,25932.866778266256
Weekly Temperature,Control,2025-08-20,64,32268.353366835407
Weekly Temperature,Control,2025-08-20,64,37810.10770260062
Weekly Temperature,Control,2025-08-20,64,16784.71774482538
Weekly Temperature,Control,2025-08-20,64,36109.69091972786
Weekly Temperature,Control,2025-08-20,64,18212.36659067911
Weekly Temperature,Control,2025-08-20,64,17023.740244198772
Weekly Temperature,Control,2025-08-20,64,32527.862472812114
Weekly Temperature,Control,2025-08-20,64,45804.448444400674
Weekly Temperature,Control,2025-08-20,64,20463.28143658604
Weekly Temperature,Control,2025-08-20,64,50454.9895605675
Weekly Temperature,Treated,2025-08-20,65,77879.06087454516
Weekly Temperature,Treated,2025-08-20,65,50180.90161558967
Weekly Temperature,Treated,2025-08-20,65,27406.860058410773
Weekly Temperature,Treated,2025-08-20,65,8509.160533891954
Weekly Temperature,Treated,2025-08-20,65,84798.9245327402
Weekly Temperature,Treated,2025-08-20,65,29624.880131045426
Weekly Temperature,Treated,2025-08-20,65,5880.658516983375
Weekly Temperature,Treated,2025-08-20,65,13781.789281162004
Weekly Temperature,Treated,2025-08-20,65,3506.8005068952416
Weekly Temperature,Treated,2025-08-20,65,21726.607747624752
Weekly Temperature,Treated,2025-08-20,65,44611.91049043545
Weekly Temperature,Treated,2025-08-20,65,10870.08499392248
Weekly Temperature,Treated,2025-08-20,65,39000.25698446266
Weekly Temperature,Treated,2025-08-20,65,37748.2634575693
Weekly Temperature,Treated,2025-08-20,65,16891.33036814476
Weekly Temperature,Treated,2025-08-20,65,40124.77803529129
Weekly Temperature,Treated,2025-08-20,65,18193.350172996998
Weekly Temperature,Treated,2025-08-20,65,31466.11228610025
Weekly Temperature,Treated,2025-08-20,65,30321.4561921815
Weekly Temperature,Treated,2025-08-20,65,34502.184051128614
Weekly Temperature,Treated,2025-08-20,65,33307.045483088004
Weekly Temperature,Treated,2025-08-20,65,15475.909276702956
Weekly Temperature,Treated,2025-08-20,65,16084.70042056761
Weekly Temperature,Treated,2025-08-20,65,53119.11187689381
Weekly Temperature,Treated,2025-08-20,65,22070.599826162987
Weekly Temperature,Treated,2025-08-20,65,40449.92271244311
Weekly Temperature,Treated,2025-08-20,65,29863.56533894385
Weekly Temperature,Treated,2025-08-20,65,41147.472853841165
Weekly Temperature,Treated,2025-08-20,65,32409.029235208556
Weekly Temperature,Treated,2025-08-20,65,15626.858021660626
Weekly Temperature,Treated,2025-08-20,65,26300.52158143257
Weekly Temperature,Treated,2025-08-20,65,12921.876812151682
Weekly Temperature,Treated,2025-08-20,65,19623.023434405095
Weekly Temperature,Treated,2025-08-20,65,12910.88802244412
Weekly Temperature,Treated,2025-08-20,65,43996.593102773484
Weekly Temperature,Treated,2025-08-20,65,19804.93951949525
Weekly Temperature,Treated,2025-08-20,65,18926.72564156569
Weekly Temperature,Treated,2025-08-20,65,36619.12778409853
Weekly Temperature,Treated,2025-08-20,65,30749.16099579279
Weekly Temperature,Treated,2025-08-20,65,31434.232298704177
Weekly Temperature,Treated,2025-08-20,65,54117.686468440195
Weekly Temperature,Treated,2025-08-20,65,62362.62159010884
Weekly Temperature,Treated,2025-08-20,65,36284.28363254878
Weekly Temperature,Treated,2025-08-20,65,45087.88612478441
Weekly Temperature,Treated,2025-08-20,65,13887.506095726809
Weekly Temperature,Treated,2025-08-20,65,44873.30252000588
Weekly Temperature,Treated,2025-08-20,65,23979.334864112247
Weekly Temperature,Treated,2025-08-20,65,22540.60529202995
Weekly Temperature,Treated,2025-08-20,65,16612.899590554265
Weekly Temperature,Treated,2025-08-20,65,13219.01929134572
Weekly Temperature,Treated,2025-08-20,65,15657.351161906772
Weekly Temperature,Treated,2025-08-20,65,24703.061059016247
Weekly Temperature,Treated,2025-08-20,65,20427.945962160193
Weekly Temperature,Treated,2025-08-20,65,28957.082910798767
Weekly Temperature,Treated,2025-08-20,65,17100.66406479014
Weekly Temperature,Treated,2025-08-20,65,34086.78486199009
Weekly Temperature,Treated,2025-08-20,65,11385.300991362903
Weekly Temperature,Treated,2025-08-20,65,8746.201522904674
Weekly Temperature,Treated,2025-08-20,65,39798.198473679775
Weekly Temperature,Treated,2025-08-20,65,49586.57885939525
Weekly Temperature,Treated,2025-08-20,65,20883.580261272025
Weekly Temperature,Treated,2025-08-20,65,17040.00792482748
Weekly Temperature,Treated,2025-08-20,65,16779.355937053806
Weekly Temperature,Treated,2025-08-20,65,13022.568506143956
Weekly Temperature,Treated,2025-08-20,65,36505.07666243618
Weekly Temperature,Treated,2025-08-20,65,40005.78037907053
Weekly Temperature,Treated,2025-08-20,65,38663.835648979766
Weekly Temperature,Treated,2025-08-20,65,39846.96535063229
Weekly Temperature,Treated,2025-08-20,65,16891.33036814476
Weekly Temperature,Treated,2025-08-20,65,20306.707820527787
Weekly Temperature,Treated,2025-08-20,65,27874.903499347984
Weekly Temperature,Treated,2025-08-20,65,19996.31754701959
Weekly Temperature,Treated,2025-08-20,65,20724.543186656916
Weekly Temperature,Treated,2025-08-20,65,10746.457599956322
Weekly Temperature,Treated,2025-08-20,65,20752.911814150943
Weekly Temperature,Treated,2025-08-20,65,36505.07666243618
Weekly Temperature,Treated,2025-08-20,65,26989.94006670612
Weekly Temperature,Treated,2025-08-20,65,41295.988555523494
Weekly Temperature,Treated,2025-08-20,65,23704.478764642095
Weekly Temperature,Treated,2025-08-20,65,26557.597374198216
Weekly Temperature,Treated,2025-08-20,65,42552.44758365881
Weekly Temperature,Treated,2025-08-20,65,52999.1316299278
Weekly Temperature,Treated,2025-08-20,65,41208.259995037966
Weekly Temperature,Treated,2025-08-20,65,12663.696943969428
Weekly Temperature,Treated,2025-08-20,65,34483.500223674506
Weekly Temperature,Treated,2025-08-20,65,31502.37002040615
Weekly Temperature,Treated,2025-08-20,65,14669.829506901531
Weekly Temperature,Treated,2025-08-20,65,12042.574567328224
Weekly Temperature,Treated,2025-08-20,65,33589.795423007476
Weekly Temperature,Treated,2025-08-20,65,20708.79570091199
Weekly Temperature,Treated,2025-08-20,65,5331.047815575146
Weekly Temperature,Treated,2025-08-20,65,12872.848215073922
Weekly Temperature,Treated,2025-08-20,65,16541.190079379143
Weekly Temperature,Treated,2025-08-20,65,6744.298215707715
Weekly Temperature,Treated,2025-08-20,65,46429.65622235531
Weekly Temperature,Treated,2025-08-20,65,21119.09530747036
Weekly Temperature,Treated,2025-08-20,65,12940.207166459846
Weekly Temperature,Control,2025-08-20,66,74066.3838903549
Weekly Temperature,Control,2025-08-20,66,28466.95525544126
Weekly Temperature,Control,2025-08-20,66,25961.582590679827
Weekly Temperature,Control,2025-08-20,66,18511.957829367555
Weekly Temperature,Control,2025-08-20,66,17605.76351713753
Weekly Temperature,Control,2025-08-20,66,6881.945844840388
Weekly Temperature,Control,2025-08-20,66,10575.912647672518
Weekly Temperature,Control,2025-08-20,66,27899.98557970918
Weekly Temperature,Control,2025-08-20,66,20936.44740432777
Weekly Temperature,Control,2025-08-20,66,21619.010711305204
Weekly Temperature,Control,2025-08-20,66,27872.26429604295
Weekly Temperature,Control,2025-08-20,66,13327.455282940076
Weekly Temperature,Control,2025-08-20,66,3767.6204418224456
Weekly Temperature,Control,2025-08-20,66,22169.963875121884
Weekly Temperature,Control,2025-08-20,66,22224.20648253892
Weekly Temperature,Control,2025-08-20,66,23638.178868878043
Weekly Temperature,Control,2025-08-20,66,22807.284853118133
Weekly Temperature,Control,2025-08-20,66,30331.31731540385
Weekly Temperature,Control,2025-08-20,66,20057.692977734463
Weekly Temperature,Control,2025-08-20,66,22597.788382843068
Weekly Temperature,Control,2025-08-20,66,17369.69371457813
Weekly Temperature,Control,2025-08-20,66,6348.262701195724
Weekly Temperature,Control,2025-08-20,66,25979.073802631112
Weekly Temperature,Control,2025-08-20,66,31314.18357909673
Weekly Temperature,Control,2025-08-20,66,19354.545329306744
Weekly Temperature,Control,2025-08-20,66,21314.764797604243
Weekly Temperature,Control,2025-08-20,66,16782.036677713066
Weekly Temperature,Control,2025-08-20,66,16307.357156099719
Weekly Temperature,Control,2025-08-20,66,24236.49762628935
Weekly Temperature,Control,2025-08-20,66,9621.834034647767
Weekly Temperature,Control,2025-08-20,66,28191.68399468816
Weekly Temperature,Control,2025-08-20,66,10471.687834090922
Weekly Temperature,Control,2025-08-20,66,21137.213915164826
Weekly Temperature,Control,2025-08-20,66,21207.669884539846
Weekly Temperature,Control,2025-08-20,66,13239.90647638243
Weekly Temperature,Control,2025-08-20,66,35693.65977182572
Weekly Temperature,Control,2025-08-20,66,19623.023434405095
Weekly Temperature,Control,2025-08-20,66,7720.474161458782
Weekly Temperature,Control,2025-08-20,66,17839.59293458368
Weekly Temperature,Control,2025-08-20,66,6890.187638979582
Weekly Temperature,Control,2025-08-20,66,32036.908688536954
Weekly Temperature,Control,2025-08-20,66,13245.878825554328
Weekly Temperature,Control,2025-08-20,66,9777.765993242032
Weekly Temperature,Control,2025-08-20,66,7716.488387528215
Weekly Temperature,Control,2025-08-20,66,14553.207673481818
Weekly Temperature,Control,2025-08-20,66,6625.142665065553
Weekly Temperature,Control,2025-08-20,66,17951.27746705497
Weekly Temperature,Control,2025-08-20,66,26698.984797326702
Weekly Temperature,Control,2025-08-20,66,22705.72984886239
Weekly Temperature,Control,2025-08-20,66,16183.564444049023
Weekly Temperature,Control,2025-08-20,66,13841.131446026526
Weekly Temperature,Control,2025-08-20,66,16050.120485388346
Weekly Temperature,Control,2025-08-20,66,18812.377467115148
Weekly Temperature,Control,2025-08-20,66,26289.1688277923
Weekly Temperature,Control,2025-08-20,66,12625.48868233408
Weekly Temperature,Control,2025-08-20,66,26103.02161256674
Weekly Temperature,Control,2025-08-20,66,8200.585094767997
Weekly Temperature,Control,2025-08-20,66,8275.885905925537
Weekly Temperature,Control,2025-08-20,66,18144.926986561037
Weekly Temperature,Control,2025-08-20,66,30828.98242359262
Weekly Temperature,Control,2025-08-20,66,31240.595504253728
Weekly Temperature,Control,2025-08-20,66,26311.878123200248
Weekly Temperature,Control,2025-08-20,66,19527.52975158967
Weekly Temperature,Control,2025-08-20,66,7273.443808973725
Weekly Temperature,Control,2025-08-20,66,19462.39733790892
Weekly Temperature,Control,2025-08-20,66,10344.041941979587
Weekly Temperature,Control,2025-08-20,66,10866.86879886727
Weekly Temperature,Control,2025-08-20,66,18357.38831137147
Weekly Temperature,Control,2025-08-20,66,35338.45685696941
Weekly Temperature,Control,2025-08-20,66,26163.281724767327
Weekly Temperature,Control,2025-08-20,66,5632.255801819623
Weekly Temperature,Control,2025-08-20,66,17952.218249631434
Weekly Temperature,Control,2025-08-20,66,12852.400352824548
Weekly Temperature,Control,2025-08-20,66,25275.47418174634
Weekly Temperature,Control,2025-08-20,66,14953.434533214728
Weekly Temperature,Control,2025-08-20,66,37541.57714569548
Weekly Temperature,Control,2025-08-20,66,14620.681828096507
Weekly Temperature,Control,2025-08-20,66,18630.714079061727
Weekly Temperature,Control,2025-08-20,66,25053.556481720872
Weekly Temperature,Control,2025-08-20,66,21327.644040835847
Weekly Temperature,Control,2025-08-20,66,13738.7525209612
Weekly Temperature,Control,2025-08-20,66,58890.625035492754
Weekly Temperature,Control,2025-08-20,66,34227.395513429474
Weekly Temperature,Control,2025-08-20,66,4628.859870220915
Weekly Temperature,Control,2025-08-20,66,20837.14198194743
Weekly Temperature,Control,2025-08-20,66,14307.029899220994
Weekly Temperature,Control,2025-08-20,66,13428.262102189019
Weekly Temperature,Control,2025-08-20,66,19573.724240537555
Weekly Temperature,Control,2025-08-20,66,25592.657285549423
Weekly Temperature,Control,2025-08-20,66,29478.521894283564
Weekly Temperature,Control,2025-08-20,66,16934.479583830434
Weekly Temperature,Control,2025-08-20,66,16798.127978198365
Weekly Temperature,Control,2025-08-20,66,14014.864179173264
Weekly Temperature,Control,2025-08-20,66,11775.918105482962
Weekly Temperature,Control,2025-08-20,66,39803.42126361707
Weekly Temperature,Control,2025-08-20,66,19650.228908324963
Weekly Temperature,Control,2025-08-20,66,32802.46454494673
Weekly Temperature,Control,2025-08-20,66,17935.289924582023
Daily Temperature,Treated,2025-08-20,67,10587.260725108736
Daily Temperature,Treated,2025-08-20,67,22981.86715204818
Daily Temperature,Treated,2025-08-20,67,15112.047428729971
Daily Temperature,Treated,2025-08-20,67,12517.823771552408
Daily Temperature,Treated,2025-08-20,67,20812.898989031728
Daily Temperature,Treated,2025-08-20,67,23746.426135178986
Daily Temperature,Treated,2025-08-20,67,18901.26910500042
Daily Temperature,Treated,2025-08-20,67,38793.35287519895
Daily Temperature,Treated,2025-08-20,67,20738.198438519026
Daily Temperature,Treated,2025-08-20,67,28181.035589012605
Daily Temperature,Treated,2025-08-20,67,41791.05804051683
Daily Temperature,Treated,2025-08-20,67,24685.03545435777
Daily Temperature,Treated,2025-08-20,67,6676.465125871483
Daily Temperature,Treated,2025-08-20,67,8047.914520669078
Daily Temperature,Treated,2025-08-20,67,9204.304719378415
Daily Temperature,Treated,2025-08-20,67,6316.839630489918
Daily Temperature,Treated,2025-08-20,67,31855.02510570878
Daily Temperature,Treated,2025-08-20,67,33852.921867916164
Daily Temperature,Treated,2025-08-20,67,19384.45819526733
Daily Temperature,Treated,2025-08-20,67,39853.935858582474
Daily Temperature,Treated,2025-08-20,67,31389.353083013808
Daily Temperature,Treated,2025-08-20,67,26579.213683466984
Daily Temperature,Treated,2025-08-20,67,28507.21630370635
Daily Temperature,Treated,2025-08-20,67,31484.962260513257
Daily Temperature,Treated,2025-08-20,67,17084.352234275957
Daily Temperature,Treated,2025-08-20,67,24992.85420042432
Daily Temperature,Treated,2025-08-20,67,22069.497707955812
Daily Temperature,Treated,2025-08-20,67,16238.397921747437
Daily Temperature,Treated,2025-08-20,67,18046.486888125506
Daily Temperature,Treated,2025-08-20,67,19018.97976110555
Daily Temperature,Treated,2025-08-20,67,19750.229607240144
Daily Temperature,Treated,2025-08-20,67,22301.872878437818
Daily Temperature,Treated,2025-08-20,67,30720.692254498324
Daily Temperature,Treated,2025-08-20,67,26923.074091993327
Daily Temperature,Treated,2025-08-20,67,16553.567424414374
Daily Temperature,Treated,2025-08-20,67,15848.10452261179
Daily Temperature,Treated,2025-08-20,67,21498.858943564028
Daily Temperature,Treated,2025-08-20,67,31382.119162822688
Daily Temperature,Treated,2025-08-20,67,30238.439811206856
Daily Temperature,Treated,2025-08-20,67,10955.89858261478
Weekly Temperature,Treated,2025-08-20,71,22033.1515358789
Weekly Temperature,Treated,2025-08-20,71,17514.18237915168
Weekly Temperature,Treated,2025-08-20,71,9054.14998211284
Weekly Temperature,Treated,2025-08-20,71,40509.902468479966
Weekly Temperature,Treated,2025-08-20,71,11946.280625317604
Weekly Temperature,Treated,2025-08-20,71,25152.13555289503
Weekly Temperature,Treated,2025-08-20,71,58225.72396993795
Weekly Temperature,Treated,2025-08-20,71,32518.93824877844
Weekly Temperature,Treated,2025-08-20,71,48284.7644146445
Weekly Temperature,Treated,2025-08-20,71,71054.95798023228
Weekly Temperature,Treated,2025-08-20,71,5497.96800527002
Weekly Temperature,Treated,2025-08-20,71,5914.9756930312615
Weekly Temperature,Treated,2025-08-20,71,30472.462394806815
Weekly Temperature,Treated,2025-08-20,71,29551.63076242967
Weekly Temperature,Treated,2025-08-20,71,57795.09200734046
Weekly Temperature,Treated,2025-08-20,71,23106.05545820844
Weekly Temperature,Treated,2025-08-20,71,18551.47873421506
Weekly Temperature,Treated,2025-08-20,71,17614.10716496322
Weekly Temperature,Treated,2025-08-20,71,24687.438281943072
Weekly Temperature,Treated,2025-08-20,71,20993.65923459113
Weekly Temperature,Treated,2025-08-20,71,45089.805667102366
Weekly Temperature,Treated,2025-08-20,71,31386.45935955035
Weekly Temperature,Treated,2025-08-20,71,28688.937147067125
Weekly Temperature,Treated,2025-08-20,71,48648.40681751778
Weekly Temperature,Treated,2025-08-20,71,42208.67260867036
Weekly Temperature,Treated,2025-08-20,71,25319.549124785306
Weekly Temperature,Treated,2025-08-20,71,41319.287987589385
Weekly Temperature,Treated,2025-08-20,71,25200.926848753876
Weekly Temperature,Treated,2025-08-20,71,22754.207068443342
Weekly Temperature,Treated,2025-08-20,71,16994.8491690919
Weekly Temperature,Treated,2025-08-20,71,38088.54520827032
Weekly Temperature,Treated,2025-08-20,71,32901.40108810681
Weekly Temperature,Treated,2025-08-20,71,32883.39538896884
Weekly Temperature,Treated,2025-08-20,71,26570.31120381187
Weekly Temperature,Treated,2025-08-20,71,13358.989628635623
Weekly Temperature,Treated,2025-08-20,71,30213.14791947769
Weekly Temperature,Treated,2025-08-20,71,32715.711426830963
Weekly Temperature,Treated,2025-08-20,71,18001.19086871504
Weekly Temperature,Treated,2025-08-20,71,35105.82012568673
Weekly Temperature,Treated,2025-08-20,71,27968.72061579489
Weekly Temperature,Treated,2025-08-20,71,40543.45084687456
Weekly Temperature,Treated,2025-08-20,71,42682.846254788004
Weekly Temperature,Treated,2025-08-20,71,23760.4212930157
Weekly Temperature,Treated,2025-08-20,71,22126.86398595176
Weekly Temperature,Treated,2025-08-20,71,38329.685208130584
Weekly Temperature,Treated,2025-08-20,71,21406.12159195623
Weekly Temperature,Treated,2025-08-20,71,22025.44766112394
Weekly Temperature,Treated,2025-08-20,71,11977.39115231722
Weekly Temperature,Treated,2025-08-20,71,18958.09276748969
Weekly Temperature,Treated,2025-08-20,71,12211.617920192277
Weekly Temperature,Treated,2025-08-20,71,31692.89143805456
Weekly Temperature,Treated,2025-08-20,71,31620.06802861875
Weekly Temperature,Treated,2025-08-20,71,24762.015466741228
Weekly Temperature,Treated,2025-08-20,71,28476.345558378707
Weekly Temperature,Treated,2025-08-20,71,27151.201047351376
Weekly Temperature,Treated,2025-08-20,71,15812.204328945974
Weekly Temperature,Treated,2025-08-20,71,23631.208251640925
Weekly Temperature,Treated,2025-08-20,71,16660.837366688982
Weekly Temperature,Treated,2025-08-20,71,46847.53035402092
Weekly Temperature,Treated,2025-08-20,71,20217.94503766587
Weekly Temperature,Treated,2025-08-20,71,33068.317543868994
Weekly Temperature,Treated,2025-08-20,71,22203.16153624984
Weekly Temperature,Treated,2025-08-20,71,21949.62021340904
Weekly Temperature,Treated,2025-08-20,71,48860.671161664766
Weekly Temperature,Treated,2025-08-20,71,22209.805652613304
Weekly Temperature,Treated,2025-08-20,71,23426.286319009945
Weekly Temperature,Treated,2025-08-20,71,24717.488851500093
Weekly Temperature,Treated,2025-08-20,71,33407.16330478963
Weekly Temperature,Treated,2025-08-20,71,19488.430305726044
Weekly Temperature,Treated,2025-08-20,71,11114.65350060031
Weekly Temperature,Treated,2025-08-20,71,10108.082483546546
Weekly Temperature,Treated,2025-08-20,71,19143.178876851347
Weekly Temperature,Treated,2025-08-20,71,29468.876499114544
Weekly Temperature,Treated,2025-08-20,71,53023.11059121293
Weekly Temperature,Treated,2025-08-20,71,6515.894549186348
Weekly Temperature,Treated,2025-08-20,71,21471.868658904605
Weekly Temperature,Treated,2025-08-20,71,10692.346501428869
Weekly Temperature,Treated,2025-08-20,71,18045.54233380781
Weekly Temperature,Treated,2025-08-20,71,13460.732498937434
Weekly Temperature,Treated,2025-08-20,71,23204.402962866716
Weekly Temperature,Treated,2025-08-20,71,30442.779739852413
Weekly Temperature,Treated,2025-08-20,71,17981.401195691622
Weekly Temperature,Treated,2025-08-20,71,5712.854340554918
Weekly Temperature,Treated,2025-08-20,71,18574.642839596818
Weekly Temperature,Treated,2025-08-20,71,24566.320754535882
Weekly Temperature,Treated,2025-08-20,71,9569.102992276958
Weekly Temperature,Treated,2025-08-20,71,12818.860723036942
Weekly Temperature,Treated,2025-08-20,71,40107.2610473898
Weekly Temperature,Treated,2025-08-20,71,12635.572958635214
Weekly Temperature,Treated,2025-08-20,71,17293.67652657896
Weekly Temperature,Treated,2025-08-20,71,21410.42813151227
Daily Temperature,Treated,2025-08-20,72,91794.77300767286
Daily Temperature,Treated,2025-08-20,72,14745.000754201446
Daily Temperature,Treated,2025-08-20,72,28203.66717470579
Daily Temperature,Treated,2025-08-20,72,13160.221917350449
Daily Temperature,Treated,2025-08-20,72,17034.5840479766
Daily Temperature,Treated,2025-08-20,72,58795.94984364664
Daily Temperature,Treated,2025-08-20,72,14770.122689833323
Daily Temperature,Treated,2025-08-20,72,11182.842503156486
Daily Temperature,Treated,2025-08-20,72,27292.427971051675
Daily Temperature,Treated,2025-08-20,72,30763.40304317546
Daily Temperature,Treated,2025-08-20,72,23506.007675655
Daily Temperature,Treated,2025-08-20,72,24028.715642428415
Daily Temperature,Treated,2025-08-20,72,30328.499597755304
Daily Temperature,Treated,2025-08-20,72,21904.658464088865
Daily Temperature,Treated,2025-08-20,72,18089.977237555984
Daily Temperature,Treated,2025-08-20,72,37177.049979598196
Daily Temperature,Treated,2025-08-20,72,23942.93734179101
Daily Temperature,Treated,2025-08-20,72,38694.48021210439
Daily Temperature,Treated,2025-08-20,72,28676.794582058497
Daily Temperature,Treated,2025-08-20,72,24187.970610020984
Daily Temperature,Treated,2025-08-20,72,39025.966189456114
Daily Temperature,Treated,2025-08-20,72,16460.028553604127
Daily Temperature,Treated,2025-08-20,72,21413.658472858715
Daily Temperature,Treated,2025-08-20,72,31553.185355873236
Daily Temperature,Treated,2025-08-20,72,27851.157631924063
Daily Temperature,Treated,2025-08-20,72,16815.125996555395
Daily Temperature,Treated,2025-08-20,72,9488.668747657875
Daily Temperature,Treated,2025-08-20,72,25412.79104573914
Daily Temperature,Treated,2025-08-20,72,33948.1620461444
Daily Temperature,Treated,2025-08-20,72,20033.12550357228
Daily Temperature,Treated,2025-08-20,72,29702.428568220945
Daily Temperature,Treated,2025-08-20,72,25181.401572972856
Daily Temperature,Treated,2025-08-20,72,30760.5542241703
Daily Temperature,Treated,2025-08-20,72,14946.887313371575
Daily Temperature,Treated,2025-08-20,72,12536.435840280134
Daily Temperature,Treated,2025-08-20,72,39494.461380923356
Daily Temperature,Treated,2025-08-20,72,33695.160079441885
Daily Temperature,Treated,2025-08-20,72,22522.688458311444
Daily Temperature,Treated,2025-08-20,72,34555.16437205599
Daily Temperature,Treated,2025-08-20,72,35357.5005002787
Daily Temperature,Treated,2025-08-20,72,15798.544352095743
Daily Temperature,Treated,2025-08-20,72,18547.620198657143
Daily Temperature,Treated,2025-08-20,72,17512.336010507406
Daily Temperature,Treated,2025-08-20,72,31147.001500802657
Daily Temperature,Treated,2025-08-20,72,40047.748003828165
Daily Temperature,Control,2025-08-20,73,10447.313484046932
Daily Temperature,Control,2025-08-20,73,27036.307073506032
Daily Temperature,Control,2025-08-20,73,38892.422769162964
Daily Temperature,Control,2025-08-20,73,30071.53653999602
Daily Temperature,Control,2025-08-20,73,5287.922853082606
Daily Temperature,Control,2025-08-20,73,41475.47983203439
Daily Temperature,Control,2025-08-20,73,40397.057089604576
Daily Temperature,Control,2025-08-20,73,54633.64775973356
Daily Temperature,Control,2025-08-20,73,28430.757978719164
Daily Temperature,Control,2025-08-20,73,12259.438116501047
Daily Temperature,Control,2025-08-20,73,56440.341468410865
Daily Temperature,Control,2025-08-20,73,22563.01675022181
Daily Temperature,Control,2025-08-20,73,24571.108754818106
Daily Temperature,Control,2025-08-20,73,16097.682506307101
Daily Temperature,Control,2025-08-20,73,20646.94464609524
Daily Temperature,Control,2025-08-20,73,25808.30051962058
Daily Temperature,Control,2025-08-20,73,55171.47192229501
Daily Temperature,Control,2025-08-20,73,43669.90699543976
Daily Temperature,Control,2025-08-20,73,12656.481163866054
Daily Temperature,Control,2025-08-20,73,23944.11079043872
Daily Temperature,Control,2025-08-20,73,13709.60701969107
Daily Temperature,Control,2025-08-20,73,25122.895789580998
Daily Temperature,Control,2025-08-20,73,64215.261460101225
Daily Temperature,Control,2025-08-20,73,34929.37528592543
Daily Temperature,Control,2025-08-20,73,23399.758862555573
Daily Temperature,Control,2025-08-20,73,28954.364696293636
Daily Temperature,Control,2025-08-20,73,31857.952330926535
Daily Temperature,Control,2025-08-20,73,34659.75217964433
Daily Temperature,Control,2025-08-20,73,41823.62378364779
Daily Temperature,Control,2025-08-20,73,17013.80471594484
Daily Temperature,Control,2025-08-20,73,28410.663789598246
Daily Temperature,Control,2025-08-20,73,20087.409480897346
Daily Temperature,Control,2025-08-20,73,21582.15280257223
Daily Temperature,Control,2025-08-20,73,52430.51509749471
Daily Temperature,Control,2025-08-20,73,17251.655995333644
Daily Temperature,Control,2025-08-20,73,44886.690488032626
Daily Temperature,Control,2025-08-20,73,38194.635289051024
Daily Temperature,Control,2025-08-20,73,19468.402580626236
Daily Temperature,Control,2025-08-20,73,22879.714129887856
Weekly Temperature,Treated,2025-08-20,74,85160.03105796746
Weekly Temperature,Treated,2025-08-20,74,18196.201667834976
Weekly Temperature,Treated,2025-08-20,74,8379.203424402498
Weekly Temperature,Treated,2025-08-20,74,32956.966930132934
Weekly Temperature,Treated,2025-08-20,74,26151.97477503091
Weekly Temperature,Treated,2025-08-20,74,6282.962929452302
Weekly Temperature,Treated,2025-08-20,74,5514.673100554456
Weekly Temperature,Treated,2025-08-20,74,35047.45369589101
Weekly Temperature,Treated,2025-08-20,74,16393.211194393847
Weekly Temperature,Treated,2025-08-20,74,19841.47725511931
Weekly Temperature,Treated,2025-08-20,74,19275.94384613116
Weekly Temperature,Treated,2025-08-20,74,22237.505927983835
Weekly Temperature,Treated,2025-08-20,74,15176.5113541324
Weekly Temperature,Treated,2025-08-20,74,19982.017349463287
Weekly Temperature,Treated,2025-08-20,74,20811.845437101805
Weekly Temperature,Treated,2025-08-20,74,18129.75571378797
Weekly Temperature,Treated,2025-08-20,74,18279.04370754659
Weekly Temperature,Treated,2025-08-20,74,10865.582521005397
Weekly Temperature,Treated,2025-08-20,74,20075.108906565234
Weekly Temperature,Treated,2025-08-20,74,9546.320105992982
Weekly Temperature,Treated,2025-08-20,74,23855.05491374894
Weekly Temperature,Treated,2025-08-20,74,17930.58977680761
Weekly Temperature,Treated,2025-08-20,74,25497.674268374754
Weekly Temperature,Treated,2025-08-20,74,30126.156999274524
Weekly Temperature,Treated,2025-08-20,74,18451.35608124308
Weekly Temperature,Treated,2025-08-20,74,21032.92916211234
Weekly Temperature,Treated,2025-08-20,74,28497.818116881503
Weekly Temperature,Treated,2025-08-20,74,11207.8360061571
Weekly Temperature,Treated,2025-08-20,74,25892.95516389474
Weekly Temperature,Treated,2025-08-20,74,11784.80266213541
Weekly Temperature,Treated,2025-08-20,74,22635.97239861992
Weekly Temperature,Treated,2025-08-20,74,18706.324225644963
Weekly Temperature,Treated,2025-08-20,74,24682.63280716534
Weekly Temperature,Treated,2025-08-20,74,9324.728422505868
Weekly Temperature,Treated,2025-08-20,74,20770.788823272815
Weekly Temperature,Treated,2025-08-20,74,25674.288543193255
Weekly Temperature,Treated,2025-08-20,74,13269.04092676883
Weekly Temperature,Treated,2025-08-20,74,30673.76356147961
Weekly Temperature,Treated,2025-08-20,74,6279.112056647256
Weekly Temperature,Treated,2025-08-20,74,24774.06030139026
Weekly Temperature,Treated,2025-08-20,74,37116.01543774915
Weekly Temperature,Treated,2025-08-20,74,20785.519937061872
Weekly Temperature,Treated,2025-08-20,74,23058.14206579612
Weekly Temperature,Treated,2025-08-20,74,32495.149623233137
Weekly Temperature,Treated,2025-08-20,74,93994.90148010425
Weekly Temperature,Treated,2025-08-20,74,33693.63122118298
Weekly Temperature,Treated,2025-08-20,74,25937.859069320493
Weekly Temperature,Treated,2025-08-20,74,25389.45575695912
Weekly Temperature,Treated,2025-08-20,74,28524.676448054215
Weekly Temperature,Treated,2025-08-20,74,18947.305834811967
Weekly Temperature,Treated,2025-08-20,74,38414.28056186079
Weekly Temperature,Treated,2025-08-20,74,38338.138191040394
Weekly Temperature,Treated,2025-08-20,74,17331.195389303623
Weekly Temperature,Treated,2025-08-20,74,19534.553955596373
Weekly Temperature,Treated,2025-08-20,74,11973.239557988687
Weekly Temperature,Treated,2025-08-20,74,10960.429140925926
Weekly Temperature,Treated,2025-08-20,74,6065.801360889201
Weekly Temperature,Treated,2025-08-20,74,7415.58676423381
Weekly Temperature,Treated,2025-08-20,74,18332.519605429447
Weekly Temperature,Treated,2025-08-20,74,42093.95916772795
Weekly Temperature,Treated,2025-08-20,74,9837.322042910546
Weekly Temperature,Treated,2025-08-20,74,25104.63426325326
Weekly Temperature,Treated,2025-08-20,74,25783.442823886504
Weekly Temperature,Treated,2025-08-20,74,39190.818802014415
Weekly Temperature,Treated,2025-08-20,74,15764.433685972552
Weekly Temperature,Treated,2025-08-20,74,17971.98338552789
Weekly Temperature,Treated,2025-08-20,74,19946.301146611357
Weekly Temperature,Treated,2025-08-20,74,16712.443432940592
Weekly Temperature,Treated,2025-08-20,74,11142.80901320921
Weekly Temperature,Treated,2025-08-20,74,39853.935858582474
Weekly Temperature,Treated,2025-08-20,74,15717.62303341243
Weekly Temperature,Treated,2025-08-20,74,29927.651788584208
Weekly Temperature,Treated,2025-08-20,74,13056.51002223873
Weekly Temperature,Treated,2025-08-20,74,32941.941943970996
Weekly Temperature,Treated,2025-08-20,74,15141.774106074434
Weekly Temperature,Treated,2025-08-20,74,22869.51808165046
Weekly Temperature,Treated,2025-08-20,74,13046.172925038332
Weekly Temperature,Treated,2025-08-20,74,15215.455742134613
Weekly Temperature,Treated,2025-08-20,74,22486.88765738206
Weekly Temperature,Treated,2025-08-20,74,23606.823560258752
Weekly Temperature,Treated,2025-08-20,74,20497.622446967565
Daily Temperature,Treated,2025-08-20,77,20253.00166700368
Daily Temperature,Treated,2025-08-20,77,20055.644806616303
Daily Temperature,Treated,2025-08-20,77,16665.281375750554
Daily Temperature,Treated,2025-08-20,77,13697.349246571897
Daily Temperature,Treated,2025-08-20,77,34899.51134284169
Daily Temperature,Treated,2025-08-20,77,5215.121104218644
Daily Temperature,Treated,2025-08-20,77,31187.292184160036
Daily Temperature,Treated,2025-08-20,77,41680.8439129212
Daily Temperature,Treated,2025-08-20,77,13958.842390719525
Daily Temperature,Treated,2025-08-20,77,12354.79375408094
Daily Temperature,Treated,2025-08-20,77,49231.827732147576
Daily Temperature,Treated,2025-08-20,77,60957.86849075224
Daily Temperature,Treated,2025-08-20,77,43451.309683499356
Daily Temperature,Treated,2025-08-20,77,13059.464615507259
Daily Temperature,Treated,2025-08-20,77,15309.39875990865
Daily Temperature,Treated,2025-08-20,77,49036.74657899919
Daily Temperature,Treated,2025-08-20,77,19811.02555887804
Daily Temperature,Treated,2025-08-20,77,29055.07040694473
Daily Temperature,Treated,2025-08-20,77,20479.926107650503
Daily Temperature,Treated,2025-08-20,77,33207.161222743074
Daily Temperature,Treated,2025-08-20,77,11416.640124344029
Daily Temperature,Treated,2025-08-20,77,12787.568296562784
Daily Temperature,Treated,2025-08-20,77,30427.24063929822
Daily Temperature,Treated,2025-08-20,77,33675.289132147904
Daily Temperature,Treated,2025-08-20,77,10946.194981647417
Daily Temperature,Treated,2025-08-20,77,19189.665729669417
Daily Temperature,Treated,2025-08-20,77,18378.451197698952
Daily Temperature,Treated,2025-08-20,77,32247.66237765865
Daily Temperature,Treated,2025-08-20,77,18403.36751295154
Daily Temperature,Control,2025-08-20,78,44402.898967484995
Daily Temperature,Control,2025-08-20,78,15707.423866765055
Daily Temperature,Control,2025-08-20,78,57820.76545745334
Daily Temperature,Control,2025-08-20,78,41841.72444325821
Daily Temperature,Control,2025-08-20,78,17008.387201073132
Daily Temperature,Control,2025-08-20,78,24242.420685597997
Daily Temperature,Control,2025-08-20,78,10462.30804155943
Daily Temperature,Control,2025-08-20,78,17112.452216797188
Daily Temperature,Control,2025-08-20,78,24573.503024828526
Daily Temperature,Control,2025-08-20,78,10647.938219899024
Daily Temperature,Control,2025-08-20,78,30093.935632218287
Daily Temperature,Control,2025-08-20,78,10973.381350229649
Daily Temperature,Control,2025-08-20,78,23173.491782760524
Daily Temperature,Control,2025-08-20,78,17011.0957940456
Daily Temperature,Control,2025-08-20,78,16478.527772704565
Daily Temperature,Control,2025-08-20,78,26076.691558205282
Daily Temperature,Control,2025-08-20,78,29746.812578736866
Daily Temperature,Control,2025-08-20,78,17457.934939091985
Daily Temperature,Control,2025-08-20,78,24088.783340996542
Daily Temperature,Control,2025-08-20,78,23697.493090101463
Daily Temperature,Control,2025-08-20,78,22221.99050304877
Daily Temperature,Control,2025-08-20,78,30858.956889651003
Daily Temperature,Control,2025-08-20,78,21379.22079098857
Daily Temperature,Control,2025-08-20,78,24888.711799284745
Daily Temperature,Control,2025-08-20,78,34256.81067500086
Daily Temperature,Control,2025-08-20,78,17823.681429839264
Daily Temperature,Control,2025-08-20,78,19313.72158650233
Daily Temperature,Control,2025-08-20,78,18791.90951125861
Daily Temperature,Control,2025-08-20,78,22959.136204841652
Daily Temperature,Control,2025-08-20,78,11957.335159823668
Daily Temperature,Control,2025-08-20,78,25031.69056980392
Daily Temperature,Control,2025-08-20,78,24486.228658017855
Daily Temperature,Control,2025-08-20,78,11584.43012208323
Daily Temperature,Control,2025-08-20,78,14394.300993495823
Daily Temperature,Control,2025-08-20,78,19762.37734580529
Daily Temperature,Control,2025-08-20,78,8906.384784529637
Weekly Temperature,Control,2025-08-20,79,10349.621291086223
Weekly Temperature,Control,2025-08-20,79,17326.616596108448
Weekly Temperature,Control,2025-08-20,79,28745.65512548638
Weekly Temperature,Control,2025-08-20,79,14911.73329412267
Weekly Temperature,Control,2025-08-20,79,2059.1402045565383
Weekly Temperature,Control,2025-08-20,79,7604.519307262667
Weekly Temperature,Control,2025-08-20,79,16630.64205011217
Weekly Temperature,Control,2025-08-20,79,7883.691629455917
Weekly Temperature,Control,2025-08-20,79,7784.955838193223
Weekly Temperature,Control,2025-08-20,79,14887.2444402194
Weekly Temperature,Control,2025-08-20,79,8485.615545647117
Weekly Temperature,Control,2025-08-20,79,16848.265027008936
Weekly Temperature,Control,2025-08-20,79,23174.636075624974
Weekly Temperature,Control,2025-08-20,79,24508.920855831217
Weekly Temperature,Control,2025-08-20,79,9257.238413608475
Weekly Temperature,Control,2025-08-20,79,16483.816171847022
Weekly Temperature,Control,2025-08-20,79,41724.179670626414
Weekly Temperature,Control,2025-08-20,79,17268.089523738592
Weekly Temperature,Control,2025-08-20,79,14140.751521938873
Weekly Temperature,Control,2025-08-20,79,21632.03092433654
Weekly Temperature,Control,2025-08-20,79,9189.546561156025
Weekly Temperature,Control,2025-08-20,79,16160.975898752935
Weekly Temperature,Control,2025-08-20,79,21115.89914430478
Weekly Temperature,Control,2025-08-20,79,28103.927748248105
Weekly Temperature,Control,2025-08-20,79,12359.753332346872
Weekly Temperature,Control,2025-08-20,79,6205.426546177023
Weekly Temperature,Control,2025-08-20,79,7177.133090091074
Weekly Temperature,Control,2025-08-20,79,12284.811804226218
Weekly Temperature,Control,2025-08-20,79,7239.17562748199
Weekly Temperature,Control,2025-08-20,79,10528.099137761363
Weekly Temperature,Control,2025-08-20,79,15688.738469824466
Weekly Temperature,Control,2025-08-20,79,11858.808207461967
Weekly Temperature,Control,2025-08-20,79,9133.513673510308
Weekly Temperature,Control,2025-08-20,79,20044.38273098397
Weekly Temperature,Control,2025-08-20,79,9303.526885911779
Weekly Temperature,Control,2025-08-20,79,9752.240019327002
Weekly Temperature,Control,2025-08-20,79,15362.80057285299
Weekly Temperature,Control,2025-08-20,79,15716.772910512062
Weekly Temperature,Control,2025-08-20,79,18125.01667947069
Weekly Temperature,Control,2025-08-20,79,12408.72103251627
Weekly Temperature,Control,2025-08-20,79,12760.688475367835
Weekly Temperature,Control,2025-08-20,79,8344.306320680253
Weekly Temperature,Control,2025-08-20,79,6255.616652069648
Weekly Temperature,Control,2025-08-20,79,17186.951173872167
Weekly Temperature,Control,2025-08-20,79,14060.89779063389
Weekly Temperature,Control,2025-08-20,79,7534.7859932129995
Weekly Temperature,Control,2025-08-20,79,21203.3946998882
Weekly Temperature,Control,2025-08-20,79,15112.872570610501
Weekly Temperature,Control,2025-08-20,79,13869.715257613414
Weekly Temperature,Control,2025-08-20,79,16197.477030175942
Weekly Temperature,Control,2025-08-20,79,11871.176423717561
Weekly Temperature,Control,2025-08-20,79,26217.35596289596
Weekly Temperature,Control,2025-08-20,79,30686.556773985496
Weekly Temperature,Control,2025-08-20,79,10350.86145281996
Weekly Temperature,Control,2025-08-20,79,7927.306550242545
Weekly Temperature,Control,2025-08-20,79,6208.819876468095
Weekly Temperature,Control,2025-08-20,79,8729.810769936894
Weekly Temperature,Control,2025-08-20,79,6464.611350439399
Weekly Temperature,Control,2025-08-20,79,10153.848030039737
Weekly Temperature,Control,2025-08-20,79,5664.711893573753
Weekly Temperature,Control,2025-08-20,79,15642.945989724087
Weekly Temperature,Control,2025-08-20,79,7615.365696506824
Weekly Temperature,Control,2025-08-20,79,19780.609686582306
Weekly Temperature,Control,2025-08-20,79,14897.036314398452
Weekly Temperature,Control,2025-08-20,79,24047.5479683074
Weekly Temperature,Control,2025-08-20,79,15042.857591438107
Weekly Temperature,Control,2025-08-20,79,12332.847954715835
Weekly Temperature,Control,2025-08-20,79,17291.847924801088
Weekly Temperature,Control,2025-08-20,79,41435.93947766895
Weekly Temperature,Control,2025-08-20,79,23400.91174895508
Weekly Temperature,Control,2025-08-20,79,14700.509409833365
Weekly Temperature,Control,2025-08-20,79,10603.668521824155
Weekly Temperature,Control,2025-08-20,79,34062.108662218
Weekly Temperature,Control,2025-08-20,79,11898.696146389699
Weekly Temperature,Control,2025-08-20,79,14936.252724326372
Weekly Temperature,Control,2025-08-20,79,20856.129870703946
Weekly Temperature,Control,2025-08-20,79,17036.39186061324
Weekly Temperature,Control,2025-08-20,79,31580.79747325179
Weekly Temperature,Control,2025-08-20,79,19548.608169128136
Weekly Temperature,Control,2025-08-20,79,6784.516640176659
Weekly Temperature,Control,2025-08-20,79,10898.41835177049
Weekly Temperature,Control,2025-08-20,79,17519.72237663242
Weekly Temperature,Control,2025-08-20,79,4618.598321582291
Weekly Temperature,Control,2025-08-20,79,15304.399583071541
Weekly Temperature,Control,2025-08-20,79,30643.928830206092
Weekly Temperature,Control,2025-08-20,79,35815.34901769969
Weekly Temperature,Control,2025-08-20,79,14993.583791752722
Weekly Temperature,Control,2025-08-20,79,12462.82575422208
Weekly Temperature,Control,2025-08-20,79,10900.352189727622
Weekly Temperature,Control,2025-08-20,79,12445.008538065786
Weekly Temperature,Control,2025-08-20,79,30355.276117206886
Weekly Temperature,Control,2025-08-20,79,11505.675011741316
Weekly Temperature,Control,2025-08-20,79,11872.551269689433
Weekly Temperature,Control,2025-08-20,79,12699.099185775201
Weekly Temperature,Control,2025-08-20,79,16587.198648731362
Weekly Temperature,Treated,2025-08-20,80,4403.9223781628325
Weekly Temperature,Treated,2025-08-20,80,12286.928064978501
Weekly Temperature,Treated,2025-08-20,80,42752.76552634606
Weekly Temperature,Treated,2025-08-20,80,11893.188360105509
Weekly Temperature,Treated,2025-08-20,80,11682.594965245624
Weekly Temperature,Treated,2025-08-20,80,46525.97935220629
Weekly Temperature,Treated,2025-08-20,80,16564.18219272531
Weekly Temperature,Treated,2025-08-20,80,3997.90381595158
Weekly Temperature,Treated,2025-08-20,80,12055.782359687415
Weekly Temperature,Treated,2025-08-20,80,14532.370779286042
Weekly Temperature,Treated,2025-08-20,80,13140.914206045605
Weekly Temperature,Treated,2025-08-20,80,8202.669879146384
Weekly Temperature,Treated,2025-08-20,80,11242.765486729657
Weekly Temperature,Treated,2025-08-20,80,24724.70518474042
Weekly Temperature,Treated,2025-08-20,80,10366.993697656873
Weekly Temperature,Treated,2025-08-20,80,8871.52196981074
Weekly Temperature,Treated,2025-08-20,80,14800.961629466616
Weekly Temperature,Treated,2025-08-20,80,16160.975898752935
Weekly Temperature,Treated,2025-08-20,80,29080.97101663301
Weekly Temperature,Treated,2025-08-20,80,27676.186899177796
Weekly Temperature,Treated,2025-08-20,80,51210.03317399578
Weekly Temperature,Treated,2025-08-20,80,11241.445908761292
Weekly Temperature,Treated,2025-08-20,80,5612.926424835304
Weekly Temperature,Treated,2025-08-20,80,11054.593439888928
Weekly Temperature,Treated,2025-08-20,80,17594.643347326
Weekly Temperature,Treated,2025-08-20,80,33481.64451426581
Weekly Temperature,Treated,2025-08-20,80,31956.13521471708
Weekly Temperature,Treated,2025-08-20,80,21240.825012105754
Weekly Temperature,Treated,2025-08-20,80,20551.825244944805
Weekly Temperature,Treated,2025-08-20,80,8411.02217951827
Weekly Temperature,Treated,2025-08-20,80,7691.114939968578
Weekly Temperature,Treated,2025-08-20,80,7319.800257449072
Weekly Temperature,Treated,2025-08-20,80,8166.242984399332
Weekly Temperature,Treated,2025-08-20,80,12148.542966787474
Weekly Temperature,Treated,2025-08-20,80,18254.256179901142
Weekly Temperature,Treated,2025-08-20,80,8092.2018564799355
Weekly Temperature,Treated,2025-08-20,80,21814.947346833607
Weekly Temperature,Treated,2025-08-20,80,32968.99075580226
Weekly Temperature,Treated,2025-08-20,80,11046.126404414084
Weekly Temperature,Treated,2025-08-20,80,29564.059425365987
Weekly Temperature,Treated,2025-08-20,80,5869.6590812609575
Weekly Temperature,Treated,2025-08-20,80,11252.005794588815
Weekly Temperature,Treated,2025-08-20,80,7389.020873542637
Weekly Temperature,Treated,2025-08-20,80,10695.523832667866
Weekly Temperature,Treated,2025-08-20,80,6078.32228603437
Weekly Temperature,Treated,2025-08-20,80,15162.44375387194
Weekly Temperature,Treated,2025-08-20,80,15575.292210812617
Weekly Temperature,Treated,2025-08-20,80,15835.275913636862
Weekly Temperature,Treated,2025-08-20,80,8037.640999958376
Weekly Temperature,Treated,2025-08-20,80,20001.426660921254
Weekly Temperature,Treated,2025-08-20,80,13940.982351267641
Weekly Temperature,Treated,2025-08-20,80,17913.67703475944
Weekly Temperature,Treated,2025-08-20,80,3166.5391816545184
Weekly Temperature,Treated,2025-08-20,80,5746.852181832732
Weekly Temperature,Treated,2025-08-20,80,19807.98236008246
Weekly Temperature,Treated,2025-08-20,80,12289.044600739346
Weekly Temperature,Treated,2025-08-20,80,6980.8666488069775
Weekly Temperature,Treated,2025-08-20,80,20854.019449793297
Weekly Temperature,Treated,2025-08-20,80,19854.684123293377
Weekly Temperature,Treated,2025-08-20,80,12225.668052195579
Weekly Temperature,Treated,2025-08-20,80,8489.358091374206
Weekly Temperature,Treated,2025-08-20,80,12788.29537132655
Weekly Temperature,Treated,2025-08-20,80,4599.487625726375
Weekly Temperature,Treated,2025-08-20,80,5201.319760018325
Weekly Temperature,Treated,2025-08-20,80,9211.122142041027
Weekly Temperature,Treated,2025-08-20,80,18895.39824188198
Weekly Temperature,Treated,2025-08-20,80,8523.63265103689
Weekly Temperature,Treated,2025-08-20,80,41321.080677518505
Weekly Temperature,Treated,2025-08-20,80,15088.133197795578
Weekly Temperature,Treated,2025-08-20,80,19623.023434405095
Weekly Temperature,Treated,2025-08-20,80,29342.335686482147
Weekly Temperature,Treated,2025-08-20,80,14666.602872577721
Weekly Temperature,Treated,2025-08-20,80,29548.869387565046
Weekly Temperature,Treated,2025-08-20,80,7700.5605500967595
Weekly Temperature,Treated,2025-08-20,80,43583.860214022
Weekly Temperature,Treated,2025-08-20,80,22425.457318382127
Weekly Temperature,Treated,2025-08-20,80,18876.816379464337
Weekly Temperature,Treated,2025-08-20,80,10302.577640647803
Weekly Temperature,Treated,2025-08-20,80,7914.101802545217
Weekly Temperature,Treated,2025-08-20,80,12242.544301358006
Weekly Temperature,Treated,2025-08-20,80,24975.877916224257
Weekly Temperature,Treated,2025-08-20,80,12566.545611407242
Weekly Temperature,Treated,2025-08-20,80,9830.161020836342
Weekly Temperature,Treated,2025-08-20,80,14826.155894977393
Weekly Temperature,Treated,2025-08-20,80,13198.901687950705
Weekly Temperature,Treated,2025-08-20,80,14619.07254726484
Weekly Temperature,Treated,2025-08-20,80,24975.877916224257
Weekly Temperature,Treated,2025-08-20,80,8857.16384340209
Weekly Temperature,Treated,2025-08-20,80,17527.111120544927
Weekly Temperature,Treated,2025-08-20,80,4026.9208730097985
Weekly Temperature,Treated,2025-08-20,80,11533.89955603127
Weekly Temperature,Treated,2025-08-20,80,19324.66782031642
Weekly Temperature,Treated,2025-08-20,80,11543.992369577716
Weekly Temperature,Treated,2025-08-20,80,11936.61422744824
Weekly Temperature,Control,2025-08-20,92,67915.8135760916
Weekly Temperature,Control,2025-08-20,92,3517.7405812792435
Weekly Temperature,Control,2025-08-20,92,22394.23331694902
Weekly Temperature,Control,2025-08-20,92,16002.665503600065
Weekly Temperature,Control,2025-08-20,92,17289.10529875006
Weekly Temperature,Control,2025-08-20,92,13442.602169522488
Weekly Temperature,Control,2025-08-20,92,9906.146685987254
Weekly Temperature,Control,2025-08-20,92,15819.892013617584
Weekly Temperature,Control,2025-08-20,92,6091.698853939398
Weekly Temperature,Control,2025-08-20,92,10200.99534132872
Weekly Temperature,Control,2025-08-20,92,26141.927322900676
Weekly Temperature,Control,2025-08-20,92,13835.728721284415
Weekly Temperature,Control,2025-08-20,92,12816.675655209945
Weekly Temperature,Control,2025-08-20,92,13807.197992247131
Weekly Temperature,Control,2025-08-20,92,21649.400579162622
Weekly Temperature,Control,2025-08-20,92,31039.279118391558
Weekly Temperature,Control,2025-08-20,92,14693.238720293613
Weekly Temperature,Control,2025-08-20,92,18547.620198657143
Weekly Temperature,Control,2025-08-20,92,17127.876843363425
Weekly Temperature,Control,2025-08-20,92,7677.210756580628
Weekly Temperature,Control,2025-08-20,92,11390.630735187156
Weekly Temperature,Control,2025-08-20,92,40093.2517621765
Weekly Temperature,Control,2025-08-20,92,14640.003685641736
Weekly Temperature,Control,2025-08-20,92,20881.467708870437
Weekly Temperature,Control,2025-08-20,92,4929.413210622698
Weekly Temperature,Control,2025-08-20,92,20093.56193422495
Weekly Temperature,Control,2025-08-20,92,6923.227711773774
Weekly Temperature,Control,2025-08-20,92,19026.84703403341
Weekly Temperature,Control,2025-08-20,92,20355.34382057971
Weekly Temperature,Control,2025-08-20,92,19310.737074088174
Weekly Temperature,Control,2025-08-20,92,10668.856267311672
Weekly Temperature,Control,2025-08-20,92,9641.22308816862
Weekly Temperature,Control,2025-08-20,92,10152.625604431152
Weekly Temperature,Control,2025-08-20,92,8980.319478091618
Weekly Temperature,Control,2025-08-20,92,6804.919017873521
Weekly Temperature,Control,2025-08-20,92,10690.440442840185
Weekly Temperature,Control,2025-08-20,92,14061.679007533678
Weekly Temperature,Control,2025-08-20,92,33323.715556120434
Weekly Temperature,Control,2025-08-20,92,15509.544223845418
Weekly Temperature,Control,2025-08-20,92,19417.403221793145
Weekly Temperature,Control,2025-08-20,92,18064.440598338773
Weekly Temperature,Control,2025-08-20,92,18145.875513113817
Weekly Temperature,Control,2025-08-20,92,21776.742116079888
Weekly Temperature,Control,2025-08-20,92,25500.137911534795
Weekly Temperature,Control,2025-08-20,92,20389.545845299956
Weekly Temperature,Control,2025-08-20,92,20206.613154345763
Weekly Temperature,Control,2025-08-20,92,9355.735953447525
Weekly Temperature,Control,2025-08-20,92,20320.151405857367
Weekly Temperature,Control,2025-08-20,92,38619.60474803056
Weekly Temperature,Control,2025-08-20,92,22845.74090101621
Weekly Temperature,Control,2025-08-20,92,17098.851052820482
Weekly Temperature,Control,2025-08-20,92,13842.675375137449
Weekly Temperature,Control,2025-08-20,92,9868.996605828825
Weekly Temperature,Control,2025-08-20,92,14630.34033631932
Weekly Temperature,Control,2025-08-20,92,33791.587036952325
Weekly Temperature,Control,2025-08-20,92,26705.36726703
Weekly Temperature,Control,2025-08-20,92,11027.255966652116
Weekly Temperature,Control,2025-08-20,92,4160.332229557546
Weekly Temperature,Control,2025-08-20,92,4918.313562061838
Weekly Temperature,Control,2025-08-20,92,24995.28011050708
Weekly Temperature,Control,2025-08-20,92,14834.290018459193
Weekly Temperature,Control,2025-08-20,92,5351.564839142963
Weekly Temperature,Control,2025-08-20,92,7348.583579407393
Weekly Temperature,Control,2025-08-20,92,19642.165016897336
Weekly Temperature,Control,2025-08-20,92,22603.40056916159
Weekly Temperature,Control,2025-08-20,92,20990.477654936698
Weekly Temperature,Control,2025-08-20,92,15561.788199231418
Weekly Temperature,Control,2025-08-20,92,10482.951910343785
Weekly Temperature,Control,2025-08-20,92,6549.808129715572
Weekly Temperature,Control,2025-08-20,92,9962.670571870776
Weekly Temperature,Control,2025-08-20,92,7774.431698581869
Weekly Temperature,Control,2025-08-20,92,29990.448217938472
Weekly Temperature,Control,2025-08-20,92,11450.719802027907
Weekly Temperature,Control,2025-08-20,92,33084.894609843934
Weekly Temperature,Control,2025-08-20,92,14374.431300768007
Weekly Temperature,Control,2025-08-20,92,31636.078014365663
Weekly Temperature,Control,2025-08-20,92,29990.448217938472
Weekly Temperature,Control,2025-08-20,92,25861.80724135283
Weekly Temperature,Control,2025-08-20,92,15589.649984866313
Weekly Temperature,Control,2025-08-20,92,16537.654990565454
Weekly Temperature,Control,2025-08-20,92,22603.40056916159
Weekly Temperature,Treated,2025-08-20,93,30655.291785211444
Weekly Temperature,Treated,2025-08-20,93,18284.767557839947
Weekly Temperature,Treated,2025-08-20,93,19609.934797624002
Weekly Temperature,Treated,2025-08-20,93,11413.303092464123
Weekly Temperature,Treated,2025-08-20,93,31800.909121663855
Weekly Temperature,Treated,2025-08-20,93,14670.63624965171
Weekly Temperature,Treated,2025-08-20,93,15793.424176040815
Weekly Temperature,Treated,2025-08-20,93,13749.502155949098
Weekly Temperature,Treated,2025-08-20,93,18107.96399301917
Weekly Temperature,Treated,2025-08-20,93,13639.238106721345
Weekly Temperature,Treated,2025-08-20,93,17534.50224280484
Weekly Temperature,Treated,2025-08-20,93,36459.533859109644
Weekly Temperature,Treated,2025-08-20,93,19046.526112495285
Weekly Temperature,Treated,2025-08-20,93,41430.549897311146
Weekly Temperature,Treated,2025-08-20,93,17668.879201204556
Weekly Temperature,Treated,2025-08-20,93,18073.895399190744
Weekly Temperature,Treated,2025-08-20,93,31907.74714393727
Weekly Temperature,Treated,2025-08-20,93,8448.257593765737
Weekly Temperature,Treated,2025-08-20,93,11556.112519738608
Weekly Temperature,Treated,2025-08-20,93,13230.951771600914
Weekly Temperature,Treated,2025-08-20,93,7441.738381142481
Weekly Temperature,Treated,2025-08-20,93,5942.452880511571
Weekly Temperature,Treated,2025-08-20,93,13108.288420279518
Weekly Temperature,Treated,2025-08-20,93,37534.92458311776
Weekly Temperature,Treated,2025-08-20,93,2716.4670059877326
Weekly Temperature,Treated,2025-08-20,93,5144.162449997584
Weekly Temperature,Treated,2025-08-20,93,4143.246849911189
Weekly Temperature,Treated,2025-08-20,93,15920.949410811914
Weekly Temperature,Treated,2025-08-20,93,6326.29752117752
Weekly Temperature,Treated,2025-08-20,93,14339.511171763546
Weekly Temperature,Treated,2025-08-20,93,13210.82043351368
Weekly Temperature,Treated,2025-08-20,93,9423.183150651117
Weekly Temperature,Treated,2025-08-20,93,9198.626412189844
Weekly Temperature,Treated,2025-08-20,93,7922.733826539366
Weekly Temperature,Treated,2025-08-20,93,10555.13154826386
Weekly Temperature,Treated,2025-08-20,93,16219.23367455973
Weekly Temperature,Treated,2025-08-20,93,20226.189467271208
Weekly Temperature,Treated,2025-08-20,93,12370.386058522903
Weekly Temperature,Treated,2025-08-20,93,20638.568986930284
Weekly Temperature,Treated,2025-08-20,93,13884.410795830094
Weekly Temperature,Treated,2025-08-20,93,7918.670827413384
Weekly Temperature,Treated,2025-08-20,93,11715.228492693817
Weekly Temperature,Treated,2025-08-20,93,6822.6376702512325
Weekly Temperature,Treated,2025-08-20,93,15653.11329972078
Weekly Temperature,Treated,2025-08-20,93,6796.752641905131
Weekly Temperature,Treated,2025-08-20,93,26930.78285206759
Weekly Temperature,Treated,2025-08-20,93,20390.582957828236
Weekly Temperature,Treated,2025-08-20,93,20981.995251947515
Weekly Temperature,Treated,2025-08-20,93,19282.898648982766
Weekly Temperature,Treated,2025-08-20,93,48434.83715864977
Weekly Temperature,Treated,2025-08-20,93,24788.52006831472
Weekly Temperature,Treated,2025-08-20,93,33579.12059579264
Weekly Temperature,Treated,2025-08-20,93,15194.731201619967
Weekly Temperature,Treated,2025-08-20,93,8961.932242512205
Weekly Temperature,Treated,2025-08-20,93,21320.13042287094
Weekly Temperature,Treated,2025-08-20,93,13800.2648281904
Weekly Temperature,Treated,2025-08-20,93,21837.8951971008
Weekly Temperature,Treated,2025-08-20,93,7078.964417080055
Weekly Temperature,Treated,2025-08-20,93,19242.190687437105
Weekly Temperature,Treated,2025-08-20,93,20902.600615205425
Weekly Temperature,Treated,2025-08-20,93,21441.670448312405
Weekly Temperature,Treated,2025-08-20,93,25739.986353298023
Weekly Temperature,Treated,2025-08-20,93,30161.210572204127
Weekly Temperature,Treated,2025-08-20,93,20453.923369971424
Weekly Temperature,Treated,2025-08-20,93,35262.36218655908
Weekly Temperature,Treated,2025-08-20,93,27283.34131505219
Weekly Temperature,Treated,2025-08-20,93,21405.045061030654
Weekly Temperature,Treated,2025-08-20,93,24833.14533864377
Weekly Temperature,Treated,2025-08-20,93,19859.765481257764
Weekly Temperature,Treated,2025-08-20,93,16669.726288110203
Weekly Temperature,Treated,2025-08-20,93,20750.809413084622
Weekly Temperature,Treated,2025-08-20,93,11308.893061197157
Weekly Temperature,Treated,2025-08-20,93,9284.647803262847
Weekly Temperature,Treated,2025-08-20,93,7362.525509625609
Weekly Temperature,Treated,2025-08-20,93,5816.505519977192
Weekly Temperature,Treated,2025-08-20,93,12585.930702223426
Weekly Temperature,Treated,2025-08-20,93,14892.139766226323
Weekly Temperature,Treated,2025-08-20,93,5355.751294659273
Weekly Temperature,Treated,2025-08-20,93,45378.46367976381
Weekly Temperature,Treated,2025-08-20,93,16762.385491971043
Weekly Temperature,Treated,2025-08-20,93,19735.05298024694
Weekly Temperature,Treated,2025-08-20,93,21693.95923449871
Weekly Temperature,Treated,2025-08-20,93,15609.091226125094
Weekly Temperature,Treated,2025-08-20,93,32762.057249016434
Weekly Temperature,Treated,2025-08-20,93,14247.757341422639
Weekly Temperature,Treated,2025-08-20,93,34278.49759481774
Weekly Temperature,Treated,2025-08-20,93,19283.8923490529
Weekly Temperature,Treated,2025-08-20,93,33414.75751703703
Weekly Temperature,Treated,2025-08-20,93,24231.75998215312
Weekly Temperature,Treated,2025-08-20,93,28519.303213983214
Daily Temperature,Treated,2025-08-20,95,52620.96242398121
Daily Temperature,Treated,2025-08-20,95,73471.94507243998
Daily Temperature,Treated,2025-08-20,95,25076.653153687574
Daily Temperature,Treated,2025-08-20,95,36604.448521677106
Daily Temperature,Treated,2025-08-20,95,64466.71991862196
Daily Temperature,Treated,2025-08-20,95,11024.655050260366
Daily Temperature,Treated,2025-08-20,95,17528.95867811798
Daily Temperature,Treated,2025-08-20,95,51258.84364833072
Daily Temperature,Treated,2025-08-20,95,45552.35287453247
Daily Temperature,Treated,2025-08-20,95,23577.81944322224
Daily Temperature,Treated,2025-08-20,95,9790.250320391013
Daily Temperature,Treated,2025-08-20,95,10824.481975135697
Daily Temperature,Treated,2025-08-20,95,46417.87231686202
Daily Temperature,Treated,2025-08-20,95,23445.90845055565
Daily Temperature,Treated,2025-08-20,95,27558.269118803433
Daily Temperature,Treated,2025-08-20,95,23932.378298144275
Daily Temperature,Treated,2025-08-20,95,27968.72061579489
Daily Temperature,Treated,2025-08-20,95,29916.498664204508
Daily Temperature,Treated,2025-08-20,95,20015.7375029005
Daily Temperature,Treated,2025-08-20,95,45792.78922861983
Daily Temperature,Treated,2025-08-20,95,34046.69309990783
Daily Temperature,Treated,2025-08-20,95,25369.817820373424
Daily Temperature,Treated,2025-08-20,95,28475.0039396684
Daily Temperature,Treated,2025-08-20,95,39706.01747444198
Daily Temperature,Treated,2025-08-20,95,50312.56836281984
Daily Temperature,Treated,2025-08-20,95,27376.9159114211
Daily Temperature,Treated,2025-08-20,95,27733.977505721305
Daily Temperature,Treated,2025-08-20,95,27902.626814587515
Daily Temperature,Treated,2025-08-20,95,43806.73267232448
Daily Temperature,Treated,2025-08-20,95,41742.246639831574
Daily Temperature,Treated,2025-08-20,95,47378.00939343363
Daily Temperature,Treated,2025-08-20,95,47864.89376738452
Daily Temperature,Treated,2025-08-20,95,46200.29306699419
Daily Temperature,Treated,2025-08-20,95,32066.320161773554
Daily Temperature,Treated,2025-08-20,95,39022.53753069307
Daily Temperature,Treated,2025-08-20,95,36651.7648047885
Daily Temperature,Treated,2025-08-20,95,33305.53034364148
Daily Temperature,Treated,2025-08-20,95,35778.48794130572
Daily Temperature,Treated,2025-08-20,95,39008.82524886209
Daily Temperature,Treated,2025-08-20,95,41088.54067734953
Weekly Temperature,Treated,2025-08-20,96,24122.991060735803
Weekly Temperature,Treated,2025-08-20,96,44997.739892880614
Weekly Temperature,Treated,2025-08-20,96,28786.221123885734
Weekly Temperature,Treated,2025-08-20,96,29976.484632048665
Weekly Temperature,Treated,2025-08-20,96,16100.279880300872
Weekly Temperature,Treated,2025-08-20,96,26056.644340298273
Weekly Temperature,Treated,2025-08-20,96,17904.286333814132
Weekly Temperature,Treated,2025-08-20,96,20997.901916604704
Weekly Temperature,Treated,2025-08-20,96,17969.15877740436
Weekly Temperature,Treated,2025-08-20,96,19390.44501399916
Weekly Temperature,Treated,2025-08-20,96,60228.76325830182
Weekly Temperature,Treated,2025-08-20,96,31741.026214001595
Weekly Temperature,Treated,2025-08-20,96,21574.570406215124
Weekly Temperature,Treated,2025-08-20,96,13648.401117097406
Weekly Temperature,Treated,2025-08-20,96,4423.43432560667
Weekly Temperature,Treated,2025-08-20,96,70580.86001169228
Weekly Temperature,Treated,2025-08-20,96,16749.88932740188
Weekly Temperature,Treated,2025-08-20,96,15831.85628600402
Weekly Temperature,Treated,2025-08-20,96,10523.70343411477
Weekly Temperature,Treated,2025-08-20,96,32962.97841661035
Weekly Temperature,Treated,2025-08-20,96,27062.093126126587
Weekly Temperature,Treated,2025-08-20,96,23172.347533396798
Weekly Temperature,Treated,2025-08-20,96,26969.352258386647
Weekly Temperature,Treated,2025-08-20,96,20146.943729101262
Weekly Temperature,Treated,2025-08-20,96,28957.082910798767
Weekly Temperature,Treated,2025-08-20,96,7975.693782875259
Weekly Temperature,Treated,2025-08-20,96,17654.9417975153
Weekly Temperature,Treated,2025-08-20,96,21311.54592025658
Weekly Temperature,Treated,2025-08-20,96,12489.230558743115
Weekly Temperature,Treated,2025-08-20,96,33640.15517964487
Weekly Temperature,Treated,2025-08-20,96,27455.08424066357
Weekly Temperature,Treated,2025-08-20,96,25507.529943734782
Weekly Temperature,Treated,2025-08-20,96,16289.004501567446
Weekly Temperature,Treated,2025-08-20,96,37865.33278343965
Weekly Temperature,Treated,2025-08-20,96,18631.68195831981
Weekly Temperature,Treated,2025-08-20,96,28248.97256374682
Weekly Temperature,Treated,2025-08-20,96,28207.662444352984
Weekly Temperature,Treated,2025-08-20,96,25619.845403086343
Weekly Temperature,Treated,2025-08-20,96,7347.142427006451
Weekly Temperature,Treated,2025-08-20,96,25161.887974639107
Weekly Temperature,Treated,2025-08-20,96,15257.800400152264
Weekly Temperature,Treated,2025-08-20,96,7228.728659849748
Weekly Temperature,Treated,2025-08-20,96,16090.75773506998
Weekly Temperature,Treated,2025-08-20,96,20355.34382057971
Weekly Temperature,Treated,2025-08-20,96,10221.865766556184
Weekly Temperature,Treated,2025-08-20,96,29104.1604100795
Weekly Temperature,Treated,2025-08-20,96,25695.347302437338
Weekly Temperature,Treated,2025-08-20,96,14690.81576371982
Weekly Temperature,Treated,2025-08-20,96,34352.93390708512
Weekly Temperature,Treated,2025-08-20,96,15777.218613234827
Weekly Temperature,Treated,2025-08-20,96,13588.924767120101
Weekly Temperature,Treated,2025-08-20,96,16293.372753802232
Weekly Temperature,Treated,2025-08-20,96,18071.05856202949
Weekly Temperature,Treated,2025-08-20,96,18508.105581001255
Weekly Temperature,Treated,2025-08-20,96,25459.51129265296
Weekly Temperature,Treated,2025-08-20,96,12905.762337947022
Weekly Temperature,Treated,2025-08-20,96,23755.75553450293
Weekly Temperature,Treated,2025-08-20,96,11853.314340096751
Weekly Temperature,Treated,2025-08-20,96,15372.829153647628
Weekly Temperature,Treated,2025-08-20,96,22408.726013557614
Weekly Temperature,Treated,2025-08-20,96,6614.913178898321
Weekly Temperature,Treated,2025-08-20,96,13794.104229569532
Weekly Temperature,Treated,2025-08-20,96,34711.356101374964
Weekly Temperature,Treated,2025-08-20,96,18376.53562681448
Weekly Temperature,Treated,2025-08-20,96,13130.526622049154
Weekly Temperature,Treated,2025-08-20,96,10428.592961754726
Weekly Temperature,Treated,2025-08-20,96,15784.89335476725
Weekly Temperature,Treated,2025-08-20,96,12501.37664354736
Weekly Temperature,Treated,2025-08-20,96,31615.702761364308
Weekly Temperature,Treated,2025-08-20,96,11674.447290999473
Weekly Temperature,Treated,2025-08-20,96,7394.328405324131
Weekly Temperature,Treated,2025-08-20,96,13271.284045050688
Weekly Temperature,Treated,2025-08-20,96,12394.512456957842
Weekly Temperature,Treated,2025-08-20,96,36534.37759766651
Weekly Temperature,Treated,2025-08-20,96,28179.704757304527
Weekly Temperature,Treated,2025-08-20,96,7638.575942343612
Weekly Temperature,Treated,2025-08-20,96,31059.365304422314
Weekly Temperature,Treated,2025-08-20,96,5231.942518875682
Weekly Temperature,Treated,2025-08-20,96,19904.524416020628
Weekly Temperature,Treated,2025-08-20,96,33791.587036952325
Weekly Temperature,Treated,2025-08-20,96,18243.776886375716
Weekly Temperature,Treated,2025-08-20,96,22719.2503733408
Weekly Temperature,Treated,2025-08-20,96,26353.551201067094
Weekly Temperature,Treated,2025-08-20,96,17562.24014299555
Weekly Temperature,Treated,2025-08-20,96,33157.30655033137
Weekly Temperature,Treated,2025-08-20,96,19482.420332208487
Weekly Temperature,Treated,2025-08-20,96,41751.28242008663
Weekly Temperature,Treated,2025-08-20,96,23054.722609663313
Weekly Temperature,Control,2025-08-20,75,31007.735489494786
Weekly Temperature,Control,2025-08-20,75,9768.262123604985
Weekly Temperature,Control,2025-08-20,75,20169.561034521794
Weekly Temperature,Control,2025-08-20,75,38009.54859268493
Weekly Temperature,Control,2025-08-20,75,40928.15210209057
Weekly Temperature,Control,2025-08-20,75,66723.25930150338
Weekly Temperature,Control,2025-08-20,75,38911.234161418986
Weekly Temperature,Control,2025-08-20,75,10663.782395534517
Weekly Temperature,Control,2025-08-20,75,70890.24582672528
Weekly Temperature,Control,2025-08-20,75,14932.981699338563
Weekly Temperature,Control,2025-08-20,75,3021.0301461302797
Weekly Temperature,Control,2025-08-20,75,27409.465094266092
Weekly Temperature,Control,2025-08-20,75,51207.911809252095
Weekly Temperature,Control,2025-08-20,75,4862.733156517552
Weekly Temperature,Control,2025-08-20,75,7977.225363762733
Weekly Temperature,Control,2025-08-20,75,14024.217681879143
Weekly Temperature,Control,2025-08-20,75,31682.688325251205
Weekly Temperature,Control,2025-08-20,75,6870.053883334192
Weekly Temperature,Control,2025-08-20,75,20719.293004191608
Weekly Temperature,Control,2025-08-20,75,49384.2078603053
Weekly Temperature,Control,2025-08-20,75,34739.52890329058
Weekly Temperature,Control,2025-08-20,75,20541.393101189602
Weekly Temperature,Control,2025-08-20,75,10138.57563435776
Weekly Temperature,Control,2025-08-20,75,9505.529490219535
Weekly Temperature,Control,2025-08-20,75,27513.823723649264
Weekly Temperature,Control,2025-08-20,75,34912.08320964367
Weekly Temperature,Control,2025-08-20,75,37421.97171006443
Weekly Temperature,Control,2025-08-20,75,25835.665358619885
Weekly Temperature,Control,2025-08-20,75,11808.063068439316
Weekly Temperature,Control,2025-08-20,75,20394.7318125218
Weekly Temperature,Control,2025-08-20,75,45376.53450669883
Weekly Temperature,Control,2025-08-20,75,19665.355540027373
Weekly Temperature,Control,2025-08-20,75,14596.556725796418
Weekly Temperature,Control,2025-08-20,75,11437.346111755656
Weekly Temperature,Control,2025-08-20,75,32028.089335646047
Weekly Temperature,Control,2025-08-20,75,18698.558556354626
Weekly Temperature,Control,2025-08-20,75,48345.560623374666
Weekly Temperature,Control,2025-08-20,75,20741.350630673867
Weekly Temperature,Control,2025-08-20,75,39149.554740337735
Weekly Temperature,Control,2025-08-20,75,7475.253655197573
Weekly Temperature,Control,2025-08-20,75,36368.58118018936
Weekly Temperature,Control,2025-08-20,75,23689.345141121674
Weekly Temperature,Control,2025-08-20,75,1912.5411730301396
Weekly Temperature,Control,2025-08-20,75,10555.13154826386
Weekly Temperature,Control,2025-08-20,75,26284.124375204163
Weekly Temperature,Control,2025-08-20,75,24645.4148359245
Weekly Temperature,Control,2025-08-20,75,6455.001661005547
Weekly Temperature,Control,2025-08-20,75,7283.938539257061
Weekly Temperature,Control,2025-08-20,75,12095.47126919355
Weekly Temperature,Control,2025-08-20,75,5720.441034215567
Weekly Temperature,Control,2025-08-20,75,5822.169140748485
Weekly Temperature,Control,2025-08-20,75,9379.90612531609
Weekly Temperature,Control,2025-08-20,75,14641.614714648247
Weekly Temperature,Control,2025-08-20,75,25251.013705102076
Weekly Temperature,Control,2025-08-20,75,9227.044123069749
Weekly Temperature,Control,2025-08-20,75,45280.157835193335
Weekly Temperature,Control,2025-08-20,75,26941.063853730448
Weekly Temperature,Control,2025-08-20,75,12829.0614277293
Weekly Temperature,Control,2025-08-20,75,25731.301851195796
Weekly Temperature,Control,2025-08-20,75,10938.436751317817
Weekly Temperature,Control,2025-08-20,75,18610.39749567231
Weekly Temperature,Control,2025-08-20,75,7758.415213772724
Weekly Temperature,Control,2025-08-20,75,13245.132170499284
Weekly Temperature,Control,2025-08-20,75,3075.2803829677173
Weekly Temperature,Control,2025-08-20,75,41606.893486369976
Weekly Temperature,Control,2025-08-20,75,14361.725618770743
Weekly Temperature,Control,2025-08-20,75,21190.57311626055
Weekly Temperature,Control,2025-08-20,75,16677.729407096493
Weekly Temperature,Control,2025-08-20,75,14087.477624562647
Weekly Temperature,Control,2025-08-20,75,17487.424572191045
Weekly Temperature,Control,2025-08-20,75,31007.735489494786
Weekly Temperature,Control,2025-08-20,75,55007.44418332199
Weekly Temperature,Control,2025-08-20,75,28495.133361475968
Weekly Temperature,Control,2025-08-20,75,32946.44888036934
Weekly Temperature,Control,2025-08-20,75,40837.48288467781
Weekly Temperature,Control,2025-08-20,75,13956.51183777599
Weekly Temperature,Control,2025-08-20,75,29488.169736821652
Weekly Temperature,Control,2025-08-20,75,31159.947667226166
Weekly Temperature,Control,2025-08-20,75,20051.548945338323
Weekly Temperature,Control,2025-08-20,75,17740.556840734233
Weekly Temperature,Control,2025-08-20,75,26808.92771646036
Weekly Temperature,Control,2025-08-20,75,37178.70064790868
Weekly Temperature,Control,2025-08-20,75,37701.51491427167
Weekly Temperature,Control,2025-08-20,75,15581.20301709929
Weekly Temperature,Control,2025-08-20,75,17798.432496187856
Weekly Temperature,Control,2025-08-20,75,21860.861594742153
Weekly Temperature,Control,2025-08-20,75,28274.31481414588
Weekly Temperature,Control,2025-08-20,75,11167.735230140548
Weekly Temperature,Control,2025-08-20,75,14202.047709279028
Weekly Temperature,Control,2025-08-20,75,13292.98231215911
Weekly Temperature,Control,2025-08-20,75,15260.294047994163
Weekly Temperature,Control,2025-08-20,63,10488.587355767668
Weekly Temperature,Control,2025-08-20,63,19698.665529527796
Weekly Temperature,Control,2025-08-20,63,10474.815832958218
Weekly Temperature,Control,2025-08-20,63,25196.044434764437
Weekly Temperature,Control,2025-08-20,63,6653.222281180198
Weekly Temperature,Control,2025-08-20,63,7830.682628107201
Weekly Temperature,Control,2025-08-20,63,39789.49501416289
Weekly Temperature,Control,2025-08-20,63,11652.06324975235
Weekly Temperature,Control,2025-08-20,63,49316.20883370311
Weekly Temperature,Control,2025-08-20,63,4888.328532940919
Weekly Temperature,Control,2025-08-20,63,17023.740244198772
Weekly Temperature,Control,2025-08-20,63,12233.400820068462
Weekly Temperature,Control,2025-08-20,63,25660.669390794515
Weekly Temperature,Control,2025-08-20,63,26187.164355830333
Weekly Temperature,Control,2025-08-20,63,25088.81589468759
Weekly Temperature,Control,2025-08-20,63,23293.88028366952
Weekly Temperature,Control,2025-08-20,63,19645.18867905404
Weekly Temperature,Control,2025-08-20,63,22510.37699143419
Weekly Temperature,Control,2025-08-20,63,2611.4098421378767
Weekly Temperature,Control,2025-08-20,63,7786.961633876449
Weekly Temperature,Control,2025-08-20,63,5314.372773615721
Weekly Temperature,Control,2025-08-20,63,11007.11092123145
Weekly Temperature,Control,2025-08-20,63,10090.427969797136
Weekly Temperature,Control,2025-08-20,63,7032.346483024607
Weekly Temperature,Control,2025-08-20,63,13382.301162933863
Weekly Temperature,Control,2025-08-20,63,31304.075293295635
Weekly Temperature,Control,2025-08-20,63,16776.675522818503
Weekly Temperature,Control,2025-08-20,63,4203.906829278337
Weekly Temperature,Control,2025-08-20,63,15581.20301709929
Weekly Temperature,Control,2025-08-20,63,18195.251131608817
Weekly Temperature,Control,2025-08-20,63,19886.204609303066
Weekly Temperature,Control,2025-08-20,63,6820.364147592698
Weekly Temperature,Control,2025-08-20,63,15841.261614209508
Weekly Temperature,Control,2025-08-20,63,11151.987484615718
Weekly Temperature,Control,2025-08-20,63,26240.017313023
Weekly Temperature,Control,2025-08-20,63,15940.704105004883
Weekly Temperature,Control,2025-08-20,63,11045.47529594301
Weekly Temperature,Control,2025-08-20,63,7285.847875158768
Weekly Temperature,Control,2025-08-20,63,13518.26731212618
Weekly Temperature,Control,2025-08-20,63,7758.915358101653
Weekly Temperature,Control,2025-08-20,63,17159.66681858846
Weekly Temperature,Control,2025-08-20,63,12893.320648901072
Weekly Temperature,Control,2025-08-20,63,9390.855563154888
Weekly Temperature,Control,2025-08-20,63,9033.409564105414
Weekly Temperature,Control,2025-08-20,63,11105.498141169723
Weekly Temperature,Control,2025-08-20,63,12030.766317967285
Weekly Temperature,Control,2025-08-20,63,32507.04224435949
Weekly Temperature,Control,2025-08-20,63,9078.860490262656
Weekly Temperature,Control,2025-08-20,63,11024.655050260366
Weekly Temperature,Control,2025-08-20,63,6607.803884486357
Weekly Temperature,Control,2025-08-20,63,14761.204738693521
Weekly Temperature,Control,2025-08-20,63,13765.63854969855
Weekly Temperature,Control,2025-08-20,63,6468.982871951843
Weekly Temperature,Control,2025-08-20,63,15403.78193843603
Weekly Temperature,Control,2025-08-20,63,7438.344509913294
Weekly Temperature,Control,2025-08-20,63,10553.243877980338
Weekly Temperature,Control,2025-08-20,63,14796.901084136283
Weekly Temperature,Control,2025-08-20,63,14929.711218356606
Weekly Temperature,Control,2025-08-20,63,17878.012374279962
Weekly Temperature,Control,2025-08-20,63,13517.509068920857
Weekly Temperature,Control,2025-08-20,63,13892.924128355146
Weekly Temperature,Control,2025-08-20,63,8886.450692527356
Weekly Temperature,Control,2025-08-20,63,14378.403574119562
Weekly Temperature,Control,2025-08-20,63,10256.926200129546
Weekly Temperature,Control,2025-08-20,63,46522.04472856465
Weekly Temperature,Control,2025-08-20,63,7201.7133939275145
Weekly Temperature,Control,2025-08-20,63,19848.587808898108
Weekly Temperature,Control,2025-08-20,63,3688.5710066290903
Weekly Temperature,Control,2025-08-20,63,20409.25790259057
Weekly Temperature,Control,2025-08-20,63,7541.6399680825825
Weekly Temperature,Control,2025-08-20,63,10456.683192033954
Weekly Temperature,Control,2025-08-20,63,10921.641425289756
Weekly Temperature,Control,2025-08-20,63,30742.04189154316
Weekly Temperature,Control,2025-08-20,63,22016.645768534236
Weekly Temperature,Control,2025-08-20,63,6342.658413226368
Weekly Temperature,Control,2025-08-20,63,26444.651327399915
Weekly Temperature,Control,2025-08-20,63,19028.81424134548
Weekly Temperature,Control,2025-08-20,63,16975.008254712342
Weekly Temperature,Control,2025-08-20,63,19705.736838277393
Weekly Temperature,Control,2025-08-20,63,5254.80806524995
Weekly Temperature,Control,2025-08-20,63,30538.976384869566
Weekly Temperature,Treated,2025-08-20,76,65177.00337775608
Weekly Temperature,Treated,2025-08-20,76,15018.205343306572
Weekly Temperature,Treated,2025-08-20,76,11083.287298547291
Weekly Temperature,Treated,2025-08-20,76,17635.443535763596
Weekly Temperature,Treated,2025-08-20,76,21801.842612675246
Weekly Temperature,Treated,2025-08-20,76,20706.696730040734
Weekly Temperature,Treated,2025-08-20,76,8193.291451157329
Weekly Temperature,Treated,2025-08-20,76,25396.82300771649
Weekly Temperature,Treated,2025-08-20,76,16290.751695425359
Weekly Temperature,Treated,2025-08-20,76,23380.16648531962
Weekly Temperature,Treated,2025-08-20,76,15398.75935259821
Weekly Temperature,Treated,2025-08-20,76,28029.633891135243
Weekly Temperature,Treated,2025-08-20,76,3223.161447426092
Weekly Temperature,Treated,2025-08-20,76,33047.22880358055
Weekly Temperature,Treated,2025-08-20,76,21091.407562302807
Weekly Temperature,Treated,2025-08-20,76,16424.835715791494
Weekly Temperature,Treated,2025-08-20,76,9972.91870593538
Weekly Temperature,Treated,2025-08-20,76,3359.173151204056
Weekly Temperature,Treated,2025-08-20,76,4500.431767998379
Weekly Temperature,Treated,2025-08-20,76,5708.8643061961575
Weekly Temperature,Treated,2025-08-20,76,21869.61557958898
Weekly Temperature,Treated,2025-08-20,76,5988.593915162088
Weekly Temperature,Treated,2025-08-20,76,39036.25357787289
Weekly Temperature,Treated,2025-08-20,76,24102.9337215917
Weekly Temperature,Treated,2025-08-20,76,6381.532078920391
Weekly Temperature,Treated,2025-08-20,76,14121.147812137628
Weekly Temperature,Treated,2025-08-20,76,11083.287298547291
Weekly Temperature,Treated,2025-08-20,76,19415.40533385655
Weekly Temperature,Treated,2025-08-20,76,20028.010184323837
Weekly Temperature,Treated,2025-08-20,76,17616.889051628044
Weekly Temperature,Treated,2025-08-20,76,28401.29026632666
Weekly Temperature,Treated,2025-08-20,76,8308.991169993344
Weekly Temperature,Treated,2025-08-20,76,6075.399040419814
Weekly Temperature,Treated,2025-08-20,76,7492.7842001387635
Weekly Temperature,Treated,2025-08-20,76,10806.537251350544
Weekly Temperature,Treated,2025-08-20,76,17336.691159815324
Weekly Temperature,Treated,2025-08-20,76,5076.472847279277
Weekly Temperature,Treated,2025-08-20,76,10759.219446267707
Weekly Temperature,Treated,2025-08-20,76,12542.166831238475
Weekly Temperature,Treated,2025-08-20,76,26560.139763846586
Weekly Temperature,Treated,2025-08-20,76,6691.246412477346
Weekly Temperature,Treated,2025-08-20,76,21630.9456765348
Weekly Temperature,Treated,2025-08-20,76,28517.9600279693
Weekly Temperature,Treated,2025-08-20,76,13262.313292493438
Weekly Temperature,Treated,2025-08-20,76,19892.309775192138
Weekly Temperature,Treated,2025-08-20,76,18441.75072294892
Weekly Temperature,Treated,2025-08-20,76,16384.43484188059
Weekly Temperature,Treated,2025-08-20,76,23063.84202691313
Weekly Temperature,Treated,2025-08-20,76,32195.98001619655
Weekly Temperature,Treated,2025-08-20,76,11784.80266213541
Weekly Temperature,Treated,2025-08-20,76,11188.100806982546
Weekly Temperature,Treated,2025-08-20,76,9047.98020453
Weekly Temperature,Treated,2025-08-20,76,13396.604081725929
Weekly Temperature,Treated,2025-08-20,76,7929.847798769942
Weekly Temperature,Treated,2025-08-20,76,15122.776943087036
Weekly Temperature,Treated,2025-08-20,76,15668.37368748306
Weekly Temperature,Treated,2025-08-20,76,21378.14529928239
Weekly Temperature,Treated,2025-08-20,76,10540.03727768526
Weekly Temperature,Treated,2025-08-20,76,22412.071506185202
Weekly Temperature,Treated,2025-08-20,76,16882.351509295597
Weekly Temperature,Treated,2025-08-20,76,17764.80975214085
Weekly Temperature,Treated,2025-08-20,76,11890.435187502388
Weekly Temperature,Treated,2025-08-20,76,19683.51927127806
Weekly Temperature,Treated,2025-08-20,76,20231.343544593117
Weekly Temperature,Treated,2025-08-20,76,13690.457897075967
Weekly Temperature,Treated,2025-08-20,76,16876.965940924005
Weekly Temperature,Treated,2025-08-20,76,13665.21207324492
Weekly Temperature,Treated,2025-08-20,76,25427.5376512858
Weekly Temperature,Treated,2025-08-20,76,10900.352189727622
Weekly Temperature,Treated,2025-08-20,76,9077.174086141393
Weekly Temperature,Treated,2025-08-20,76,20292.237741760746
Weekly Temperature,Treated,2025-08-20,76,18752.970060533953
Weekly Temperature,Treated,2025-08-20,76,37117.66399135683
Weekly Temperature,Treated,2025-08-20,76,6914.497466299767
Weekly Temperature,Treated,2025-08-20,76,14549.198819142406
Weekly Temperature,Treated,2025-08-20,76,32260.962543697548
Weekly Temperature,Treated,2025-08-20,76,8568.774221730318
Weekly Temperature,Treated,2025-08-20,76,12833.435035143846
Weekly Temperature,Treated,2025-08-20,76,22860.45786358802
Weekly Temperature,Treated,2025-08-20,76,14670.63624965171
Weekly Temperature,Treated,2025-08-20,76,28235.641603872988
Weekly Temperature,Treated,2025-08-20,76,9898.948191473426
Weekly Temperature,Treated,2025-08-20,76,22762.106240215642
Weekly Temperature,Treated,2025-08-20,76,8823.545477058837
Weekly Temperature,Treated,2025-08-20,76,24599.85187228202
Weekly Temperature,Treated,2025-08-20,76,13098.660714699921
Weekly Temperature,Treated,2025-08-20,76,38589.00651282018
Weekly Temperature,Treated,2025-08-20,76,22292.986171186647
Weekly Temperature,Treated,2025-08-20,76,22946.64156223818
Weekly Temperature,Treated,2025-08-20,76,16206.177019646053
Weekly Temperature,Treated,2025-08-20,76,34218.11060137461
Weekly Temperature,Treated,2025-08-20,76,16337.104360131356
Weekly Temperature,Treated,2025-08-20,76,18750.052091990452
Weekly Temperature,Treated,2025-08-20,76,17635.443535763596
Weekly Temperature,Treated,2025-08-20,76,21278.30604182263
Daily Temperature,Control,2025-12-02,36,36080.655928780325
Daily Temperature,Control,2025-12-02,36,69216.64313613978
Daily Temperature,Control,2025-12-02,36,61957.271322057604
Daily Temperature,Control,2025-12-02,36,48613.77877109125
Daily Temperature,Control,2025-12-02,36,46859.39978158326
Daily Temperature,Control,2025-12-02,36,53839.07930433421
Daily Temperature,Control,2025-12-02,36,58319.67378674513
Daily Temperature,Control,2025-12-02,36,42044.871039794314
Daily Temperature,Control,2025-12-02,36,35607.392366937725
Daily Temperature,Control,2025-12-02,36,42376.630135390726
Daily Temperature,Control,2025-12-02,36,48499.846857580975
Daily Temperature,Control,2025-12-02,36,30512.074198050817
Daily Temperature,Control,2025-12-02,36,22989.827074501885
Daily Temperature,Control,2025-12-02,36,24998.919316296855
Daily Temperature,Control,2025-12-02,36,51684.82744394028
Daily Temperature,Control,2025-12-02,36,85850.78392034296
Daily Temperature,Control,2025-12-02,36,75100.04092103685
Daily Temperature,Control,2025-12-02,36,42501.10860858582
Daily Temperature,Control,2025-12-02,36,29557.154112385364
Daily Temperature,Control,2025-12-02,36,35235.442627271885
Daily Temperature,Control,2025-12-02,36,32539.764399728057
Daily Temperature,Control,2025-12-02,36,72620.93338739045
Daily Temperature,Control,2025-12-02,36,82252.68374690432
Daily Temperature,Control,2025-12-02,36,120386.07037191458
Daily Temperature,Control,2025-12-02,36,38001.152231041546
Daily Temperature,Control,2025-12-02,36,29008.766568010033
Daily Temperature,Control,2025-12-02,36,100838.13986493894
Daily Temperature,Control,2025-12-02,36,33124.102459154485
Daily Temperature,Control,2025-12-02,36,76049.37372198861
Daily Temperature,Control,2025-12-02,36,53856.73498463515
Daily Temperature,Control,2025-12-02,36,29558.53507492932
Daily Temperature,Control,2025-12-02,36,67281.91297871798
Daily Temperature,Control,2025-12-02,36,30437.128445519567
Daily Temperature,Control,2025-12-02,36,32269.831689370236
Daily Temperature,Control,2025-12-02,36,31956.13521471708
Weekly Temperature,Control,2025-12-02,41,33290.38189786979
Weekly Temperature,Control,2025-12-02,41,54691.711660652836
Weekly Temperature,Control,2025-12-02,41,41488.06704340623
Weekly Temperature,Control,2025-12-02,41,70838.15014475233
Weekly Temperature,Control,2025-12-02,41,33163.34643821023
Weekly Temperature,Control,2025-12-02,41,11685.311808010023
Weekly Temperature,Control,2025-12-02,41,6430.588098727724
Weekly Temperature,Control,2025-12-02,41,11142.80901320921
Weekly Temperature,Control,2025-12-02,41,22251.920565664772
Weekly Temperature,Control,2025-12-02,41,10101.383222054877
Weekly Temperature,Control,2025-12-02,41,33533.401229955096
Weekly Temperature,Control,2025-12-02,41,5418.835735441169
Weekly Temperature,Control,2025-12-02,41,25654.480711502005
Weekly Temperature,Control,2025-12-02,41,11184.814149279331
Weekly Temperature,Control,2025-12-02,41,25318.32402031706
Weekly Temperature,Control,2025-12-02,41,60979.77582911949
Weekly Temperature,Control,2025-12-02,41,4268.756047383172
Weekly Temperature,Control,2025-12-02,41,8556.934266540762
Weekly Temperature,Control,2025-12-02,41,18607.496510337307
Weekly Temperature,Control,2025-12-02,41,22007.846580105022
Weekly Temperature,Control,2025-12-02,41,3690.0239542511895
Weekly Temperature,Control,2025-12-02,41,10911.315474472482
Weekly Temperature,Control,2025-12-02,41,20371.921121097657
Weekly Temperature,Control,2025-12-02,41,71550.91613083532
Weekly Temperature,Control,2025-12-02,41,17393.558691947135
Weekly Temperature,Control,2025-12-02,41,30199.103961912046
Weekly Temperature,Control,2025-12-02,41,14494.761533689194
Weekly Temperature,Control,2025-12-02,41,31023.504191376054
Weekly Temperature,Control,2025-12-02,41,60248.05191937294
Weekly Temperature,Control,2025-12-02,41,12993.108395906876
Weekly Temperature,Control,2025-12-02,41,8710.717165369746
Weekly Temperature,Control,2025-12-02,41,22426.57308022884
Weekly Temperature,Control,2025-12-02,41,4208.697719476732
Weekly Temperature,Control,2025-12-02,41,9792.62963919156
Weekly Temperature,Control,2025-12-02,41,13726.475018151992
Weekly Temperature,Control,2025-12-02,41,9504.365961949403
Weekly Temperature,Control,2025-12-02,41,2829.045246098643
Weekly Temperature,Control,2025-12-02,41,17951.27746705497
Weekly Temperature,Control,2025-12-02,41,7025.373411123442
Weekly Temperature,Control,2025-12-02,41,19756.302761159302
Weekly Temperature,Control,2025-12-02,41,8227.195620135066
Weekly Temperature,Control,2025-12-02,41,32557.62363771895
Weekly Temperature,Control,2025-12-02,41,6483.424340000977
Weekly Temperature,Control,2025-12-02,41,49079.81738591308
Weekly Temperature,Control,2025-12-02,41,11317.511084133426
Weekly Temperature,Control,2025-12-02,41,25167.984720018336
Weekly Temperature,Control,2025-12-02,41,15593.029746836786
Weekly Temperature,Control,2025-12-02,41,24314.771904610097
Weekly Temperature,Control,2025-12-02,41,21104.183056453712
Weekly Temperature,Control,2025-12-02,41,49351.22943829755
Weekly Temperature,Control,2025-12-02,41,8406.243644692084
Weekly Temperature,Control,2025-12-02,41,8183.920996165368
Weekly Temperature,Control,2025-12-02,41,43585.72938254749
Weekly Temperature,Control,2025-12-02,41,49895.51385901769
Weekly Temperature,Control,2025-12-02,41,52738.09717412738
Weekly Temperature,Control,2025-12-02,41,10490.466342522126
Weekly Temperature,Control,2025-12-02,41,11259.270042405864
Weekly Temperature,Control,2025-12-02,41,15849.815601063223
Weekly Temperature,Control,2025-12-02,41,11959.408743029635
Weekly Temperature,Control,2025-12-02,41,7072.42419758929
Weekly Temperature,Control,2025-12-02,41,11311.544234609933
Weekly Temperature,Control,2025-12-02,41,24130.073192378895
Weekly Temperature,Control,2025-12-02,41,45697.65941922616
Weekly Temperature,Control,2025-12-02,41,20952.327559901354
Weekly Temperature,Control,2025-12-02,41,26006.578383624954
Weekly Temperature,Control,2025-12-02,41,20017.782549394095
Weekly Temperature,Control,2025-12-02,41,32611.247077258315
Weekly Temperature,Control,2025-12-02,41,23297.327016325216
Weekly Temperature,Control,2025-12-02,41,4456.98141241836
Weekly Temperature,Control,2025-12-02,41,40028.5085723703
Weekly Temperature,Control,2025-12-02,41,24580.686914457554
Weekly Temperature,Control,2025-12-02,41,59896.8008787973
Weekly Temperature,Control,2025-12-02,41,77625.24191169272
Weekly Temperature,Control,2025-12-02,41,45563.96404289601
Weekly Temperature,Control,2025-12-02,41,15305.232693043004
Weekly Temperature,Control,2025-12-02,41,9036.210249722091
Weekly Temperature,Control,2025-12-02,41,5213.6277801018705
Weekly Temperature,Control,2025-12-02,41,38036.4266831004
Weekly Temperature,Control,2025-12-02,41,16587.198648731362
Weekly Temperature,Control,2025-12-02,41,12121.985217519701
Weekly Temperature,Control,2025-12-02,41,13894.472431749766
Weekly Temperature,Control,2025-12-02,41,25926.62745822594
Weekly Temperature,Control,2025-12-02,41,54037.968804064105
Weekly Temperature,Control,2025-12-02,41,38691.07432413841
Weekly Temperature,Control,2025-12-02,42,24498.169899423432
Weekly Temperature,Control,2025-12-02,42,16524.40353378861
Weekly Temperature,Control,2025-12-02,42,16921.885724785054
Weekly Temperature,Control,2025-12-02,42,23512.94982916966
Weekly Temperature,Control,2025-12-02,42,5624.754961885755
Weekly Temperature,Control,2025-12-02,42,18924.76651561408
Weekly Temperature,Control,2025-12-02,42,30874.666826465236
Weekly Temperature,Control,2025-12-02,42,12264.368790014654
Weekly Temperature,Control,2025-12-02,42,27918.47828864971
Weekly Temperature,Control,2025-12-02,42,32060.43618922653
Weekly Temperature,Control,2025-12-02,42,14919.903038788312
Weekly Temperature,Control,2025-12-02,42,36167.81554827427
Weekly Temperature,Control,2025-12-02,42,13384.558750051443
Weekly Temperature,Control,2025-12-02,42,7810.558464311651
Weekly Temperature,Control,2025-12-02,42,10930.036664614048
Weekly Temperature,Control,2025-12-02,42,14411.007627844934
Weekly Temperature,Control,2025-12-02,42,10513.033886582627
Weekly Temperature,Control,2025-12-02,42,15753.359792044495
Weekly Temperature,Control,2025-12-02,42,12927.740389171486
Weekly Temperature,Control,2025-12-02,42,62720.26479906646
Weekly Temperature,Control,2025-12-02,42,26037.860888927327
Weekly Temperature,Control,2025-12-02,42,13211.565625266687
Weekly Temperature,Control,2025-12-02,42,5934.651348407572
Weekly Temperature,Control,2025-12-02,42,37816.79830115891
Weekly Temperature,Control,2025-12-02,42,32212.216102155893
Weekly Temperature,Control,2025-12-02,42,19043.57325815865
Weekly Temperature,Control,2025-12-02,42,36077.43094254202
Weekly Temperature,Control,2025-12-02,42,10208.357723531353
Weekly Temperature,Control,2025-12-02,42,26581.75767252345
Weekly Temperature,Control,2025-12-02,42,39251.056464236266
Weekly Temperature,Control,2025-12-02,42,18835.790295511113
Weekly Temperature,Control,2025-12-02,42,24092.320335684002
Weekly Temperature,Control,2025-12-02,42,11865.678239398043
Weekly Temperature,Control,2025-12-02,42,16666.17028595435
Weekly Temperature,Control,2025-12-02,42,19767.440592772055
Weekly Temperature,Control,2025-12-02,42,21022.310112423915
Weekly Temperature,Control,2025-12-02,42,82271.20401961464
Weekly Temperature,Control,2025-12-02,42,8243.925163835567
Weekly Temperature,Control,2025-12-02,42,5026.496954438724
Weekly Temperature,Control,2025-12-02,42,28517.9600279693
Weekly Temperature,Control,2025-12-02,42,12488.516360673759
Weekly Temperature,Control,2025-12-02,42,6509.74237026151
Weekly Temperature,Control,2025-12-02,42,36920.24501861689
Weekly Temperature,Control,2025-12-02,42,43298.61638474569
Weekly Temperature,Control,2025-12-02,42,36449.78045420435
Weekly Temperature,Control,2025-12-02,42,54488.70050096417
Weekly Temperature,Control,2025-12-02,42,6315.550724618659
Weekly Temperature,Control,2025-12-02,42,19634.103660699227
Weekly Temperature,Control,2025-12-02,42,24195.067441975178
Weekly Temperature,Control,2025-12-02,42,13645.346262633706
Weekly Temperature,Control,2025-12-02,42,6192.7136993279
Weekly Temperature,Control,2025-12-02,42,31919.472353975714
Weekly Temperature,Control,2025-12-02,42,20865.62879325632
Weekly Temperature,Control,2025-12-02,42,9573.781425081941
Weekly Temperature,Control,2025-12-02,42,33894.37183319993
Weekly Temperature,Control,2025-12-02,42,22833.29378236485
Weekly Temperature,Control,2025-12-02,42,14861.156666713658
Weekly Temperature,Control,2025-12-02,42,23295.02915092381
Weekly Temperature,Control,2025-12-02,42,53195.57422929802
Weekly Temperature,Control,2025-12-02,42,40617.68751958509
Weekly Temperature,Control,2025-12-02,42,82918.40070428865
Weekly Temperature,Control,2025-12-02,42,8033.534320547335
Weekly Temperature,Control,2025-12-02,42,70422.47652778386
Weekly Temperature,Control,2025-12-02,42,54875.154869318
Weekly Temperature,Control,2025-12-02,42,23250.255646132297
Weekly Temperature,Control,2025-12-02,42,30616.954913082907
Weekly Temperature,Control,2025-12-02,42,40256.34618753066
Weekly Temperature,Control,2025-12-02,42,25036.548388214724
Weekly Temperature,Control,2025-12-02,42,28155.758106572248
Weekly Temperature,Control,2025-12-02,42,20646.94464609524
Weekly Temperature,Control,2025-12-02,42,72035.72594862536
Weekly Temperature,Control,2025-12-02,42,14348.23516591134
Weekly Temperature,Control,2025-12-02,42,17736.827868906665
Weekly Temperature,Control,2025-12-02,42,24211.63295881012
Weekly Temperature,Control,2025-12-02,42,30616.954913082907
Weekly Temperature,Control,2025-12-02,42,27516.436622275276
Weekly Temperature,Control,2025-12-02,42,16579.228658033528
Weekly Temperature,Control,2025-12-02,42,25219.242404903798
Weekly Temperature,Control,2025-12-02,42,17846.14788290112
Weekly Temperature,Control,2025-12-02,42,11015.555473337614
Weekly Temperature,Control,2025-12-02,42,51588.73912928452
Weekly Temperature,Control,2025-12-02,42,36884.140570092444
Weekly Temperature,Control,2025-12-02,42,45816.109988872195
Weekly Temperature,Control,2025-12-02,42,39739.04428246631
Weekly Temperature,Control,2025-12-02,42,26055.39178463235
Weekly Temperature,Control,2025-12-02,42,27226.27876499084
Weekly Temperature,Control,2025-12-02,42,29438.578327712075
Weekly Temperature,Control,2025-12-02,42,39195.97919809879
Weekly Temperature,Control,2025-12-02,42,21563.741961705215
Weekly Temperature,Control,2025-12-02,42,47573.89578938173
Weekly Temperature,Control,2025-12-02,43,43497.94632834035
Weekly Temperature,Control,2025-12-02,43,16489.10586384369
Weekly Temperature,Control,2025-12-02,43,23352.52816812106
Weekly Temperature,Control,2025-12-02,43,9075.48791578761
Weekly Temperature,Control,2025-12-02,43,47465.87988703571
Weekly Temperature,Control,2025-12-02,43,16749.88932740188
Weekly Temperature,Control,2025-12-02,43,78225.43122471168
Weekly Temperature,Control,2025-12-02,43,20209.70318490765
Weekly Temperature,Control,2025-12-02,43,15099.67440692081
Weekly Temperature,Control,2025-12-02,43,30290.480283650777
Weekly Temperature,Control,2025-12-02,43,27439.436777977935
Weekly Temperature,Control,2025-12-02,43,61868.571401796704
Weekly Temperature,Control,2025-12-02,43,44151.21100702646
Weekly Temperature,Control,2025-12-02,43,50218.49300515708
Weekly Temperature,Control,2025-12-02,43,27125.349344215265
Weekly Temperature,Control,2025-12-02,43,30813.290535347744
Weekly Temperature,Control,2025-12-02,43,40569.95175287195
Weekly Temperature,Control,2025-12-02,43,24839.18053071581
Weekly Temperature,Control,2025-12-02,43,39812.12710402427
Weekly Temperature,Control,2025-12-02,43,33387.42463683523
Weekly Temperature,Control,2025-12-02,43,27253.50163587728
Weekly Temperature,Control,2025-12-02,43,45166.639926084616
Weekly Temperature,Control,2025-12-02,43,28448.181844504623
Weekly Temperature,Control,2025-12-02,43,3796.9079995794023
Weekly Temperature,Control,2025-12-02,43,15092.254288665494
Weekly Temperature,Control,2025-12-02,43,13968.944861001875
Weekly Temperature,Control,2025-12-02,43,5027.223939817836
Weekly Temperature,Control,2025-12-02,43,20410.29578399837
Weekly Temperature,Control,2025-12-02,43,8062.313833137885
Weekly Temperature,Control,2025-12-02,43,61661.99520049492
Weekly Temperature,Control,2025-12-02,43,19635.11119159865
Weekly Temperature,Control,2025-12-02,43,13907.638288965483
Weekly Temperature,Control,2025-12-02,43,11715.228492693817
Weekly Temperature,Control,2025-12-02,43,31657.919960329553
Weekly Temperature,Control,2025-12-02,43,25071.789331533866
Weekly Temperature,Control,2025-12-02,43,52158.774200128755
Weekly Temperature,Control,2025-12-02,43,35900.40245776817
Weekly Temperature,Control,2025-12-02,43,46206.163044296925
Weekly Temperature,Control,2025-12-02,43,17162.393766272075
Weekly Temperature,Control,2025-12-02,43,21182.02870169316
Weekly Temperature,Control,2025-12-02,43,34548.928107270105
Weekly Temperature,Control,2025-12-02,43,51367.206135464854
Weekly Temperature,Control,2025-12-02,43,8690.022214538849
Weekly Temperature,Control,2025-12-02,43,20761.323052965152
Weekly Temperature,Control,2025-12-02,43,23455.146773579534
Weekly Temperature,Control,2025-12-02,43,49349.16886181027
Weekly Temperature,Control,2025-12-02,43,54738.64491677819
Weekly Temperature,Control,2025-12-02,43,28973.396350610252
Weekly Temperature,Control,2025-12-02,43,54128.76568942997
Weekly Temperature,Control,2025-12-02,43,21136.147784467907
Weekly Temperature,Control,2025-12-02,43,14111.745351733782
Weekly Temperature,Control,2025-12-02,43,14138.397988233874
Weekly Temperature,Control,2025-12-02,43,32932.92950955656
Weekly Temperature,Control,2025-12-02,43,40147.55906102116
Weekly Temperature,Control,2025-12-02,43,40794.86941932991
Weekly Temperature,Control,2025-12-02,43,34116.10592020664
Weekly Temperature,Control,2025-12-02,43,38209.809829080215
Weekly Temperature,Control,2025-12-02,43,16074.320491338332
Weekly Temperature,Control,2025-12-02,43,40182.626537199176
Weekly Temperature,Control,2025-12-02,43,56713.40469279136
Weekly Temperature,Control,2025-12-02,43,82379.30508380586
Weekly Temperature,Control,2025-12-02,43,21677.649121235656
Weekly Temperature,Control,2025-12-02,43,18986.55357059783
Weekly Temperature,Control,2025-12-02,43,50759.7406969064
Weekly Temperature,Control,2025-12-02,43,33518.17220935915
Weekly Temperature,Control,2025-12-02,43,36651.7648047885
Weekly Temperature,Control,2025-12-02,43,20496.581161273913
Weekly Temperature,Control,2025-12-02,43,17512.336010507406
Weekly Temperature,Control,2025-12-02,43,9811.679771050056
Weekly Temperature,Control,2025-12-02,43,12270.005677038691
Weekly Temperature,Control,2025-12-02,43,66441.40515603237
Weekly Temperature,Control,2025-12-02,43,18860.20235652601
Weekly Temperature,Control,2025-12-02,43,16842.887750861533
Weekly Temperature,Control,2025-12-02,43,48678.97706760526
Weekly Temperature,Control,2025-12-02,43,55162.47413037773
Weekly Temperature,Control,2025-12-02,43,40699.11628165802
Weekly Temperature,Control,2025-12-02,43,26304.30667440568
Weekly Temperature,Control,2025-12-02,43,26914.082695262772
Weekly Temperature,Control,2025-12-02,43,67876.05673867058
Weekly Temperature,Control,2025-12-02,43,21030.805022834455
Weekly Temperature,Control,2025-12-02,43,44340.34544259479
Weekly Temperature,Control,2025-12-02,43,30553.1428220027
Weekly Temperature,Control,2025-12-02,43,47684.11030813408
Weekly Temperature,Control,2025-12-02,43,23980.509687247828
Weekly Temperature,Control,2025-12-02,43,32931.42762359459
Weekly Temperature,Control,2025-12-02,43,49390.39324231857
Weekly Temperature,Control,2025-12-02,43,37835.20221243908
Weekly Temperature,Control,2025-12-02,43,25031.69056980392
Weekly Temperature,Control,2025-12-02,43,61380.06694003971
Weekly Temperature,Control,2025-12-02,43,19349.563289959333
Weekly Temperature,Treated,2025-12-02,44,26492.829969469352
Weekly Temperature,Treated,2025-12-02,44,29435.825146480896
Weekly Temperature,Treated,2025-12-02,44,45724.82353032269
Weekly Temperature,Treated,2025-12-02,44,28813.28975289486
Weekly Temperature,Treated,2025-12-02,44,38854.82129725159
Weekly Temperature,Treated,2025-12-02,44,75413.51297596203
Weekly Temperature,Treated,2025-12-02,44,29728.77537617186
Weekly Temperature,Treated,2025-12-02,44,43593.206684733304
Weekly Temperature,Treated,2025-12-02,44,40715.062918299445
Weekly Temperature,Treated,2025-12-02,44,34659.75217964433
Weekly Temperature,Treated,2025-12-02,44,27505.986179638407
Weekly Temperature,Treated,2025-12-02,44,71991.2925657331
Weekly Temperature,Treated,2025-12-02,44,21632.03092433654
Weekly Temperature,Treated,2025-12-02,44,25985.32286966254
Weekly Temperature,Treated,2025-12-02,44,14070.274564632035
Weekly Temperature,Treated,2025-12-02,44,48911.80457081103
Weekly Temperature,Treated,2025-12-02,44,38044.82912865154
Weekly Temperature,Treated,2025-12-02,44,46798.09980564434
Weekly Temperature,Treated,2025-12-02,44,27901.30617295603
Weekly Temperature,Treated,2025-12-02,44,69540.18745544675
Weekly Temperature,Treated,2025-12-02,44,41385.65805591776
Weekly Temperature,Treated,2025-12-02,44,80815.24347435242
Weekly Temperature,Treated,2025-12-02,44,16656.39426079147
Weekly Temperature,Treated,2025-12-02,44,43061.10636431535
Weekly Temperature,Treated,2025-12-02,44,21158.545201068606
Weekly Temperature,Treated,2025-12-02,44,42001.274776330094
Weekly Temperature,Treated,2025-12-02,44,28337.079179802586
Weekly Temperature,Treated,2025-12-02,44,13161.70801388947
Weekly Temperature,Treated,2025-12-02,44,31751.24391829279
Weekly Temperature,Treated,2025-12-02,44,19741.122558432537
Weekly Temperature,Treated,2025-12-02,44,11167.078740468995
Weekly Temperature,Treated,2025-12-02,44,28659.262350590703
Weekly Temperature,Treated,2025-12-02,44,9215.66918452334
Weekly Temperature,Treated,2025-12-02,44,17003.873610321618
Weekly Temperature,Treated,2025-12-02,44,32533.81301315568
Weekly Temperature,Treated,2025-12-02,44,16903.906886626955
Weekly Temperature,Treated,2025-12-02,44,49240.05503581633
Weekly Temperature,Treated,2025-12-02,44,56079.39026604515
Weekly Temperature,Treated,2025-12-02,44,15772.1036961778
Weekly Temperature,Treated,2025-12-02,44,6156.376302462204
Weekly Temperature,Treated,2025-12-02,44,34232.038704893814
Weekly Temperature,Treated,2025-12-02,44,52501.86914862667
Weekly Temperature,Treated,2025-12-02,44,40052.99637594775
Weekly Temperature,Treated,2025-12-02,44,16705.318121802928
Weekly Temperature,Treated,2025-12-02,44,38287.44212096268
Weekly Temperature,Treated,2025-12-02,44,62051.00802930284
Weekly Temperature,Treated,2025-12-02,44,13222.747316773653
Weekly Temperature,Treated,2025-12-02,44,11976.699144594037
Weekly Temperature,Treated,2025-12-02,44,44194.65582666414
Weekly Temperature,Treated,2025-12-02,44,52999.1316299278
Weekly Temperature,Treated,2025-12-02,44,27179.659926684544
Weekly Temperature,Treated,2025-12-02,44,43848.03360959741
Weekly Temperature,Treated,2025-12-02,44,24918.951168122752
Weekly Temperature,Treated,2025-12-02,44,32471.3745279752
Weekly Temperature,Treated,2025-12-02,44,99211.20079844276
Weekly Temperature,Treated,2025-12-02,44,15381.190104723255
Weekly Temperature,Treated,2025-12-02,44,17593.716908604674
Weekly Temperature,Treated,2025-12-02,44,11167.078740468995
Weekly Temperature,Treated,2025-12-02,44,18597.82905677996
Weekly Temperature,Treated,2025-12-02,44,48899.528719480775
Weekly Temperature,Treated,2025-12-02,44,51074.4051353796
Weekly Temperature,Treated,2025-12-02,44,32666.431583381753
Weekly Temperature,Treated,2025-12-02,44,16632.417089909384
Weekly Temperature,Treated,2025-12-02,44,34232.038704893814
Weekly Temperature,Treated,2025-12-02,44,40596.46620347518
Weekly Temperature,Treated,2025-12-02,44,37826.835931737536
Weekly Temperature,Treated,2025-12-02,44,31959.069656484542
Weekly Temperature,Treated,2025-12-02,44,46309.9625108018
Daily Temperature,Control,2025-12-02,53,35470.33907321357
Daily Temperature,Control,2025-12-02,53,20818.167362626333
Daily Temperature,Control,2025-12-02,53,20780.257904963804
Daily Temperature,Control,2025-12-02,53,36534.37759766651
Daily Temperature,Control,2025-12-02,53,50143.33235601414
Daily Temperature,Control,2025-12-02,53,28290.329514160632
Daily Temperature,Control,2025-12-02,53,28315.70048699369
Daily Temperature,Control,2025-12-02,53,40391.773500320174
Daily Temperature,Control,2025-12-02,53,50233.11785747215
Daily Temperature,Control,2025-12-02,53,26747.521156130755
Daily Temperature,Control,2025-12-02,53,42809.8713363439
Daily Temperature,Control,2025-12-02,53,38566.91956514374
Daily Temperature,Control,2025-12-02,53,37641.47605652778
Daily Temperature,Control,2025-12-02,53,24471.905093721933
Daily Temperature,Control,2025-12-02,53,25561.788745460082
Daily Temperature,Control,2025-12-02,53,42889.181498967104
Daily Temperature,Control,2025-12-02,53,47559.88284988547
Daily Temperature,Control,2025-12-02,53,55106.264131206524
Daily Temperature,Control,2025-12-02,53,50383.73938755896
Daily Temperature,Control,2025-12-02,53,26338.39145754236
Daily Temperature,Control,2025-12-02,53,32949.45377102801
Daily Temperature,Control,2025-12-02,53,27405.557612316723
Daily Temperature,Control,2025-12-02,53,27684.061943781788
Daily Temperature,Control,2025-12-02,53,37699.84615961089
Daily Temperature,Control,2025-12-02,53,32644.050742903524
Daily Temperature,Control,2025-12-02,53,25603.777003131967
Daily Temperature,Control,2025-12-02,53,67661.68824640877
Daily Temperature,Control,2025-12-02,53,34156.26128471626
Daily Temperature,Control,2025-12-02,53,23551.15990627086
Daily Temperature,Control,2025-12-02,53,28044.215313100736
Daily Temperature,Control,2025-12-02,53,35112.13454257393
Daily Temperature,Control,2025-12-02,53,36384.809739495904
Daily Temperature,Control,2025-12-02,53,24139.51852750736
Daily Temperature,Control,2025-12-02,53,17563.165316155017
Daily Temperature,Control,2025-12-02,53,28604.02277284641
Daily Temperature,Control,2025-12-02,53,34777.12033706304
Daily Temperature,Control,2025-12-02,53,30830.409266419418
Daily Temperature,Control,2025-12-02,53,45511.732061321134
Daily Temperature,Control,2025-12-02,53,27158.96027302802
Daily Temperature,Control,2025-12-02,53,47925.27438562614
Daily Temperature,Control,2025-12-02,53,23318.01566005469
Daily Temperature,Control,2025-12-02,53,44627.14135950268
Daily Temperature,Control,2025-12-02,53,61519.67767971555
Daily Temperature,Control,2025-12-02,53,45585.25721437829
Daily Temperature,Control,2025-12-02,53,37078.114468483145
Weekly Temperature,Control,2025-12-02,55,24293.405074420913
Weekly Temperature,Control,2025-12-02,55,39990.051386801984
Weekly Temperature,Control,2025-12-02,55,25851.84602101359
Weekly Temperature,Control,2025-12-02,55,48917.943404535654
Weekly Temperature,Control,2025-12-02,55,58888.25668993473
Weekly Temperature,Control,2025-12-02,55,13528.12740348329
Weekly Temperature,Control,2025-12-02,55,23160.907432030985
Weekly Temperature,Control,2025-12-02,55,69294.7234665814
Weekly Temperature,Control,2025-12-02,55,78026.93293576814
Weekly Temperature,Control,2025-12-02,55,43285.60109116589
Weekly Temperature,Control,2025-12-02,55,35172.16564336388
Weekly Temperature,Control,2025-12-02,55,43879.968863982926
Weekly Temperature,Control,2025-12-02,55,64124.014651142104
Weekly Temperature,Control,2025-12-02,55,22375.292207598617
Weekly Temperature,Control,2025-12-02,55,33518.17220935915
Weekly Temperature,Control,2025-12-02,55,13965.058640141599
Weekly Temperature,Control,2025-12-02,55,23760.4212930157
Weekly Temperature,Control,2025-12-02,55,27596.22230976972
Weekly Temperature,Control,2025-12-02,55,47515.863282186765
Weekly Temperature,Control,2025-12-02,55,25758.603622945546
Weekly Temperature,Control,2025-12-02,55,8125.27719662002
Weekly Temperature,Control,2025-12-02,55,14739.332550714751
Weekly Temperature,Control,2025-12-02,55,30628.310104906806
Weekly Temperature,Control,2025-12-02,55,34556.72357520507
Weekly Temperature,Control,2025-12-02,55,19756.302761159302
Weekly Temperature,Control,2025-12-02,55,49510.09703544821
Weekly Temperature,Control,2025-12-02,55,28017.708003038326
Weekly Temperature,Control,2025-12-02,55,49083.92091755187
Weekly Temperature,Control,2025-12-02,55,11197.965137389032
Weekly Temperature,Control,2025-12-02,55,22592.177268585863
Weekly Temperature,Control,2025-12-02,55,92439.94929818508
Weekly Temperature,Control,2025-12-02,55,35093.19394580773
Weekly Temperature,Control,2025-12-02,55,91633.2005906134
Weekly Temperature,Control,2025-12-02,55,27256.09538794225
Weekly Temperature,Control,2025-12-02,55,20575.834599321865
Weekly Temperature,Control,2025-12-02,55,6910.364925452111
Weekly Temperature,Control,2025-12-02,55,4494.732421034107
Weekly Temperature,Control,2025-12-02,55,25362.456617909356
Weekly Temperature,Control,2025-12-02,55,40937.04970933237
Weekly Temperature,Control,2025-12-02,55,11742.475502154712
Weekly Temperature,Control,2025-12-02,55,21004.267173651453
Weekly Temperature,Control,2025-12-02,55,12009.949525311675
Weekly Temperature,Control,2025-12-02,55,45583.32114904063
Weekly Temperature,Control,2025-12-02,55,21801.842612675246
Weekly Temperature,Control,2025-12-02,55,18512.92098724597
Weekly Temperature,Control,2025-12-02,55,21948.522742122506
Weekly Temperature,Control,2025-12-02,55,32777.018398759676
Weekly Temperature,Control,2025-12-02,55,17848.02106310406
Weekly Temperature,Control,2025-12-02,55,16050.120485388346
Weekly Temperature,Control,2025-12-02,55,39333.78572874278
Weekly Temperature,Control,2025-12-02,55,30811.86430754875
Weekly Temperature,Control,2025-12-02,55,55009.68853906796
Weekly Temperature,Control,2025-12-02,55,23841.01682458191
Weekly Temperature,Control,2025-12-02,55,74496.16800772886
Weekly Temperature,Control,2025-12-02,55,30305.965167321352
Weekly Temperature,Control,2025-12-02,55,46827.753219239145
Weekly Temperature,Control,2025-12-02,55,4693.542936557415
Weekly Temperature,Control,2025-12-02,55,20563.30529671888
Weekly Temperature,Control,2025-12-02,55,33189.02550955879
Weekly Temperature,Control,2025-12-02,55,63192.13039234178
Weekly Temperature,Control,2025-12-02,55,16102.877573309956
Weekly Temperature,Control,2025-12-02,55,7940.527647636745
Weekly Temperature,Control,2025-12-02,55,21160.67923834942
Weekly Temperature,Control,2025-12-02,55,15693.832809534664
Weekly Temperature,Control,2025-12-02,55,18472.50133347618
Weekly Temperature,Control,2025-12-02,55,14053.087430565198
Weekly Temperature,Control,2025-12-02,55,35115.29208279518
Weekly Temperature,Control,2025-12-02,55,54204.15178961654
Weekly Temperature,Control,2025-12-02,55,25390.68351750152
Weekly Temperature,Control,2025-12-02,55,32320.125984954193
Weekly Temperature,Control,2025-12-02,55,54459.74744568753
Weekly Temperature,Control,2025-12-02,55,132253.06505105452
Weekly Temperature,Control,2025-12-02,55,69645.59703097759
Weekly Temperature,Control,2025-12-02,55,37753.274912324356
Weekly Temperature,Control,2025-12-02,55,87826.22121383659
Weekly Temperature,Control,2025-12-02,55,21046.74008213135
Weekly Temperature,Control,2025-12-02,55,15237.032041177628
Weekly Temperature,Control,2025-12-02,55,30171.03124036027
Weekly Temperature,Control,2025-12-02,55,15404.619157128824
Weekly Temperature,Control,2025-12-02,55,24340.90659252409
Weekly Temperature,Control,2025-12-02,55,89213.65384474439
Weekly Temperature,Control,2025-12-02,55,21877.277526148337
Weekly Temperature,Control,2025-12-02,55,22367.496509541437
Weekly Temperature,Control,2025-12-02,55,28512.587773889318
Weekly Temperature,Control,2025-12-02,55,55029.89098858718
Weekly Temperature,Control,2025-12-02,55,45693.77986556929
Weekly Temperature,Control,2025-12-02,55,76299.09186976112
Weekly Temperature,Control,2025-12-02,55,61311.57799115884
Weekly Temperature,Control,2025-12-02,55,90139.42015035823
Weekly Temperature,Control,2025-12-02,55,44355.503586326624
Weekly Temperature,Treated,2025-12-02,56,14933.799404582405
Weekly Temperature,Treated,2025-12-02,56,31273.76563882088
Weekly Temperature,Treated,2025-12-02,56,86581.35163766496
Weekly Temperature,Treated,2025-12-02,56,43853.667918857194
Weekly Temperature,Treated,2025-12-02,56,90195.8730131981
Weekly Temperature,Treated,2025-12-02,56,46190.5110718225
Weekly Temperature,Treated,2025-12-02,56,25497.674268374754
Weekly Temperature,Treated,2025-12-02,56,23107.19718662187
Weekly Temperature,Treated,2025-12-02,56,58746.2934892159
Weekly Temperature,Treated,2025-12-02,56,65609.23202847636
Weekly Temperature,Treated,2025-12-02,56,13954.181579657537
Weekly Temperature,Treated,2025-12-02,56,33033.677280707896
Weekly Temperature,Treated,2025-12-02,56,62924.64614255958
Weekly Temperature,Treated,2025-12-02,56,37480.07603899313
Weekly Temperature,Treated,2025-12-02,56,25220.46380716734
Weekly Temperature,Treated,2025-12-02,56,49864.344702782466
Weekly Temperature,Treated,2025-12-02,56,32079.562168206518
Weekly Temperature,Treated,2025-12-02,56,37611.48462538924
Weekly Temperature,Treated,2025-12-02,56,24689.841289931242
Weekly Temperature,Treated,2025-12-02,56,36625.65337423459
Weekly Temperature,Treated,2025-12-02,56,67640.54518230044
Weekly Temperature,Treated,2025-12-02,56,38208.12353666011
Weekly Temperature,Treated,2025-12-02,56,15376.173119420831
Weekly Temperature,Treated,2025-12-02,56,38515.98736652635
Weekly Temperature,Treated,2025-12-02,56,57659.871616042044
Weekly Temperature,Treated,2025-12-02,56,31421.197718467956
Weekly Temperature,Treated,2025-12-02,56,16386.189826012087
Weekly Temperature,Treated,2025-12-02,56,49071.611131460246
Weekly Temperature,Treated,2025-12-02,56,106096.6903957288
Weekly Temperature,Treated,2025-12-02,56,20127.42625358448
Weekly Temperature,Treated,2025-12-02,56,24259.011188505636
Weekly Temperature,Treated,2025-12-02,56,62216.55368126697
Weekly Temperature,Treated,2025-12-02,56,35585.05329094043
Weekly Temperature,Treated,2025-12-02,56,25284.03966788989
Weekly Temperature,Treated,2025-12-02,56,65678.90842264936
Weekly Temperature,Treated,2025-12-02,56,15731.229757350338
Weekly Temperature,Treated,2025-12-02,56,57958.622133045166
Weekly Temperature,Treated,2025-12-02,56,19586.794361737157
Weekly Temperature,Treated,2025-12-02,56,110936.07382758436
Weekly Temperature,Treated,2025-12-02,56,36389.679408243515
Weekly Temperature,Treated,2025-12-02,56,59959.23376436022
Weekly Temperature,Treated,2025-12-02,56,11036.362805701696
Weekly Temperature,Treated,2025-12-02,56,23492.128104733234
Weekly Temperature,Treated,2025-12-02,56,51672.00753825768
Weekly Temperature,Treated,2025-12-02,56,19549.612337786006
Weekly Temperature,Treated,2025-12-02,56,8361.212598007567
Weekly Temperature,Treated,2025-12-02,56,67405.68133034652
Weekly Temperature,Treated,2025-12-02,56,34692.58412084125
Weekly Temperature,Treated,2025-12-02,56,60739.136916147996
Weekly Temperature,Treated,2025-12-02,56,31730.811064347556
Weekly Temperature,Treated,2025-12-02,56,7145.553848158539
Weekly Temperature,Treated,2025-12-02,56,66788.63804849084
Weekly Temperature,Treated,2025-12-02,56,35107.39864696781
Weekly Temperature,Treated,2025-12-02,56,45905.592565173385
Weekly Temperature,Treated,2025-12-02,57,56143.223223677676
Weekly Temperature,Treated,2025-12-02,57,14524.362619211657
Weekly Temperature,Treated,2025-12-02,57,13047.649274297073
Weekly Temperature,Treated,2025-12-02,57,62595.899856557386
Weekly Temperature,Treated,2025-12-02,57,43155.616637667226
Weekly Temperature,Treated,2025-12-02,57,8055.111786740491
Weekly Temperature,Treated,2025-12-02,57,15798.544352095743
Weekly Temperature,Treated,2025-12-02,57,74339.39553864885
Weekly Temperature,Treated,2025-12-02,57,27161.547062682956
Weekly Temperature,Treated,2025-12-02,57,8341.139226862273
Weekly Temperature,Treated,2025-12-02,57,15667.525591434307
Weekly Temperature,Treated,2025-12-02,57,36459.533859109644
Weekly Temperature,Treated,2025-12-02,57,45039.91838943595
Weekly Temperature,Treated,2025-12-02,57,18958.09276748969
Weekly Temperature,Treated,2025-12-02,57,37465.12820625844
Weekly Temperature,Treated,2025-12-02,57,33550.15937009639
Weekly Temperature,Treated,2025-12-02,57,40107.2610473898
Weekly Temperature,Treated,2025-12-02,57,17123.339088118417
Weekly Temperature,Treated,2025-12-02,57,20500.746547513176
Weekly Temperature,Treated,2025-12-02,57,20247.843359488837
Weekly Temperature,Treated,2025-12-02,57,29438.578327712075
Weekly Temperature,Treated,2025-12-02,57,29365.686441122314
Weekly Temperature,Treated,2025-12-02,57,26454.788567348867
Weekly Temperature,Treated,2025-12-02,57,16670.6153789897
Weekly Temperature,Treated,2025-12-02,57,41653.77695700208
Weekly Temperature,Treated,2025-12-02,57,13824.928064024893
Weekly Temperature,Treated,2025-12-02,57,19674.43579984434
Weekly Temperature,Treated,2025-12-02,57,3814.737531929046
Weekly Temperature,Treated,2025-12-02,57,3196.071712443086
Weekly Temperature,Treated,2025-12-02,57,27682.74931593763
Weekly Temperature,Treated,2025-12-02,57,16284.637141237248
Weekly Temperature,Treated,2025-12-02,57,46278.607561541605
Weekly Temperature,Treated,2025-12-02,57,12791.931213598064
Weekly Temperature,Treated,2025-12-02,57,7239.650754862939
Weekly Temperature,Treated,2025-12-02,57,6950.38931105025
Weekly Temperature,Treated,2025-12-02,57,7756.914924273285
Weekly Temperature,Treated,2025-12-02,57,7568.611031487511
Weekly Temperature,Treated,2025-12-02,57,18181.94760839478
Weekly Temperature,Treated,2025-12-02,57,9624.182668475665
Weekly Temperature,Treated,2025-12-02,57,26405.397876170347
Weekly Temperature,Treated,2025-12-02,57,133776.29478635048
Weekly Temperature,Treated,2025-12-02,57,21666.780947923777
Weekly Temperature,Treated,2025-12-02,57,35860.263316637815
Weekly Temperature,Treated,2025-12-02,57,17996.477533381185
Weekly Temperature,Treated,2025-12-02,57,22611.259431358732
Weekly Temperature,Treated,2025-12-02,57,25426.30851523582
Weekly Temperature,Treated,2025-12-02,57,39170.18252572544
Weekly Temperature,Treated,2025-12-02,57,17366.024398578207
Weekly Temperature,Treated,2025-12-02,57,7771.927507491952
Weekly Temperature,Treated,2025-12-02,57,48048.23279665022
Weekly Temperature,Treated,2025-12-02,57,38176.095019428445
Weekly Temperature,Treated,2025-12-02,57,41735.01911759713
Weekly Temperature,Treated,2025-12-02,57,20342.91763557587
Weekly Temperature,Treated,2025-12-02,57,36383.18662950749
Weekly Temperature,Treated,2025-12-02,57,5417.300024473713
Weekly Temperature,Treated,2025-12-02,57,42052.140526117924
Weekly Temperature,Treated,2025-12-02,57,14326.828907203168
Weekly Temperature,Treated,2025-12-02,57,19338.60625982011
Weekly Temperature,Treated,2025-12-02,57,38371.96468056082
Weekly Temperature,Treated,2025-12-02,57,11234.849765983325
Weekly Temperature,Treated,2025-12-02,57,19997.339289767813
Weekly Temperature,Treated,2025-12-02,57,76581.53183453417
Weekly Temperature,Treated,2025-12-02,57,26636.49897881684
Weekly Temperature,Treated,2025-12-02,57,15470.868821803304
Weekly Temperature,Treated,2025-12-02,57,23171.203327532607
Weekly Temperature,Treated,2025-12-02,57,20661.608324469882
Weekly Temperature,Treated,2025-12-02,57,32244.70736403914
Weekly Temperature,Treated,2025-12-02,57,36125.82933938448
Weekly Temperature,Treated,2025-12-02,57,32557.62363771895
Weekly Temperature,Treated,2025-12-02,57,30966.193283139368
Weekly Temperature,Treated,2025-12-02,57,45649.1835656887
Weekly Temperature,Treated,2025-12-02,57,11246.06494130223
Weekly Temperature,Treated,2025-12-02,57,24787.314839133225
Weekly Temperature,Treated,2025-12-02,57,86042.56072373304
Weekly Temperature,Treated,2025-12-02,57,63124.54971542343
Weekly Temperature,Treated,2025-12-02,57,10245.844762139646
Weekly Temperature,Treated,2025-12-02,57,41358.74122572827
Weekly Temperature,Treated,2025-12-02,57,16400.234854153754
Weekly Temperature,Treated,2025-12-02,57,78474.86151261911
Weekly Temperature,Treated,2025-12-02,57,23125.470748523192
Weekly Temperature,Treated,2025-12-02,57,15588.805131422947
Weekly Temperature,Treated,2025-12-02,57,23102.63053353495
Weekly Temperature,Treated,2025-12-02,57,25622.318155575067
Weekly Temperature,Treated,2025-12-02,57,22194.30509188597
Weekly Temperature,Treated,2025-12-02,57,57713.46359371865
Weekly Temperature,Treated,2025-12-02,57,32019.27186948548
Weekly Temperature,Treated,2025-12-02,57,37867.007253075644
Weekly Temperature,Control,2025-12-02,58,26942.349192307538
Weekly Temperature,Control,2025-12-02,58,27915.83589234938
Weekly Temperature,Control,2025-12-02,58,30991.973010910482
Weekly Temperature,Control,2025-12-02,58,40191.397146911906
Weekly Temperature,Control,2025-12-02,58,25103.417192494606
Weekly Temperature,Control,2025-12-02,58,32440.190239056297
Weekly Temperature,Control,2025-12-02,58,27571.351860527928
Weekly Temperature,Control,2025-12-02,58,19805.953759891985
Weekly Temperature,Control,2025-12-02,58,14311.779767696788
Weekly Temperature,Control,2025-12-02,58,24939.53012490712
Weekly Temperature,Control,2025-12-02,58,57638.9115340825
Weekly Temperature,Control,2025-12-02,58,48052.268410819845
Weekly Temperature,Control,2025-12-02,58,17006.58165514756
Weekly Temperature,Control,2025-12-02,58,34219.657950534725
Weekly Temperature,Control,2025-12-02,58,13701.178908839236
Weekly Temperature,Control,2025-12-02,58,7849.836197253487
Weekly Temperature,Control,2025-12-02,58,17086.16407361248
Weekly Temperature,Control,2025-12-02,58,14262.755412971168
Weekly Temperature,Control,2025-12-02,58,32943.44420282702
Weekly Temperature,Control,2025-12-02,58,8584.400068505198
Weekly Temperature,Control,2025-12-02,58,9391.432113771038
Weekly Temperature,Control,2025-12-02,58,12113.607662240549
Weekly Temperature,Control,2025-12-02,58,54991.73571367629
Weekly Temperature,Control,2025-12-02,58,17594.643347326
Weekly Temperature,Control,2025-12-02,58,53348.75894335205
Weekly Temperature,Control,2025-12-02,58,24637.01677179081
Weekly Temperature,Control,2025-12-02,58,29962.526089470415
Weekly Temperature,Control,2025-12-02,58,53892.06002739674
Weekly Temperature,Control,2025-12-02,58,32367.517428787367
Weekly Temperature,Control,2025-12-02,58,19038.652612838807
Weekly Temperature,Control,2025-12-02,58,26500.443320799277
Weekly Temperature,Control,2025-12-02,58,38046.50979164047
Weekly Temperature,Control,2025-12-02,58,23920.650236581878
Weekly Temperature,Control,2025-12-02,58,13347.720889683247
Weekly Temperature,Control,2025-12-02,58,23553.47720469019
Weekly Temperature,Control,2025-12-02,58,48040.16236694933
Weekly Temperature,Control,2025-12-02,58,46161.17483692228
Weekly Temperature,Control,2025-12-02,58,53296.19938952388
Weekly Temperature,Control,2025-12-02,58,44385.8320593924
Weekly Temperature,Control,2025-12-02,58,33905.124565354854
Weekly Temperature,Control,2025-12-02,58,20708.79570091199
Weekly Temperature,Control,2025-12-02,58,51294.94447420555
Daily Temperature,Control,2025-12-02,59,77513.29895364928
Daily Temperature,Control,2025-12-02,59,62660.545270889495
Daily Temperature,Control,2025-12-02,59,39733.82809634791
Daily Temperature,Control,2025-12-02,59,78394.6186580856
Daily Temperature,Control,2025-12-02,59,25185.061672532433
Daily Temperature,Control,2025-12-02,59,20188.080577226214
Daily Temperature,Control,2025-12-02,59,53381.62938733803
Daily Temperature,Control,2025-12-02,59,58054.57348618418
Daily Temperature,Control,2025-12-02,59,38670.6439131777
Daily Temperature,Control,2025-12-02,59,25241.234631980107
Daily Temperature,Control,2025-12-02,59,63222.18460732377
Daily Temperature,Control,2025-12-02,59,27818.20323863847
Daily Temperature,Control,2025-12-02,59,27045.33002946587
Daily Temperature,Control,2025-12-02,59,17399.069546040486
Daily Temperature,Control,2025-12-02,59,36006.53808119894
Daily Temperature,Control,2025-12-02,59,38434.60512425005
Daily Temperature,Control,2025-12-02,59,42761.97210359742
Daily Temperature,Control,2025-12-02,59,51360.826886750736
Daily Temperature,Control,2025-12-02,59,37167.147170483055
Daily Temperature,Control,2025-12-02,59,30886.0961340536
Daily Temperature,Control,2025-12-02,59,25994.073514205775
Daily Temperature,Control,2025-12-02,59,26021.590360574944
Daily Temperature,Control,2025-12-02,59,13100.141552078263
Daily Temperature,Control,2025-12-02,59,54919.970581987975
Daily Temperature,Control,2025-12-02,59,31703.09710324174
Daily Temperature,Control,2025-12-02,59,43887.48568962322
Daily Temperature,Control,2025-12-02,59,28054.82367160555
Daily Temperature,Control,2025-12-02,59,34461.71238312957
Daily Temperature,Control,2025-12-02,59,47844.78017741375
Daily Temperature,Control,2025-12-02,59,33583.69519847302
Daily Temperature,Control,2025-12-02,59,38716.62419225521
Daily Temperature,Control,2025-12-02,59,96994.83191927709
Daily Temperature,Control,2025-12-02,59,68485.02286234075
Daily Temperature,Control,2025-12-02,59,60108.31960641096
Daily Temperature,Control,2025-12-02,59,48260.46275455116
Daily Temperature,Control,2025-12-02,59,26996.37624861981
Daily Temperature,Control,2025-12-02,59,69058.00526960475
Daily Temperature,Control,2025-12-02,59,48932.269704434584
Daily Temperature,Control,2025-12-02,59,58293.82566913814
Daily Temperature,Control,2025-12-02,59,49822.8096424276
Daily Temperature,Control,2025-12-02,59,36820.20492114247
Daily Temperature,Control,2025-12-02,59,88514.49894390874
Daily Temperature,Control,2025-12-02,59,15854.949679794141
Daily Temperature,Control,2025-12-02,59,68738.9173661409
Daily Temperature,Control,2025-12-02,59,12566.545611407242
Weekly Temperature,Treated,2025-12-02,61,86096.95946855424
Weekly Temperature,Treated,2025-12-02,61,34858.67712656991
Weekly Temperature,Treated,2025-12-02,61,6512.378494179435
Weekly Temperature,Treated,2025-12-02,61,24097.03695127232
Weekly Temperature,Treated,2025-12-02,61,31321.405335016865
Weekly Temperature,Treated,2025-12-02,61,14785.536056077543
Weekly Temperature,Treated,2025-12-02,61,70087.52665886005
Weekly Temperature,Treated,2025-12-02,61,38983.12486650776
Weekly Temperature,Treated,2025-12-02,61,10064.90032912574
Weekly Temperature,Treated,2025-12-02,61,31814.065890167996
Weekly Temperature,Treated,2025-12-02,61,33420.833853775126
Weekly Temperature,Treated,2025-12-02,61,30979.08106513839
Weekly Temperature,Treated,2025-12-02,61,17292.762207248226
Weekly Temperature,Treated,2025-12-02,61,29221.69117897992
Weekly Temperature,Treated,2025-12-02,61,44707.17031874786
Weekly Temperature,Treated,2025-12-02,61,45975.71800109192
Weekly Temperature,Treated,2025-12-02,61,51610.07993015965
Weekly Temperature,Treated,2025-12-02,61,27170.602327246528
Weekly Temperature,Treated,2025-12-02,61,68293.09297070067
Weekly Temperature,Treated,2025-12-02,61,25971.57645463189
Weekly Temperature,Treated,2025-12-02,61,36653.397251130475
Weekly Temperature,Treated,2025-12-02,61,40656.61579749754
Weekly Temperature,Treated,2025-12-02,61,33211.696355243774
Weekly Temperature,Treated,2025-12-02,61,33112.034658540004
Weekly Temperature,Treated,2025-12-02,61,40449.92271244311
Weekly Temperature,Treated,2025-12-02,61,13582.835741776214
Weekly Temperature,Treated,2025-12-02,61,21219.430055208115
Weekly Temperature,Treated,2025-12-02,61,4843.6007188744215
Weekly Temperature,Treated,2025-12-02,61,33360.1091534039
Weekly Temperature,Treated,2025-12-02,61,42668.13782505514
Weekly Temperature,Treated,2025-12-02,61,25382.09015610195
Weekly Temperature,Treated,2025-12-02,61,49708.72845786586
Weekly Temperature,Treated,2025-12-02,61,62807.43643297041
Weekly Temperature,Treated,2025-12-02,61,9180.473403014605
Weekly Temperature,Treated,2025-12-02,61,42985.24513357983
Weekly Temperature,Treated,2025-12-02,61,49512.16289178872
Weekly Temperature,Treated,2025-12-02,61,35631.33921750037
Weekly Temperature,Treated,2025-12-02,61,27602.770049204126
Weekly Temperature,Treated,2025-12-02,61,75206.33264595033
Weekly Temperature,Treated,2025-12-02,61,19895.362896721403
Weekly Temperature,Treated,2025-12-02,61,45176.251423089125
Weekly Temperature,Treated,2025-12-02,61,28389.24211306424
Weekly Temperature,Treated,2025-12-02,61,18792.88378934289
Weekly Temperature,Treated,2025-12-02,61,44923.04504637698
Weekly Temperature,Treated,2025-12-02,61,29781.523358574956
Weekly Temperature,Treated,2025-12-02,61,11412.63577417081
Weekly Temperature,Treated,2025-12-02,61,39859.16436501527
Weekly Temperature,Treated,2025-12-02,61,39692.11786999035
Weekly Temperature,Treated,2025-12-02,61,131281.23127479525
Weekly Temperature,Treated,2025-12-02,61,57522.57607934943
Weekly Temperature,Treated,2025-12-02,61,20495.53991615571
Weekly Temperature,Treated,2025-12-02,61,41597.88217062229
Weekly Temperature,Treated,2025-12-02,61,35553.15927312707
Weekly Temperature,Treated,2025-12-02,61,29537.825888608426
Weekly Temperature,Treated,2025-12-02,61,53438.64260536388
Weekly Temperature,Treated,2025-12-02,61,68051.12482250761
Weekly Temperature,Treated,2025-12-02,61,16508.51246597734
Weekly Temperature,Treated,2025-12-02,61,30359.505664907803
Weekly Temperature,Treated,2025-12-02,61,5972.90955491049
Weekly Temperature,Treated,2025-12-02,61,74767.57492308205
Weekly Temperature,Treated,2025-12-02,61,28256.97347870047
Weekly Temperature,Treated,2025-12-02,61,29177.915909897623
Weekly Temperature,Treated,2025-12-02,61,19917.763429041126
Weekly Temperature,Treated,2025-12-02,61,26968.06592372201
Weekly Temperature,Treated,2025-12-02,61,32181.22545783142
Weekly Temperature,Treated,2025-12-02,61,42267.03339665028
Weekly Temperature,Treated,2025-12-02,61,65459.754629339506
Weekly Temperature,Treated,2025-12-02,61,41581.66565111295
Weekly Temperature,Treated,2025-12-02,61,40582.32347728464
Weekly Temperature,Treated,2025-12-02,61,20710.894835032337
Weekly Temperature,Treated,2025-12-02,61,21689.60894932522
Weekly Temperature,Treated,2025-12-02,61,37813.45288637169
Weekly Temperature,Treated,2025-12-02,61,15659.046551089776
Weekly Temperature,Treated,2025-12-02,61,62668.0077523442
Weekly Temperature,Treated,2025-12-02,61,59182.50552081504
Weekly Temperature,Treated,2025-12-02,61,56332.77904598115
Weekly Temperature,Treated,2025-12-02,61,98257.9532002731
Weekly Temperature,Treated,2025-12-02,61,51469.358925219334
Weekly Temperature,Treated,2025-12-02,61,56939.06173199366
Weekly Temperature,Treated,2025-12-02,61,33826.843987788736
Weekly Temperature,Treated,2025-12-02,61,8215.708709361363
Weekly Temperature,Treated,2025-12-02,61,145617.20163456426
Weekly Temperature,Treated,2025-12-02,61,11123.159985163831
Weekly Temperature,Treated,2025-12-02,61,62879.736901431934
Weekly Temperature,Treated,2025-12-02,61,69195.11600940871
Weekly Temperature,Treated,2025-12-02,61,58933.26811517229
Daily Temperature,Treated,2025-12-02,62,44419.971019290264
Daily Temperature,Treated,2025-12-02,62,24766.83285838724
Daily Temperature,Treated,2025-12-02,62,51642.10415568342
Daily Temperature,Treated,2025-12-02,62,35498.99057172944
Daily Temperature,Treated,2025-12-02,62,40842.81201491536
Daily Temperature,Treated,2025-12-02,62,21702.66181612751
Daily Temperature,Treated,2025-12-02,62,46553.52903092292
Daily Temperature,Treated,2025-12-02,62,16538.538708799548
Daily Temperature,Treated,2025-12-02,62,60697.89066819124
Daily Temperature,Treated,2025-12-02,62,37965.903322766644
Daily Temperature,Treated,2025-12-02,62,37206.77075931899
Daily Temperature,Treated,2025-12-02,62,51497.052793582414
Daily Temperature,Treated,2025-12-02,62,37984.36385174748
Daily Temperature,Treated,2025-12-02,62,59748.12963127316
Daily Temperature,Treated,2025-12-02,62,78945.74060237451
Daily Temperature,Treated,2025-12-02,62,47441.90252701485
Daily Temperature,Treated,2025-12-02,62,23085.511771874077
Daily Temperature,Treated,2025-12-02,62,28024.333011354025
Daily Temperature,Treated,2025-12-02,62,52374.3505384583
Daily Temperature,Treated,2025-12-02,62,26796.125703773294
Daily Temperature,Treated,2025-12-02,62,45378.46367976381
Daily Temperature,Treated,2025-12-02,62,32453.552082314283
Daily Temperature,Treated,2025-12-02,62,11113.34524485741
Daily Temperature,Treated,2025-12-02,62,38159.246327218534
Daily Temperature,Treated,2025-12-02,62,42627.710107434905
Daily Temperature,Treated,2025-12-02,62,23052.443189111662
Daily Temperature,Treated,2025-12-02,62,25485.358808916342
Daily Temperature,Treated,2025-12-02,62,12497.80334051456
Daily Temperature,Treated,2025-12-02,62,50671.319429163494
Daily Temperature,Treated,2025-12-02,62,19465.39978191388
Daily Temperature,Treated,2025-12-02,62,24888.711799284745
Daily Temperature,Treated,2025-12-02,62,40344.245508785476
Daily Temperature,Treated,2025-12-02,62,53296.19938952388
Daily Temperature,Treated,2025-12-02,62,41905.12504086269
Daily Temperature,Treated,2025-12-02,62,83369.78830884222
Daily Temperature,Treated,2025-12-02,62,72503.5912538898
Daily Temperature,Treated,2025-12-02,62,71098.93243234332
Daily Temperature,Treated,2025-12-02,62,42950.12544246398
Daily Temperature,Treated,2025-12-02,62,36111.30450871521
Daily Temperature,Treated,2025-12-02,62,30864.66887580738
Daily Temperature,Treated,2025-12-02,62,57234.863433893785
Daily Temperature,Treated,2025-12-02,62,30643.928830206092
Daily Temperature,Treated,2025-12-02,62,28684.889182930565
Daily Temperature,Treated,2025-12-02,62,63848.364817805836
Daily Temperature,Treated,2025-12-02,62,46970.294979586695
Daily Temperature,Treated,2025-12-02,62,39822.57607709372
Daily Temperature,Treated,2025-12-02,62,64154.41885018515
Weekly Temperature,Control,2025-12-02,63,17585.38063580278
Weekly Temperature,Control,2025-12-02,63,41084.97115365494
Weekly Temperature,Control,2025-12-02,63,17823.681429839264
Weekly Temperature,Control,2025-12-02,63,59351.508555639404
Weekly Temperature,Control,2025-12-02,63,56791.613810613664
Weekly Temperature,Control,2025-12-02,63,25290.15924389587
Weekly Temperature,Control,2025-12-02,63,40372.40496253121
Weekly Temperature,Control,2025-12-02,63,18719.92008255447
Weekly Temperature,Control,2025-12-02,63,18243.776886375716
Weekly Temperature,Control,2025-12-02,63,46429.65622235531
Weekly Temperature,Control,2025-12-02,63,22652.83405954986
Weekly Temperature,Control,2025-12-02,63,34371.56263309304
Weekly Temperature,Control,2025-12-02,63,29813.485009590044
Weekly Temperature,Control,2025-12-02,63,28902.75617580792
Weekly Temperature,Control,2025-12-02,63,21844.455131925468
Weekly Temperature,Control,2025-12-02,63,16330.97656022042
Weekly Temperature,Control,2025-12-02,63,20181.905948389558
Weekly Temperature,Control,2025-12-02,63,6728.08015472028
Weekly Temperature,Control,2025-12-02,63,6393.228293667112
Weekly Temperature,Control,2025-12-02,63,77861.33120313581
Weekly Temperature,Control,2025-12-02,63,47041.69346538798
Weekly Temperature,Control,2025-12-02,63,19492.43774348577
Weekly Temperature,Control,2025-12-02,63,7395.293714275124
Weekly Temperature,Control,2025-12-02,63,40259.85928278475
Weekly Temperature,Control,2025-12-02,63,90292.24001227609
Weekly Temperature,Control,2025-12-02,63,53160.609264527964
Weekly Temperature,Control,2025-12-02,63,36318.30851243445
Weekly Temperature,Control,2025-12-02,63,13736.449856005906
Weekly Temperature,Control,2025-12-02,63,20056.66887213449
Weekly Temperature,Control,2025-12-02,63,30824.702202666158
Weekly Temperature,Control,2025-12-02,63,17372.446089811805
Weekly Temperature,Control,2025-12-02,63,11084.592893594527
Weekly Temperature,Control,2025-12-02,63,10680.279104560177
Weekly Temperature,Control,2025-12-02,63,19208.482794385367
Weekly Temperature,Control,2025-12-02,63,14823.71631836631
Weekly Temperature,Control,2025-12-02,63,16983.12285626386
Weekly Temperature,Control,2025-12-02,63,26195.967464691134
Weekly Temperature,Control,2025-12-02,63,30830.409266419418
Weekly Temperature,Control,2025-12-02,63,25144.82315117803
Weekly Temperature,Control,2025-12-02,63,11340.738009401764
Weekly Temperature,Control,2025-12-02,63,24649.01468209429
Weekly Temperature,Control,2025-12-02,63,13083.119561831178
Weekly Temperature,Control,2025-12-02,63,18318.18399432179
Weekly Temperature,Control,2025-12-02,63,14169.017096732725
Weekly Temperature,Control,2025-12-02,63,7341.379909314171
Weekly Temperature,Control,2025-12-02,63,21964.989240809664
Weekly Temperature,Control,2025-12-02,63,15346.097322623784
Weekly Temperature,Control,2025-12-02,63,16794.551117693314
Weekly Temperature,Control,2025-12-02,63,22076.11105189156
Weekly Temperature,Control,2025-12-02,63,52148.01374657054
Weekly Temperature,Control,2025-12-02,63,46790.19471856562
Weekly Temperature,Control,2025-12-02,63,11582.405705610026
Weekly Temperature,Control,2025-12-02,63,73032.81796044155
Weekly Temperature,Control,2025-12-02,63,14614.245511244844
Weekly Temperature,Control,2025-12-02,63,66173.47880608327
Weekly Temperature,Control,2025-12-02,63,39370.02259688935
Weekly Temperature,Control,2025-12-02,63,11061.109862694451
Weekly Temperature,Control,2025-12-02,63,18808.477494619714
Weekly Temperature,Control,2025-12-02,63,38295.8878287081
Weekly Temperature,Control,2025-12-02,63,15405.456410411054
Weekly Temperature,Control,2025-12-02,63,25473.047942427856
Weekly Temperature,Control,2025-12-02,63,32281.660164770943
Weekly Temperature,Control,2025-12-02,63,25861.80724135283
Weekly Temperature,Control,2025-12-02,63,28358.47037033075
Weekly Temperature,Control,2025-12-02,63,23649.800084064213
Weekly Temperature,Control,2025-12-02,63,23493.28449449106
Weekly Temperature,Control,2025-12-02,63,23583.618069431177
Weekly Temperature,Control,2025-12-02,63,41830.863311917376
Weekly Temperature,Control,2025-12-02,63,37081.40900575767
Weekly Temperature,Control,2025-12-02,63,24291.031876066452
Weekly Temperature,Control,2025-12-02,63,42508.43977702098
Weekly Temperature,Control,2025-12-02,63,22073.90643465682
Weekly Temperature,Control,2025-12-02,63,43261.43796275239
Weekly Temperature,Control,2025-12-02,64,77101.9837963326
Weekly Temperature,Control,2025-12-02,64,83039.61671937165
Weekly Temperature,Control,2025-12-02,64,39468.51132309234
Weekly Temperature,Control,2025-12-02,64,56362.51416755813
Weekly Temperature,Control,2025-12-02,64,118713.33667576362
Weekly Temperature,Control,2025-12-02,64,34472.60496310563
Weekly Temperature,Control,2025-12-02,64,51798.17868051935
Weekly Temperature,Control,2025-12-02,64,20816.059890394827
Weekly Temperature,Control,2025-12-02,64,55308.83164300932
Weekly Temperature,Control,2025-12-02,64,29863.56533894385
Weekly Temperature,Control,2025-12-02,64,29070.06331685195
Weekly Temperature,Control,2025-12-02,64,72400.34309449357
Weekly Temperature,Control,2025-12-02,64,101405.83135923564
Weekly Temperature,Control,2025-12-02,64,15215.455742134613
Weekly Temperature,Control,2025-12-02,64,83485.28255833553
Weekly Temperature,Control,2025-12-02,64,40321.37726297334
Weekly Temperature,Control,2025-12-02,64,51691.2383352758
Weekly Temperature,Control,2025-12-02,64,25458.28096357135
Weekly Temperature,Control,2025-12-02,64,47433.91218749412
Weekly Temperature,Control,2025-12-02,64,39012.252966361
Weekly Temperature,Control,2025-12-02,64,15115.348201611194
Weekly Temperature,Control,2025-12-02,64,31395.141151538926
Weekly Temperature,Control,2025-12-02,64,26412.99180159608
Weekly Temperature,Control,2025-12-02,64,23373.254545730815
Weekly Temperature,Control,2025-12-02,64,83892.08333132003
Weekly Temperature,Control,2025-12-02,64,74143.08784019743
Weekly Temperature,Control,2025-12-02,64,21766.926230092246
Weekly Temperature,Control,2025-12-02,64,60310.7737679466
Weekly Temperature,Control,2025-12-02,64,52034.06032078915
Weekly Temperature,Control,2025-12-02,64,36122.60120568644
Weekly Temperature,Control,2025-12-02,64,62174.51654784131
Weekly Temperature,Control,2025-12-02,64,37566.532451266976
Weekly Temperature,Control,2025-12-02,64,10395.581540024476
Weekly Temperature,Control,2025-12-02,64,78742.80929427913
Weekly Temperature,Control,2025-12-02,64,23303.072443427634
Weekly Temperature,Control,2025-12-02,64,36803.82509875629
Weekly Temperature,Control,2025-12-02,64,70764.17166240707
Weekly Temperature,Control,2025-12-02,64,24189.153303897183
Weekly Temperature,Control,2025-12-02,64,20856.129870703946
Weekly Temperature,Control,2025-12-02,64,15366.142880430181
Weekly Temperature,Control,2025-12-02,64,36085.49382953266
Weekly Temperature,Control,2025-12-02,64,55380.99691356091
Weekly Temperature,Control,2025-12-02,64,22755.33539239096
Weekly Temperature,Control,2025-12-02,64,27778.697813631443
Weekly Temperature,Control,2025-12-02,64,103576.02057484235
Weekly Temperature,Control,2025-12-02,64,35146.87965296233
Weekly Temperature,Control,2025-12-02,64,13548.623447023156
Weekly Temperature,Control,2025-12-02,64,31692.89143805456
Weekly Temperature,Control,2025-12-02,64,52840.2147920217
Weekly Temperature,Control,2025-12-02,64,60654.242291852774
Weekly Temperature,Control,2025-12-02,64,48877.02928014715
Weekly Temperature,Control,2025-12-02,64,22609.01382769281
Weekly Temperature,Control,2025-12-02,64,19444.39012101053
Weekly Temperature,Control,2025-12-02,64,57399.4628423482
Weekly Temperature,Control,2025-12-02,64,51793.89772681149
Weekly Temperature,Control,2025-12-02,64,88485.05364269132
Weekly Temperature,Control,2025-12-02,64,51712.61249244468
Weekly Temperature,Control,2025-12-02,64,57086.81144933724
Weekly Temperature,Control,2025-12-02,64,16293.372753802232
Weekly Temperature,Control,2025-12-02,64,37698.17746260212
Weekly Temperature,Control,2025-12-02,64,24081.710552342818
Weekly Temperature,Control,2025-12-02,64,61389.85600877203
Weekly Temperature,Control,2025-12-02,64,34054.40020209752
Weekly Temperature,Control,2025-12-02,64,41664.602088205975
Weekly Temperature,Control,2025-12-02,64,34742.660313524524
Weekly Temperature,Control,2025-12-02,64,49262.6856928232
Weekly Temperature,Control,2025-12-02,64,19141.202626878265
Weekly Temperature,Control,2025-12-02,64,30950.447202624768
Weekly Temperature,Control,2025-12-02,64,53620.96731538328
Weekly Temperature,Control,2025-12-02,64,58540.92684890266
Weekly Temperature,Control,2025-12-02,64,91929.59019759642
Weekly Temperature,Control,2025-12-02,64,52077.038565428134
Weekly Temperature,Treated,2025-12-02,65,40707.97492105097
Weekly Temperature,Treated,2025-12-02,65,49452.28056043939
Weekly Temperature,Treated,2025-12-02,65,52835.86619264539
Weekly Temperature,Treated,2025-12-02,65,60615.46455528218
Weekly Temperature,Treated,2025-12-02,65,83607.15755905207
Weekly Temperature,Treated,2025-12-02,65,28302.345148067463
Weekly Temperature,Treated,2025-12-02,65,49118.81182399449
Weekly Temperature,Treated,2025-12-02,65,65833.95455008141
Weekly Temperature,Treated,2025-12-02,65,19900.452230614083
Weekly Temperature,Treated,2025-12-02,65,27010.540026807317
Weekly Temperature,Treated,2025-12-02,65,66571.7757532264
Weekly Temperature,Treated,2025-12-02,65,33502.94857039371
Weekly Temperature,Treated,2025-12-02,65,12962.229523253474
Weekly Temperature,Treated,2025-12-02,65,33997.39978979621
Weekly Temperature,Treated,2025-12-02,65,21031.867071887835
Weekly Temperature,Treated,2025-12-02,65,20404.069102695386
Weekly Temperature,Treated,2025-12-02,65,45299.42031405354
Weekly Temperature,Treated,2025-12-02,65,44209.774919670606
Weekly Temperature,Treated,2025-12-02,65,47828.694085320094
Weekly Temperature,Treated,2025-12-02,65,57690.15790678677
Weekly Temperature,Treated,2025-12-02,65,34650.37607083389
Weekly Temperature,Treated,2025-12-02,65,20157.22191072923
Weekly Temperature,Treated,2025-12-02,65,19753.266005374357
Weekly Temperature,Treated,2025-12-02,65,50039.08933303754
Weekly Temperature,Treated,2025-12-02,65,28220.983174921603
Weekly Temperature,Treated,2025-12-02,65,44600.49001323581
Weekly Temperature,Treated,2025-12-02,65,12815.219099660148
Weekly Temperature,Treated,2025-12-02,65,44898.168381764874
Weekly Temperature,Treated,2025-12-02,65,13254.094132416663
Weekly Temperature,Treated,2025-12-02,65,38517.68425970359
Weekly Temperature,Treated,2025-12-02,65,15787.452232977223
Weekly Temperature,Treated,2025-12-02,65,39492.73096236282
Weekly Temperature,Treated,2025-12-02,65,70384.28828165846
Weekly Temperature,Treated,2025-12-02,65,32138.466953314728
Weekly Temperature,Treated,2025-12-02,65,39518.693462899326
Weekly Temperature,Treated,2025-12-02,65,8516.662309275629
Weekly Temperature,Treated,2025-12-02,65,38640.014096483064
Weekly Temperature,Treated,2025-12-02,65,23361.73814340272
Weekly Temperature,Treated,2025-12-02,65,16092.48871525106
Weekly Temperature,Treated,2025-12-02,65,44115.34706127228
Weekly Temperature,Treated,2025-12-02,65,73432.45086398927
Weekly Temperature,Treated,2025-12-02,65,8359.62655300631
Weekly Temperature,Treated,2025-12-02,65,27078.86425719567
Weekly Temperature,Treated,2025-12-02,65,38791.64650401091
Weekly Temperature,Treated,2025-12-02,65,83641.55814997313
Weekly Temperature,Treated,2025-12-02,65,154614.9305278665
Weekly Temperature,Treated,2025-12-02,65,20704.597922409233
Weekly Temperature,Treated,2025-12-02,65,83682.2279177133
Weekly Temperature,Treated,2025-12-02,65,35744.858006445
Weekly Temperature,Treated,2025-12-02,65,8407.305366703873
Weekly Temperature,Treated,2025-12-02,65,23669.566250395
Weekly Temperature,Treated,2025-12-02,65,21192.709633344457
Weekly Temperature,Treated,2025-12-02,65,17217.9134369522
Weekly Temperature,Treated,2025-12-02,65,14531.569812569749
Weekly Temperature,Treated,2025-12-02,65,40079.246302871405
Weekly Temperature,Treated,2025-12-02,65,45612.36890251916
Weekly Temperature,Treated,2025-12-02,65,5819.336825172015
Weekly Temperature,Treated,2025-12-02,65,10277.265500438418
Weekly Temperature,Treated,2025-12-02,65,32645.54242792753
Weekly Temperature,Treated,2025-12-02,65,16215.751117056292
Weekly Temperature,Treated,2025-12-02,65,33446.667875939245
Weekly Temperature,Treated,2025-12-02,65,62251.189363914935
Weekly Temperature,Treated,2025-12-02,65,28970.6769495427
Weekly Temperature,Treated,2025-12-02,65,56177.44301006726
Weekly Temperature,Treated,2025-12-02,65,69591.52503085707
Weekly Temperature,Treated,2025-12-02,65,52690.35085620844
Weekly Temperature,Treated,2025-12-02,65,24390.860226281537
Weekly Temperature,Treated,2025-12-02,65,32103.114005262734
Weekly Temperature,Treated,2025-12-02,65,44173.873691150104
Weekly Temperature,Treated,2025-12-02,65,40722.15188075235
Weekly Temperature,Treated,2025-12-02,65,17071.673461559814
Weekly Temperature,Treated,2025-12-02,65,30148.587642928804
Weekly Temperature,Treated,2025-12-02,65,40669.00818478072
Weekly Temperature,Treated,2025-12-02,65,20160.306148967124
Weekly Temperature,Treated,2025-12-02,65,42791.44358469042
Weekly Temperature,Treated,2025-12-02,65,53154.05534887242
Weekly Temperature,Treated,2025-12-02,65,112195.84336532676
Weekly Temperature,Treated,2025-12-02,65,41299.57241429306
Weekly Temperature,Treated,2025-12-02,65,18588.16544476328
Weekly Temperature,Treated,2025-12-02,65,23459.766986280698
Weekly Temperature,Treated,2025-12-02,65,82320.60763504209
Weekly Temperature,Treated,2025-12-02,65,52098.53816217464
Weekly Temperature,Treated,2025-12-02,65,43608.1643042382
Weekly Temperature,Treated,2025-12-02,65,45128.20997328412
Weekly Temperature,Treated,2025-12-02,65,18059.7146152669
Weekly Temperature,Treated,2025-12-02,65,20390.582957828236
Weekly Temperature,Treated,2025-12-02,65,50907.37912701326
Weekly Temperature,Treated,2025-12-02,65,27898.665034845668
Weekly Temperature,Treated,2025-12-02,65,57799.75923817807
Weekly Temperature,Treated,2025-12-02,65,37591.50070155947
Weekly Temperature,Treated,2025-12-02,65,24071.104370661997
Weekly Temperature,Treated,2025-12-02,65,21675.475151553346
Weekly Temperature,Treated,2025-12-02,65,33480.12319938295
Weekly Temperature,Treated,2025-12-02,65,20293.271056524685
Weekly Temperature,Treated,2025-12-02,65,47999.826187746854
Weekly Temperature,Control,2025-12-02,66,11176.272236758112
Weekly Temperature,Control,2025-12-02,66,28820.059990439804
Weekly Temperature,Control,2025-12-02,66,52465.1014610589
Weekly Temperature,Control,2025-12-02,66,24499.364270508075
Weekly Temperature,Control,2025-12-02,66,24754.790734605165
Weekly Temperature,Control,2025-12-02,66,44372.56135293845
Weekly Temperature,Control,2025-12-02,66,86039.36165028799
Weekly Temperature,Control,2025-12-02,66,7520.114446339998
Weekly Temperature,Control,2025-12-02,66,39591.459430875075
Weekly Temperature,Control,2025-12-02,66,17456.093098105186
Weekly Temperature,Control,2025-12-02,66,22558.533087855503
Weekly Temperature,Control,2025-12-02,66,58239.80882234584
Weekly Temperature,Control,2025-12-02,66,7129.567916736763
Weekly Temperature,Control,2025-12-02,66,16111.53885437256
Weekly Temperature,Control,2025-12-02,66,21600.57571715889
Weekly Temperature,Control,2025-12-02,66,40773.57573333309
Weekly Temperature,Control,2025-12-02,66,22076.11105189156
Weekly Temperature,Control,2025-12-02,66,6938.870568865267
Weekly Temperature,Control,2025-12-02,66,36985.960097970914
Weekly Temperature,Control,2025-12-02,66,28540.80085514161
Weekly Temperature,Control,2025-12-02,66,14292.787465806423
Weekly Temperature,Control,2025-12-02,66,51768.21785112216
Weekly Temperature,Control,2025-12-02,66,26547.42969666614
Weekly Temperature,Control,2025-12-02,66,46948.49575239748
Weekly Temperature,Control,2025-12-02,66,44480.71332325778
Weekly Temperature,Control,2025-12-02,66,23110.622632445917
Weekly Temperature,Control,2025-12-02,66,18936.5235992134
Weekly Temperature,Control,2025-12-02,66,29863.56533894385
Weekly Temperature,Control,2025-12-02,66,10023.672466958644
Weekly Temperature,Control,2025-12-02,66,27773.433706220396
Weekly Temperature,Control,2025-12-02,66,36363.71371319936
Weekly Temperature,Control,2025-12-02,66,35397.20043952451
Weekly Temperature,Control,2025-12-02,66,9138.597005843749
Weekly Temperature,Control,2025-12-02,66,14968.99290899083
Weekly Temperature,Control,2025-12-02,66,64118.948393015584
Weekly Temperature,Control,2025-12-02,66,24091.141292980396
Weekly Temperature,Control,2025-12-02,66,42004.90644620869
Weekly Temperature,Control,2025-12-02,66,33949.699885006674
Weekly Temperature,Control,2025-12-02,66,21387.82622070197
Weekly Temperature,Control,2025-12-02,66,43376.77254081114
Weekly Temperature,Control,2025-12-02,66,13702.711000737198
Weekly Temperature,Control,2025-12-02,66,24986.79022003042
Weekly Temperature,Control,2025-12-02,66,36518.09703691971
Weekly Temperature,Control,2025-12-02,66,13807.968506623749
Weekly Temperature,Control,2025-12-02,66,17711.67296138403
Weekly Temperature,Control,2025-12-02,66,50635.56432898292
Weekly Temperature,Control,2025-12-02,66,8365.972076175623
Weekly Temperature,Control,2025-12-02,66,19005.218023924448
Weekly Temperature,Control,2025-12-02,66,38906.10307698162
Weekly Temperature,Control,2025-12-02,66,53202.13217579552
Weekly Temperature,Control,2025-12-02,66,7621.7803140575
Weekly Temperature,Control,2025-12-02,66,33195.06989104692
Weekly Temperature,Control,2025-12-02,66,28558.276928893425
Weekly Temperature,Control,2025-12-02,66,10335.986864033615
Weekly Temperature,Control,2025-12-02,66,22058.478852738586
Weekly Temperature,Control,2025-12-02,66,10035.785153122746
Weekly Temperature,Control,2025-12-02,66,34578.558172267316
Weekly Temperature,Control,2025-12-02,66,19229.297032866452
Weekly Temperature,Control,2025-12-02,66,13381.548697921637
Weekly Temperature,Control,2025-12-02,66,22148.95843796755
Weekly Temperature,Control,2025-12-02,66,50806.10500685732
Weekly Temperature,Control,2025-12-02,66,24260.196559274296
Weekly Temperature,Control,2025-12-02,66,31447.27107813726
Weekly Temperature,Control,2025-12-02,66,9638.871344964571
Weekly Temperature,Control,2025-12-02,66,42715.954738550165
Weekly Temperature,Control,2025-12-02,66,10011.570733464945
Weekly Temperature,Control,2025-12-02,66,37885.43023434154
Weekly Temperature,Control,2025-12-02,66,29351.948959277834
Weekly Temperature,Control,2025-12-02,66,26567.768061594066
Weekly Temperature,Control,2025-12-02,66,22795.983736715916
Weekly Temperature,Control,2025-12-02,66,44357.398639856954
Weekly Temperature,Control,2025-12-02,66,44768.22025005597
Weekly Temperature,Control,2025-12-02,66,40591.16222953525
Weekly Temperature,Control,2025-12-02,66,87323.33684027202
Weekly Temperature,Control,2025-12-02,66,39309.64229936243
Weekly Temperature,Control,2025-12-02,66,39233.83832692673
Weekly Temperature,Control,2025-12-02,66,14992.7636017065
Weekly Temperature,Control,2025-12-02,66,85969.00599811567
Weekly Temperature,Control,2025-12-02,66,52296.66242193461
Weekly Temperature,Control,2025-12-02,66,7700.5605500967595
Weekly Temperature,Control,2025-12-02,66,32241.752560880264
Weekly Temperature,Control,2025-12-02,66,45353.38944687824
Weekly Temperature,Control,2025-12-02,66,10051.548031005494
Weekly Temperature,Control,2025-12-02,66,27521.66299552378
Weekly Temperature,Control,2025-12-02,66,28161.078222357155
Weekly Temperature,Control,2025-12-02,66,36451.40588037543
Weekly Temperature,Control,2025-12-02,66,33541.01775881027
Weekly Temperature,Control,2025-12-02,66,60072.22363307118
Weekly Temperature,Control,2025-12-02,66,21004.267173651453
Weekly Temperature,Control,2025-12-02,66,31532.851587512596
Weekly Temperature,Control,2025-12-02,66,89427.88522108625
Weekly Temperature,Control,2025-12-02,66,46274.68936452102
Weekly Temperature,Control,2025-12-02,66,19672.417686811736
Weekly Temperature,Control,2025-12-02,66,8910.819107082281
Weekly Temperature,Control,2025-12-02,66,37188.605858655406
Weekly Temperature,Control,2025-12-02,66,28440.139032950894
Weekly Temperature,Control,2025-12-02,66,30947.584946849864
Weekly Temperature,Control,2025-12-02,66,47995.794033361635
Weekly Temperature,Control,2025-12-02,66,29481.2781709712
Daily Temperature,Treated,2025-12-02,67,46081.06371467807
Daily Temperature,Treated,2025-12-02,67,37020.497022359414
Daily Temperature,Treated,2025-12-02,67,13737.98493350042
Daily Temperature,Treated,2025-12-02,67,41127.82145272563
Daily Temperature,Treated,2025-12-02,67,20823.436759569977
Daily Temperature,Treated,2025-12-02,67,33078.865838219725
Daily Temperature,Treated,2025-12-02,67,25758.603622945546
Daily Temperature,Treated,2025-12-02,67,20097.66437222808
Daily Temperature,Treated,2025-12-02,67,21124.423071446934
Daily Temperature,Treated,2025-12-02,67,22507.020217266796
Daily Temperature,Treated,2025-12-02,67,14276.975151590737
Daily Temperature,Treated,2025-12-02,67,9570.272440186744
Daily Temperature,Treated,2025-12-02,67,33603.524080526724
Daily Temperature,Treated,2025-12-02,67,30145.783104176884
Daily Temperature,Treated,2025-12-02,67,27933.014929315665
Daily Temperature,Treated,2025-12-02,67,26125.606574457608
Daily Temperature,Treated,2025-12-02,67,35746.45887302212
Daily Temperature,Treated,2025-12-02,67,35386.08095726353
Daily Temperature,Treated,2025-12-02,67,46807.98263864018
Daily Temperature,Treated,2025-12-02,67,21189.50491973905
Daily Temperature,Treated,2025-12-02,67,44814.050577491376
Daily Temperature,Treated,2025-12-02,67,49824.88574923076
Daily Temperature,Treated,2025-12-02,67,50157.9399946149
Daily Temperature,Treated,2025-12-02,67,32339.37224959497
Daily Temperature,Treated,2025-12-02,67,39439.11736750543
Daily Temperature,Treated,2025-12-02,67,26808.92771646036
Daily Temperature,Treated,2025-12-02,67,26482.681464252135
Daily Temperature,Treated,2025-12-02,67,24969.817114331654
Daily Temperature,Treated,2025-12-02,67,49102.39014674381
Daily Temperature,Treated,2025-12-02,67,27695.877762056785
Daily Temperature,Treated,2025-12-02,67,38001.152231041546
Daily Temperature,Treated,2025-12-02,67,29468.876499114544
Daily Temperature,Treated,2025-12-02,67,47642.00476360438
Daily Temperature,Treated,2025-12-02,67,41049.28925729987
Daily Temperature,Treated,2025-12-02,67,32576.97974379212
Daily Temperature,Treated,2025-12-02,67,23789.598282305633
Daily Temperature,Treated,2025-12-02,67,30029.573100432477
Daily Temperature,Treated,2025-12-02,67,85608.35549616437
Daily Temperature,Treated,2025-12-02,67,36238.955794302055
Daily Temperature,Treated,2025-12-02,67,37213.37789387171
Weekly Temperature,Treated,2025-12-02,71,32566.55611380141
Weekly Temperature,Treated,2025-12-02,71,37704.852596555145
Weekly Temperature,Treated,2025-12-02,71,50007.84967696225
Weekly Temperature,Treated,2025-12-02,71,34844.550879328555
Weekly Temperature,Treated,2025-12-02,71,9726.763937786498
Weekly Temperature,Treated,2025-12-02,71,19606.915292906222
Weekly Temperature,Treated,2025-12-02,71,38331.37568827372
Weekly Temperature,Treated,2025-12-02,71,84543.09053121651
Weekly Temperature,Treated,2025-12-02,71,44802.589548548196
Weekly Temperature,Treated,2025-12-02,71,37523.28481243932
Weekly Temperature,Treated,2025-12-02,71,47609.943950164256
Weekly Temperature,Treated,2025-12-02,71,56380.81885504265
Weekly Temperature,Treated,2025-12-02,71,39836.511375564965
Weekly Temperature,Treated,2025-12-02,71,41040.37257227635
Weekly Temperature,Treated,2025-12-02,71,78590.88309255187
Weekly Temperature,Treated,2025-12-02,71,11473.482079320911
Weekly Temperature,Treated,2025-12-02,71,57963.29978141677
Weekly Temperature,Treated,2025-12-02,71,81551.36733675224
Weekly Temperature,Treated,2025-12-02,71,81652.57813496103
Weekly Temperature,Treated,2025-12-02,71,22833.29378236485
Weekly Temperature,Treated,2025-12-02,71,57406.42596070447
Weekly Temperature,Treated,2025-12-02,71,47603.934434314135
Weekly Temperature,Treated,2025-12-02,71,35549.97109699994
Weekly Temperature,Treated,2025-12-02,71,11777.967939805087
Weekly Temperature,Treated,2025-12-02,71,47955.48711972932
Weekly Temperature,Treated,2025-12-02,71,47055.58639274647
Weekly Temperature,Treated,2025-12-02,71,8716.169302603834
Weekly Temperature,Treated,2025-12-02,71,52633.96727213998
Weekly Temperature,Treated,2025-12-02,71,60831.414480716994
Weekly Temperature,Treated,2025-12-02,71,11545.338580176223
Weekly Temperature,Treated,2025-12-02,71,21043.55232902364
Weekly Temperature,Treated,2025-12-02,71,21472.94777028991
Weekly Temperature,Treated,2025-12-02,71,29640.100455091586
Weekly Temperature,Treated,2025-12-02,71,14365.695229067043
Weekly Temperature,Treated,2025-12-02,71,18388.98956629543
Weekly Temperature,Treated,2025-12-02,71,47091.32585405146
Weekly Temperature,Treated,2025-12-02,71,31751.24391829279
Weekly Temperature,Treated,2025-12-02,71,30098.13690244571
Weekly Temperature,Treated,2025-12-02,71,51243.98441366699
Weekly Temperature,Treated,2025-12-02,71,102368.6831372245
Weekly Temperature,Treated,2025-12-02,71,39491.000603052555
Weekly Temperature,Treated,2025-12-02,71,53605.57164215095
Weekly Temperature,Treated,2025-12-02,71,33038.193974696405
Weekly Temperature,Treated,2025-12-02,71,47344.09365842894
Weekly Temperature,Treated,2025-12-02,71,55829.171702212516
Weekly Temperature,Treated,2025-12-02,71,24844.00949902975
Weekly Temperature,Treated,2025-12-02,71,26388.95015965428
Weekly Temperature,Treated,2025-12-02,71,26542.346986391993
Weekly Temperature,Treated,2025-12-02,71,46116.22100660908
Weekly Temperature,Treated,2025-12-02,71,65102.6211076854
Weekly Temperature,Treated,2025-12-02,71,28925.835379455537
Weekly Temperature,Treated,2025-12-02,71,34730.135991419746
Weekly Temperature,Treated,2025-12-02,71,39371.748812485246
Weekly Temperature,Treated,2025-12-02,71,62345.27733987528
Weekly Temperature,Treated,2025-12-02,71,52014.729220524365
Weekly Temperature,Treated,2025-12-02,71,71871.98556399503
Weekly Temperature,Treated,2025-12-02,71,48879.074347505375
Weekly Temperature,Treated,2025-12-02,71,22123.551280233314
Weekly Temperature,Treated,2025-12-02,71,21488.059704278312
Weekly Temperature,Treated,2025-12-02,71,23656.774925484635
Weekly Temperature,Treated,2025-12-02,71,30503.58259259261
Weekly Temperature,Treated,2025-12-02,71,37734.90211671389
Weekly Temperature,Treated,2025-12-02,71,13884.410795830094
Weekly Temperature,Treated,2025-12-02,71,19075.08844048309
Weekly Temperature,Treated,2025-12-02,71,66251.42715954263
Weekly Temperature,Treated,2025-12-02,71,8788.924812163103
Weekly Temperature,Treated,2025-12-02,71,55041.11709803404
Weekly Temperature,Treated,2025-12-02,71,36436.77907949714
Weekly Temperature,Treated,2025-12-02,71,45262.82709718911
Weekly Temperature,Treated,2025-12-02,71,36490.43306886962
Weekly Temperature,Treated,2025-12-02,71,48621.92480388445
Weekly Temperature,Treated,2025-12-02,71,20128.45312761556
Weekly Temperature,Treated,2025-12-02,71,78311.47273957626
Weekly Temperature,Treated,2025-12-02,71,55320.102577764
Weekly Temperature,Treated,2025-12-02,71,20974.575307932104
Weekly Temperature,Treated,2025-12-02,71,28697.034402921814
Weekly Temperature,Treated,2025-12-02,71,51674.144015421094
Weekly Temperature,Treated,2025-12-02,71,49497.703320209555
Weekly Temperature,Treated,2025-12-02,71,26256.393254331957
Weekly Temperature,Treated,2025-12-02,71,24669.421471679798
Weekly Temperature,Treated,2025-12-02,71,41004.72098260902
Weekly Temperature,Treated,2025-12-02,71,48979.36504810266
Weekly Temperature,Treated,2025-12-02,71,40165.089806960925
Weekly Temperature,Treated,2025-12-02,71,60625.15715279421
Weekly Temperature,Treated,2025-12-02,71,70698.4644498818
Weekly Temperature,Treated,2025-12-02,71,34102.2145516357
Weekly Temperature,Treated,2025-12-02,71,11943.518195592733
Weekly Temperature,Treated,2025-12-02,71,96667.9222496868
Weekly Temperature,Treated,2025-12-02,71,48215.934665783025
Weekly Temperature,Treated,2025-12-02,71,55403.56377470678
Weekly Temperature,Treated,2025-12-02,71,34125.36927938404
Weekly Temperature,Treated,2025-12-02,71,49030.59603218874
Daily Temperature,Treated,2025-12-02,72,61657.08337252159
Daily Temperature,Treated,2025-12-02,72,49312.090047074
Daily Temperature,Treated,2025-12-02,72,46096.6865804759
Daily Temperature,Treated,2025-12-02,72,46010.81222145856
Daily Temperature,Treated,2025-12-02,72,18825.05665040434
Daily Temperature,Treated,2025-12-02,72,20956.563829041243
Daily Temperature,Treated,2025-12-02,72,16211.398720876781
Daily Temperature,Treated,2025-12-02,72,39496.19185873552
Daily Temperature,Treated,2025-12-02,72,33487.73031163253
Daily Temperature,Treated,2025-12-02,72,29361.564673356585
Daily Temperature,Treated,2025-12-02,72,55295.308910626954
Daily Temperature,Treated,2025-12-02,72,55295.308910626954
Daily Temperature,Treated,2025-12-02,72,29554.39233736618
Daily Temperature,Treated,2025-12-02,72,15489.356593680299
Daily Temperature,Treated,2025-12-02,72,63848.364817805836
Daily Temperature,Treated,2025-12-02,72,55672.66622896248
Daily Temperature,Treated,2025-12-02,72,49901.74952797242
Daily Temperature,Treated,2025-12-02,72,33918.95340758654
Daily Temperature,Treated,2025-12-02,72,104918.34103279586
Daily Temperature,Treated,2025-12-02,72,81434.94522030224
Daily Temperature,Treated,2025-12-02,72,63621.471208685754
Daily Temperature,Treated,2025-12-02,72,26581.75767252345
Daily Temperature,Treated,2025-12-02,72,32023.680366743338
Daily Temperature,Treated,2025-12-02,72,19186.695904588883
Daily Temperature,Treated,2025-12-02,72,45420.92176494686
Daily Temperature,Treated,2025-12-02,72,40977.998192862964
Daily Temperature,Treated,2025-12-02,72,45391.96969248154
Daily Temperature,Treated,2025-12-02,72,97619.45383997931
Daily Temperature,Treated,2025-12-02,72,25165.54588507219
Daily Temperature,Treated,2025-12-02,72,66718.03119171028
Daily Temperature,Treated,2025-12-02,72,59808.04260926184
Daily Temperature,Treated,2025-12-02,72,14194.177988733985
Daily Temperature,Treated,2025-12-02,72,69098.30958792075
Daily Temperature,Treated,2025-12-02,72,69984.3019847388
Daily Temperature,Treated,2025-12-02,72,16304.734384679405
Daily Temperature,Treated,2025-12-02,72,61669.3635222819
Daily Temperature,Treated,2025-12-02,72,33056.26555392939
Daily Temperature,Treated,2025-12-02,72,22532.765328717207
Daily Temperature,Treated,2025-12-02,72,42714.11485090714
Daily Temperature,Treated,2025-12-02,72,51933.171322701484
Daily Temperature,Treated,2025-12-02,72,65207.801912991294
Daily Temperature,Treated,2025-12-02,72,32821.93372518936
Daily Temperature,Treated,2025-12-02,72,27245.721525259993
Daily Temperature,Treated,2025-12-02,72,17989.8804478977
Daily Temperature,Treated,2025-12-02,72,42717.79468825436
Daily Temperature,Control,2025-12-02,73,43720.47467190601
Daily Temperature,Control,2025-12-02,73,88684.78029480593
Daily Temperature,Control,2025-12-02,73,37195.210476294655
Daily Temperature,Control,2025-12-02,73,37669.81843275326
Daily Temperature,Control,2025-12-02,73,45915.3271875875
Daily Temperature,Control,2025-12-02,73,45548.483000887056
Daily Temperature,Control,2025-12-02,73,113970.73931959785
Daily Temperature,Control,2025-12-02,73,66358.07411257991
Daily Temperature,Control,2025-12-02,73,51815.30527993072
Daily Temperature,Control,2025-12-02,73,59337.21188659364
Daily Temperature,Control,2025-12-02,73,40647.7659005503
Daily Temperature,Control,2025-12-02,73,36653.397251130475
Daily Temperature,Control,2025-12-02,73,26632.676992540954
Daily Temperature,Control,2025-12-02,73,34598.84277330613
Daily Temperature,Control,2025-12-02,73,20937.505793865083
Daily Temperature,Control,2025-12-02,73,53112.56199019321
Daily Temperature,Control,2025-12-02,73,77926.35568324984
Daily Temperature,Control,2025-12-02,73,61947.41081481995
Daily Temperature,Control,2025-12-02,73,15102.14839540333
Daily Temperature,Control,2025-12-02,73,72870.08489295804
Daily Temperature,Control,2025-12-02,73,22538.365088426504
Daily Temperature,Control,2025-12-02,73,29302.535267662144
Daily Temperature,Control,2025-12-02,73,35145.29974892284
Daily Temperature,Control,2025-12-02,73,42686.5239825156
Daily Temperature,Control,2025-12-02,73,90126.14121877354
Daily Temperature,Control,2025-12-02,73,39532.545582654944
Daily Temperature,Control,2025-12-02,73,87748.20463432421
Daily Temperature,Control,2025-12-02,73,43399.12315745624
Daily Temperature,Control,2025-12-02,73,21455.6869862381
Daily Temperature,Control,2025-12-02,73,83132.95573379284
Daily Temperature,Control,2025-12-02,73,25143.604577085633
Daily Temperature,Control,2025-12-02,73,79749.58071271022
Daily Temperature,Control,2025-12-02,73,42649.75786958913
Daily Temperature,Control,2025-12-02,73,72481.25743608792
Daily Temperature,Control,2025-12-02,73,72149.68579336422
Weekly Temperature,Treated,2025-12-02,74,45752.00030673718
Weekly Temperature,Treated,2025-12-02,74,13300.470691697987
Weekly Temperature,Treated,2025-12-02,74,55489.383962879
Weekly Temperature,Treated,2025-12-02,74,26382.62622357244
Weekly Temperature,Treated,2025-12-02,74,55196.221814845485
Weekly Temperature,Treated,2025-12-02,74,86295.5870672899
Weekly Temperature,Treated,2025-12-02,74,86128.9715237588
Weekly Temperature,Treated,2025-12-02,74,86877.5405417071
Weekly Temperature,Treated,2025-12-02,74,58157.68507591517
Weekly Temperature,Treated,2025-12-02,74,53581.38547576726
Weekly Temperature,Treated,2025-12-02,74,76782.94775214026
Weekly Temperature,Treated,2025-12-02,74,54073.387448187445
Weekly Temperature,Treated,2025-12-02,74,32472.86007514279
Weekly Temperature,Treated,2025-12-02,74,32535.30078046134
Weekly Temperature,Treated,2025-12-02,74,41542.04609627895
Weekly Temperature,Treated,2025-12-02,74,46843.57440265079
Weekly Temperature,Treated,2025-12-02,74,26343.443956383082
Weekly Temperature,Treated,2025-12-02,74,38827.492613248476
Weekly Temperature,Treated,2025-12-02,74,52988.23492515908
Weekly Temperature,Treated,2025-12-02,74,31109.624923531475
Weekly Temperature,Treated,2025-12-02,74,35025.388824642694
Weekly Temperature,Treated,2025-12-02,74,70316.13582064482
Weekly Temperature,Treated,2025-12-02,74,24864.540694985917
Weekly Temperature,Treated,2025-12-02,74,57271.923714561475
Weekly Temperature,Treated,2025-12-02,74,40251.076994069364
Weekly Temperature,Treated,2025-12-02,74,59657.15268878889
Weekly Temperature,Treated,2025-12-02,74,42673.653021011916
Weekly Temperature,Treated,2025-12-02,74,20837.14198194743
Weekly Temperature,Treated,2025-12-02,74,36303.723376134694
Weekly Temperature,Treated,2025-12-02,74,29559.916087498037
Weekly Temperature,Treated,2025-12-02,74,30173.837601129973
Weekly Temperature,Treated,2025-12-02,74,89910.57708009396
Weekly Temperature,Treated,2025-12-02,74,45164.71781913715
Weekly Temperature,Treated,2025-12-02,74,52692.52040481411
Weekly Temperature,Treated,2025-12-02,74,60712.44563996784
Weekly Temperature,Treated,2025-12-02,74,193546.37771994292
Weekly Temperature,Treated,2025-12-02,74,22166.64620929884
Weekly Temperature,Treated,2025-12-02,74,50243.566230868026
Weekly Temperature,Treated,2025-12-02,74,15137.642746678883
Weekly Temperature,Treated,2025-12-02,74,48713.641595488596
Weekly Temperature,Treated,2025-12-02,74,74524.70026860051
Weekly Temperature,Treated,2025-12-02,74,12473.525321024936
Weekly Temperature,Treated,2025-12-02,74,9567.933651216554
Weekly Temperature,Treated,2025-12-02,74,33404.125995886374
Weekly Temperature,Treated,2025-12-02,74,64652.63727668339
Weekly Temperature,Treated,2025-12-02,74,28532.737769354055
Weekly Temperature,Treated,2025-12-02,74,40862.356813086015
Weekly Temperature,Treated,2025-12-02,74,45635.617557997866
Weekly Temperature,Treated,2025-12-02,74,36918.6033094783
Weekly Temperature,Treated,2025-12-02,74,25795.86935926534
Weekly Temperature,Treated,2025-12-02,74,82868.71181058999
Weekly Temperature,Treated,2025-12-02,74,16289.004501567446
Weekly Temperature,Treated,2025-12-02,74,27543.883651576252
Weekly Temperature,Treated,2025-12-02,74,20577.923385664297
Weekly Temperature,Treated,2025-12-02,74,27876.223173537193
Weekly Temperature,Treated,2025-12-02,74,37519.95968113502
Weekly Temperature,Treated,2025-12-02,74,59401.5683173716
Weekly Temperature,Treated,2025-12-02,74,48131.01611639941
Weekly Temperature,Treated,2025-12-02,74,51367.206135464854
Weekly Temperature,Treated,2025-12-02,74,65586.019569431
Weekly Temperature,Treated,2025-12-02,74,75866.85294151262
Weekly Temperature,Treated,2025-12-02,74,66191.66025787382
Weekly Temperature,Treated,2025-12-02,74,57045.22631026455
Weekly Temperature,Treated,2025-12-02,74,30071.53653999602
Weekly Temperature,Treated,2025-12-02,74,86877.5405417071
Weekly Temperature,Treated,2025-12-02,74,35559.53629382644
Weekly Temperature,Treated,2025-12-02,74,66342.45875791537
Weekly Temperature,Treated,2025-12-02,74,176333.5522582233
Weekly Temperature,Treated,2025-12-02,74,42001.274776330094
Weekly Temperature,Treated,2025-12-02,74,52877.18926527784
Weekly Temperature,Treated,2025-12-02,74,63898.8724244051
Weekly Temperature,Treated,2025-12-02,74,41444.923330699785
Weekly Temperature,Treated,2025-12-02,74,43595.076167308645
Weekly Temperature,Treated,2025-12-02,74,27610.62892336308
Weekly Temperature,Treated,2025-12-02,74,53905.31162283155
Weekly Temperature,Treated,2025-12-02,74,13550.14260690088
Weekly Temperature,Treated,2025-12-02,74,44353.60859625863
Weekly Temperature,Treated,2025-12-02,74,12292.572771540845
Weekly Temperature,Treated,2025-12-02,74,47356.06174037141
Weekly Temperature,Treated,2025-12-02,74,17669.808660043633
Weekly Temperature,Control,2025-12-02,75,26597.025559735906
Weekly Temperature,Control,2025-12-02,75,121794.41320300919
Weekly Temperature,Control,2025-12-02,75,42385.77322967626
Weekly Temperature,Control,2025-12-02,75,77725.51025255879
Weekly Temperature,Control,2025-12-02,75,42855.967906007536
Weekly Temperature,Control,2025-12-02,75,40644.226363646965
Weekly Temperature,Control,2025-12-02,75,71214.4680550629
Weekly Temperature,Control,2025-12-02,75,78062.45540893124
Weekly Temperature,Control,2025-12-02,75,78157.2448391041
Weekly Temperature,Control,2025-12-02,75,18278.08986566156
Weekly Temperature,Control,2025-12-02,75,34046.69309990783
Weekly Temperature,Control,2025-12-02,75,53429.86822115816
Weekly Temperature,Control,2025-12-02,75,39956.86161236784
Weekly Temperature,Control,2025-12-02,75,97040.59921084458
Weekly Temperature,Control,2025-12-02,75,31929.734658784633
Weekly Temperature,Control,2025-12-02,75,133176.21015009598
Weekly Temperature,Control,2025-12-02,75,14853.011360184595
Weekly Temperature,Control,2025-12-02,75,18596.862522727435
Weekly Temperature,Control,2025-12-02,75,22022.14663447007
Weekly Temperature,Control,2025-12-02,75,18663.64355357611
Weekly Temperature,Control,2025-12-02,75,17412.85251084658
Weekly Temperature,Control,2025-12-02,75,14864.41573874952
Weekly Temperature,Control,2025-12-02,75,22554.05011093061
Weekly Temperature,Control,2025-12-02,75,10907.445134430413
Weekly Temperature,Control,2025-12-02,75,23824.64710008636
Weekly Temperature,Control,2025-12-02,75,29131.460393933266
Weekly Temperature,Control,2025-12-02,75,15541.548876936004
Weekly Temperature,Control,2025-12-02,75,24968.6050901437
Weekly Temperature,Control,2025-12-02,75,53101.646925620706
Weekly Temperature,Control,2025-12-02,75,26975.784643441613
Weekly Temperature,Control,2025-12-02,75,41974.045085536425
Weekly Temperature,Control,2025-12-02,75,43714.85377657781
Weekly Temperature,Control,2025-12-02,75,19219.383338546697
Weekly Temperature,Control,2025-12-02,75,30067.338150355397
Weekly Temperature,Control,2025-12-02,75,51199.42704161136
Weekly Temperature,Control,2025-12-02,75,37248.080371105614
Weekly Temperature,Control,2025-12-02,75,11369.988429055787
Weekly Temperature,Control,2025-12-02,75,20653.22810165712
Weekly Temperature,Control,2025-12-02,75,84316.1987543776
Weekly Temperature,Control,2025-12-02,75,22837.81940333906
Weekly Temperature,Control,2025-12-02,75,58296.17512431613
Weekly Temperature,Control,2025-12-02,75,21253.66993483112
Weekly Temperature,Control,2025-12-02,75,42944.58228301465
Weekly Temperature,Control,2025-12-02,75,25380.862716346826
Weekly Temperature,Control,2025-12-02,75,39084.28940637839
Weekly Temperature,Control,2025-12-02,75,50757.63401929294
Weekly Temperature,Control,2025-12-02,75,35156.36023916492
Weekly Temperature,Control,2025-12-02,75,36800.54981644582
Weekly Temperature,Control,2025-12-02,75,27731.34863569711
Weekly Temperature,Control,2025-12-02,75,61150.378671290004
Weekly Temperature,Control,2025-12-02,75,11505.003633042916
Weekly Temperature,Control,2025-12-02,75,42468.13060063382
Weekly Temperature,Control,2025-12-02,75,78480.8080236081
Weekly Temperature,Control,2025-12-02,75,43343.263524568654
Weekly Temperature,Control,2025-12-02,75,30810.438130993087
Weekly Temperature,Control,2025-12-02,75,39737.30549429448
Weekly Temperature,Control,2025-12-02,75,18223.783730421503
Weekly Temperature,Control,2025-12-02,75,23548.84278346481
Weekly Temperature,Control,2025-12-02,75,55786.041430775396
Weekly Temperature,Control,2025-12-02,75,41697.09069214252
Weekly Temperature,Control,2025-12-02,75,33119.57663311532
Weekly Temperature,Control,2025-12-02,75,15604.017821509255
Weekly Temperature,Control,2025-12-02,75,18118.383621731486
Weekly Temperature,Control,2025-12-02,75,64969.414228547
Weekly Temperature,Control,2025-12-02,75,69518.58061623292
Weekly Temperature,Control,2025-12-02,75,18739.35584531014
Weekly Temperature,Control,2025-12-02,75,37863.658371604266
Weekly Temperature,Control,2025-12-02,75,28955.723778830125
Weekly Temperature,Control,2025-12-02,75,51620.75293522442
Weekly Temperature,Control,2025-12-02,75,30081.334550954336
Weekly Temperature,Control,2025-12-02,75,40700.8878889077
Weekly Temperature,Control,2025-12-02,75,59518.50408584697
Weekly Temperature,Control,2025-12-02,75,15438.97491694146
Weekly Temperature,Control,2025-12-02,75,21655.916961646974
Weekly Temperature,Control,2025-12-02,75,4280.712284089707
Weekly Temperature,Control,2025-12-02,75,74009.60676869648
Weekly Temperature,Control,2025-12-02,75,103386.9745751186
Weekly Temperature,Control,2025-12-02,75,73097.42982843374
Weekly Temperature,Control,2025-12-02,75,42598.32697542912
Weekly Temperature,Control,2025-12-02,75,13961.950253307754
Weekly Temperature,Control,2025-12-02,75,12553.6347464605
Weekly Temperature,Control,2025-12-02,75,81499.26740307687
Weekly Temperature,Control,2025-12-02,75,36800.54981644582
Weekly Temperature,Control,2025-12-02,75,30544.642347891364
Weekly Temperature,Control,2025-12-02,75,49355.350794150174
Weekly Temperature,Control,2025-12-02,75,85306.08694983002
Weekly Temperature,Control,2025-12-02,75,58124.86117860537
Weekly Temperature,Treated,2025-12-02,76,19607.921754904364
Weekly Temperature,Treated,2025-12-02,76,51439.54786560421
Weekly Temperature,Treated,2025-12-02,76,21599.491681975636
Weekly Temperature,Treated,2025-12-02,76,34970.27398660866
Weekly Temperature,Treated,2025-12-02,76,10497.358121201149
Weekly Temperature,Treated,2025-12-02,76,36958.02004966422
Weekly Temperature,Treated,2025-12-02,76,37564.86836156019
Weekly Temperature,Treated,2025-12-02,76,100038.26119831599
Weekly Temperature,Treated,2025-12-02,76,62772.55629214191
Weekly Temperature,Treated,2025-12-02,76,34196.45343178827
Weekly Temperature,Treated,2025-12-02,76,23845.695480160568
Weekly Temperature,Treated,2025-12-02,76,50511.62700756923
Weekly Temperature,Treated,2025-12-02,76,30996.271251624625
Weekly Temperature,Treated,2025-12-02,76,24729.516976343493
Weekly Temperature,Treated,2025-12-02,76,33650.84510080261
Weekly Temperature,Treated,2025-12-02,76,34926.23077595465
Weekly Temperature,Treated,2025-12-02,76,38024.66569335551
Weekly Temperature,Treated,2025-12-02,76,10106.864188495063
Weekly Temperature,Treated,2025-12-02,76,36016.198889337305
Weekly Temperature,Treated,2025-12-02,76,26329.551386539857
Weekly Temperature,Treated,2025-12-02,76,47441.90252701485
Weekly Temperature,Treated,2025-12-02,76,49270.917049116004
Weekly Temperature,Treated,2025-12-02,76,29885.844193693618
Weekly Temperature,Treated,2025-12-02,76,40612.38137742137
Weekly Temperature,Treated,2025-12-02,76,23744.09422647816
Weekly Temperature,Treated,2025-12-02,76,7984.886544490775
Weekly Temperature,Treated,2025-12-02,76,13836.500441289243
Weekly Temperature,Treated,2025-12-02,76,19652.245277380123
Weekly Temperature,Treated,2025-12-02,76,11178.243011831102
Weekly Temperature,Treated,2025-12-02,76,32241.752560880264
Weekly Temperature,Treated,2025-12-02,76,18049.320777722438
Weekly Temperature,Treated,2025-12-02,76,32206.31133481602
Weekly Temperature,Treated,2025-12-02,76,8298.9966899583
Weekly Temperature,Treated,2025-12-02,76,23407.829986007404
Weekly Temperature,Treated,2025-12-02,76,27421.190126383724
Weekly Temperature,Treated,2025-12-02,76,17616.889051628044
Weekly Temperature,Treated,2025-12-02,76,65110.312708621874
Weekly Temperature,Treated,2025-12-02,76,21023.371832151257
Weekly Temperature,Treated,2025-12-02,76,31445.822117467716
Weekly Temperature,Treated,2025-12-02,76,10675.835799720095
Weekly Temperature,Treated,2025-12-02,76,9005.99710452491
Weekly Temperature,Treated,2025-12-02,76,11050.684971460532
Weekly Temperature,Treated,2025-12-02,76,7331.30355392743
Weekly Temperature,Treated,2025-12-02,76,21983.662750244966
Weekly Temperature,Treated,2025-12-02,76,29495.062551566236
Weekly Temperature,Treated,2025-12-02,76,24534.020570249817
Weekly Temperature,Treated,2025-12-02,76,78308.5045392717
Weekly Temperature,Treated,2025-12-02,76,32535.30078046134
Weekly Temperature,Treated,2025-12-02,76,54922.2121245328
Weekly Temperature,Treated,2025-12-02,76,15427.237140032728
Weekly Temperature,Treated,2025-12-02,76,15114.522957050063
Weekly Temperature,Treated,2025-12-02,76,75887.11583041195
Weekly Temperature,Treated,2025-12-02,76,53241.493225475126
Weekly Temperature,Treated,2025-12-02,76,18892.463333585692
Weekly Temperature,Treated,2025-12-02,76,22835.556506574943
Weekly Temperature,Treated,2025-12-02,76,39695.59241451445
Weekly Temperature,Treated,2025-12-02,76,30947.584946849864
Weekly Temperature,Treated,2025-12-02,76,19750.229607240144
Weekly Temperature,Treated,2025-12-02,76,60705.167809459046
Weekly Temperature,Treated,2025-12-02,76,11379.97312406508
Weekly Temperature,Treated,2025-12-02,76,10741.356045170613
Weekly Temperature,Treated,2025-12-02,76,52805.43388588163
Weekly Temperature,Treated,2025-12-02,76,23798.940746582626
Weekly Temperature,Treated,2025-12-02,76,30646.76926244332
Weekly Temperature,Treated,2025-12-02,76,46827.753219239145
Weekly Temperature,Treated,2025-12-02,76,17041.816176422406
Weekly Temperature,Treated,2025-12-02,76,30322.864771753422
Weekly Temperature,Treated,2025-12-02,76,18928.68492269789
Weekly Temperature,Treated,2025-12-02,76,21671.127714737653
Weekly Temperature,Treated,2025-12-02,76,37271.229380123026
Weekly Temperature,Treated,2025-12-02,76,28169.059855380885
Weekly Temperature,Treated,2025-12-02,76,30776.225263087912
Weekly Temperature,Treated,2025-12-02,76,34744.226101074935
Weekly Temperature,Treated,2025-12-02,76,27380.82023362847
Weekly Temperature,Treated,2025-12-02,76,14032.795880938096
Weekly Temperature,Treated,2025-12-02,76,18922.807544834093
Weekly Temperature,Treated,2025-12-02,76,41263.7447749052
Weekly Temperature,Treated,2025-12-02,76,29437.201712143593
Weekly Temperature,Treated,2025-12-02,76,8322.155437003932
Weekly Temperature,Treated,2025-12-02,76,15776.366039439747
Weekly Temperature,Treated,2025-12-02,76,7944.598969100265
Weekly Temperature,Treated,2025-12-02,76,28169.059855380885
Weekly Temperature,Treated,2025-12-02,76,24420.63203790556
Weekly Temperature,Treated,2025-12-02,76,22370.83726716919
Weekly Temperature,Treated,2025-12-02,76,21081.829838693124
Weekly Temperature,Treated,2025-12-02,76,16655.505747979845
Weekly Temperature,Treated,2025-12-02,76,24983.15237675822
Weekly Temperature,Treated,2025-12-02,76,9641.22308816862
Weekly Temperature,Treated,2025-12-02,76,19308.74759532475
Weekly Temperature,Treated,2025-12-02,76,89289.4119734154
Weekly Temperature,Treated,2025-12-02,76,28335.74264541437
Weekly Temperature,Treated,2025-12-02,76,80787.85610586392
Weekly Temperature,Treated,2025-12-02,76,23772.088778246973
Weekly Temperature,Treated,2025-12-02,76,102950.63167737151
Weekly Temperature,Treated,2025-12-02,76,10852.726031334147
Daily Temperature,Treated,2025-12-02,77,27025.997974699836
Daily Temperature,Treated,2025-12-02,77,66780.78992171783
Daily Temperature,Treated,2025-12-02,77,17968.217316729868
Daily Temperature,Treated,2025-12-02,77,13547.863915429769
Daily Temperature,Treated,2025-12-02,77,29955.54870899789
Daily Temperature,Treated,2025-12-02,77,18081.461961803197
Daily Temperature,Treated,2025-12-02,77,36686.05808837497
Daily Temperature,Treated,2025-12-02,77,84360.27858890449
Daily Temperature,Treated,2025-12-02,77,34956.1125251294
Daily Temperature,Treated,2025-12-02,77,88093.19499812258
Daily Temperature,Treated,2025-12-02,77,20896.25902056682
Daily Temperature,Treated,2025-12-02,77,26942.349192307538
Daily Temperature,Treated,2025-12-02,77,60390.45653220744
Daily Temperature,Treated,2025-12-02,77,19586.794361737157
Daily Temperature,Treated,2025-12-02,77,24395.621834448295
Daily Temperature,Treated,2025-12-02,77,66723.25930150338
Daily Temperature,Treated,2025-12-02,77,46020.56434499004
Daily Temperature,Treated,2025-12-02,77,15890.066425727096
Daily Temperature,Treated,2025-12-02,77,44503.50846653552
Daily Temperature,Treated,2025-12-02,77,19657.28689346516
Daily Temperature,Treated,2025-12-02,77,60804.69117185671
Daily Temperature,Treated,2025-12-02,77,50719.72558039557
Daily Temperature,Treated,2025-12-02,77,81670.990829003
Daily Temperature,Treated,2025-12-02,77,33461.87161527113
Daily Temperature,Treated,2025-12-02,77,78130.5760715383
Daily Temperature,Treated,2025-12-02,77,87491.79001378447
Daily Temperature,Treated,2025-12-02,77,22824.24461086939
Daily Temperature,Treated,2025-12-02,77,51511.96973210054
Daily Temperature,Treated,2025-12-02,77,36195.288632721735
Daily Temperature,Control,2025-12-02,78,39459.86426551003
Daily Temperature,Control,2025-12-02,78,20241.65472025323
Daily Temperature,Control,2025-12-02,78,33531.87808568145
Daily Temperature,Control,2025-12-02,78,58465.53241004355
Daily Temperature,Control,2025-12-02,78,26178.36353287513
Daily Temperature,Control,2025-12-02,78,35564.31964428636
Daily Temperature,Control,2025-12-02,78,35636.13009336576
Daily Temperature,Control,2025-12-02,78,25739.986353298023
Daily Temperature,Control,2025-12-02,78,52411.068156818146
Daily Temperature,Control,2025-12-02,78,78924.83144127626
Daily Temperature,Control,2025-12-02,78,40855.2487675031
Daily Temperature,Control,2025-12-02,78,35586.648576920146
Daily Temperature,Control,2025-12-02,78,45049.50873359569
Daily Temperature,Control,2025-12-02,78,37350.68264799896
Daily Temperature,Control,2025-12-02,78,63586.23403924227
Daily Temperature,Control,2025-12-02,78,40189.6429052433
Daily Temperature,Control,2025-12-02,78,28127.84026438668
Daily Temperature,Control,2025-12-02,78,50989.78121629936
Daily Temperature,Control,2025-12-02,78,24692.24447833228
Daily Temperature,Control,2025-12-02,78,52066.29138598531
Daily Temperature,Control,2025-12-02,78,27393.837752242976
Daily Temperature,Control,2025-12-02,78,55469.04866517487
Daily Temperature,Control,2025-12-02,78,41272.69940410812
Daily Temperature,Control,2025-12-02,78,34730.135991419746
Daily Temperature,Control,2025-12-02,78,48042.17987454893
Daily Temperature,Control,2025-12-02,78,48280.7134705452
Daily Temperature,Control,2025-12-02,78,43293.038026447626
Daily Temperature,Control,2025-12-02,78,37282.80809342557
Daily Temperature,Control,2025-12-02,78,45003.4896814812
Daily Temperature,Control,2025-12-02,78,25831.9324706847
Daily Temperature,Control,2025-12-02,78,66264.42561569292
Daily Temperature,Control,2025-12-02,78,79008.49450668824
Daily Temperature,Control,2025-12-02,78,44450.33403778506
Daily Temperature,Control,2025-12-02,78,43968.35531272198
Daily Temperature,Control,2025-12-02,78,28325.052127641167
Daily Temperature,Control,2025-12-02,78,25170.423737368925
Weekly Temperature,Control,2025-12-02,79,62206.66057042351
Weekly Temperature,Control,2025-12-02,79,66778.17404173783
Weekly Temperature,Control,2025-12-02,79,17146.94543253034
Weekly Temperature,Control,2025-12-02,79,28527.36335911776
Weekly Temperature,Control,2025-12-02,79,47101.2572630519
Weekly Temperature,Control,2025-12-02,79,9865.406979798536
Weekly Temperature,Control,2025-12-02,79,45496.26494164489
Weekly Temperature,Control,2025-12-02,79,9033.409564105414
Weekly Temperature,Control,2025-12-02,79,4882.632219786166
Weekly Temperature,Control,2025-12-02,79,6822.6376702512325
Weekly Temperature,Control,2025-12-02,79,5968.374978423031
Weekly Temperature,Control,2025-12-02,79,10391.227407165465
Weekly Temperature,Control,2025-12-02,79,29777.35640739774
Weekly Temperature,Control,2025-12-02,79,18287.629996668835
Weekly Temperature,Control,2025-12-02,79,65506.11529214061
Weekly Temperature,Control,2025-12-02,79,37125.90761633467
Weekly Temperature,Control,2025-12-02,79,12289.044600739346
Weekly Temperature,Control,2025-12-02,79,25271.80394482717
Weekly Temperature,Control,2025-12-02,79,47320.16461908399
Weekly Temperature,Control,2025-12-02,79,51260.966672831106
Weekly Temperature,Control,2025-12-02,79,16346.737297862921
Weekly Temperature,Control,2025-12-02,79,11065.021101955212
Weekly Temperature,Control,2025-12-02,79,47850.81355727467
Weekly Temperature,Control,2025-12-02,79,32748.596754775288
Weekly Temperature,Control,2025-12-02,79,28684.889182930565
Weekly Temperature,Control,2025-12-02,79,31106.751245360156
Weekly Temperature,Control,2025-12-02,79,10004.919446058619
Weekly Temperature,Control,2025-12-02,79,17522.492876922566
Weekly Temperature,Control,2025-12-02,79,21849.92290104772
Weekly Temperature,Control,2025-12-02,79,14646.44860889279
Weekly Temperature,Control,2025-12-02,79,25720.139387916784
Weekly Temperature,Control,2025-12-02,79,13750.270230669252
Weekly Temperature,Control,2025-12-02,79,18534.12015674441
Weekly Temperature,Control,2025-12-02,79,10663.782395534517
Weekly Temperature,Control,2025-12-02,79,20235.467531452865
Weekly Temperature,Control,2025-12-02,79,22115.823116410367
Weekly Temperature,Control,2025-12-02,79,20184.99308178995
Weekly Temperature,Control,2025-12-02,79,21018.06364510752
Weekly Temperature,Control,2025-12-02,79,9805.723628383981
Weekly Temperature,Control,2025-12-02,79,21268.66321590426
Weekly Temperature,Control,2025-12-02,79,20986.236124478124
Weekly Temperature,Control,2025-12-02,79,43658.67596009692
Weekly Temperature,Control,2025-12-02,79,11834.100904336352
Weekly Temperature,Control,2025-12-02,79,46094.73349500998
Weekly Temperature,Control,2025-12-02,79,23443.59930773785
Weekly Temperature,Control,2025-12-02,79,8050.4844242163335
Weekly Temperature,Control,2025-12-02,79,13424.490324911298
Weekly Temperature,Control,2025-12-02,79,12881.619105278893
Weekly Temperature,Control,2025-12-02,79,41256.58216602734
Weekly Temperature,Control,2025-12-02,79,19420.400348880183
Weekly Temperature,Control,2025-12-02,79,29685.797810370976
Weekly Temperature,Control,2025-12-02,79,71225.47920772404
Weekly Temperature,Control,2025-12-02,79,11329.451885856097
Weekly Temperature,Control,2025-12-02,79,21262.236529818863
Weekly Temperature,Control,2025-12-02,79,2614.3644551484617
Weekly Temperature,Control,2025-12-02,79,8797.1586273096
Weekly Temperature,Control,2025-12-02,79,21728.785656758042
Weekly Temperature,Control,2025-12-02,79,27219.800230453304
Weekly Temperature,Control,2025-12-02,79,11847.136031733437
Weekly Temperature,Control,2025-12-02,79,28386.56528328852
Weekly Temperature,Control,2025-12-02,79,16715.116021702488
Weekly Temperature,Control,2025-12-02,79,18986.55357059783
Weekly Temperature,Control,2025-12-02,79,15336.916420621896
Weekly Temperature,Control,2025-12-02,79,9992.23072379174
Weekly Temperature,Control,2025-12-02,79,7904.462510509063
Weekly Temperature,Control,2025-12-02,79,12760.688475367835
Weekly Temperature,Control,2025-12-02,79,46806.005940996874
Weekly Temperature,Control,2025-12-02,79,18054.989576913318
Weekly Temperature,Control,2025-12-02,79,57538.85188061845
Weekly Temperature,Control,2025-12-02,79,47391.980239570636
Weekly Temperature,Control,2025-12-02,79,19514.48993374132
Weekly Temperature,Control,2025-12-02,79,16503.21803154226
Weekly Temperature,Control,2025-12-02,79,36472.541564757135
Weekly Temperature,Control,2025-12-02,79,6931.5059765748765
Weekly Temperature,Control,2025-12-02,79,49147.56014471217
Weekly Temperature,Control,2025-12-02,79,23907.75448487946
Weekly Temperature,Control,2025-12-02,79,57017.51616226174
Weekly Temperature,Control,2025-12-02,79,44270.29183661218
Weekly Temperature,Control,2025-12-02,79,15848.96004426836
Weekly Temperature,Control,2025-12-02,79,21638.54328966644
Weekly Temperature,Control,2025-12-02,79,30851.818060943308
Weekly Temperature,Control,2025-12-02,79,24308.835221229976
Weekly Temperature,Control,2025-12-02,79,14516.357807579298
Weekly Temperature,Control,2025-12-02,79,10485.456272252526
Weekly Temperature,Control,2025-12-02,79,27245.721525259993
Weekly Temperature,Control,2025-12-02,79,23537.25980328874
Weekly Temperature,Control,2025-12-02,79,45137.81505660708
Weekly Temperature,Control,2025-12-02,79,29156.04734410259
Weekly Temperature,Control,2025-12-02,79,30611.278542535503
Weekly Temperature,Control,2025-12-02,79,32703.759493911497
Weekly Temperature,Control,2025-12-02,79,23384.775319455777
Weekly Temperature,Control,2025-12-02,79,45403.54878400888
Weekly Temperature,Control,2025-12-02,79,30485.190405446774
Weekly Temperature,Control,2025-12-02,79,23036.49210227779
Weekly Temperature,Control,2025-12-02,79,22785.816416691774
Weekly Temperature,Control,2025-12-02,79,20906.829165503685
Weekly Temperature,Control,2025-12-02,79,24121.81086124878
Weekly Temperature,Control,2025-12-02,79,35338.45685696941
Weekly Temperature,Control,2025-12-02,79,39544.66929989855
Weekly Temperature,Control,2025-12-02,79,23369.799166091594
Weekly Temperature,Treated,2025-12-02,80,91485.29187819506
Weekly Temperature,Treated,2025-12-02,80,10935.205374957333
Weekly Temperature,Treated,2025-12-02,80,38572.01567652534
Weekly Temperature,Treated,2025-12-02,80,50396.307194337314
Weekly Temperature,Treated,2025-12-02,80,19618.995449023998
Weekly Temperature,Treated,2025-12-02,80,24337.341496717025
Weekly Temperature,Treated,2025-12-02,80,4362.789550496154
Weekly Temperature,Treated,2025-12-02,80,8056.1403577862875
Weekly Temperature,Treated,2025-12-02,80,13683.569173144204
Weekly Temperature,Treated,2025-12-02,80,57392.50039034138
Weekly Temperature,Treated,2025-12-02,80,23606.823560258752
Weekly Temperature,Treated,2025-12-02,80,28978.835746149933
Weekly Temperature,Treated,2025-12-02,80,27710.324617508697
Weekly Temperature,Treated,2025-12-02,80,16920.087185181917
Weekly Temperature,Treated,2025-12-02,80,13885.958380443732
Weekly Temperature,Treated,2025-12-02,80,16134.07478300596
Weekly Temperature,Treated,2025-12-02,80,18598.7956292479
Weekly Temperature,Treated,2025-12-02,80,33539.49434536956
Weekly Temperature,Treated,2025-12-02,80,21379.22079098857
Weekly Temperature,Treated,2025-12-02,80,16123.670605359097
Weekly Temperature,Treated,2025-12-02,80,23641.664771422442
Weekly Temperature,Treated,2025-12-02,80,11547.35811764654
Weekly Temperature,Treated,2025-12-02,80,13488.719670455552
Weekly Temperature,Treated,2025-12-02,80,14633.560914773228
Weekly Temperature,Treated,2025-12-02,80,13233.9361640816
Weekly Temperature,Treated,2025-12-02,80,13653.748358298237
Weekly Temperature,Treated,2025-12-02,80,17084.352234275957
Weekly Temperature,Treated,2025-12-02,80,10931.974715847306
Weekly Temperature,Treated,2025-12-02,80,15428.91354982913
Weekly Temperature,Treated,2025-12-02,80,26074.185004542254
Weekly Temperature,Treated,2025-12-02,80,34236.68238670111
Weekly Temperature,Treated,2025-12-02,80,11690.746920921489
Weekly Temperature,Treated,2025-12-02,80,37877.055284788614
Weekly Temperature,Treated,2025-12-02,80,38280.686601991474
Weekly Temperature,Treated,2025-12-02,80,19518.501474849665
Weekly Temperature,Treated,2025-12-02,80,58512.64494681684
Weekly Temperature,Treated,2025-12-02,80,24526.847201469944
Weekly Temperature,Treated,2025-12-02,80,7940.018841394051
Weekly Temperature,Treated,2025-12-02,80,28454.885533018605
Weekly Temperature,Treated,2025-12-02,80,7399.638759229817
Weekly Temperature,Treated,2025-12-02,80,16578.343283665978
Weekly Temperature,Treated,2025-12-02,80,12838.539000788645
Weekly Temperature,Treated,2025-12-02,80,4654.2424525137985
Weekly Temperature,Treated,2025-12-02,80,20448.725862601226
Weekly Temperature,Treated,2025-12-02,80,11336.08975826367
Weekly Temperature,Treated,2025-12-02,80,40305.551338738915
Weekly Temperature,Treated,2025-12-02,80,3509.603326165431
Weekly Temperature,Treated,2025-12-02,80,5791.069199170163
Weekly Temperature,Treated,2025-12-02,80,22000.149508003913
Weekly Temperature,Treated,2025-12-02,80,2293.2626053874906
Weekly Temperature,Treated,2025-12-02,80,21742.94615552929
Weekly Temperature,Treated,2025-12-02,80,24120.63070626898
Weekly Temperature,Treated,2025-12-02,80,13459.220931803242
Weekly Temperature,Treated,2025-12-02,80,11515.749231273232
Weekly Temperature,Treated,2025-12-02,80,3853.874612200262
Weekly Temperature,Treated,2025-12-02,80,9775.389377467327
Weekly Temperature,Treated,2025-12-02,80,4032.4946111027375
Weekly Temperature,Treated,2025-12-02,80,7354.8309912314735
Weekly Temperature,Treated,2025-12-02,80,14175.3041474368
Weekly Temperature,Treated,2025-12-02,80,29683.026719549394
Weekly Temperature,Treated,2025-12-02,80,69044.57463757001
Weekly Temperature,Treated,2025-12-02,80,12584.493995835015
Weekly Temperature,Treated,2025-12-02,80,55423.88014662878
Weekly Temperature,Treated,2025-12-02,80,14416.579772851155
Weekly Temperature,Treated,2025-12-02,80,18648.141790176156
Weekly Temperature,Treated,2025-12-02,80,31444.373208651174
Weekly Temperature,Treated,2025-12-02,80,37365.59483785411
Weekly Temperature,Treated,2025-12-02,80,4030.9457926192376
Weekly Temperature,Treated,2025-12-02,80,18176.248374524082
Weekly Temperature,Treated,2025-12-02,80,16794.551117693314
Weekly Temperature,Treated,2025-12-02,80,32446.128307992734
Weekly Temperature,Treated,2025-12-02,80,8079.3090122282465
Weekly Temperature,Treated,2025-12-02,80,14781.478723834212
Weekly Temperature,Treated,2025-12-02,80,70218.08819696376
Weekly Temperature,Treated,2025-12-02,80,21124.423071446934
Weekly Temperature,Treated,2025-12-02,80,25460.741667637503
Weekly Temperature,Treated,2025-12-02,80,29876.09560921005
Weekly Temperature,Treated,2025-12-02,80,44798.76971631524
Weekly Temperature,Treated,2025-12-02,80,26907.661690785524
Weekly Temperature,Treated,2025-12-02,80,7333.222070019537
Weekly Temperature,Treated,2025-12-02,80,30668.079018173263
Weekly Temperature,Treated,2025-12-02,80,8836.210062430573
Weekly Temperature,Treated,2025-12-02,80,47728.25221661218
Weekly Temperature,Treated,2025-12-02,80,12996.052137851611
Weekly Temperature,Treated,2025-12-02,80,10027.305122455846
Weekly Temperature,Treated,2025-12-02,80,32082.505413306582
Weekly Temperature,Treated,2025-12-02,80,9538.734830435358
Weekly Temperature,Treated,2025-12-02,80,6344.382421605762
Weekly Temperature,Treated,2025-12-02,80,9670.066784296043
Weekly Temperature,Treated,2025-12-02,80,19595.84682248827
Weekly Temperature,Treated,2025-12-02,80,17720.054901730724
Weekly Temperature,Treated,2025-12-02,80,12924.808349379671
Weekly Temperature,Treated,2025-12-02,80,12272.120013451487
Weekly Temperature,Control,2025-12-02,92,40242.29620331744
Weekly Temperature,Control,2025-12-02,92,9766.480917857287
Weekly Temperature,Control,2025-12-02,92,14486.769102459148
Weekly Temperature,Control,2025-12-02,92,24432.54860520291
Weekly Temperature,Control,2025-12-02,92,54908.76395069818
Weekly Temperature,Control,2025-12-02,92,96583.70145722583
Weekly Temperature,Control,2025-12-02,92,138636.9416448366
Weekly Temperature,Control,2025-12-02,92,38930.05266057287
Weekly Temperature,Control,2025-12-02,92,38527.866844889446
Weekly Temperature,Control,2025-12-02,92,26358.605947075426
Weekly Temperature,Control,2025-12-02,92,18239.967374377924
Weekly Temperature,Control,2025-12-02,92,11739.067018429714
Weekly Temperature,Control,2025-12-02,92,16667.059232291136
Weekly Temperature,Control,2025-12-02,92,59985.6631441799
Weekly Temperature,Control,2025-12-02,92,31808.217915508176
Weekly Temperature,Control,2025-12-02,92,19349.563289959333
Weekly Temperature,Control,2025-12-02,92,17819.00363888795
Weekly Temperature,Control,2025-12-02,92,14461.215786972023
Weekly Temperature,Control,2025-12-02,92,19569.70400909732
Weekly Temperature,Control,2025-12-02,92,17803.10616248748
Weekly Temperature,Control,2025-12-02,92,8051.512556304027
Weekly Temperature,Control,2025-12-02,92,13074.984523578698
Weekly Temperature,Control,2025-12-02,92,14863.600919871864
Weekly Temperature,Control,2025-12-02,92,44915.38953722154
Weekly Temperature,Control,2025-12-02,92,16693.744429555947
Weekly Temperature,Control,2025-12-02,92,13547.104416065373
Weekly Temperature,Control,2025-12-02,92,37815.12556488749
Weekly Temperature,Control,2025-12-02,92,28759.17220072117
Weekly Temperature,Control,2025-12-02,92,64553.25886453293
Weekly Temperature,Control,2025-12-02,92,30244.062461584737
Weekly Temperature,Control,2025-12-02,92,27295.024588420965
Weekly Temperature,Control,2025-12-02,92,34901.08263332289
Weekly Temperature,Control,2025-12-02,92,23381.31862826859
Weekly Temperature,Control,2025-12-02,92,16239.26943337474
Weekly Temperature,Control,2025-12-02,92,4906.517810902336
Weekly Temperature,Control,2025-12-02,92,39211.46357183958
Weekly Temperature,Control,2025-12-02,92,29688.569101789824
Weekly Temperature,Control,2025-12-02,92,25916.646958069563
Weekly Temperature,Control,2025-12-02,92,22071.701986681423
Weekly Temperature,Control,2025-12-02,92,33948.1620461444
Weekly Temperature,Control,2025-12-02,92,48062.35861103189
Weekly Temperature,Control,2025-12-02,92,15059.309490909418
Weekly Temperature,Control,2025-12-02,92,14303.8639844067
Weekly Temperature,Control,2025-12-02,92,26167.051547247083
Weekly Temperature,Control,2025-12-02,92,28947.570025044737
Weekly Temperature,Control,2025-12-02,92,40279.185591740745
Weekly Temperature,Control,2025-12-02,92,21168.149670270694
Weekly Temperature,Control,2025-12-02,92,7186.579698302444
Weekly Temperature,Control,2025-12-02,92,14703.741703756976
Weekly Temperature,Control,2025-12-02,92,22370.83726716919
Weekly Temperature,Control,2025-12-02,92,18025.71541679597
Weekly Temperature,Control,2025-12-02,92,11068.933380641014
Weekly Temperature,Control,2025-12-02,92,21720.07502664724
Weekly Temperature,Control,2025-12-02,92,21268.66321590426
Weekly Temperature,Control,2025-12-02,92,6686.764689009824
Weekly Temperature,Control,2025-12-02,92,20694.106332520518
Weekly Temperature,Control,2025-12-02,92,15226.240987609399
Weekly Temperature,Control,2025-12-02,92,7288.235065801059
Weekly Temperature,Control,2025-12-02,92,5464.6688900988875
Weekly Temperature,Control,2025-12-02,92,23251.40285633398
Weekly Temperature,Control,2025-12-02,92,28767.28480919365
Weekly Temperature,Control,2025-12-02,92,38475.27944161633
Weekly Temperature,Control,2025-12-02,92,29360.190850432984
Weekly Temperature,Control,2025-12-02,92,48834.09839473744
Weekly Temperature,Control,2025-12-02,92,26533.454053386005
Weekly Temperature,Control,2025-12-02,92,14521.160292802568
Weekly Temperature,Control,2025-12-02,92,42055.77563820404
Weekly Temperature,Control,2025-12-02,92,4152.099595316716
Weekly Temperature,Control,2025-12-02,92,11194.01862079704
Weekly Temperature,Control,2025-12-02,92,7707.028290573235
Weekly Temperature,Control,2025-12-02,92,23090.075819868005
Weekly Temperature,Control,2025-12-02,92,19813.054557095118
Weekly Temperature,Control,2025-12-02,92,32809.951628158895
Weekly Temperature,Control,2025-12-02,92,45024.57716888007
Weekly Temperature,Control,2025-12-02,92,64154.41885018515
Weekly Temperature,Control,2025-12-02,92,16257.579406399504
Weekly Temperature,Control,2025-12-02,92,37210.0742121738
Weekly Temperature,Control,2025-12-02,92,25286.487361119074
Weekly Temperature,Control,2025-12-02,92,12522.832659747355
Weekly Temperature,Control,2025-12-02,92,10189.346375432748
Weekly Temperature,Treated,2025-12-02,93,64489.61834885857
Weekly Temperature,Treated,2025-12-02,93,13304.965250828043
Weekly Temperature,Treated,2025-12-02,93,40585.858797546854
Weekly Temperature,Treated,2025-12-02,93,14067.929926987124
Weekly Temperature,Treated,2025-12-02,93,66041.1332399524
Weekly Temperature,Treated,2025-12-02,93,100135.71110676498
Weekly Temperature,Treated,2025-12-02,93,21902.467020301327
Weekly Temperature,Treated,2025-12-02,93,88422.9169759081
Weekly Temperature,Treated,2025-12-02,93,20738.198438519026
Weekly Temperature,Treated,2025-12-02,93,32887.896095192795
Weekly Temperature,Treated,2025-12-02,93,40377.686570631944
Weekly Temperature,Treated,2025-12-02,93,30739.194608084566
Weekly Temperature,Treated,2025-12-02,93,27787.91185973672
Weekly Temperature,Treated,2025-12-02,93,62036.20004919816
Weekly Temperature,Treated,2025-12-02,93,10734.344376650683
Weekly Temperature,Treated,2025-12-02,93,13601.870806627194
Weekly Temperature,Treated,2025-12-02,93,33785.45831371011
Weekly Temperature,Treated,2025-12-02,93,23172.347533396798
Weekly Temperature,Treated,2025-12-02,93,12543.599887959555
Weekly Temperature,Treated,2025-12-02,93,7678.69959830174
Weekly Temperature,Treated,2025-12-02,93,32286.096711736616
Weekly Temperature,Treated,2025-12-02,93,39146.11760142575
Weekly Temperature,Treated,2025-12-02,93,24851.254309449894
Weekly Temperature,Treated,2025-12-02,93,16835.720084651348
Weekly Temperature,Treated,2025-12-02,93,13996.949846308253
Weekly Temperature,Treated,2025-12-02,93,32272.78849235822
Weekly Temperature,Treated,2025-12-02,93,26188.421802846784
Weekly Temperature,Treated,2025-12-02,93,25951.591697608284
Weekly Temperature,Treated,2025-12-02,93,35884.342601038894
Weekly Temperature,Treated,2025-12-02,93,11862.242848694395
Weekly Temperature,Treated,2025-12-02,93,65844.3012499567
Weekly Temperature,Treated,2025-12-02,93,22057.377199875937
Weekly Temperature,Treated,2025-12-02,93,15348.601929779992
Weekly Temperature,Treated,2025-12-02,93,23849.20493610471
Weekly Temperature,Treated,2025-12-02,93,25247.346210062107
Weekly Temperature,Treated,2025-12-02,93,47308.20366096632
Weekly Temperature,Treated,2025-12-02,93,50833.51775221629
Weekly Temperature,Treated,2025-12-02,93,89576.43932474937
Weekly Temperature,Treated,2025-12-02,93,8071.580634834942
Weekly Temperature,Treated,2025-12-02,93,12257.32542851874
Weekly Temperature,Treated,2025-12-02,93,31175.776433275965
Weekly Temperature,Treated,2025-12-02,93,37785.02618674502
Weekly Temperature,Treated,2025-12-02,93,30103.739303811195
Weekly Temperature,Treated,2025-12-02,93,37744.92277621252
Weekly Temperature,Treated,2025-12-02,93,30234.22335565274
Weekly Temperature,Treated,2025-12-02,93,24469.518461316373
Weekly Temperature,Treated,2025-12-02,93,56405.995454625525
Weekly Temperature,Treated,2025-12-02,93,8241.832588911393
Weekly Temperature,Treated,2025-12-02,93,15885.780730201961
Weekly Temperature,Treated,2025-12-02,93,41651.9729824787
Weekly Temperature,Treated,2025-12-02,93,20527.837387655654
Weekly Temperature,Treated,2025-12-02,93,38675.75072578733
Weekly Temperature,Treated,2025-12-02,93,27737.921172389626
Weekly Temperature,Treated,2025-12-02,93,12173.743390598716
Weekly Temperature,Treated,2025-12-02,93,12836.351399185955
Weekly Temperature,Treated,2025-12-02,93,32128.152553066408
Weekly Temperature,Treated,2025-12-02,93,46970.294979586695
Weekly Temperature,Treated,2025-12-02,93,24877.832560072016
Weekly Temperature,Treated,2025-12-02,93,30478.118779213884
Weekly Temperature,Treated,2025-12-02,93,64136.68168185699
Weekly Temperature,Treated,2025-12-02,93,39972.58039913228
Weekly Temperature,Treated,2025-12-02,93,17316.54650018328
Weekly Temperature,Treated,2025-12-02,93,63450.46380151427
Weekly Temperature,Treated,2025-12-02,93,60991.94926027224
Weekly Temperature,Treated,2025-12-02,93,24538.8037148909
Weekly Temperature,Treated,2025-12-02,93,32824.9297810352
Weekly Temperature,Treated,2025-12-02,93,9660.052486422037
Weekly Temperature,Treated,2025-12-02,93,20509.07926791332
Weekly Temperature,Treated,2025-12-02,93,40367.123894656026
Weekly Temperature,Treated,2025-12-02,93,22210.913153952442
Weekly Temperature,Treated,2025-12-02,93,25271.80394482717
Weekly Temperature,Treated,2025-12-02,93,20540.35011027391
Weekly Temperature,Treated,2025-12-02,93,25035.333865418266
Weekly Temperature,Treated,2025-12-02,93,49367.71648485446
Weekly Temperature,Treated,2025-12-02,93,48887.25528933985
Weekly Temperature,Treated,2025-12-02,93,38743.89190830599
Weekly Temperature,Treated,2025-12-02,93,92375.60791851536
Weekly Temperature,Treated,2025-12-02,93,63964.579554375254
Weekly Temperature,Treated,2025-12-02,93,51061.70450942141
Weekly Temperature,Treated,2025-12-02,93,13684.334457279416
Weekly Temperature,Treated,2025-12-02,93,36928.454418570684
Weekly Temperature,Treated,2025-12-02,93,29324.48894087133
Weekly Temperature,Treated,2025-12-02,93,18796.78128810025
Weekly Temperature,Treated,2025-12-02,93,28744.303688719636
Weekly Temperature,Treated,2025-12-02,93,31888.700815510638
Weekly Temperature,Treated,2025-12-02,93,79439.87603834382
Weekly Temperature,Treated,2025-12-02,93,76663.21516483044
Weekly Temperature,Treated,2025-12-02,93,53005.670499659755
Daily Temperature,Treated,2025-12-02,95,26724.521753694815
Daily Temperature,Treated,2025-12-02,95,102828.86746311495
Daily Temperature,Treated,2025-12-02,95,26799.965811169448
Daily Temperature,Treated,2025-12-02,95,28254.30631210532
Daily Temperature,Treated,2025-12-02,95,44810.22997912334
Daily Temperature,Treated,2025-12-02,95,66723.25930150338
Daily Temperature,Treated,2025-12-02,95,48874.98428002576
Daily Temperature,Treated,2025-12-02,95,40351.283931966536
Daily Temperature,Treated,2025-12-02,95,20160.306148967124
Daily Temperature,Treated,2025-12-02,95,64428.57016312004
Daily Temperature,Treated,2025-12-02,95,50247.74605868833
Daily Temperature,Treated,2025-12-02,95,49106.49516149277
Daily Temperature,Treated,2025-12-02,95,50293.74221390307
Daily Temperature,Treated,2025-12-02,95,91939.70784992365
Daily Temperature,Treated,2025-12-02,95,48734.04155256204
Daily Temperature,Treated,2025-12-02,95,20789.730298891212
Daily Temperature,Treated,2025-12-02,95,38216.55557986813
Daily Temperature,Treated,2025-12-02,95,87235.9727471669
Daily Temperature,Treated,2025-12-02,95,24506.53144004182
Daily Temperature,Treated,2025-12-02,95,43189.011968289975
Daily Temperature,Treated,2025-12-02,95,82828.35703453155
Daily Temperature,Treated,2025-12-02,95,53119.11187689381
Daily Temperature,Treated,2025-12-02,95,48219.98133973114
Daily Temperature,Treated,2025-12-02,95,79584.0852248548
Daily Temperature,Treated,2025-12-02,95,31221.859255945827
Daily Temperature,Treated,2025-12-02,95,46703.307916627615
Daily Temperature,Treated,2025-12-02,95,50369.08006155643
Daily Temperature,Treated,2025-12-02,95,33932.78663928665
Daily Temperature,Treated,2025-12-02,95,42376.630135390726
Daily Temperature,Treated,2025-12-02,95,107625.6068427959
Weekly Temperature,Treated,2025-12-02,96,41147.472853841165
Weekly Temperature,Treated,2025-12-02,96,14000.842789607004
Weekly Temperature,Treated,2025-12-02,96,65259.15839777977
Weekly Temperature,Treated,2025-12-02,96,45693.77986556929
Weekly Temperature,Treated,2025-12-02,96,43692.3758573649
Weekly Temperature,Treated,2025-12-02,96,25624.79109234803
Weekly Temperature,Treated,2025-12-02,96,11552.071405879613
Weekly Temperature,Treated,2025-12-02,96,74753.27080740653
Weekly Temperature,Treated,2025-12-02,96,20513.246602223193
Weekly Temperature,Treated,2025-12-02,96,22564.137772922706
Weekly Temperature,Treated,2025-12-02,96,22779.040142222395
Weekly Temperature,Treated,2025-12-02,96,16927.282218201883
Weekly Temperature,Treated,2025-12-02,96,48367.867627502375
Weekly Temperature,Treated,2025-12-02,96,19932.028373590078
Weekly Temperature,Treated,2025-12-02,96,60197.429587502214
Weekly Temperature,Treated,2025-12-02,96,26338.39145754236
Weekly Temperature,Treated,2025-12-02,96,27534.73228911547
Weekly Temperature,Treated,2025-12-02,96,14759.583732265162
Weekly Temperature,Treated,2025-12-02,96,7559.776283019127
Weekly Temperature,Treated,2025-12-02,96,30341.180926760127
Weekly Temperature,Treated,2025-12-02,96,17059.001866341558
Weekly Temperature,Treated,2025-12-02,96,33843.71612431809
Weekly Temperature,Treated,2025-12-02,96,33045.722865339754
Weekly Temperature,Treated,2025-12-02,96,21458.922571146955
Weekly Temperature,Treated,2025-12-02,96,52623.12972298575
Weekly Temperature,Treated,2025-12-02,96,27681.436736259326
Weekly Temperature,Treated,2025-12-02,96,42086.68402309464
Weekly Temperature,Treated,2025-12-02,96,42332.76477486929
Weekly Temperature,Treated,2025-12-02,96,42883.64450066479
Weekly Temperature,Treated,2025-12-02,96,28064.10853352032
Weekly Temperature,Treated,2025-12-02,96,28084.012677079958
Weekly Temperature,Treated,2025-12-02,96,13415.44133014658
Weekly Temperature,Treated,2025-12-02,96,27691.938722401872
Weekly Temperature,Treated,2025-12-02,96,45593.002120761674
Weekly Temperature,Treated,2025-12-02,96,21722.252432578865
Weekly Temperature,Treated,2025-12-02,96,19119.47418213451
Weekly Temperature,Treated,2025-12-02,96,48274.63755498828
Weekly Temperature,Treated,2025-12-02,96,10950.72252482314
Weekly Temperature,Treated,2025-12-02,96,48611.74243044833
Weekly Temperature,Treated,2025-12-02,96,43692.3758573649
Weekly Temperature,Treated,2025-12-02,96,36679.5241057387
Weekly Temperature,Treated,2025-12-02,96,21128.686025543495
Weekly Temperature,Treated,2025-12-02,96,35033.26789320713
Weekly Temperature,Treated,2025-12-02,96,22150.063605651303
Weekly Temperature,Treated,2025-12-02,96,24089.96229475165
Weekly Temperature,Treated,2025-12-02,96,51558.87367399663
Weekly Temperature,Treated,2025-12-02,96,28475.0039396684
Weekly Temperature,Treated,2025-12-02,96,33366.17775783382
Weekly Temperature,Treated,2025-12-02,96,56731.799191057675
Weekly Temperature,Treated,2025-12-02,96,40683.17453023405
Weekly Temperature,Treated,2025-12-02,96,36771.08250548033
Weekly Temperature,Treated,2025-12-02,96,31806.756052345703
Weekly Temperature,Treated,2025-12-02,96,29685.797810370976
Weekly Temperature,Treated,2025-12-02,96,61145.499076752094
Weekly Temperature,Treated,2025-12-02,96,7876.102658390284
Weekly Temperature,Treated,2025-12-02,96,19845.54018964889
Weekly Temperature,Treated,2025-12-02,96,7078.964417080055
Weekly Temperature,Treated,2025-12-02,96,41644.75769578601
Weekly Temperature,Treated,2025-12-02,96,7292.055774606979
Weekly Temperature,Treated,2025-12-02,96,17456.093098105186
Weekly Temperature,Treated,2025-12-02,96,33041.205370847245
Weekly Temperature,Treated,2025-12-02,96,17066.241899190718
Weekly Temperature,Treated,2025-12-02,96,15755.06308274867
Weekly Temperature,Treated,2025-12-02,96,31157.07038033909
Weekly Temperature,Treated,2025-12-02,96,38492.23699154506
Weekly Temperature,Treated,2025-12-02,96,42787.75877992266
Weekly Temperature,Treated,2025-12-02,96,51250.35224207454
Weekly Temperature,Treated,2025-12-02,96,37041.88962801459
Weekly Temperature,Treated,2025-12-02,96,63616.43638201033
Weekly Temperature,Treated,2025-12-02,96,65074.42472235888
Weekly Temperature,Treated,2025-12-02,96,11852.627741535762
Weekly Temperature,Treated,2025-12-02,96,57986.69249213167
Weekly Temperature,Treated,2025-12-02,96,24769.241825306974
Weekly Temperature,Treated,2025-12-02,96,18888.550665098566
Weekly Temperature,Treated,2025-12-02,96,65898.64254393234
Weekly Temperature,Treated,2025-12-02,96,48971.17199593672
Weekly Temperature,Treated,2025-12-02,96,161373.46612604626
Weekly Temperature,Treated,2025-12-02,96,116088.78163632451
Weekly Temperature,Treated,2025-12-02,96,48613.77877109125
Weekly Temperature,Treated,2025-12-02,96,31563.3560585709
Weekly Temperature,Treated,2025-12-02,96,32996.05683693993
Weekly Temperature,Treated,2025-12-02,96,36513.21397214958
Weekly Temperature,Treated,2025-12-02,96,46577.1532299218
Weekly Temperature,Treated,2025-12-02,96,77935.2260002657
Weekly Temperature,Treated,2025-12-02,96,66979.83434980594
Weekly Temperature,Treated,2025-12-02,96,40679.6325821175
Weekly Temperature,Treated,2025-12-02,96,45917.27430640055
